config_id,overall_MAPE,overall_NMSE,runtime_sec,s0_MAPE,s0_NMSE,s1_MAPE,s1_NMSE,s2_MAPE,s2_NMSE,s3_MAPE,s3_NMSE
0,0,0,0.017392969000000001,0,0,0,0,0,0,0,0
1,2.0130312755779507e-09,1.4957485227803241e-18,0.014136172000000001,0,0,0,0,0,0,8.0521251023118028e-09,5.2233865048072528e-18
2,6.277387160239222e-09,1.0601140172495634e-17,0.012964806000000001,0,0,0,0,0,0,2.5109548640956888e-08,3.7020830486700943e-17
3,1.4086887508393931e-08,5.3140204141925295e-17,0.013210494,0,0,0,0,0,0,5.6347550033575723e-08,1.8557385880728104e-16
4,2.9384202134877687e-08,2.330335367139056e-16,0.013437815000000001,0,0,0,0,0,0,1.1753680853951075e-07,8.1378935850548041e-16
5,5.664637694375833e-08,9.6976564250843862e-16,0.013510907000000001,0,0,0,0,0,0,2.2658550777503332e-07,3.3865724704100287e-15
6,1.197972574602568e-07,3.9550851445916227e-15,0.013537519,0,0,0,0,0,0,4.7918902984102718e-07,1.3811772537286094e-14
7,2.3389151749514466e-07,1.5754519837370259e-14,0.01356868,0,0,0,0,0,0,9.3556606998057864e-07,5.5017233883187946e-14
8,5.4051015323507455e-07,6.4903401609653246e-14,0.013588838000000001,0,0,0,0,0,0,2.1620406129402982e-06,2.266527741266158e-13
9,1.0620203799106842e-06,2.5835247426792433e-13,0.013092725,0,0,0,0,0,0,4.2480815196427367e-06,9.0220702679766719e-13
10,2.1246002940885657e-06,1.0471202865067599e-12,0.013149475000000001,0,0,0,0,0,0,8.4984011763542629e-06,3.6567069197450944e-12
11,4.1644859503064165e-06,4.161132218928887e-12,0.013515737,0,0,0,0,0,0,1.6657943801225666e-05,1.4531320971435777e-11
12,7.8223594839094613e-06,1.6691527827646556e-11,0.013409610000000001,0,0,0,0,0,0,3.1289437935637845e-05,5.8289411536559831e-11
13,1.6623215006781971e-05,6.6919556926461856e-11,0.013493253,0,0,0,0,0,0,6.6492860027127882e-05,2.3369350210529902e-10
14,3.2979055434636249e-05,2.6592769470251245e-10,0.013689064000000001,0,0,0,0,0,0,0.00013191622173854499,9.2866087487863828e-10
15,6.8818684954641607e-05,1.0727204294588517e-09,0.013668454,0,0,0,0,0,0,0.00027527473981856643,3.7461066010287721e-09
16,0.00013621580624819185,4.2829822273750174e-09,0.013723320000000001,0,0,0,0,0,0,0.0005448632249927674,1.495684015466391e-08
17,0.00025112239937165185,1.7158118599163643e-08,0.013680327000000001,0,0,0,0,0,0,0.0010044895974866074,5.991881908875963e-08
18,0.00055460231498348533,6.9035880054106412e-08,0.01364083,0,0,0,0,0,0,0.0022184092599339413,2.4108403166049585e-07
19,0.0011685917881732045,2.7614848762879577e-07,0.013681298,0,0,0,0,0,0,0.004674367152692818,9.6435347361865966e-07
20,0.0022606238633582783,1.1099281417852811e-06,0.013636652000000001,0,0,0,0,0,0,0.0090424954534331133,3.8760417201217597e-06
21,0.0045572514970988213,4.4112774163151139e-06,0.013746565000000001,0,0,0,0,0,0,0.018229005988395285,1.5404866910722966e-05
22,0.0094103503196971451,1.7663691918853664e-05,0.013759931,0,0,0,0,0,0,0.03764140127878858,6.1684359762903619e-05
23,0.019101502331465171,7.0091077763578648e-05,0.013702077999999999,0,0,0,0,0,0,0.076406009325860683,0.00024476894619767731
24,0.038653716735690569,0.00028339918174839676,0.013684935000000001,0,0,0,0,0,0,0.15461486694276227,0.00098967402532771959
25,2.5444348412123719e-09,1.5044552082802498e-18,0.013705475999999999,0,0,0,0,1.0177739364849487e-08,6.1819868881659968e-18,0,0
26,3.0838034609831011e-08,1.0578622882409618e-17,0.013715084000000001,0,0,0,0,1.2335213843932404e-07,4.3468830174521832e-17,0,0
27,0.00025115323740626229,1.7158118609742267e-08,0.013635169000000001,0,0,0,0,1.2335213843932404e-07,4.3468830174521832e-17,0.0010044895974866074,5.991881908875963e-08
28,0.0011686226262078122,2.7614848763937441e-07,0.013696007,0,0,0,0,1.2335213843932404e-07,4.3468830174521832e-17,0.004674367152692818,9.6435347361865966e-07
29,0.0045572823351334351,4.4112774163251063e-06,0.013680286999999999,0,0,0,0,1.2335213843932404e-07,4.3468830174521832e-17,0.018229005988395285,1.5404866910722966e-05
30,0.019101533169499724,7.0091077763585166e-05,0.013647062,0,0,0,0,1.2335213843932404e-07,4.3468830174521832e-17,0.076406009325860683,0.00024476894619767731
31,4.2642600775558744e-08,5.3139303450321851e-17,0.013641041,0,0,0,0,1.7057040310223498e-07,2.1835577115764133e-16,0,0
32,5.831527540106342e-07,6.4956540913103557e-14,0.013745523000000001,0,0,0,0,1.7057040310223498e-07,2.1835577115764133e-16,2.1620406129402982e-06,2.266527741266158e-13
33,1.1046629806862423e-06,2.5840561357137464e-13,0.013695346000000001,0,0,0,0,1.7057040310223498e-07,2.1835577115764133e-16,4.2480815196427367e-06,9.0220702679766719e-13
34,1.7124865997627422e-07,2.3466108644132268e-16,0.013699332999999999,0,0,0,0,6.8499463990509688e-07,9.6425054834388508e-16,0,0
35,2.3267522174273618e-07,9.7381425126590419e-16,0.013721486999999999,0,0,0,0,9.3070088697094474e-07,4.0015195531920299e-15,0,0
36,0.0094105829949188303,1.7663691919825888e-05,0.012996147,0,0,0,0,9.3070088697094474e-07,4.0015195531920299e-15,0.03764140127878858,6.1684359762903619e-05
37,7.5066423122441727e-07,3.9765615354145943e-15,0.012991288,0,0,0,0,3.0026569248976691e-06,1.6340168279266537e-14,0,0
38,7.8004843335929547e-07,4.2095950721284995e-15,0.013104978,0,0,0,0,3.0026569248976691e-06,1.6340168279266537e-14,1.1753680853951075e-07,8.1378935850548041e-16
39,1.8126846111350973e-06,2.6232903580333892e-13,0.012928476,0,0,0,0,3.0026569248976691e-06,1.6340168279266537e-14,4.2480815196427367e-06,9.0220702679766719e-13
40,0.001169342452404428,2.7614849160535732e-07,0.012888418,0,0,0,0,3.0026569248976691e-06,1.6340168279266537e-14,0.004674367152692818,9.6435347361865966e-07
41,0.019102252995696373,7.009107776755561e-05,0.012921643,0,0,0,0,3.0026569248976691e-06,1.6340168279266537e-14,0.076406009325860683,0.00024476894619767731
42,0.038654467399921878,0.00028339918175237822,0.013175366000000001,0,0,0,0,3.0026569248976691e-06,1.6340168279266537e-14,0.15461486694276227,0.00098967402532771959
43,8.9898195720476955e-07,1.6239609817693269e-14,0.013592807,0,0,0,0,3.5959278288190782e-06,6.6730504443978359e-14,0,0
44,1.018779214665023e-06,2.0194694962284892e-14,0.013732407,0,0,0,0,3.5959278288190782e-06,6.6730504443978359e-14,4.7918902984102718e-07,1.3811772537286094e-14
45,1.4394921104398417e-06,8.1143011427346516e-14,0.013234020000000001,0,0,0,0,3.5959278288190782e-06,6.6730504443978359e-14,2.1620406129402982e-06,2.266527741266158e-13
46,1.4199593093182337e-06,6.4803056458805533e-14,0.013113625,0,0,0,0,5.6798372372729349e-06,2.6628353116564885e-13,0,0
47,9.2423187932276701e-06,1.6756330884105363e-11,0.013454838,0,0,0,0,5.6798372372729349e-06,2.6628353116564885e-13,3.1289437935637845e-05,5.8289411536559831e-11
48,2.3465672679067103e-06,2.6066903776021625e-13,0.012956199999999999,0,0,0,0,9.3862690716268412e-06,1.0711203395856254e-12,0,0
49,2.3485802991822892e-06,2.6067053350873904e-13,0.013183541,0,0,0,0,9.3862690716268412e-06,1.0711203395856254e-12,8.0521251023118028e-09,5.2233865048072528e-18
50,3.5325622702542983e-05,2.6618836374027268e-10,0.013291571,0,0,0,0,9.3862690716268412e-06,1.0711203395856254e-12,0.00013191622173854499,9.2866087487863828e-10
51,7.116525222254801e-05,1.0729810984966119e-09,0.013409720999999999,0,0,0,0,9.3862690716268412e-06,1.0711203395856254e-12,0.00027527473981856643,3.7461066010287721e-09
52,0.002262970430626184,1.1099284024543189e-06,0.013408619,0,0,0,0,9.3862690716268412e-06,1.0711203395856254e-12,0.0090424954534331133,3.8760417201217597e-06
53,3.7309999479181357e-06,1.0405996002442915e-12,0.013691869000000001,0,0,0,0,1.4923999791672543e-05,4.275948562067562e-12,0,0
54,3.737277335078386e-06,1.0406102013844639e-12,0.013757386,0,0,0,0,1.4923999791672543e-05,4.275948562067562e-12,2.5109548640956888e-08,3.7020830486700943e-17
55,4.793020327828833e-06,1.2989520745122157e-12,0.013342580999999999,0,0,0,0,1.4923999791672543e-05,4.275948562067562e-12,4.2480815196427367e-06,9.0220702679766719e-13
56,7.9240831127205047e-06,4.1698443749293819e-12,0.013078978999999999,0,0,0,0,3.1696332450882019e-05,1.7134390648275296e-11,0,0
57,7.930360499880707e-06,4.1698549760695539e-12,0.013190165,0,0,0,0,3.1696332450882019e-05,1.7134390648275296e-11,2.5109548640956888e-08,3.7020830486700943e-17
58,7.9381700002288777e-06,4.1698975151335238e-12,0.013099487999999999,0,0,0,0,3.1696332450882019e-05,1.7134390648275296e-11,5.6347550033575723e-08,1.8557385880728104e-16
59,7.9534673148553372e-06,4.1700774084660955e-12,0.012972391999999999,0,0,0,0,3.1696332450882019e-05,1.7134390648275296e-11,1.1753680853951075e-07,8.1378935850548041e-16
60,3.8869670316719147e-05,1.6665334922309201e-11,0.013233068000000001,0,0,0,0,0.00015547868126687659,6.8479859958329124e-11,0,0
61,0.001207461458489925,2.761651529637181e-07,0.013243187,0,0,0,0,0.00015547868126687659,6.8479859958329124e-11,0.004674367152692818,9.6435347361865966e-07
62,0.0022994935336750001,1.1099448071202035e-06,0.013434489000000001,0,0,0,0,0.00015547868126687659,6.8479859958329124e-11,0.0090424954534331133,3.8760417201217597e-06
63,4.748405117415686e-05,6.7019511188262211e-11,0.013518773,0,0,0,0,0.00018993620469662744,2.7539120948023132e-10,0,0
64,4.7513435376291738e-05,6.7019744221798916e-11,0.013652872999999999,0,0,0,0,0.00018993620469662744,2.7539120948023132e-10,1.1753680853951075e-07,8.1378935850548041e-16
65,7.109517773207283e-05,2.662425738297348e-10,0.0135377,0,0,0,0,0.00028438071092829132,1.0940226677592041e-09,0,0
66,8.7718392738854651e-05,3.3316213075619667e-10,0.013549782999999999,0,0,0,0,0.00028438071092829132,1.0940226677592041e-09,6.6492860027127882e-05,2.3369350210529902e-10
67,0.00010407423316670859,5.3217026853224731e-10,0.01352716,0,0,0,0,0.00028438071092829132,1.0940226677592041e-09,0.00013191622173854499,9.2866087487863828e-10
68,0.00013991386268671468,1.3389630032885866e-09,0.013545755,0,0,0,0,0.00028438071092829132,1.0940226677592041e-09,0.00027527473981856643,3.7461066010287721e-09
69,0.004628346674830898,4.4115436588883569e-06,0.013532159,0,0,0,0,0.00028438071092829132,1.0940226677592041e-09,0.018229005988395285,1.5404866910722966e-05
70,0.00012648768427360582,1.0645682536676575e-09,0.013515407,0,0,0,0,0.00050595073709442328,4.3744386336726988e-09,0,0
71,0.00026270349052179667,5.3475504810426755e-09,0.013470569,0,0,0,0,0.00050595073709442328,4.3744386336726988e-09,0.0005448632249927674,1.495684015466391e-08
72,0.0095368380039707462,1.7664756487105741e-05,0.013415623,0,0,0,0,0.00050595073709442328,4.3744386336726988e-09,0.03764140127878858,6.1684359762903619e-05
73,0.00021570839686601588,4.3801521389891216e-09,0.013036066000000001,0,0,0,0,0.00086283358746406353,1.7998570474129329e-08,0,0
74,0.0002158281941234761,4.3801560940742662e-09,0.013099998999999999,0,0,0,0,0.00086283358746406353,1.7998570474129329e-08,4.7918902984102718e-07,1.3811772537286094e-14
75,0.00023233161187279929,4.4470716959155837e-09,0.013499495,0,0,0,0,0.00086283358746406353,1.7998570474129329e-08,6.6492860027127882e-05,2.3369350210529902e-10
76,0.0096260587165631455,1.7668072070991062e-05,0.013817503,0,0,0,0,0.00086283358746406353,1.7998570474129329e-08,0.03764140127878858,6.1684359762903619e-05
77,0.00034192249468512417,1.7347544516132698e-08,0.01376468,0,0,0,0,0.0013676899787404967,7.1283141000387424e-08,0,0
78,0.00037490155011975939,1.7613472210835211e-08,0.013839526,0,0,0,0,0.0013676899787404967,7.1283141000387424e-08,0.00013191622173854499,9.2866087487863828e-10
79,0.0097522728143822675,1.7681039463368207e-05,0.013498644000000001,0,0,0,0,0.0013676899787404967,7.1283141000387424e-08,0.03764140127878858,6.1684359762903619e-05
80,0.0006355371529172452,6.9766503083698134e-08,0.012891283999999999,0,0,0,0,0.0025421486116689808,2.8667892863997632e-07,0,0
81,0.0012111226647687229,2.7618483978005261e-07,0.01296627,0,0,0,0,0.0048444906590748918,1.1348766309780777e-06,0,0
82,0.0012113565562862122,2.7618485553457246e-07,0.013502050999999999,0,0,0,0,0.0048444906590748918,1.1348766309780777e-06,9.3556606998057864e-07,5.5017233883187946e-14
83,0.0012132472650628117,2.7618588690033911e-07,0.013749681,0,0,0,0,0.0048444906590748918,1.1348766309780777e-06,8.4984011763542629e-06,3.6567069197450944e-12
84,0.0023111015664008657,1.1068110641305573e-06,0.013744752000000001,0,0,0,0,0.009244406265603463,4.548019408270464e-06,0,0
85,0.0034796933545740913,1.382959551759353e-06,0.013876217,0,0,0,0,0.009244406265603463,4.548019408270464e-06,0.004674367152692818,9.6435347361865966e-07
86,0.011721451886098012,1.8770502982982519e-05,0.014007031,0,0,0,0,0.009244406265603463,4.548019408270464e-06,0.03764140127878858,6.1684359762903619e-05
87,0.0044950382212321418,4.4414042231893738e-06,0.013968336,0,0,0,0,0.017980152884928567,1.825026263439753e-05,0,0
88,0.0045028605807160196,4.4414209147166202e-06,0.013904451999999999,0,0,0,0,0.017980152884928567,1.825026263439753e-05,3.1289437935637845e-05,5.8289411536559831e-11
89,0.0056636300094053934,4.7175527108174852e-06,0.013853613000000001,0,0,0,0,0.017980152884928567,1.825026263439753e-05,0.004674367152692818,9.6435347361865966e-07
90,0.0088085381365603198,1.7708273554636734e-05,0.013970079,0,0,0,0,0.035234152546241279,7.2765419883759325e-05,0,0
91,0.0088087720280778173,1.7708273570389558e-05,0.013809998,0,0,0,0,0.035234152546241279,7.2765419883759325e-05,9.3556606998057864e-07,5.5017233883187946e-14
92,0.0088090786467135453,1.7708273619538438e-05,0.013764461,0,0,0,0,0.035234152546241279,7.2765419883759325e-05,2.1620406129402982e-06,2.266527741266158e-13
93,0.013365789633659092,2.2119550970950527e-05,0.013749961999999999,0,0,0,0,0.035234152546241279,7.2765419883759325e-05,0.018229005988395285,1.5404866910722966e-05
94,0.017749663906311313,6.9876268733107266e-05,0.013698050999999999,0,0,0,0,0.070998655625245252,0.00028712996885817864,0,0
95,0.01774969329051344,6.9876268733340248e-05,0.013714954,0,0,0,0,0.070998655625245252,0.00028712996885817864,1.1753680853951075e-07,8.1378935850548041e-16
96,0.017749897797828821,6.9876268748861971e-05,0.013827371999999999,0,0,0,0,0.070998655625245252,0.00028712996885817864,9.3556606998057864e-07,5.5017233883187946e-14
97,0.035570254051103221,0.00028004326349350328,0.013887729,0,0,0,0,0.14228101620441289,0.0011507313567779948,0,0
98,0.035821376450474833,0.00028006042161210807,0.013878952,0,0,0,0,0.14228101620441289,0.0011507313567779948,0.0010044895974866074,5.991881908875963e-08
99,0.054671756382568382,0.00035013434125708866,0.013821761,0,0,0,0,0.14228101620441289,0.0011507313567779948,0.076406009325860683,0.00024476894619767731
100,0.071135233256333308,0.0011405285411920263,0.013772837,0,0,0,0,0.28454093302533323,0.0046865685654330158,0,0
101,0.080545583576030158,0.0011581922331108932,0.013810859999999999,0,0,0,0,0.28454093302533323,0.0046865685654330158,0.03764140127878858,6.1684359762903619e-05
102,2.843878319800304e-09,1.5218685792801011e-18,0.013803606,0,0,1.1375513279201216e-08,6.8890466804365844e-18,0,0,0,0
103,1.0648642582304848e-06,2.583539961365036e-13,0.013825779,0,0,1.1375513279201216e-08,6.8890466804365844e-18,0,0,4.2480815196427367e-06,9.0220702679766719e-13
104,0.038653750417603501,0.00028339918174839827,0.013870296000000001,0,0,1.1375513279201216e-08,6.8890466804365844e-18,1.2335213843932404e-07,4.3468830174521832e-17,0.15461486694276227,0.00098967402532771959
105,1.7409253829607495e-07,2.3618295502060281e-16,0.013718531000000001,0,0,1.1375513279201216e-08,6.8890466804365844e-18,6.8499463990509688e-07,9.6425054834388508e-16,0,0
106,1.2940182627792904e-06,6.8881485013647114e-14,0.013142722000000001,0,0,1.1375513279201216e-08,6.8890466804365844e-18,3.0026569248976691e-06,1.6340168279266537e-14,2.1620406129402982e-06,2.266527741266158e-13
107,2.3556885333867425e-06,2.6068116076896803e-13,0.012960248000000001,0,0,1.1375513279201216e-08,6.8890466804365844e-18,9.3862690716268412e-06,1.0711203395856254e-12,2.5109548640956888e-08,3.7020830486700943e-17
108,3.7358568575135122e-06,1.0406026178613935e-12,0.012932262999999999,0,0,1.1375513279201216e-08,6.8890466804365844e-18,1.4923999791672543e-05,4.275948562067562e-12,8.0521251023118028e-09,5.2233865048072528e-18
109,7.9269269910403184e-06,4.1698458967979605e-12,0.012940159,0,0,1.1375513279201216e-08,6.8890466804365844e-18,3.1696332450882019e-05,1.7134390648275296e-11,0,0
110,0.00034192533856344397,1.7347544517654565e-08,0.012978864,0,0,1.1375513279201216e-08,6.8890466804365844e-18,0.0013676899787404967,7.1283141000387424e-08,0,0
111,0.008808540980438621,1.7708273554636964e-05,0.014773560999999999,0,0,1.1375513279201216e-08,6.8890466804365844e-18,0.035234152546241279,7.2765419883759325e-05,0,0
112,9.1795597036310288e-09,1.0531186457961748e-17,0.012901483,0,0,3.6718238814524115e-08,4.7671550682516093e-17,0,0,0,0
113,1.1192590979209006e-08,1.2026934980742072e-17,0.012947683,0,0,3.6718238814524115e-08,4.7671550682516093e-17,0,0,8.0521251023118028e-09,5.2233865048072528e-18
114,2.3266447212025027e-08,6.3671390599887048e-17,0.01287398,0,0,3.6718238814524115e-08,4.7671550682516093e-17,0,0,5.6347550033575723e-08,1.8557385880728104e-16
115,2.1337798537921938e-06,1.0471308176932179e-12,0.012871535999999999,0,0,3.6718238814524115e-08,4.7671550682516093e-17,0,0,8.4984011763542629e-06,3.6567069197450944e-12
116,7.831539043613111e-06,1.6691538358833016e-11,0.012893337,0,0,3.6718238814524115e-08,4.7671550682516093e-17,0,0,3.1289437935637845e-05,5.8289411536559831e-11
117,3.2988234994339888e-05,2.6592770523369889e-10,0.012936382,0,0,3.6718238814524115e-08,4.7671550682516093e-17,0,0,0.00013191622173854499,9.2866087487863828e-10
118,0.038653725915250375,0.00028339918174839827,0.012923917,0,0,3.6718238814524115e-08,4.7671550682516093e-17,0,0,0.15461486694276227,0.00098967402532771959
119,1.1723994544843429e-08,1.2035641666241999e-17,0.012967602,0,0,3.6718238814524115e-08,4.7671550682516093e-17,1.0177739364849487e-08,6.1819868881659968e-18,0,0
120,1.686506978822834e-05,6.6920541271899588e-11,0.012896372999999999,0,0,3.6718238814524115e-08,4.7671550682516093e-17,9.3070088697094474e-07,4.0015195531920299e-15,6.6492860027127882e-05,2.3369350210529902e-10
121,7.8922799306292566e-07,4.2201262585864615e-15,0.012887286,0,0,3.6718238814524115e-08,4.7671550682516093e-17,3.0026569248976691e-06,1.6340168279266537e-14,1.1753680853951075e-07,8.1378935850548041e-16
122,5.0726474672148362e-06,4.1773823599330383e-12,0.013003803,0,0,3.6718238814524115e-08,4.7671550682516093e-17,3.5959278288190782e-06,6.6730504443978359e-14,1.6657943801225666e-05,1.4531320971435777e-11
123,5.5502064883205083e-05,8.3584902379957514e-11,0.012927523999999999,0,0,3.6718238814524115e-08,4.7671550682516093e-17,0.00015547868126687659,6.8479859958329124e-11,6.6492860027127882e-05,2.3369350210529902e-10
124,4.8033740887095502e-05,6.7084425121058313e-11,0.012937934999999999,0,0,3.6718238814524115e-08,4.7671550682516093e-17,0.00018993620469662744,2.7539120948023132e-10,2.1620406129402982e-06,2.266527741266158e-13
125,7.1106370323052246e-05,2.662425858566698e-10,0.012936562,0,0,3.6718238814524115e-08,4.7671550682516093e-17,0.00028438071092829132,1.0940226677592041e-09,8.0521251023118028e-09,5.2233865048072528e-18
126,0.00020732016353996804,4.5492248117359389e-09,0.012954797000000001,0,0,3.6718238814524115e-08,4.7671550682516093e-17,0.00028438071092829132,1.0940226677592041e-09,0.0005448632249927674,1.495684015466391e-08
127,0.00014312007884009022,1.1314878211253056e-09,0.012860063,0,0,3.6718238814524115e-08,4.7671550682516093e-17,0.00050595073709442328,4.3744386336726988e-09,6.6492860027127882e-05,2.3369350210529902e-10
128,0.0099771391042932003,1.798442204227263e-05,0.012917565000000001,0,0,3.6718238814524115e-08,4.7671550682516093e-17,0.035234152546241279,7.2765419883759325e-05,0.004674367152692818,9.6435347361865966e-07
129,0.035578085590146996,0.00028004328018503842,0.012991117999999999,0,0,3.6718238814524115e-08,4.7671550682516093e-17,0.14228101620441289,0.0011507313567779948,3.1289437935637845e-05,5.8289411536559831e-11
130,2.1317556380950123e-08,5.2693160876084285e-17,0.0129873,0,0,8.5270225523800494e-08,2.3852627615639069e-16,0,0,0,0
131,2.7594943541189432e-08,6.3294301048579914e-17,0.012955980000000001,0,0,8.5270225523800494e-08,2.3852627615639069e-16,0,0,2.5109548640956888e-08,3.7020830486700943e-17
132,0.0022606451809146547,1.1099281418379742e-06,0.013001318,0,0,8.5270225523800494e-08,2.3852627615639069e-16,0,0,0.0090424954534331133,3.8760417201217597e-06
133,2.3861991222162494e-08,5.4197616084364536e-17,0.013013311,0,0,8.5270225523800494e-08,2.3852627615639069e-16,1.0177739364849487e-08,6.1819868881659968e-18,0,0
134,0.019103870216289367,7.0091078024300891e-05,0.013039822,0,0,8.5270225523800494e-08,2.3852627615639069e-16,9.3862690716268412e-06,1.0711203395856254e-12,0.076406009325860683,0.00024476894619767731
135,4.305547382340659e-05,2.0826519834398966e-11,0.012976158999999999,0,0,8.5270225523800494e-08,2.3852627615639069e-16,0.00015547868126687659,6.8479859958329124e-11,1.6657943801225666e-05,1.4531320971435777e-11
136,6.4128583737319868e-05,1.3393912080788493e-10,0.01295638,0,0,8.5270225523800494e-08,2.3852627615639069e-16,0.00018993620469662744,2.7539120948023132e-10,6.6492860027127882e-05,2.3369350210529902e-10
137,0.0088096214744965932,1.7708273813038439e-05,0.012948505000000001,0,0,8.5270225523800494e-08,2.3852627615639069e-16,0.035234152546241279,7.2765419883759325e-05,4.2480815196427367e-06,9.0220702679766719e-13
138,4.8070742254629451e-08,2.3204367664172436e-16,0.012948405,0,0,1.922829690185178e-07,1.0503927487885637e-15,0,0,0,0
139,1.1100911221653128e-06,2.5858451794456603e-13,0.012959244999999999,0,0,1.922829690185178e-07,1.0503927487885637e-15,0,0,4.2480815196427367e-06,9.0220702679766719e-13
140,6.8866755696896215e-05,1.0727206615025283e-09,0.012902946,0,0,1.922829690185178e-07,1.0503927487885637e-15,0,0,0.00027527473981856643,3.7461066010287721e-09
141,0.00055465038572574069,6.9035880286150082e-08,0.012965097,0,0,1.922829690185178e-07,1.0503927487885637e-15,0,0,0.0022184092599339413,2.4108403166049585e-07
142,7.8908776864460627e-08,2.4262229952413397e-16,0.01296161,0,0,1.922829690185178e-07,1.0503927487885637e-15,1.2335213843932404e-07,4.3468830174521832e-17,0,0
143,8.5186164024700029e-08,2.5322343969662961e-16,0.012947231999999999,0,0,1.922829690185178e-07,1.0503927487885637e-15,1.2335213843932404e-07,4.3468830174521832e-17,2.5109548640956888e-08,3.7020830486700943e-17
144,3.8917741058973809e-05,1.6665566965985844e-11,0.013077225,0,0,1.922829690185178e-07,1.0503927487885637e-15,0.00015547868126687659,6.8479859958329124e-11,0,0
145,0.000668564279094136,7.0032431010444316e-08,0.013029993,0,0,1.922829690185178e-07,1.0503927487885637e-15,0.0025421486116689808,2.8667892863997632e-07,0.00013191622173854499,9.2866087487863828e-10
146,0.0090523377890732275,8.8526816397345783e-06,0.013151369,0,0,1.922829690185178e-07,1.0503927487885637e-15,0.017980152884928567,1.825026263439753e-05,0.018229005988395285,1.5404866910722966e-05
147,0.071135281327075736,0.0011405285411921551,0.013027047,0,0,1.922829690185178e-07,1.0503927487885637e-15,0.28454093302533323,0.0046865685654330158,0,0
148,9.8083529925706339e-08,9.6697920291792799e-16,0.012990837,0,0,3.9233411970282536e-07,4.3772274154343397e-15,0,0,0,0
149,0.0094104484032270421,1.7663691919819014e-05,0.012943646,0,0,3.9233411970282536e-07,4.3772274154343397e-15,0,0,0.03764140127878858,6.1684359762903619e-05
150,1.5180428392439408e-06,6.5770035661723456e-14,0.012958324,0,0,3.9233411970282536e-07,4.3772274154343397e-15,5.6798372372729349e-06,2.6628353116564885e-13,0,0
151,0.0094127949704949504,1.7663692180486339e-05,0.012987871999999999,0,0,3.9233411970282536e-07,4.3772274154343397e-15,9.3862690716268412e-06,1.0711203395856254e-12,0.03764140127878858,6.1684359762903619e-05
152,3.8967753846644804e-05,1.6666301901512119e-11,0.014409613999999999,0,0,3.9233411970282536e-07,4.3772274154343397e-15,0.00015547868126687659,6.8479859958329124e-11,0,0
153,7.1193261261998507e-05,2.6624354080893772e-10,0.013747427,0,0,3.9233411970282536e-07,4.3772274154343397e-15,0.00028438071092829132,1.0940226677592041e-09,0,0
154,0.047462352955780752,0.00030110745530401156,0.013127112,0,0,3.9233411970282536e-07,4.3772274154343397e-15,0.035234152546241279,7.2765419883759325e-05,0.15461486694276227,0.00098967402532771959
155,0.03557035213463302,0.00028004326349447402,0.012895913,0,0,3.9233411970282536e-07,4.3772274154343397e-15,0.14228101620441289,0.0011507313567779948,0,0
156,0.035570358412020088,0.0002800432634944757,0.012999945000000001,0,0,3.9233411970282536e-07,4.3772274154343397e-15,0.14228101620441289,0.0011507313567779948,2.5109548640956888e-08,3.7020830486700943e-17
157,0.044980702454330099,0.00029770695541333667,0.0128687,0,0,3.9233411970282536e-07,4.3772274154343397e-15,0.14228101620441289,0.0011507313567779948,0.03764140127878858,6.1684359762903619e-05
158,2.0350144375574528e-07,3.9635969804746707e-15,0.012923235,0,0,8.1400577502298111e-07,1.7942025344819159e-14,0,0,0,0
159,8.025860927665191e-06,1.6695491424627031e-11,0.012863991,0,0,8.1400577502298111e-07,1.7942025344819159e-14,0,0,3.1289437935637845e-05,5.8289411536559831e-11
160,0.00063628116451423691,6.9766571950696728e-08,0.012933406,0,0,8.1400577502298111e-07,1.7942025344819159e-14,0.0025421486116689808,2.8667892863997632e-07,2.1620406129402982e-06,2.266527741266158e-13
161,0.0012113828125894176,2.7618484471341522e-07,0.012916142,0,0,8.1400577502298111e-07,1.7942025344819159e-14,0.0048444906590748918,1.1348766309780777e-06,2.2658550777503332e-07,3.3865724704100287e-15
162,0.0012154906521627835,2.7618900487586852e-07,0.012901724,0,0,8.1400577502298111e-07,1.7942025344819159e-14,0.0048444906590748918,1.1348766309780777e-06,1.6657943801225666e-05,1.4531320971435777e-11
163,4.0926863838288689e-07,1.6009941264809818e-14,0.012891003,0,0,1.6370745535315476e-06,7.2472245124145652e-14,0,0,0,0
164,2.5338689324714534e-06,1.0631302277715697e-12,0.013356636999999999,0,0,1.6370745535315476e-06,7.2472245124145652e-14,0,0,8.4984011763542629e-06,3.6567069197450944e-12
165,0.00055501158362186861,6.9035896064047672e-08,0.012857919000000001,0,0,1.6370745535315476e-06,7.2472245124145652e-14,0,0,0.0022184092599339413,2.4108403166049585e-07
166,4.4010667299271762e-07,1.6020519887692229e-14,0.01289975,0,0,1.6370745535315476e-06,7.2472245124145652e-14,1.2335213843932404e-07,4.3468830174521832e-17,0,0
167,4.5191123915844622e-07,1.6063080568260141e-14,0.012879570999999999,0,0,1.6370745535315476e-06,7.2472245124145652e-14,1.7057040310223498e-07,2.1835577115764133e-16,0,0
168,3.9278938955102044e-05,1.6681344863574011e-11,0.012879962,0,0,1.6370745535315476e-06,7.2472245124145652e-14,0.00015547868126687659,6.8479859958329124e-11,0,0
169,0.0044956813813880085,4.441404254952657e-06,0.01288419,0,0,1.6370745535315476e-06,7.2472245124145652e-14,0.017980152884928567,1.825026263439753e-05,9.3556606998057864e-07,5.5017233883187946e-14
170,0.0044996119758207867,4.4414084003303559e-06,0.012936222000000001,0,0,1.6370745535315476e-06,7.2472245124145652e-14,0.017980152884928567,1.825026263439753e-05,1.6657943801225666e-05,1.4531320971435777e-11
171,0.0088089474051986829,1.7708273570644864e-05,0.012908658,0,0,1.6370745535315476e-06,7.2472245124145652e-14,0.035234152546241279,7.2765419883759325e-05,0,0
172,0.035570663319741604,0.00028004326350951662,0.013013411000000001,0,0,1.6370745535315476e-06,7.2472245124145652e-14,0.14228101620441289,0.0011507313567779948,0,0
173,7.615643118680622e-07,6.5321841011782713e-14,0.01283777,0,0,3.0462572474722488e-06,2.9569255723453914e-13,0,0,0,0
174,8.8136156932831619e-07,6.9276926156374339e-14,0.012908487,0,0,3.0462572474722488e-06,2.9569255723453914e-13,0,0,4.7918902984102718e-07,1.3811772537286094e-14
175,2.8861646059566371e-06,1.1124421275185427e-12,0.012907625000000001,0,0,3.0462572474722488e-06,2.9569255723453914e-13,0,0,8.4984011763542629e-06,3.6567069197450944e-12
176,0.0005553638792953541,6.9035945375947417e-08,0.012956921999999999,0,0,3.0462572474722488e-06,2.9569255723453914e-13,0,0,0.0022184092599339413,2.4108403166049585e-07
177,1.5142415743680651e-06,6.9299898295720096e-14,0.012872547,0,0,3.0462572474722488e-06,2.9569255723453914e-13,3.0026569248976691e-06,1.6340168279266537e-14,8.0521251023118028e-09,5.2233865048072528e-18
178,3.1081315797747885e-06,3.2599087877199893e-13,0.012947462999999999,0,0,3.0462572474722488e-06,2.9569255723453914e-13,9.3862690716268412e-06,1.0711203395856254e-12,0,0
179,0.0012160487150308958,2.7618906623411254e-07,0.012951541,0,0,3.0462572474722488e-06,2.9569255723453914e-13,0.0048444906590748918,1.1348766309780777e-06,1.6657943801225666e-05,1.4531320971435777e-11
180,0.010622234548777684,1.7939876823952189e-05,0.012949988000000001,0,0,3.0462572474722488e-06,2.9569255723453914e-13,0.0048444906590748918,1.1348766309780777e-06,0.03764140127878858,6.1684359762903619e-05
181,1.4149116291330557e-06,2.6247951494998683e-13,0.012930901,0,0,5.6596465165322227e-06,1.1881667417065484e-12,0,0,0,0
182,1.4715580060768133e-06,2.6344928059249526e-13,0.012860844999999999,0,0,5.6596465165322227e-06,1.1881667417065484e-12,0,0,2.2658550777503332e-07,3.3865724704100287e-15
183,0.00013763071787732393,4.2832447068899674e-09,0.012918727,0,0,5.6596465165322227e-06,1.1881667417065484e-12,0,0,0.0005448632249927674,1.495684015466391e-08
184,0.0022620387749874063,1.1099284042647961e-06,0.012944076000000001,0,0,5.6596465165322227e-06,1.1881667417065484e-12,0,0,0.0090424954534331133,3.8760417201217597e-06
185,0.0094117652313262645,1.7663692181331549e-05,0.012945439,0,0,5.6596465165322227e-06,1.1881667417065484e-12,0,0,0.03764140127878858,6.1684359762903619e-05
186,3.7721871449643682e-06,1.3105736157080126e-12,0.012936181,0,0,5.6596465165322227e-06,1.1881667417065484e-12,9.3070088697094474e-07,4.0015195531920299e-15,8.4984011763542629e-06,3.6567069197450944e-12
187,5.1459115770511956e-06,1.3030791151942783e-12,0.012882536999999999,0,0,5.6596465165322227e-06,1.1881667417065484e-12,1.4923999791672543e-05,4.275948562067562e-12,0,0
188,0.0023095228261615611,1.1099954237759844e-06,0.012990476000000001,0,0,5.6596465165322227e-06,1.1881667417065484e-12,0.00018993620469662744,2.7539120948023132e-10,0.0090424954534331133,3.8760417201217597e-06
189,0.00021924790878923738,4.3814617387905782e-09,0.012972150999999999,0,0,5.6596465165322227e-06,1.1881667417065484e-12,0.00086283358746406353,1.7998570474129329e-08,8.4984011763542629e-06,3.6567069197450944e-12
190,0.039866254312088401,0.00028367536685066502,0.013332902000000001,0,0,5.6596465165322227e-06,1.1881667417065484e-12,0.0048444906590748918,1.1348766309780777e-06,0.15461486694276227,0.00098967402532771959
191,3.3230466746781302e-06,1.0557964586767746e-12,0.013392127,0,0,1.3292186698712521e-05,4.7792767311777559e-12,0,0,0,0
192,3.3371335621865194e-06,1.0558495988809167e-12,0.013266103,0,0,1.3292186698712521e-05,4.7792767311777559e-12,0,0,5.6347550033575723e-08,1.8557385880728104e-16
193,0.002263946910032952,1.1099291975817398e-06,0.013281292,0,0,1.3292186698712521e-05,4.7792767311777559e-12,0,0,0.0090424954534331133,3.8760417201217597e-06
194,0.019104827922574723,7.0091078819375265e-05,0.013385793999999999,0,0,1.3292186698712521e-05,4.7792767311777559e-12,1.0177739364849487e-08,6.1819868881659968e-18,0.076406009325860683,0.00024476894619767731
195,4.0737109059025751e-06,1.0597730202121893e-12,0.014849519,0,0,1.3292186698712521e-05,4.7792767311777559e-12,3.0026569248976691e-06,1.6340168279266537e-14,0,0
196,0.0022646975742641844,1.1099292015583013e-06,0.013827483,0,0,1.3292186698712521e-05,4.7792767311777559e-12,3.0026569248976691e-06,1.6340168279266537e-14,0.0090424954534331133,3.8760417201217597e-06
197,5.6696139425848498e-06,1.316465496436991e-12,0.013399772000000001,0,0,1.3292186698712521e-05,4.7792767311777559e-12,9.3862690716268412e-06,1.0711203395856254e-12,0,0
198,0.0094215974494845332,1.7663697144491156e-05,0.013364964,0,0,1.3292186698712521e-05,4.7792767311777559e-12,3.1696332450882019e-05,1.7134390648275296e-11,0.03764140127878858,6.1684359762903619e-05
199,5.2931698142923841e-05,6.9122427933445741e-11,0.013432955999999999,0,0,1.3292186698712521e-05,4.7792767311777559e-12,0.00018993620469662744,2.7539120948023132e-10,8.4984011763542629e-06,3.6567069197450944e-12
200,0.00070767888454656425,7.0840279309615659e-08,0.013474807,0,0,1.3292186698712521e-05,4.7792767311777559e-12,0.0025421486116689808,2.8667892863997632e-07,0.00027527473981856643,3.7461066010287721e-09
201,0.0014655681108150483,2.9334401417567491e-07,0.013482633000000001,0,0,1.3292186698712521e-05,4.7792767311777559e-12,0.0048444906590748918,1.1348766309780777e-06,0.0010044895974866074,5.991881908875963e-08
202,0.0088124016933881742,1.7708274675333135e-05,0.013423297000000001,0,0,1.3292186698712521e-05,4.7792767311777559e-12,0.035234152546241279,7.2765419883759325e-05,2.1620406129402982e-06,2.266527741266158e-13
203,0.035573577097778031,0.00028004326454930315,0.013483894999999999,0,0,1.3292186698712521e-05,4.7792767311777559e-12,0.14228101620441289,0.0011507313567779948,0,0
204,0.035573810989295601,0.00028004326456506436,0.013483815,0,0,1.3292186698712521e-05,4.7792767311777559e-12,0.14228101620441289,0.0011507313567779948,9.3556606998057864e-07,5.5017233883187946e-14
205,0.071138676100265238,0.0011405285422517895,0.013601533000000001,0,0,1.3292186698712521e-05,4.7792767311777559e-12,0.28454093302533323,0.0046865685654330158,4.7918902984102718e-07,1.3811772537286094e-14
206,6.4096234705361009e-06,4.1780181638402876e-12,0.013506749,0,0,2.5638493882144404e-05,1.8912646304862198e-11,0,0,0,0
207,7.5228308425177628e-05,1.076898447622692e-09,0.012964717000000001,0,0,2.5638493882144404e-05,1.8912646304862198e-11,0,0,0.00027527473981856643,3.7461066010287721e-09
208,6.6989450692226031e-06,4.1799617437340617e-12,0.012934769,0,0,2.5638493882144404e-05,1.8912646304862198e-11,9.3070088697094474e-07,4.0015195531920299e-15,2.2658550777503332e-07,3.3865724704100287e-15
209,8.3152391537898057e-05,1.0810682919976214e-09,0.012903718,0,0,2.5638493882144404e-05,1.8912646304862198e-11,3.1696332450882019e-05,1.7134390648275296e-11,0.00027527473981856643,3.7461066010287721e-09
210,0.00064976913587169206,6.9787372629689614e-08,0.012920892,0,0,2.5638493882144404e-05,1.8912646304862198e-11,0.0025421486116689808,2.8667892863997632e-07,3.1289437935637845e-05,5.8289411536559831e-11
211,0.0023175111898713968,1.1068152421487212e-06,0.012890923,0,0,2.5638493882144404e-05,1.8912646304862198e-11,0.009244406265603463,4.548019408270464e-06,0,0
212,1.2795464647377005e-05,1.6629908128154527e-11,0.012960869,0,0,5.118185858950802e-05,7.5278650828326678e-11,0,0,0,0
213,0.00026391786401902962,1.71747485072918e-08,0.012901424,0,0,5.118185858950802e-05,7.5278650828326678e-11,0,0,0.0010044895974866074,5.991881908875963e-08
214,0.038666512200338073,0.00028339919837830834,0.012875101999999999,0,0,5.118185858950802e-05,7.5278650828326678e-11,0,0,0.15461486694276227,0.00098967402532771959
215,1.3546128878601435e-05,1.6633884689689942e-11,0.013047668,0,0,5.118185858950802e-05,7.5278650828326678e-11,3.0026569248976691e-06,1.6340168279266537e-14,0,0
216,0.00056829676158806782,6.9052526201844382e-08,0.012939117,0,0,5.118185858950802e-05,7.5278650828326678e-11,3.5959278288190782e-06,6.6730504443978359e-14,0.0022184092599339413,2.4108403166049585e-07
217,1.4215423956695283e-05,1.6694711184613334e-11,0.012870634000000001,0,0,5.118185858950802e-05,7.5278650828326678e-11,5.6798372372729349e-06,2.6628353116564885e-13,0,0
218,0.0088213356142389301,1.7708290184543292e-05,0.013811851999999999,0,0,5.118185858950802e-05,7.5278650828326678e-11,0.035234152546241279,7.2765419883759325e-05,8.0521251023118028e-09,5.2233865048072528e-18
219,0.035583590025904166,0.00028004328018832491,0.01608623,0,0,5.118185858950802e-05,7.5278650828326678e-11,0.14228101620441289,0.0011507313567779948,2.1620406129402982e-06,2.266527741266158e-13
220,2.7516963621175816e-05,6.7729124959621063e-11,0.013231184,0,0,0.00011006785448470327,3.065896160972491e-10,0,0,0,0
221,2.8578984001086433e-05,6.7987477433888983e-11,0.012912695,0,0,0.00011006785448470327,3.065896160972491e-10,0,0,4.2480815196427367e-06,9.0220702679766719e-13
222,2.7519508056016957e-05,6.7729126464076262e-11,0.012914297999999999,0,0,0.00011006785448470327,3.065896160972491e-10,1.0177739364849487e-08,6.1819868881659968e-18,0,0
223,2.754780165578562e-05,6.7729135538243936e-11,0.01303851,0,0,0.00011006785448470327,3.065896160972491e-10,1.2335213843932404e-07,4.3468830174521832e-17,0,0
224,0.0022883120756394442,1.1099958711449018e-06,0.013165837,0,0,0.00011006785448470327,3.065896160972491e-10,6.8499463990509688e-07,9.6425054834388508e-16,0.0090424954534331133,3.8760417201217597e-06
225,2.8936922930494079e-05,6.779392801607986e-11,0.012893639,0,0,0.00011006785448470327,3.065896160972491e-10,5.6798372372729349e-06,2.6628353116564885e-13,0,0
226,9.866878773019242e-05,3.3397266855499838e-10,0.012904439,0,0,0.00011006785448470327,3.065896160972491e-10,0.00028438071092829132,1.0940226677592041e-09,2.2658550777503332e-07,3.3865724704100287e-15
227,0.0095089624610503534,1.7664025890549113e-05,0.012902034999999999,0,0,0.00011006785448470327,3.065896160972491e-10,0.00028438071092829132,1.0940226677592041e-09,0.03764140127878858,6.1684359762903619e-05
228,0.00015612924818886895,1.1333444989137852e-09,0.012876004,0,0,0.00011006785448470327,3.065896160972491e-10,0.00050595073709442328,4.3744386336726988e-09,8.4984011763542629e-06,3.6567069197450944e-12
229,0.0025038492238454633,1.1143760230492298e-06,0.012931221999999999,0,0,0.00011006785448470327,3.065896160972491e-10,0.00086283358746406353,1.7998570474129329e-08,0.0090424954534331133,3.8760417201217597e-06
230,0.00066305411653842241,6.9834232208657748e-08,0.012873089000000001,0,0,0.00011006785448470327,3.065896160972491e-10,0.0025421486116689808,2.8667892863997632e-07,0,0
231,0.0012386396283899021,2.7625256890501225e-07,0.012880602999999999,0,0,0.00011006785448470327,3.065896160972491e-10,0.0048444906590748918,1.1348766309780777e-06,0,0
232,0.035599895615018695,0.00028004333226975864,0.012897354999999999,0,0,0.00011006785448470327,3.065896160972491e-10,0.14228101620441289,0.0011507313567779948,8.4984011763542629e-06,3.6567069197450944e-12
233,5.0620609612805101e-05,2.7561275507771653e-10,0.012943435,0,0,0.0002024824384512204,1.2476170158873263e-09,0,0,0,0
234,0.00018683641586099672,4.5585949824527344e-09,0.012926002000000001,0,0,0.0002024824384512204,1.2476170158873263e-09,0,0,0.0005448632249927674,1.495684015466391e-08
235,5.0623154047646289e-05,2.7561275658217174e-10,0.012893719,0,0,0.0002024824384512204,1.2476170158873263e-09,1.0177739364849487e-08,6.1819868881659968e-18,0,0
236,0.0023114157216310711,1.1102037547750199e-06,0.012884301000000001,0,0,0.0002024824384512204,1.2476170158873263e-09,6.8499463990509688e-07,9.6425054834388508e-16,0.0090424954534331133,3.8760417201217597e-06
237,0.00026638565285576571,4.6557658638324809e-09,0.012908266999999999,0,0,0.0002024824384512204,1.2476170158873263e-09,0.00086283358746406353,1.7998570474129329e-08,2.2658550777503332e-07,3.3865724704100287e-15
238,0.0023619560675311804,1.1070866926401549e-06,0.012971971000000001,0,0,0.0002024824384512204,1.2476170158873263e-09,0.009244406265603463,4.548019408270464e-06,9.3556606998057864e-07,5.5017233883187946e-14
239,0.002612844575385321,1.1242447954847986e-06,0.012862658000000001,0,0,0.0002024824384512204,1.2476170158873263e-09,0.009244406265603463,4.548019408270464e-06,0.0010044895974866074,5.991881908875963e-08
240,0.00010590209549135076,1.0954618323097922e-09,0.012945339,0,0,0.00042360838196540306,4.958830087016193e-09,0,0,0,0
241,0.00010607334415132681,1.0954620669708786e-09,0.012962151,0,0,0.00042360838196540306,4.958830087016193e-09,6.8499463990509688e-07,9.6425054834388508e-16,0,0
242,0.00013905239958596333,1.3613897616733911e-09,0.012867047,0,0,0.00042360838196540306,4.958830087016193e-09,6.8499463990509688e-07,9.6425054834388508e-16,0.00013191622173854499,9.2866087487863828e-10
243,0.00011017360559250293,1.0965673353116462e-09,0.012910872,0,0,0.00042360838196540306,4.958830087016193e-09,1.4923999791672543e-05,4.275948562067562e-12,2.1620406129402982e-06,2.266527741266158e-13
244,0.0090506560382999264,1.7713651998692959e-05,0.012907225,0,0,0.00042360838196540306,4.958830087016193e-09,0.035234152546241279,7.2765419883759325e-05,0.0005448632249927674,1.495684015466391e-08
245,0.027265916321499804,8.7541056113795706e-05,0.012967742000000001,0,0,0.00042360838196540306,4.958830087016193e-09,0.070998655625245252,0.00028712996885817864,0.03764140127878858,6.1684359762903619e-05
246,0.00023490087518425015,4.3645656932782487e-09,0.012928076,0,0,0.00093960350073700059,1.9757091519064694e-08,0,0,0,0
247,0.00023634036729469049,4.3646468362896762e-09,0.012866526,0,0,0.00093960350073700059,1.9757091519064694e-08,3.5959278288190782e-06,6.6730504443978359e-14,2.1620406129402982e-06,2.266527741266158e-13
248,0.00023996434309176266,4.3687430651069957e-09,0.012878049000000001,0,0,0.00093960350073700059,1.9757091519064694e-08,3.5959278288190782e-06,6.6730504443978359e-14,1.6657943801225666e-05,1.4531320971435777e-11
249,0.00024414319397747882,4.3813220241623541e-09,0.012892005999999999,0,0,0.00093960350073700059,1.9757091519064694e-08,5.6798372372729349e-06,2.6628353116564885e-13,3.1289437935637845e-05,5.8289411536559831e-11
250,0.037086067112960634,0.00013997171106238838,0.012886585000000001,0,0,0.00093960350073700059,1.9757091519064694e-08,0.070998655625245252,0.00028712996885817864,0.076406009325860683,0.00024476894619767731
251,0.00041447981947514967,1.7151783385385645e-08,0.012949957999999999,0,0,0.0016536711963809558,7.7639855504669115e-08,0,0,4.2480815196427367e-06,9.0220702679766719e-13
252,0.00041554239938932849,1.7152572153197883e-08,0.012923707,0,0,0.0016536711963809558,7.7639855504669115e-08,0,0,8.4984011763542629e-06,3.6567069197450944e-12
253,0.019514922674995241,7.0108229288611725e-05,0.013032017999999999,0,0,0.0016536711963809558,7.7639855504669115e-08,1.0177739364849487e-08,6.1819868881659968e-18,0.076406009325860683,0.00024476894619767731
254,0.00041418255021397245,1.7151529062613118e-08,0.012932765000000001,0,0,0.0016536711963809558,7.7639855504669115e-08,3.0026569248976691e-06,1.6340168279266537e-14,5.6347550033575723e-08,1.8557385880728104e-16
255,0.0026749406444107103,1.1270796830578022e-06,0.012862528,0,0,0.0016536711963809558,7.7639855504669115e-08,3.5959278288190782e-06,6.6730504443978359e-14,0.0090424954534331133,3.8760417201217597e-06
256,0.00041576436636314604,1.7151785701949138e-08,0.013297994,0,0,0.0016536711963809558,7.7639855504669115e-08,9.3862690716268412e-06,1.0711203395856254e-12,0,0
257,0.00062072878307550036,2.1700749834116131e-08,0.013006848,0,0,0.0016536711963809558,7.7639855504669115e-08,0.00028438071092829132,1.0940226677592041e-09,0.0005448632249927674,1.495684015466391e-08
258,0.0010391152918107962,8.6453647660847513e-08,0.012849111999999999,0,0,0.0016536711963809558,7.7639855504669115e-08,0.00028438071092829132,1.0940226677592041e-09,0.0022184092599339413,2.4108403166049585e-07
259,0.00079102788274049303,3.5374211885742678e-08,0.012916563000000001,0,0,0.0016536711963809558,7.7639855504669115e-08,0.00050595073709442328,4.3744386336726988e-09,0.0010044895974866074,5.991881908875963e-08
260,0.0027245193654960968,1.1239625891634688e-06,0.013016147,0,0,0.0016536711963809558,7.7639855504669115e-08,0.009244406265603463,4.548019408270464e-06,0,0
261,0.0007762537263457628,6.8523788398821344e-08,0.012916083,0,0,0.0031050149053830512,3.1018682127148085e-07,0,0,0,0
262,0.00077625573937703876,6.8523788400317099e-08,0.012913727999999999,0,0,0.0031050149053830512,3.1018682127148085e-07,0,0,8.0521251023118028e-09,5.2233865048072528e-18
263,0.0013308560413292519,1.3755966845292774e-07,0.012952263,0,0,0.0031050149053830512,3.1018682127148085e-07,0,0,0.0022184092599339413,2.4108403166049585e-07
264,0.005333505223444588,4.4798012047133165e-06,0.012907376,0,0,0.0031050149053830512,3.1018682127148085e-07,0,0,0.018229005988395285,1.5404866910722966e-05
265,0.00077625627078060347,6.8523788400325807e-08,0.012862887999999999,0,0,0.0031050149053830512,3.1018682127148085e-07,1.0177739364849487e-08,6.1819868881659968e-18,0,0
266,0.00077700439057698859,6.8523792375382885e-08,0.012926241999999999,0,0,0.0031050149053830512,3.1018682127148085e-07,3.0026569248976691e-06,1.6340168279266537e-14,0,0
267,0.00077767368565508056,6.8523853201877804e-08,0.012889891000000001,0,0,0.0031050149053830512,3.1018682127148085e-07,5.6798372372729349e-06,2.6628353116564885e-13,0,0
268,0.00081512339666248222,6.8540453733743659e-08,0.012938606,0,0,0.0031050149053830512,3.1018682127148085e-07,0.00015547868126687659,6.8479859958329124e-11,0,0
269,0.010234088097217025,1.7732282726760324e-05,0.012945579,0,0,0.0031050149053830512,3.1018682127148085e-07,0.00018993620469662744,2.7539120948023132e-10,0.03764140127878858,6.1684359762903619e-05
270,0.0052879151625846877,4.5099949311439011e-06,0.01289947,0,0,0.0031050149053830512,3.1018682127148085e-07,0.017980152884928567,1.825026263439753e-05,6.6492860027127882e-05,2.3369350210529902e-10
271,0.075000224513139591,0.00056351096903032411,0.012943997,0,0,0.0031050149053830512,3.1018682127148085e-07,0.14228101620441289,0.0011507313567779948,0.15461486694276227,0.00098967402532771959
272,0.0014969611979066609,2.7190142281788614e-07,0.012925842,0,0,0.0059878447916266436,1.2308169179467562e-06,0,0,0,0
273,0.0014970809951641163,2.7190142677297128e-07,0.012919739,0,0,0.0059878447916266436,1.2308169179467562e-06,0,0,4.7918902984102718e-07,1.3811772537286094e-14
274,0.0014990857982007495,2.7190246993817264e-07,0.012909810000000001,0,0,0.0059878447916266436,1.2308169179467562e-06,0,0,8.4984011763542629e-06,3.6567069197450944e-12
275,0.0015299402533412994,2.7216735051258861e-07,0.01296132,0,0,0.0059878447916266436,1.2308169179467562e-06,0,0,0.00013191622173854499,9.2866087487863828e-10
276,0.0015138170881351884,2.7196834334862684e-07,0.012919859000000001,0,0,0.0059878447916266436,1.2308169179467562e-06,9.3070088697094474e-07,4.0015195531920299e-15,6.6492860027127882e-05,2.3369350210529902e-10
277,0.0020523141771213674,3.4093730684855406e-07,0.012871575999999999,0,0,0.0059878447916266436,1.2308169179467562e-06,3.0026569248976691e-06,1.6340168279266537e-14,0.0022184092599339413,2.4108403166049585e-07
278,0.0015048915584065406,2.7190559267286217e-07,0.012903949,0,0,0.0059878447916266436,1.2308169179467562e-06,3.1696332450882019e-05,1.7134390648275296e-11,2.5109548640956888e-08,3.7020830486700943e-17
279,0.0021654774062585271,3.4193385359628678e-07,0.012873328999999999,0,0,0.0059878447916266436,1.2308169179467562e-06,0.0025421486116689808,2.8667892863997632e-07,0.00013191622173854499,9.2866087487863828e-10
280,0.013218413084004618,1.9042404405798564e-05,0.012911393,0,0,0.0059878447916266436,1.2308169179467562e-06,0.009244406265603463,4.548019408270464e-06,0.03764140127878858,6.1684359762903619e-05
281,0.0059919994191388248,4.7133056460065643e-06,0.012900221,0,0,0.0059878447916266436,1.2308169179467562e-06,0.017980152884928567,1.825026263439753e-05,0,0
282,0.0028978241751760414,1.0862596282166068e-06,0.012928306000000001,0,0,0.011591296700704166,4.9171744444568016e-06,0,0,0,0
283,0.0031489465745476869,1.1034177468157703e-06,0.013001377999999999,0,0,0.011591296700704166,4.9171744444568016e-06,0,0,0.0010044895974866074,5.991881908875963e-08
284,0.012308174494873193,1.8749951547068539e-05,0.012911532999999999,0,0,0.011591296700704166,4.9171744444568016e-06,0,0,0.03764140127878858,6.1684359762903619e-05
285,0.0028980568503977839,1.0862596291904209e-06,0.012916482999999999,0,0,0.011591296700704166,4.9171744444568016e-06,9.3070088697094474e-07,4.0015195531920299e-15,0,0
286,0.0028982907419152866,1.0862596449449409e-06,0.012898837999999999,0,0,0.011591296700704166,4.9171744444568016e-06,9.3070088697094474e-07,4.0015195531920299e-15,9.3556606998057864e-07,5.5017233883187946e-14
287,0.041559464993979327,0.00028448544554646638,0.012900151,0,0,0.011591296700704166,4.9171744444568016e-06,3.1696332450882019e-05,1.7134390648275296e-11,0.15461486694276227,0.00098967402532771959
288,0.0029366938454927728,1.0862762935515289e-06,0.012907576,0,0,0.011591296700704166,4.9171744444568016e-06,0.00015547868126687659,6.8479859958329124e-11,0,0
289,0.02064748808148734,7.0962528361324299e-05,0.012942222999999999,0,0,0.011591296700704166,4.9171744444568016e-06,0.070998655625245252,0.00028712996885817864,0,0
290,0.038468078226279276,0.00028112952312172337,0.012958795,0,0,0.011591296700704166,4.9171744444568016e-06,0.14228101620441289,0.0011507313567779948,0,0
291,0.0054996663846701684,4.3931515286723308e-06,0.012941782000000001,0,0,0.021998665538680674,1.9886491098706625e-05,0,0,0,0
292,0.0054999002761876763,4.3931515444262855e-06,0.012896594000000001,0,0,0.021998665538680674,1.9886491098706625e-05,0,0,9.3556606998057864e-07,5.5017233883187946e-14
293,0.0055162895996769268,4.3932184482286918e-06,0.012867648000000001,0,0,0.021998665538680674,1.9886491098706625e-05,0,0,6.6492860027127882e-05,2.3369350210529902e-10
294,0.0055326454401048043,4.3934174563664679e-06,0.012925519999999999,0,0,0.021998665538680674,1.9886491098706625e-05,0,0,0.00013191622173854499,9.2866087487863828e-10
295,0.0056358821909183645,4.3974345108991378e-06,0.012945178999999999,0,0,0.021998665538680674,1.9886491098706625e-05,0,0,0.0005448632249927674,1.495684015466391e-08
296,0.0054997090272709557,4.39315152872489e-06,0.01288419,0,0,0.021998665538680674,1.9886491098706625e-05,1.7057040310223498e-07,2.1835577115764133e-16,0,0
297,0.0054999557062688654,4.3931515306147654e-06,0.012936021000000001,0,0,0.021998665538680674,1.9886491098706625e-05,9.3070088697094474e-07,4.0015195531920299e-15,2.2658550777503332e-07,3.3865724704100287e-15
298,0.006670604740111297,4.6693002769688694e-06,0.013039912000000001,0,0,0.021998665538680674,1.9886491098706625e-05,9.3862690716268412e-06,1.0711203395856254e-12,0.004674367152692818,9.6435347361865966e-07
299,0.0055363764400527243,4.3934184969654883e-06,0.012920561000000001,0,0,0.021998665538680674,1.9886491098706625e-05,1.4923999791672543e-05,4.275948562067562e-12,0.00013191622173854499,9.2866087487863828e-10
300,0.0055718235827821377,4.3934180295974896e-06,0.012911554,0,0,0.021998665538680674,1.9886491098706625e-05,0.00028438071092829132,1.0940226677592041e-09,4.2480815196427367e-06,9.0220702679766719e-13
301,0.0056339764284276317,4.3942327884526783e-06,0.012913417,0,0,0.021998665538680674,1.9886491098706625e-05,0.00050595073709442328,4.3744386336726988e-09,3.1289437935637845e-05,5.8289411536559831e-11
302,0.0057153888684236967,4.3975316808633116e-06,0.012920951,0,0,0.021998665538680674,1.9886491098706625e-05,0.00086283358746406353,1.7998570474129329e-08,5.6347550033575723e-08,1.8557385880728104e-16
303,0.0083653702660545573,5.5689984728552813e-06,0.012871374999999999,0,0,0.021998665538680674,1.9886491098706625e-05,0.009244406265603463,4.548019408270464e-06,0.0022184092599339413,2.4108403166049585e-07
304,0.014308204521230442,2.2101425083307703e-05,0.012837599999999999,0,0,0.021998665538680674,1.9886491098706625e-05,0.035234152546241279,7.2765419883759325e-05,0,0
305,0.014308206534261731,2.2101425083307893e-05,0.012957292,0,0,0.021998665538680674,1.9886491098706625e-05,0.035234152546241279,7.2765419883759325e-05,8.0521251023118028e-09,5.2233865048072528e-18
306,0.011227094397115585,1.7738073250377991e-05,0.012874882000000001,0,0,0.044908377588462341,8.0294984932708011e-05,0,0,0,0
307,0.011260073452550243,1.7738339178071004e-05,0.012938315000000001,0,0,0.044908377588462341,8.0294984932708011e-05,0,0,0.00013191622173854499,9.2866087487863828e-10
308,0.013487718260473829,1.8848001392161468e-05,0.012889451,0,0,0.044908377588462341,8.0294984932708011e-05,0,0,0.0090424954534331133,3.8760417201217597e-06
309,0.01129591562650503,1.773914597080598e-05,0.012830476,0,0,0.044908377588462341,8.0294984932708011e-05,1.0177739364849487e-08,6.1819868881659968e-18,0.00027527473981856643,3.7461066010287721e-09
310,0.011295955724670962,1.7739145970857164e-05,0.012894991,0,0,0.044908377588462341,8.0294984932708011e-05,1.7057040310223498e-07,2.1835577115764133e-16,0.00027527473981856643,3.7461066010287721e-09
311,0.011227993379072742,1.7738073266615826e-05,0.012847669000000001,0,0,0.044908377588462341,8.0294984932708011e-05,3.5959278288190782e-06,6.6730504443978359e-14,0,0
312,0.011297333041379509,1.773914603560708e-05,0.012957242000000001,0,0,0.044908377588462341,8.0294984932708011e-05,5.6798372372729349e-06,2.6628353116564885e-13,0.00027527473981856643,3.7461066010287721e-09
313,0.011229440964383462,1.7738073511045255e-05,0.012964145,0,0,0.044908377588462341,8.0294984932708011e-05,9.3862690716268412e-06,1.0711203395856254e-12,0,0
314,0.011789620795211862,1.7807113300273048e-05,0.01289438,0,0,0.044908377588462341,8.0294984932708011e-05,3.1696332450882019e-05,1.7134390648275296e-11,0.0022184092599339413,2.4108403166049585e-07
315,0.011265964067432292,1.773808991571114e-05,0.012959676999999999,0,0,0.044908377588462341,8.0294984932708011e-05,0.00015547868126687659,6.8479859958329124e-11,0,0
316,0.012522173869562553,1.8015286306257005e-05,0.012897005,0,0,0.044908377588462341,8.0294984932708011e-05,0.00050595073709442328,4.3744386336726988e-09,0.004674367152692818,9.6435347361865966e-07
317,0.011475781849416286,1.7742719330208257e-05,0.012905401,0,0,0.044908377588462341,8.0294984932708011e-05,0.00086283358746406353,1.7998570474129329e-08,0.00013191622173854499,9.2866087487863828e-10
318,0.013789318362888122,1.8862042433104122e-05,0.012884581000000001,0,0,0.044908377588462341,8.0294984932708011e-05,0.009244406265603463,4.548019408270464e-06,0.0010044895974866074,5.991881908875963e-08
319,0.028977820323806941,8.7614342241840165e-05,0.012961581,0,0,0.044908377588462341,8.0294984932708011e-05,0.070998655625245252,0.00028712996885817864,4.2480815196427367e-06,9.0220702679766719e-13
320,0.029227880702798643,8.7631500102086833e-05,0.012933025000000001,0,0,0.044908377588462341,8.0294984932708011e-05,0.070998655625245252,0.00028712996885817864,0.0010044895974866074,5.991881908875963e-08
321,0.046797348448218964,0.00029778133674388684,0.012946712000000001,0,0,0.044908377588462341,8.0294984932708011e-05,0.14228101620441289,0.0011507313567779948,0,0
322,0.021760670504260567,6.9901233426659357e-05,0.012926241999999999,0,0,0.087042682017042267,0.00031642210546467976,0,0,0,0
323,0.02631792200135943,7.4312510842975047e-05,0.012933867,0,0,0.087042682017042267,0.00031642210546467976,0,0,0.018229005988395285,1.5404866910722966e-05
324,0.060414387239951205,0.00035330041517506178,0.012946522,0,0,0.087042682017042267,0.00031642210546467976,0,0,0.15461486694276227,0.00098967402532771959
325,0.021762090463569913,6.9901233491462879e-05,0.012867096999999999,0,0,0.087042682017042267,0.00031642210546467976,5.6798372372729349e-06,2.6628353116564885e-13,0,0
326,0.021763046455730677,6.9901233687561781e-05,0.014468698,0,0,0.087042682017042267,0.00031642210546467976,9.3862690716268412e-06,1.0711203395856254e-12,1.1753680853951075e-07,8.1378935850548041e-16
327,0.021763073717905486,6.9901233688298673e-05,0.012927153,0,0,0.087042682017042267,0.00031642210546467976,9.3862690716268412e-06,1.0711203395856254e-12,2.2658550777503332e-07,3.3865724704100287e-15
328,0.021868358859531936,6.9902322812424262e-05,0.012986699000000001,0,0,0.087042682017042267,0.00031642210546467976,0.00015547868126687659,6.8479859958329124e-11,0.00027527473981856643,3.7461066010287721e-09
329,0.022972333679182541,7.017741833134335e-05,0.012932734,0,0,0.087042682017042267,0.00031642210546467976,0.0048444906590748918,1.1348766309780777e-06,2.1620406129402982e-06,2.266527741266158e-13
330,0.057330953939565971,0.00034994449692039788,0.012927684,0,0,0.087042682017042267,0.00031642210546467976,0.14228101620441289,0.0011507313567779948,1.1753680853951075e-07,8.1378935850548041e-16
331,0.057335089041314256,0.00034994450108130729,0.01292045,0,0,0.087042682017042267,0.00031642210546467976,0.14228101620441289,0.0011507313567779948,1.6657943801225666e-05,1.4531320971435777e-11
332,0.042867166001329671,0.00028320463664620256,0.012936751999999999,0,0,0.17146866400531868,0.0012819832070484491,0,0,0,0
333,0.04286822802170976,0.00028320463690456084,0.012866907,0,0,0.17146866400531868,0.0012819832070484491,0,0,4.2480815196427367e-06,9.0220702679766719e-13
334,0.045127789864687864,0.00028431456478799369,0.012869392,0,0,0.17146866400531868,0.0012819832070484491,0,0,0.0090424954534331133,3.8760417201217597e-06
335,0.081520882737020003,0.00056660381839461211,0.012970297,0,0,0.17146866400531868,0.0012819832070484491,0,0,0.15461486694276227,0.00098967402532771959
336,0.042867168545764431,0.00028320463664620256,0.012881254999999999,0,0,0.17146866400531868,0.0012819832070484491,1.0177739364849487e-08,6.1819868881659968e-18,0,0
337,0.042938801689215399,0.00028320490295369067,0.012872788,0,0,0.17146866400531868,0.0012819832070484491,0.00028438071092829132,1.0940226677592041e-09,2.1620406129402982e-06,2.266527741266158e-13
338,0.045178324214107363,0.00028431144771131359,0.012874952,0,0,0.17146866400531868,0.0012819832070484491,0.009244406265603463,4.548019408270464e-06,2.2658550777503332e-07,3.3865724704100287e-15
339,0.051675704137889952,0.00030091291020084554,0.012838191000000001,0,0,0.17146866400531868,0.0012819832070484491,0.035234152546241279,7.2765419883759325e-05,0,0
340,3.6503972608839421e-09,1.5044552082802498e-18,0.012927885,1.4601589043535768e-08,6.0329888984673162e-18,0,0,0,0,0,0
341,5.6634285364618866e-09,3.0002037310605738e-18,0.012885071999999999,1.4601589043535768e-08,6.0329888984673162e-18,0,0,0,0,8.0521251023118028e-09,5.2233865048072528e-18
342,0.038653720386087803,0.00028339918174839676,0.012892827000000001,1.4601589043535768e-08,6.0329888984673162e-18,0,0,0,0,0.15461486694276227,0.00098967402532771959
343,6.1948321020963144e-09,3.0089104165604997e-18,0.012896604000000001,1.4601589043535768e-08,6.0329888984673162e-18,0,0,1.0177739364849487e-08,6.1819868881659968e-18,0,0
344,7.8686524819459042e-06,1.6691582471405214e-11,0.013198971,1.4601589043535768e-08,6.0329888984673162e-18,0,0,1.7057040310223498e-07,2.1835577115764133e-16,3.1289437935637845e-05,5.8289411536559831e-11
345,0.00455729779009685,4.4112774163685837e-06,0.012893478,1.4601589043535768e-08,6.0329888984673162e-18,0,0,1.7057040310223498e-07,2.1835577115764133e-16,0.018229005988395285,1.5404866910722966e-05
346,1.7489905723715798e-07,2.3616554164960293e-16,0.013081013000000001,1.4601589043535768e-08,6.0329888984673162e-18,0,0,6.8499463990509688e-07,9.6425054834388508e-16,0,0
347,0.004557487822717826,4.4112774172892594e-06,0.012863039,1.4601589043535768e-08,6.0329888984673162e-18,0,0,9.3070088697094474e-07,4.0015195531920299e-15,0.018229005988395285,1.5404866910722966e-05
348,2.3502176651675918e-06,2.6067054221542451e-13,0.012885822999999999,1.4601589043535768e-08,6.0329888984673162e-18,0,0,9.3862690716268412e-06,1.0711203395856254e-12,0,0
349,8.4682436632164578e-06,4.234749280994243e-12,0.012927996000000001,1.4601589043535768e-08,6.0329888984673162e-18,0,0,3.1696332450882019e-05,1.7134390648275296e-11,2.1620406129402982e-06,2.266527741266158e-13
350,0.004596124817812795,4.4112940816503668e-06,0.012932805,1.4601589043535768e-08,6.0329888984673162e-18,0,0,0.00015547868126687659,6.8479859958329124e-11,0.018229005988395285,1.5404866910722966e-05
351,0.0095368416543680015,1.7664756487105961e-05,0.012894289999999999,1.4601589043535768e-08,6.0329888984673162e-18,0,0,0.00050595073709442328,4.3744386336726988e-09,0.03764140127878858,6.1684359762903619e-05
352,0.00065216401832128806,6.9833422642129056e-08,0.012890422,1.4601589043535768e-08,6.0329888984673162e-18,0,0,0.0025421486116689808,2.8667892863997632e-07,6.6492860027127882e-05,2.3369350210529902e-10
353,0.039864843050856434,0.00028367536658818136,0.012908558000000001,1.4601589043535768e-08,6.0329888984673162e-18,0,0,0.0048444906590748918,1.1348766309780777e-06,0.15461486694276227,0.00098967402532771959
354,0.017749667556708558,6.987626873310732e-05,0.012914808999999999,1.4601589043535768e-08,6.0329888984673162e-18,0,0,0.070998655625245252,0.00028712996885817864,0,0
355,3.8422912556774361e-08,2.3756431570974616e-16,0.013230854,1.4601589043535768e-08,6.0329888984673162e-18,1.1375513279201216e-08,6.8890466804365844e-18,1.0177739364849487e-08,6.1819868881659968e-18,1.1753680853951075e-07,8.1378935850548041e-16
356,0.0011686291204833941,2.7614848764240076e-07,0.012867488,1.4601589043535768e-08,6.0329888984673162e-18,1.1375513279201216e-08,6.8890466804365844e-18,1.2335213843932404e-07,4.3468830174521832e-17,0.004674367152692818,9.6435347361865966e-07
357,7.6749262342942732e-05,1.0768902768601049e-09,0.012889530999999999,1.4601589043535768e-08,6.0329888984673162e-18,1.1375513279201216e-08,6.8890466804365844e-18,3.1696332450882019e-05,1.7134390648275296e-11,0.00027527473981856643,3.7461066010287721e-09
358,0.0088163669903198304,1.7708290246163316e-05,0.012896183,1.4601589043535768e-08,6.0329888984673162e-18,1.1375513279201216e-08,6.8890466804365844e-18,0.035234152546241279,7.2765419883759325e-05,3.1289437935637845e-05,5.8289411536559831e-11
359,0.03557132256575897,0.00028004326375186139,0.01290444,1.4601589043535768e-08,6.0329888984673162e-18,1.1375513279201216e-08,6.8890466804365844e-18,0.14228101620441289,0.0011507313567779948,4.2480815196427367e-06,9.0220702679766719e-13
360,0.071135269134811233,0.0011405285411921562,0.01289979,1.4601589043535768e-08,6.0329888984673162e-18,1.1375513279201216e-08,6.8890466804365844e-18,0.28454093302533323,0.0046865685654330158,1.1753680853951075e-07,8.1378935850548041e-16
361,2.6916844472908978e-08,6.5175845808167292e-17,0.01293558,1.4601589043535768e-08,6.0329888984673162e-18,3.6718238814524115e-08,4.7671550682516093e-17,0,0,5.6347550033575723e-08,1.8557385880728104e-16
362,0.0094103939876886648,1.7663691918871679e-05,0.01292018,1.4601589043535768e-08,6.0329888984673162e-18,3.6718238814524115e-08,4.7671550682516093e-17,1.2335213843932404e-07,4.3468830174521832e-17,0.03764140127878858,6.1684359762903619e-05
363,4.7496881131121368e-05,6.7019523223903879e-11,0.012895551999999999,1.4601589043535768e-08,6.0329888984673162e-18,3.6718238814524115e-08,4.7671550682516093e-17,0.00018993620469662744,2.7539120948023132e-10,0,0
364,0.00021577787319992456,4.3801531207904057e-09,0.01292012,1.4601589043535768e-08,6.0329888984673162e-18,3.6718238814524115e-08,4.7671550682516093e-17,0.00086283358746406353,1.7998570474129329e-08,2.2658550777503332e-07,3.3865724704100287e-15
365,5.1673505078105355e-05,7.1180697604807182e-11,0.012967252,1.4601589043535768e-08,6.0329888984673162e-18,8.5270225523800494e-08,2.3852627615639069e-16,0.00018993620469662744,2.7539120948023132e-10,1.6657943801225666e-05,1.4531320971435777e-11
366,0.00070438080582552708,7.0839223567354598e-08,0.012901765000000001,1.4601589043535768e-08,6.0329888984673162e-18,8.5270225523800494e-08,2.3852627615639069e-16,0.0025421486116689808,2.8667892863997632e-07,0.00027527473981856643,3.7461066010287721e-09
367,6.4158987320454469e-05,1.3393930166285592e-10,0.012871575,1.4601589043535768e-08,6.0329888984673162e-18,1.922829690185178e-07,1.0503927487885637e-15,0.00018993620469662744,2.7539120948023132e-10,6.6492860027127882e-05,2.3369350210529902e-10
368,2.5236921925667724e-07,4.9341474256002407e-15,0.012898919,1.4601589043535768e-08,6.0329888984673162e-18,3.9233411970282536e-07,4.3772274154343397e-15,1.2335213843932404e-07,4.3468830174521832e-17,4.7918902984102718e-07,1.3811772537286094e-14
369,8.0258170399070698e-06,4.1708128585875081e-12,0.012924689,1.4601589043535768e-08,6.0329888984673162e-18,3.9233411970282536e-07,4.3772274154343397e-15,3.1696332450882019e-05,1.7134390648275296e-11,0,0
370,6.9776501026882977e-05,1.0727283711218228e-09,0.012870533999999999,1.4601589043535768e-08,6.0329888984673162e-18,8.1400577502298111e-07,1.7942025344819159e-14,3.0026569248976691e-06,1.6340168279266537e-14,0.00027527473981856643,3.7461066010287721e-09
371,0.0011695496042454445,2.7614849557045873e-07,0.012928657,1.4601589043535768e-08,6.0329888984673162e-18,8.1400577502298111e-07,1.7942025344819159e-14,3.0026569248976691e-06,1.6340168279266537e-14,0.004674367152692818,9.6435347361865966e-07
372,3.751711444423439e-06,1.1158884444012483e-12,0.01290492,1.4601589043535768e-08,6.0329888984673162e-18,8.1400577502298111e-07,1.7942025344819159e-14,5.6798372372729349e-06,2.6628353116564885e-13,8.4984011763542629e-06,3.6567069197450944e-12
373,6.0627520830233956e-06,2.0916849881867343e-12,0.012942764000000001,1.4601589043535768e-08,6.0329888984673162e-18,8.1400577502298111e-07,1.7942025344819159e-14,1.4923999791672543e-05,4.275948562067562e-12,8.4984011763542629e-06,3.6567069197450944e-12
374,4.7693216046449115e-05,6.7023477785446419e-11,0.012907014,1.4601589043535768e-08,6.0329888984673162e-18,8.1400577502298111e-07,1.7942025344819159e-14,0.00018993620469662744,2.7539120948023132e-10,8.0521251023118028e-09,5.2233865048072528e-18
375,7.1302329573089633e-05,2.6624653893117049e-10,0.012995948,1.4601589043535768e-08,6.0329888984673162e-18,8.1400577502298111e-07,1.7942025344819159e-14,0.00028438071092829132,1.0940226677592041e-09,0,0
376,0.002896368168116537,1.1796946488340807e-06,0.012895893,1.4601589043535768e-08,6.0329888984673162e-18,8.1400577502298111e-07,1.7942025344819159e-14,0.0025421486116689808,2.8667892863997632e-07,0.0090424954534331133,3.8760417201217597e-06
377,1.4316982503087882e-06,3.6206140682302993e-14,0.012878550000000001,1.4601589043535768e-08,6.0329888984673162e-18,1.6370745535315476e-06,7.2472245124145652e-14,3.5959278288190782e-06,6.6730504443978359e-14,4.7918902984102718e-07,1.3811772537286094e-14
378,0.0006361839634703852,6.9766534849663695e-08,0.012889731,1.4601589043535768e-08,6.0329888984673162e-18,1.6370745535315476e-06,7.2472245124145652e-14,0.0025421486116689808,2.8667892863997632e-07,9.3556606998057864e-07,5.5017233883187946e-14
379,0.0023115438696386377,1.1068110803750366e-06,0.012937173,1.4601589043535768e-08,6.0329888984673162e-18,1.6370745535315476e-06,7.2472245124145652e-14,0.009244406265603463,4.548019408270464e-06,1.1753680853951075e-07,8.1378935850548041e-16
380,0.0045120743552745316,4.4414711587559739e-06,0.012915401,1.4601589043535768e-08,6.0329888984673162e-18,1.6370745535315476e-06,7.2472245124145652e-14,0.017980152884928567,1.825026263439753e-05,6.6492860027127882e-05,2.3369350210529902e-10
381,8.0233013089901722e-07,6.5344525230045902e-14,0.012867547999999999,1.4601589043535768e-08,6.0329888984673162e-18,3.0462572474722488e-06,2.9569255723453914e-13,1.2335213843932404e-07,4.3468830174521832e-17,2.5109548640956888e-08,3.7020830486700943e-17
382,0.0088171257107533558,1.7708290311483163e-05,0.012919218,1.4601589043535768e-08,6.0329888984673162e-18,3.0462572474722488e-06,2.9569255723453914e-13,0.035234152546241279,7.2765419883759325e-05,3.1289437935637845e-05,5.8289411536559831e-11
383,0.00013954504775497159,4.284038026842605e-09,0.012857558999999999,1.4601589043535768e-08,6.0329888984673162e-18,1.3292186698712521e-05,4.7792767311777559e-12,1.0177739364849487e-08,6.1819868881659968e-18,0.0005448632249927674,1.495684015466391e-08
384,0.038657086075363438,0.00028339918280422736,0.012890673,1.4601589043535768e-08,6.0329888984673162e-18,1.3292186698712521e-05,4.7792767311777559e-12,1.7057040310223498e-07,2.1835577115764133e-16,0.15461486694276227,0.00098967402532771959
385,7.4655766321507169e-05,2.6731412631270415e-10,0.012915472000000001,1.4601589043535768e-08,6.0329888984673162e-18,1.3292186698712521e-05,4.7792767311777559e-12,0.00028438071092829132,1.0940226677592041e-09,9.3556606998057864e-07,5.5017233883187946e-14
386,0.00034737379205115426,1.7349647434382335e-08,0.012880103,1.4601589043535768e-08,6.0329888984673162e-18,1.3292186698712521e-05,4.7792767311777559e-12,0.0013676899787404967,7.1283141000387424e-08,8.4984011763542629e-06,3.6567069197450944e-12
387,0.0088448438890668217,1.7708540538124654e-05,0.012898669,1.4601589043535768e-08,6.0329888984673162e-18,1.3292186698712521e-05,4.7792767311777559e-12,0.035234152546241279,7.2765419883759325e-05,0.00013191622173854499,9.2866087487863828e-10
388,1.0580304252944598e-05,8.3391533916795918e-12,0.012942383999999999,1.4601589043535768e-08,6.0329888984673162e-18,2.5638493882144404e-05,1.8912646304862198e-11,1.0177739364849487e-08,6.1819868881659968e-18,1.6657943801225666e-05,1.4531320971435777e-11
389,0.0088255017375552768,1.7708294345673842e-05,0.012849582999999999,1.4601589043535768e-08,6.0329888984673162e-18,5.118185858950802e-05,7.5278650828326678e-11,0.035234152546241279,7.2765419883759325e-05,1.6657943801225666e-05,1.4531320971435777e-11
390,2.752061401843674e-05,6.7729126464076262e-11,0.012954225999999999,1.4601589043535768e-08,6.0329888984673162e-18,0.00011006785448470327,3.065896160972491e-10,0,0,0,0
391,0.019344731342349552,7.0095525644843366e-05,0.012925430999999999,1.4601589043535768e-08,6.0329888984673162e-18,0.00011006785448470327,3.065896160972491e-10,0.00086283358746406353,1.7998570474129329e-08,0.076406009325860683,0.00024476894619767731
392,0.0068958736775181322,5.51815620956966e-06,0.013165767,1.4601589043535768e-08,6.0329888984673162e-18,0.00011006785448470327,3.065896160972491e-10,0.009244406265603463,4.548019408270464e-06,0.018229005988395285,1.5404866910722966e-05
393,0.00060539782365352931,6.931149304534966e-08,0.013064549999999999,1.4601589043535768e-08,6.0329888984673162e-18,0.0002024824384512204,1.2476170158873263e-09,6.8499463990509688e-07,9.6425054834388508e-16,0.0022184092599339413,2.4108403166049585e-07
394,0.040178129808212129,0.00028445481652258399,0.013005516,1.4601589043535768e-08,6.0329888984673162e-18,0.0002024824384512204,1.2476170158873263e-09,0.14228101620441289,0.0011507313567779948,0.018229005988395285,1.5404866910722966e-05
395,0.071185871603230866,0.0011405288168048005,0.012936993000000001,1.4601589043535768e-08,6.0329888984673162e-18,0.0002024824384512204,1.2476170158873263e-09,0.28454093302533323,0.0046865685654330158,5.6347550033575723e-08,1.8557385880728104e-16
396,0.00066285462814000696,7.0131602556958409e-08,0.012939258,1.4601589043535768e-08,6.0329888984673162e-18,0.00042360838196540306,4.958830087016193e-09,9.3862690716268412e-06,1.0711203395856254e-12,0.0022184092599339413,2.4108403166049585e-07
397,0.056509286387890621,0.00035327654594334779,0.012905051000000001,1.4601589043535768e-08,6.0329888984673162e-18,0.00042360838196540306,4.958830087016193e-09,0.070998655625245252,0.00028712996885817864,0.15461486694276227,0.00098967402532771959
398,0.0015821844863256752,2.9330001289787271e-07,0.012907795999999999,1.4601589043535768e-08,6.0329888984673162e-18,0.0016536711963809558,7.7639855504669115e-08,6.8499463990509688e-07,9.6425054834388508e-16,0.004674367152692818,9.6435347361865966e-07
399,0.0015899373207784182,2.9330418250758655e-07,0.012889621,1.4601589043535768e-08,6.0329888984673162e-18,0.0016536711963809558,7.7639855504669115e-08,3.1696332450882019e-05,1.7134390648275296e-11,0.004674367152692818,9.6435347361865966e-07
400,0.0010391189422080571,8.6453647662351976e-08,0.012898458,1.4601589043535768e-08,6.0329888984673162e-18,0.0016536711963809558,7.7639855504669115e-08,0.00028438071092829132,1.0940226677592041e-09,0.0022184092599339413,2.4108403166049585e-07
401,0.00062915923056064925,2.153167740643849e-08,0.012922335,1.4601589043535768e-08,6.0329888984673162e-18,0.0016536711963809558,7.7639855504669115e-08,0.00086283358746406353,1.7998570474129329e-08,1.1753680853951075e-07,8.1378935850548041e-16
402,0.00062918649273546149,2.1531678143170598e-08,0.013014072999999999,1.4601589043535768e-08,6.0329888984673162e-18,0.0016536711963809558,7.7639855504669115e-08,0.00086283358746406353,1.7998570474129329e-08,2.2658550777503332e-07,3.3865724704100287e-15
403,0.00075746854447171139,3.4500116670835035e-08,0.014518305,1.4601589043535768e-08,6.0329888984673162e-18,0.0016536711963809558,7.7639855504669115e-08,0.0013676899787404967,7.1283141000387424e-08,8.4984011763542629e-06,3.6567069197450944e-12
404,0.0092219595860527897,1.7725425079668056e-05,0.012900061000000001,1.4601589043535768e-08,6.0329888984673162e-18,0.0016536711963809558,7.7639855504669115e-08,0.035234152546241279,7.2765419883759325e-05,0,0
405,0.0017292964601767164,2.7634849451530615e-07,0.012892295999999999,1.4601589043535768e-08,6.0329888984673162e-18,0.0059878447916266436,1.2308169179467562e-06,0.00086283358746406353,1.7998570474129329e-08,6.6492860027127882e-05,2.3369350210529902e-10
406,0.0029019923115236224,1.0862637893503302e-06,0.012948866,1.4601589043535768e-08,6.0329888984673162e-18,0.011591296700704166,4.9171744444568016e-06,0,0,1.6657943801225666e-05,1.4531320971435777e-11
407,0.003160531316095094,1.0916071786991538e-06,0.012886565000000001,1.4601589043535768e-08,6.0329888984673162e-18,0.011591296700704166,4.9171744444568016e-06,0.00050595073709442328,4.3744386336726988e-09,0.0005448632249927674,1.495684015466391e-08
408,0.038470206476970741,0.00028112952416885028,0.012855995,1.4601589043535768e-08,6.0329888984673162e-18,0.011591296700704166,4.9171744444568016e-06,0.14228101620441289,0.0011507313567779948,8.4984011763542629e-06,3.6567069197450944e-12
409,0.0055074923945513136,4.3931682202005173e-06,0.012916532999999999,1.4601589043535768e-08,6.0329888984673162e-18,0.021998665538680674,1.9886491098706625e-05,0,0,3.1289437935637845e-05,5.8289411536559831e-11
410,0.0060543031880855476,4.4621874087367343e-06,0.012950339,1.4601589043535768e-08,6.0329888984673162e-18,0.021998665538680674,1.9886491098706625e-05,1.2335213843932404e-07,4.3468830174521832e-17,0.0022184092599339413,2.4108403166049585e-07
411,0.0055707792996870084,4.3934177712990792e-06,0.012867928000000001,1.4601589043535768e-08,6.0329888984673162e-18,0.021998665538680674,1.9886491098706625e-05,0.00028438071092829132,1.0940226677592041e-09,5.6347550033575723e-08,1.8557385880728104e-16
412,0.07663490329140088,0.0011449216927207108,0.012859061,1.4601589043535768e-08,6.0329888984673162e-18,0.021998665538680674,1.9886491098706625e-05,0.28454093302533323,0.0046865685654330158,0,0
413,0.011227104324899985,1.7738073250387122e-05,0.012911684,1.4601589043535768e-08,6.0329888984673162e-18,0.044908377588462341,8.0294984932708011e-05,0,0,2.5109548640956888e-08,3.7020830486700943e-17
414,0.011266024364206494,1.7738089916679474e-05,0.012929909,1.4601589043535768e-08,6.0329888984673162e-18,0.044908377588462341,8.0294984932708011e-05,0.00015547868126687659,6.8479859958329124e-11,2.2658550777503332e-07,3.3865724704100287e-15
415,0.011355710332080576,1.7739138865748742e-05,0.012859723,1.4601589043535768e-08,6.0329888984673162e-18,0.044908377588462341,8.0294984932708011e-05,0.00050595073709442328,4.3744386336726988e-09,8.4984011763542629e-06,3.6567069197450944e-12
416,0.021778196351621752,6.9901300362456472e-05,0.012906473999999999,1.4601589043535768e-08,6.0329888984673162e-18,0.087042682017042267,0.00031642210546467976,3.5959278288190782e-06,6.6730504443978359e-14,6.6492860027127882e-05,2.3369350210529902e-10
417,0.021764639046123305,6.9901234483014054e-05,0.012966409999999999,1.4601589043535768e-08,6.0329888984673162e-18,0.087042682017042267,0.00031642210546467976,1.4923999791672543e-05,4.275948562067562e-12,9.3556606998057864e-07,5.5017233883187946e-14
418,0.042901047689118711,0.00028320490259014776,0.012967212000000001,1.4601589043535768e-08,6.0329888984673162e-18,0.17146866400531868,0.0012819832070484491,3.5959278288190782e-06,6.6730504443978359e-14,0.00013191622173854499,9.2866087487863828e-10
419,0.043004805417284402,0.00028320891969324389,0.012879682,1.4601589043535768e-08,6.0329888984673162e-18,0.17146866400531868,0.0012819832070484491,5.6798372372729349e-06,2.6628353116564885e-13,0.0005448632249927674,1.495684015466391e-08
420,0.04293971933662926,0.0002832057104072425,0.012886134,1.4601589043535768e-08,6.0329888984673162e-18,0.17146866400531868,0.0012819832070484491,1.4923999791672543e-05,4.275948562067562e-12,0.00027527473981856643,3.7461066010287721e-09
421,1.0259412243592736e-08,1.0420101160204077e-17,0.012906063000000001,4.1037648974370944e-08,4.1785461125345267e-17,0,0,0,0,0,0
422,3.9643614378470564e-08,2.4345363787410967e-16,0.012887556999999999,4.1037648974370944e-08,4.1785461125345267e-17,0,0,0,0,1.1753680853951075e-07,8.1378935850548041e-16
423,0.00013622606566043567,4.2829822377951191e-09,0.012872837999999999,4.1037648974370944e-08,4.1785461125345267e-17,0,0,0,0,0.0005448632249927674,1.495684015466391e-08
424,0.0094103605791093711,1.7663691918862382e-05,0.012910692,4.1037648974370944e-08,4.1785461125345267e-17,0,0,0,0,0.03764140127878858,6.1684359762903619e-05
425,2.4293463398632846e-07,9.8423435242610821e-16,0.012938576,4.1037648974370944e-08,4.1785461125345267e-17,0,0,9.3070088697094474e-07,4.0015195531920299e-15,0,0
426,0.019101745266099118,7.0091077764558943e-05,0.012891224,4.1037648974370944e-08,4.1785461125345267e-17,0,0,9.3070088697094474e-07,4.0015195531920299e-15,0.076406009325860683,0.00024476894619767731
427,3.0338416635369195e-06,1.0633703164256133e-12,0.012997140000000001,4.1037648974370944e-08,4.1785461125345267e-17,0,0,3.5959278288190782e-06,6.6730504443978359e-14,8.4984011763542629e-06,3.6567069197450944e-12
428,1.4302187215618271e-06,6.4813476559965728e-14,0.012874933,4.1037648974370944e-08,4.1785461125345267e-17,0,0,5.6798372372729349e-06,2.6628353116564885e-13,0,0
429,3.7412593601617283e-06,1.0406100203454516e-12,0.012881024,4.1037648974370944e-08,4.1785461125345267e-17,0,0,1.4923999791672543e-05,4.275948562067562e-12,0,0
430,0.00020732124339250936,4.5492248116248535e-09,0.012854292,4.1037648974370944e-08,4.1785461125345267e-17,0,0,0.00028438071092829132,1.0940226677592041e-09,0.0005448632249927674,1.495684015466391e-08
431,1.3103290563393046e-08,1.1941969739484178e-17,0.012881866,4.1037648974370944e-08,4.1785461125345267e-17,1.1375513279201216e-08,6.8890466804365844e-18,0,0,0,0
432,1.1459767652633049e-06,3.2006071624803012e-14,0.012900943,4.1037648974370944e-08,4.1785461125345267e-17,1.1375513279201216e-08,6.8890466804365844e-18,3.5959278288190782e-06,6.6730504443978359e-14,9.3556606998057864e-07,5.5017233883187946e-14
433,0.00055462175395543133,6.9035880075057692e-08,0.012969224999999999,4.1037648974370944e-08,4.1785461125345267e-17,3.6718238814524115e-08,4.7671550682516093e-17,0,0,0.0022184092599339413,2.4108403166049585e-07
434,0.019109445853549782,7.0091081933436073e-05,0.012962042,4.1037648974370944e-08,4.1785461125345267e-17,3.6718238814524115e-08,4.7671550682516093e-17,3.1696332450882019e-05,1.7134390648275296e-11,0.076406009325860683,0.00024476894619767731
435,0.019317230167303048,7.0095457915730683e-05,0.012919159,4.1037648974370944e-08,4.1785461125345267e-17,3.6718238814524115e-08,4.7671550682516093e-17,0.00086283358746406353,1.7998570474129329e-08,0.076406009325860683,0.00024476894619767731
436,0.0044952915517215948,4.4414042389630729e-06,0.012844603,4.1037648974370944e-08,4.1785461125345267e-17,3.6718238814524115e-08,4.7671550682516093e-17,0.017980152884928567,1.825026263439753e-05,9.3556606998057864e-07,5.5017233883187946e-14
437,0.017751820083573837,6.9876269780286862e-05,0.012953414999999999,4.1037648974370944e-08,4.1785461125345267e-17,8.5270225523800494e-08,2.3852627615639069e-16,0.070998655625245252,0.00028712996885817864,8.4984011763542629e-06,3.6567069197450944e-12
438,0.037830909491430142,0.00028115319163532845,0.012909550000000001,4.1037648974370944e-08,4.1785461125345267e-17,8.5270225523800494e-08,2.3852627615639069e-16,0.14228101620441289,0.0011507313567779948,0.0090424954534331133,3.8760417201217597e-06
439,0.00060214469631213999,6.9102899807758449e-08,0.012888679,4.1037648974370944e-08,4.1785461125345267e-17,1.922829690185178e-07,1.0503927487885637e-15,0.00018993620469662744,2.7539120948023132e-10,0.0022184092599339413,2.4108403166049585e-07
440,0.0034718048582814921,1.3861129818077975e-06,0.012903688,4.1037648974370944e-08,4.1785461125345267e-17,1.922829690185178e-07,1.0503927487885637e-15,0.0048444906590748918,1.1348766309780777e-06,0.0090424954534331133,3.8760417201217597e-06
441,0.021412662228020747,7.1197888827948081e-05,0.012854371999999999,4.1037648974370944e-08,4.1785461125345267e-17,1.922829690185178e-07,1.0503927487885637e-15,0.009244406265603463,4.548019408270464e-06,0.076406009325860683,0.00024476894619767731
442,3.9034659635832128e-05,1.6667282087255787e-11,0.012949587,4.1037648974370944e-08,4.1785461125345267e-17,3.9233411970282536e-07,4.3772274154343397e-15,0.00015547868126687659,6.8479859958329124e-11,2.2658550777503332e-07,3.3865724704100287e-15
443,0.017751896849547501,6.9876269781201346e-05,0.012927513999999999,4.1037648974370944e-08,4.1785461125345267e-17,3.9233411970282536e-07,4.3772274154343397e-15,0.070998655625245252,0.00028712996885817864,8.4984011763542629e-06,3.6567069197450944e-12
444,3.3355811345959554e-07,7.9291022262264979e-15,0.012981599999999999,4.1037648974370944e-08,4.1785461125345267e-17,8.1400577502298111e-07,1.7942025344819159e-14,0,0,4.7918902984102718e-07,1.3811772537286094e-14
445,8.0361203399087675e-06,1.6695501844728191e-11,0.012931152,4.1037648974370944e-08,4.1785461125345267e-17,8.1400577502298111e-07,1.7942025344819159e-14,0,0,3.1289437935637845e-05,5.8289411536559831e-11
446,7.1308938588072283e-05,2.6624654784681647e-10,0.012890772999999999,4.1037648974370944e-08,4.1785461125345267e-17,8.1400577502298111e-07,1.7942025344819159e-14,0.00028438071092829132,1.0940226677592041e-09,0,0
447,0.035587091026965903,0.00028004333041703591,0.012924148,4.1037648974370944e-08,4.1785461125345267e-17,8.1400577502298111e-07,1.7942025344819159e-14,0.14228101620441289,0.0011507313567779948,6.6492860027127882e-05,2.3369350210529902e-10
448,0.0094109410964076743,1.7663691935103622e-05,0.012988493,4.1037648974370944e-08,4.1785461125345267e-17,1.6370745535315476e-06,7.2472245124145652e-14,6.8499463990509688e-07,9.6425054834388508e-16,0.03764140127878858,6.1684359762903619e-05
449,0.0011693636118973191,2.7614855296105691e-07,0.012912506000000001,4.1037648974370944e-08,4.1785461125345267e-17,3.0462572474722488e-06,2.9569255723453914e-13,0,0,0.004674367152692818,9.6435347361865966e-07
450,0.00012780001815095227,1.0646984893303799e-09,0.012888818999999999,4.1037648974370944e-08,4.1785461125345267e-17,3.0462572474722488e-06,2.9569255723453914e-13,0.00050595073709442328,4.3744386336726988e-09,2.1620406129402982e-06,2.266527741266158e-13
451,0.040965590125815458,0.0002845059928778593,0.012951581,4.1037648974370944e-08,4.1785461125345267e-17,3.0462572474722488e-06,2.9569255723453914e-13,0.009244406265603463,4.548019408270464e-06,0.15461486694276227,0.00098967402532771959
452,0.10978972181574832,0.0014239277230057698,0.012917013999999999,4.1037648974370944e-08,4.1785461125345267e-17,3.0462572474722488e-06,2.9569255723453914e-13,0.28454093302533323,0.0046865685654330158,0.15461486694276227,0.00098967402532771959
453,0.022308340574451569,7.4287546411908818e-05,0.012929138,4.1037648974370944e-08,4.1785461125345267e-17,5.6596465165322227e-06,1.1881667417065484e-12,0.070998655625245252,0.00028712996885817864,0.018229005988395285,1.5404866910722966e-05
454,0.0011719559322947339,2.761495434462532e-07,0.012888989999999999,4.1037648974370944e-08,4.1785461125345267e-17,1.3292186698712521e-05,4.7792767311777559e-12,1.2335213843932404e-07,4.3468830174521832e-17,0.004674367152692818,9.6435347361865966e-07
455,3.572258695824719e-06,1.0567912941693732e-12,0.012956491000000001,4.1037648974370944e-08,4.1785461125345267e-17,1.3292186698712521e-05,4.7792767311777559e-12,9.3070088697094474e-07,4.0015195531920299e-15,2.5109548640956888e-08,3.7020830486700943e-17
456,0.0044983856142066089,4.4414052790476208e-06,0.012915731999999999,4.1037648974370944e-08,4.1785461125345267e-17,1.3292186698712521e-05,4.7792767311777559e-12,0.017980152884928567,1.825026263439753e-05,5.6347550033575723e-08,1.8557385880728104e-16
457,0.027163347532095594,8.7539961707764968e-05,0.012908147,4.1037648974370944e-08,4.1785461125345267e-17,1.3292186698712521e-05,4.7792767311777559e-12,0.070998655625245252,0.00028712996885817864,0.03764140127878858,6.1684359762903619e-05
458,7.5471243059163518e-05,1.0768994318570445e-09,0.012892776999999999,4.1037648974370944e-08,4.1785461125345267e-17,2.5638493882144404e-05,1.8912646304862198e-11,9.3070088697094474e-07,4.0015195531920299e-15,0.00027527473981856643,3.7461066010287721e-09
459,1.6970210009927009e-05,2.0791050767184575e-11,0.012874872000000001,4.1037648974370944e-08,4.1785461125345267e-17,5.118185858950802e-05,7.5278650828326678e-11,0,0,1.6657943801225666e-05,1.4531320971435777e-11
460,0.038666525004185055,0.00028339919837830992,0.012948495000000001,4.1037648974370944e-08,4.1785461125345267e-17,5.118185858950802e-05,7.5278650828326678e-11,1.0177739364849487e-08,6.1819868881659968e-18,0.15461486694276227,0.00098967402532771959
461,1.2850648981738791e-05,1.6629982267082711e-11,0.012915832,4.1037648974370944e-08,4.1785461125345267e-17,5.118185858950802e-05,7.5278650828326678e-11,1.2335213843932404e-07,4.3468830174521832e-17,5.6347550033575723e-08,1.8557385880728104e-16
462,1.3377072247465501e-05,1.6694832528488224e-11,0.012968654,4.1037648974370944e-08,4.1785461125345267e-17,5.118185858950802e-05,7.5278650828326678e-11,1.2335213843932404e-07,4.3468830174521832e-17,2.1620406129402982e-06,2.266527741266158e-13
463,1.3038399281363323e-05,1.6630892362506953e-11,0.012954126999999999,4.1037648974370944e-08,4.1785461125345267e-17,5.118185858950802e-05,7.5278650828326678e-11,9.3070088697094474e-07,4.0015195531920299e-15,0,0
464,5.3708862606977602e-05,2.8672745762569754e-10,0.012942504000000001,4.1037648974370944e-08,4.1785461125345267e-17,5.118185858950802e-05,7.5278650828326678e-11,3.1696332450882019e-05,1.7134390648275296e-11,0.00013191622173854499,9.2866087487863828e-10
465,8.9548492126982615e-05,1.0935201923820367e-09,0.013046304999999999,4.1037648974370944e-08,4.1785461125345267e-17,5.118185858950802e-05,7.5278650828326678e-11,3.1696332450882019e-05,1.7134390648275296e-11,0.00027527473981856643,3.7461066010287721e-09
466,0.0094620257140734729,1.7663725214102068e-05,0.012949627,4.1037648974370944e-08,4.1785461125345267e-17,5.118185858950802e-05,7.5278650828326678e-11,0.00015547868126687659,6.8479859958329124e-11,0.03764140127878858,6.1684359762903619e-05
467,0.0001392954213645021,1.0811981737116616e-09,0.012956451000000001,4.1037648974370944e-08,4.1785461125345267e-17,5.118185858950802e-05,7.5278650828326678e-11,0.00050595073709442328,4.3744386336726988e-09,8.0521251023118028e-09,5.2233865048072528e-18
468,0.0023239366746626204,1.1068276942821391e-06,0.012916393,4.1037648974370944e-08,4.1785461125345267e-17,5.118185858950802e-05,7.5278650828326678e-11,0.009244406265603463,4.548019408270464e-06,1.1753680853951075e-07,8.1378935850548041e-16
469,2.7529236064695085e-05,6.7729136875470745e-11,0.012863169000000001,4.1037648974370944e-08,4.1785461125345267e-17,0.00011006785448470327,3.065896160972491e-10,0,0,8.0521251023118028e-09,5.2233865048072528e-18
470,0.0022881536308265401,1.1099958709221654e-06,0.012943766000000001,4.1037648974370944e-08,4.1785461125345267e-17,0.00011006785448470327,3.065896160972491e-10,1.0177739364849487e-08,6.1819868881659968e-18,0.0090424954534331133,3.8760417201217597e-06
471,2.7698471693395726e-05,6.7729370040808665e-11,0.012927615,4.1037648974370944e-08,4.1785461125345267e-17,0.00011006785448470327,3.065896160972491e-10,6.8499463990509688e-07,9.6425054834388508e-16,0,0
472,0.038682142940681299,0.0002833992494937715,0.012931982999999999,4.1037648974370944e-08,4.1785461125345267e-17,0.00011006785448470327,3.065896160972491e-10,3.5959278288190782e-06,6.6730504443978359e-14,0.15461486694276227,0.00098967402532771959
473,6.6426277552273473e-05,8.4394703335568136e-11,0.012890522,4.1037648974370944e-08,4.1785461125345267e-17,0.00011006785448470327,3.065896160972491e-10,0.00015547868126687659,6.8479859958329124e-11,1.1753680853951075e-07,8.1378935850548041e-16
474,0.0094853615939047113,1.7663826667495166e-05,0.012908246999999999,4.1037648974370944e-08,4.1785461125345267e-17,0.00011006785448470327,3.065896160972491e-10,0.00018993620469662744,2.7539120948023132e-10,0.03764140127878858,6.1684359762903619e-05
475,0.00036947910192067966,1.7415273884545957e-08,0.01288366,4.1037648974370944e-08,4.1785461125345267e-17,0.00011006785448470327,3.065896160972491e-10,0.0013676899787404967,7.1283141000387424e-08,1.1753680853951075e-07,8.1378935850548041e-16
476,0.0089048840445482957,1.7709414004196389e-05,0.012895522,4.1037648974370944e-08,4.1785461125345267e-17,0.00011006785448470327,3.065896160972491e-10,0.035234152546241279,7.2765419883759325e-05,0.00027527473981856643,3.7461066010287721e-09
477,0.035597781274136708,0.00028004333122263309,0.012907325000000001,4.1037648974370944e-08,4.1785461125345267e-17,0.00011006785448470327,3.065896160972491e-10,0.14228101620441289,0.0011507313567779948,0,0
478,0.035848903673508306,0.00028006048934123908,0.013048590000000001,4.1037648974370944e-08,4.1785461125345267e-17,0.00011006785448470327,3.065896160972491e-10,0.14228101620441289,0.0011507313567779948,0.0010044895974866074,5.991881908875963e-08
479,0.00011242340812180655,1.0998836439865825e-09,0.012873338999999999,4.1037648974370944e-08,4.1785461125345267e-17,0.00042360838196540306,4.958830087016193e-09,9.3862690716268412e-06,1.0711203395856254e-12,1.6657943801225666e-05,1.4531320971435777e-11
480,0.00066424566983499893,7.0132382496436539e-08,0.014079431999999999,4.1037648974370944e-08,4.1785461125345267e-17,0.00042360838196540306,4.958830087016193e-09,1.4923999791672543e-05,4.275948562067562e-12,0.0022184092599339413,2.4108403166049585e-07
481,0.0003545998072042463,5.7415416764215274e-09,0.012944277000000001,4.1037648974370944e-08,4.1785461125345267e-17,0.00042360838196540306,4.958830087016193e-09,0.00086283358746406353,1.7998570474129329e-08,0.00013191622173854499,9.2866087487863828e-10
482,0.035692789621013438,0.00028004442587490415,0.012913107,4.1037648974370944e-08,4.1785461125345267e-17,0.00042360838196540306,4.958830087016193e-09,0.14228101620441289,0.0011507313567779948,6.6492860027127882e-05,2.3369350210529902e-10
483,0.0014035029227696986,2.8051305333249413e-07,0.012847429,4.1037648974370944e-08,4.1785461125345267e-17,0.00093960350073700059,1.9757091519064694e-08,0,0,0.004674367152692818,9.6435347361865966e-07
484,0.00023876193180187336,4.3656102583837392e-09,0.012906073000000001,4.1037648974370944e-08,4.1785461125345267e-17,0.00093960350073700059,1.9757091519064694e-08,1.4923999791672543e-05,4.275948562067562e-12,4.7918902984102718e-07,1.3811772537286094e-14
485,0.011956363020694482,1.8774867548682636e-05,0.01293558,4.1037648974370944e-08,4.1785461125345267e-17,0.00093960350073700059,1.9757091519064694e-08,0.009244406265603463,4.548019408270464e-06,0.03764140127878858,6.1684359762903619e-05
486,0.041199729436687656,0.00028451035737823077,0.01291514,4.1037648974370944e-08,4.1785461125345267e-17,0.00093960350073700059,1.9757091519064694e-08,0.009244406265603463,4.548019408270464e-06,0.15461486694276227,0.00098967402532771959
487,0.0047301832473461659,4.4457688046458158e-06,0.012955629,4.1037648974370944e-08,4.1785461125345267e-17,0.00093960350073700059,1.9757091519064694e-08,0.017980152884928567,1.825026263439753e-05,9.3556606998057864e-07,5.5017233883187946e-14
488,0.071372268991224161,0.0011405329068048678,0.012899089000000001,4.1037648974370944e-08,4.1785461125345267e-17,0.00093960350073700059,1.9757091519064694e-08,0.28454093302533323,0.0046865685654330158,8.4984011763542629e-06,3.6567069197450944e-12
489,0.0004822467434621191,1.8224245472790329e-08,0.012916502999999999,4.1037648974370944e-08,4.1785461125345267e-17,0.0016536711963809558,7.7639855504669115e-08,0,0,0.00027527473981856643,3.7461066010287721e-09
490,0.00077626398575800497,6.8523788409241451e-08,0.012926201999999999,4.1037648974370944e-08,4.1785461125345267e-17,0.0031050149053830512,3.1018682127148085e-07,0,0,0,0
491,0.00079378618272199118,6.8590724205777721e-08,0.012908027000000001,4.1037648974370944e-08,4.1785461125345267e-17,0.0031050149053830512,3.1018682127148085e-07,3.5959278288190782e-06,6.6730504443978359e-14,6.6492860027127882e-05,2.3369350210529902e-10
492,0.00082374803693216286,6.8590807920429712e-08,0.012957221999999999,4.1037648974370944e-08,4.1785461125345267e-17,0.0031050149053830512,3.1018682127148085e-07,0.00018993620469662744,2.7539120948023132e-10,0,0
493,0.0053401208919448212,4.5110007320262438e-06,0.012966811,4.1037648974370944e-08,4.1785461125345267e-17,0.0031050149053830512,3.1018682127148085e-07,0.017980152884928567,1.825026263439753e-05,0.00027527473981856643,3.7461066010287721e-09
494,0.036363141251867889,0.00028011185420147067,0.012925961,4.1037648974370944e-08,4.1785461125345267e-17,0.0031050149053830512,3.1018682127148085e-07,0.14228101620441289,0.0011507313567779948,6.6492860027127882e-05,2.3369350210529902e-10
495,0.0028979850698803598,1.0862596321926907e-06,0.012873839999999999,4.1037648974370944e-08,4.1785461125345267e-17,0.011591296700704166,4.9171744444568016e-06,1.2335213843932404e-07,4.3468830174521832e-17,4.7918902984102718e-07,1.3811772537286094e-14
496,0.041552971129588244,0.00028448544144142661,0.012911013000000001,4.1037648974370944e-08,4.1785461125345267e-17,0.011591296700704166,4.9171744444568016e-06,5.6798372372729349e-06,2.6628353116564885e-13,0.15461486694276227,0.00098967402532771959
497,0.0055326983421178323,4.3934174564288663e-06,0.012859703,4.1037648974370944e-08,4.1785461125345267e-17,0.021998665538680674,1.9886491098706625e-05,1.7057040310223498e-07,2.1835577115764133e-16,0.00013191622173854499,9.2866087487863828e-10
498,0.0099947289522019679,8.8345557519222929e-06,0.012861546999999999,4.1037648974370944e-08,4.1785461125345267e-17,0.021998665538680674,1.9886491098706625e-05,0.017980152884928567,1.825026263439753e-05,5.6347550033575723e-08,1.8557385880728104e-16
499,0.02324939719677065,7.426942026275628e-05,0.012860685,4.1037648974370944e-08,4.1785461125345267e-17,0.021998665538680674,1.9886491098706625e-05,0.070998655625245252,0.00028712996885817864,2.2658550777503332e-07,3.3865724704100287e-15
500,0.011782457635742566,1.7807109134413923e-05,0.012909960999999999,4.1037648974370944e-08,4.1785461125345267e-17,0.044908377588462341,8.0294984932708011e-05,3.0026569248976691e-06,1.6340168279266537e-14,0.0022184092599339413,2.4108403166049585e-07
501,0.021761636392006924,6.9901233443875633e-05,0.012879582000000001,4.1037648974370944e-08,4.1785461125345267e-17,0.087042682017042267,0.00031642210546467976,3.5959278288190782e-06,6.6730504443978359e-14,2.2658550777503332e-07,3.3865724704100287e-15
502,0.069222935635923522,0.00037100868872971127,0.012867338000000001,4.1037648974370944e-08,4.1785461125345267e-17,0.087042682017042267,0.00031642210546467976,0.035234152546241279,7.2765419883759325e-05,0.15461486694276227,0.00098967402532771959
503,0.052277529124873524,0.00030086832856506603,0.01288393,4.1037648974370944e-08,4.1785461125345267e-17,0.17146866400531868,0.0012819832070484491,1.0177739364849487e-08,6.1819868881659968e-18,0.03764140127878858,6.1684359762903619e-05
504,0.042867209111807844,0.00028320463664620571,0.01340936,4.1037648974370944e-08,4.1785461125345267e-17,0.17146866400531868,0.0012819832070484491,1.2335213843932404e-07,4.3468830174521832e-17,8.0521251023118028e-09,5.2233865048072528e-18
505,0.042869642625267435,0.00028320463691083815,0.012901413,4.1037648974370944e-08,4.1785461125345267e-17,0.17146866400531868,0.0012819832070484491,9.3862690716268412e-06,1.0711203395856254e-12,4.7918902984102718e-07,1.3811772537286094e-14
506,0.047362243866175983,0.00028764604086963186,0.012902977,4.1037648974370944e-08,4.1785461125345267e-17,0.17146866400531868,0.0012819832070484491,0.017980152884928567,1.825026263439753e-05,1.1753680853951075e-07,8.1378935850548041e-16
507,0.060616959964310241,0.00035308090538327906,0.012954647,4.1037648974370944e-08,4.1785461125345267e-17,0.17146866400531868,0.0012819832070484491,0.070998655625245252,0.00028712996885817864,4.7918902984102718e-07,1.3811772537286094e-14
508,1.9102365846622436e-08,5.2305863486604834e-17,0.012919149,7.6409463386489743e-08,2.0975080680544348e-16,0,0,0,0,0,0
509,2.5379753006861808e-08,6.2907003659100475e-17,0.012929477999999999,7.6409463386489743e-08,2.0975080680544348e-16,0,0,0,0,2.5109548640956888e-08,3.7020830486700943e-17
510,2.5299388334176741e-07,1.5806825700856865e-14,0.012869402,7.6409463386489743e-08,2.0975080680544348e-16,0,0,0,0,9.3556606998057864e-07,5.5017233883187946e-14
511,0.0011686108905390547,2.7614848768110164e-07,0.012915190999999999,7.6409463386489743e-08,2.0975080680544348e-16,0,0,0,0,0.004674367152692818,9.6435347361865966e-07
512,0.0094103694220629749,1.766369191890433e-05,0.013005645999999999,7.6409463386489743e-08,2.0975080680544348e-16,0,0,0,0,0.03764140127878858,6.1684359762903619e-05
513,5.1953431732031605e-08,6.4380234891794777e-17,0.013134626,7.6409463386489743e-08,2.0975080680544348e-16,0,0,1.2335213843932404e-07,4.3468830174521832e-17,8.0521251023118028e-09,5.2233865048072528e-18
514,1.697376579167097e-07,4.0179696309606371e-15,0.012892707,7.6409463386489743e-08,2.0975080680544348e-16,0,0,1.2335213843932404e-07,4.3468830174521832e-17,4.7918902984102718e-07,1.3811772537286094e-14
515,2.5177758758935851e-07,1.0261201147525089e-15,0.01294588,7.6409463386489743e-08,2.0975080680544348e-16,0,0,9.3070088697094474e-07,4.0015195531920299e-15,0,0
516,2.5805497474959748e-07,1.0367212549250046e-15,0.01289964,7.6409463386489743e-08,2.0975080680544348e-16,0,0,9.3070088697094474e-07,4.0015195531920299e-15,2.5109548640956888e-08,3.7020830486700943e-17
517,3.7501023137647637e-06,1.0406519061077782e-12,0.012943224999999999,7.6409463386489743e-08,2.0975080680544348e-16,0,0,1.4923999791672543e-05,4.275948562067562e-12,0,0
518,0.0045961402697813764,4.4112940817011684e-06,0.012914810000000001,7.6409463386489743e-08,2.0975080680544348e-16,0,0,0.00015547868126687659,6.8479859958329124e-11,0.018229005988395285,1.5404866910722966e-05
519,0.00011632183849464466,1.1397399929529775e-09,0.012900773000000001,7.6409463386489743e-08,2.0975080680544348e-16,0,0,0.00018993620469662744,2.7539120948023132e-10,0.00027527473981856643,3.7461066010287721e-09
520,0.0051928077523819187,4.4810439194499013e-06,0.01291517,7.6409463386489743e-08,2.0975080680544348e-16,0,0,0.0025421486116689808,2.8667892863997632e-07,0.018229005988395285,1.5404866910722966e-05
521,0.0023111206687667124,1.1068110641828632e-06,0.012878669000000001,7.6409463386489743e-08,2.0975080680544348e-16,0,0,0.009244406265603463,4.548019408270464e-06,0,0
522,0.0044955978337512465,4.4414042881439065e-06,0.012923998000000001,7.6409463386489743e-08,2.0975080680544348e-16,0,0,0.017980152884928567,1.825026263439753e-05,2.1620406129402982e-06,2.266527741266158e-13
523,2.3855574413815572e-06,1.0481569378079704e-12,0.012952903999999999,7.6409463386489743e-08,2.0975080680544348e-16,3.6718238814524115e-08,4.7671550682516093e-17,9.3070088697094474e-07,4.0015195531920299e-15,8.4984011763542629e-06,3.6567069197450944e-12
524,0.019103877180658591,7.0091078024306353e-05,0.013068969,7.6409463386489743e-08,2.0975080680544348e-16,3.6718238814524115e-08,4.7671550682516093e-17,9.3862690716268412e-06,1.0711203395856254e-12,0.076406009325860683,0.00024476894619767731
525,7.1125472688898867e-05,2.6624263816253327e-10,0.013000997,7.6409463386489743e-08,2.0975080680544348e-16,3.6718238814524115e-08,4.7671550682516093e-17,0.00028438071092829132,1.0940226677592041e-09,8.0521251023118028e-09,5.2233865048072528e-18
526,0.00013994214461226416,1.3389630661256365e-09,0.012875322999999999,7.6409463386489743e-08,2.0975080680544348e-16,3.6718238814524115e-08,4.7671550682516093e-17,0.00028438071092829132,1.0940226677592041e-09,0.00027527473981856643,3.7461066010287721e-09
527,0.0012113848382117696,2.7618485559740949e-07,0.012916242,7.6409463386489743e-08,2.0975080680544348e-16,3.6718238814524115e-08,4.7671550682516093e-17,0.0048444906590748918,1.1348766309780777e-06,9.3556606998057864e-07,5.5017233883187946e-14
528,3.3019475356863881e-05,2.659277997015368e-10,0.012972391999999999,7.6409463386489743e-08,2.0975080680544348e-16,8.5270225523800494e-08,2.3852627615639069e-16,0,0,0.00013191622173854499,9.2866087487863828e-10
529,8.7785565846955799e-05,3.3316241510573681e-10,0.012929278000000001,7.6409463386489743e-08,2.0975080680544348e-16,1.922829690185178e-07,1.0503927487885637e-15,0.00028438071092829132,1.0940226677592041e-09,6.6492860027127882e-05,2.3369350210529902e-10
530,0.0012951466455549206,2.7721305616681297e-07,0.012910091,7.6409463386489743e-08,2.0975080680544348e-16,1.922829690185178e-07,1.0503927487885637e-15,0.00050595073709442328,4.3744386336726988e-09,0.004674367152692818,9.6435347361865966e-07
531,2.6782118784241581e-07,4.9849488338785649e-15,0.012895162,7.6409463386489743e-08,2.0975080680544348e-16,3.9233411970282536e-07,4.3772274154343397e-15,1.2335213843932404e-07,4.3468830174521832e-17,4.7918902984102718e-07,1.3811772537286094e-14
532,0.0012113472816096022,2.7618484379745121e-07,0.012891404,7.6409463386489743e-08,2.0975080680544348e-16,8.1400577502298111e-07,1.7942025344819159e-14,0.0048444906590748918,1.1348766309780777e-06,8.0521251023118028e-09,5.2233865048072528e-18
533,0.0023115580617279691,1.1068110839009801e-06,0.012918457,7.6409463386489743e-08,2.0975080680544348e-16,8.1400577502298111e-07,1.7942025344819159e-14,0.009244406265603463,4.548019408270464e-06,9.3556606998057864e-07,5.5017233883187946e-14
534,0.0022612234830224885,1.1099281580821893e-06,0.012965669000000001,7.6409463386489743e-08,2.0975080680544348e-16,1.6370745535315476e-06,7.2472245124145652e-14,6.8499463990509688e-07,9.6425054834388508e-16,0.0090424954534331133,3.8760417201217597e-06
535,0.00062612586371978401,6.9302138690183269e-08,0.012903276999999999,7.6409463386489743e-08,2.0975080680544348e-16,1.6370745535315476e-06,7.2472245124145652e-14,0.00028438071092829132,1.0940226677592041e-09,0.0022184092599339413,2.4108403166049585e-07
536,0.00012904065557192289,1.0656314362012923e-09,0.012909779999999999,7.6409463386489743e-08,2.0975080680544348e-16,1.6370745535315476e-06,7.2472245124145652e-14,0.00050595073709442328,4.3744386336726988e-09,8.4984011763542629e-06,3.6567069197450944e-12
537,0.0012955078434510475,2.7721307194471056e-07,0.01284249,7.6409463386489743e-08,2.0975080680544348e-16,1.6370745535315476e-06,7.2472245124145652e-14,0.00050595073709442328,4.3744386336726988e-09,0.004674367152692818,9.6435347361865966e-07
538,7.806666777146844e-07,6.5374146875269322e-14,0.013007889999999999,7.6409463386489743e-08,2.0975080680544348e-16,3.0462572474722488e-06,2.9569255723453914e-13,0,0,0,0
539,4.030368431169893e-05,1.6927866743122676e-11,0.012852438000000001,7.6409463386489743e-08,2.0975080680544348e-16,5.6596465165322227e-06,1.1881667417065484e-12,0.00015547868126687659,6.8479859958329124e-11,0,0
540,0.0026039803720383711,1.1272759488332346e-06,0.012903217,7.6409463386489743e-08,2.0975080680544348e-16,5.6596465165322227e-06,1.1881667417065484e-12,0.0013676899787404967,7.1283141000387424e-08,0.0090424954534331133,3.8760417201217597e-06
541,0.00088809356628388215,8.6924884214682587e-08,0.012930670999999999,7.6409463386489743e-08,2.0975080680544348e-16,5.6596465165322227e-06,1.1881667417065484e-12,0.0025421486116689808,2.8667892863997632e-07,0.0010044895974866074,5.991881908875963e-08
542,0.038657061429165876,0.0002833991828042272,0.012881304999999999,7.6409463386489743e-08,2.0975080680544348e-16,1.3292186698712521e-05,4.7792767311777559e-12,1.0177739364849487e-08,6.1819868881659968e-18,0.15461486694276227,0.00098967402532771959
543,7.2191672029775822e-05,1.0737762888020148e-09,0.012930741000000001,7.6409463386489743e-08,2.0975080680544348e-16,1.3292186698712521e-05,4.7792767311777559e-12,1.2335213843932404e-07,4.3468830174521832e-17,0.00027527473981856643,3.7461066010287721e-09
544,0.0022676970123467247,1.1099302382336459e-06,0.012842579999999999,7.6409463386489743e-08,2.0975080680544348e-16,1.3292186698712521e-05,4.7792767311777559e-12,1.4923999791672543e-05,4.275948562067562e-12,0.0090424954534331133,3.8760417201217597e-06
545,0.038660378136748906,0.00028339918592742882,0.012922565,7.6409463386489743e-08,2.0975080680544348e-16,2.5638493882144404e-05,1.8912646304862198e-11,9.3070088697094474e-07,4.0015195531920299e-15,0.15461486694276227,0.00098967402532771959
546,1.4941711742153463e-05,1.7677082224979982e-11,0.012942353,7.6409463386489743e-08,2.0975080680544348e-16,5.118185858950802e-05,7.5278650828326678e-11,1.0177739364849487e-08,6.1819868881659968e-18,8.4984011763542629e-06,3.6567069197450944e-12
547,0.038666533847138584,0.00028339919837833886,0.012919259000000001,7.6409463386489743e-08,2.0975080680544348e-16,5.118185858950802e-05,7.5278650828326678e-11,1.0177739364849487e-08,6.1819868881659968e-18,0.15461486694276227,0.00098967402532771959
548,5.1804034587403289e-05,3.3299250441471809e-11,0.012938787,7.6409463386489743e-08,2.0975080680544348e-16,5.118185858950802e-05,7.5278650828326678e-11,0.00015547868126687659,6.8479859958329124e-11,4.7918902984102718e-07,1.3811772537286094e-14
549,2.7698505845258186e-05,6.7733185489932581e-11,0.012938566,7.6409463386489743e-08,2.0975080680544348e-16,0.00011006785448470327,3.065896160972491e-10,1.7057040310223498e-07,2.1835577115764133e-16,4.7918902984102718e-07,1.3811772537286094e-14
550,0.00027870110795944923,1.7225847829568434e-08,0.012881866,7.6409463386489743e-08,2.0975080680544348e-16,0.00011006785448470327,3.065896160972491e-10,1.7057040310223498e-07,2.1835577115764133e-16,0.0010044895974866074,5.991881908875963e-08
551,0.00058237105619225109,6.9103610205186144e-08,0.012880142000000001,7.6409463386489743e-08,2.0975080680544348e-16,0.00011006785448470327,3.065896160972491e-10,9.3070088697094474e-07,4.0015195531920299e-15,0.0022184092599339413,2.4108403166049585e-07
552,2.8956025296340738e-05,6.779398032194335e-11,0.013691759,7.6409463386489743e-08,2.0975080680544348e-16,0.00011006785448470327,3.065896160972491e-10,5.6798372372729349e-06,2.6628353116564885e-13,0,0
553,0.00043827724562678469,1.8487994122857035e-08,0.012998924,7.6409463386489743e-08,2.0975080680544348e-16,0.00011006785448470327,3.065896160972491e-10,0.0013676899787404967,7.1283141000387424e-08,0.00027527473981856643,3.7461066010287721e-09
554,0.040155041614189028,0.00028445460863898438,0.012952854,7.6409463386489743e-08,2.0975080680544348e-16,0.00011006785448470327,3.065896160972491e-10,0.14228101620441289,0.0011507313567779948,0.018229005988395285,1.5404866910722966e-05
555,5.0639711978651526e-05,2.7561280738358006e-10,0.012928377,7.6409463386489743e-08,2.0975080680544348e-16,0.0002024824384512204,1.2476170158873263e-09,0,0,0,0
556,5.0876147930987899e-05,2.7562856340787261e-10,0.012881014,7.6409463386489743e-08,2.0975080680544348e-16,0.0002024824384512204,1.2476170158873263e-09,1.0177739364849487e-08,6.1819868881659968e-18,9.3556606998057864e-07,5.5017233883187946e-14
557,8.9538766497505856e-05,2.9227837533942596e-10,0.012918156,7.6409463386489743e-08,2.0975080680544348e-16,0.0002024824384512204,1.2476170158873263e-09,0.00015547868126687659,6.8479859958329124e-11,1.1753680853951075e-07,8.1378935850548041e-16
558,0.00011397623256284895,1.1121543862575535e-09,0.012942703999999999,7.6409463386489743e-08,2.0975080680544348e-16,0.00042360838196540306,4.958830087016193e-09,9.3070088697094474e-07,4.0015195531920299e-15,3.1289437935637845e-05,5.8289411536559831e-11
559,0.0046009735059768424,4.4424996851253565e-06,0.012917405,7.6409463386489743e-08,2.0975080680544348e-16,0.00042360838196540306,4.958830087016193e-09,0.017980152884928567,1.825026263439753e-05,5.6347550033575723e-08,1.8557385880728104e-16
560,0.019336654984236971,7.0095442330298744e-05,0.012951941999999999,7.6409463386489743e-08,2.0975080680544348e-16,0.00093960350073700059,1.9757091519064694e-08,9.3070088697094474e-07,4.0015195531920299e-15,0.076406009325860683,0.00024476894619767731
561,0.00032263837028895259,4.6977278763403087e-09,0.012896975,7.6409463386489743e-08,2.0975080680544348e-16,0.00093960350073700059,1.9757091519064694e-08,0.00028438071092829132,1.0940226677592041e-09,6.6492860027127882e-05,2.3369350210529902e-10
562,0.017986708484155262,6.9880634345973605e-05,0.012921573,7.6409463386489743e-08,2.0975080680544348e-16,0.00093960350073700059,1.9757091519064694e-08,0.070998655625245252,0.00028712996885817864,8.4984011763542629e-06,3.6567069197450944e-12
563,0.00041454156444176952,1.7151783490830811e-08,0.012911403,7.6409463386489743e-08,2.0975080680544348e-16,0.0016536711963809558,7.7639855504669115e-08,1.7057040310223498e-07,2.1835577115764133e-16,4.2480815196427367e-06,9.0220702679766719e-13
564,0.00042200992517621775,1.7168220589606422e-08,0.012932074,7.6409463386489743e-08,2.0975080680544348e-16,0.0016536711963809558,7.7639855504669115e-08,3.0026569248976691e-06,1.6340168279266537e-14,3.1289437935637845e-05,5.8289411536559831e-11
565,0.00045434004000843907,1.7421622624294683e-08,0.012871285999999999,7.6409463386489743e-08,2.0975080680544348e-16,0.0016536711963809558,7.7639855504669115e-08,3.1696332450882019e-05,1.7134390648275296e-11,0.00013191622173854499,9.2866087487863828e-10
566,0.0050971760828334997,4.4294935096522185e-06,0.012881164000000001,7.6409463386489743e-08,2.0975080680544348e-16,0.0016536711963809558,7.7639855504669115e-08,0.00050595073709442328,4.3744386336726988e-09,0.018229005988395285,1.5404866910722966e-05
567,0.0007800101060466923,6.8524829061328588e-08,0.012917114,7.6409463386489743e-08,2.0975080680544348e-16,0.0031050149053830512,3.1018682127148085e-07,1.4923999791672543e-05,4.275948562067562e-12,2.5109548640956888e-08,3.7020830486700943e-17
568,0.00084812155446296802,6.8806381480752032e-08,0.012939638999999999,7.6409463386489743e-08,2.0975080680544348e-16,0.0031050149053830512,3.1018682127148085e-07,0.00015547868126687659,6.8479859958329124e-11,0.00013191622173854499,9.2866087487863828e-10
569,0.00082375889291704473,6.8590807963811219e-08,0.012934167999999999,7.6409463386489743e-08,2.0975080680544348e-16,0.0031050149053830512,3.1018682127148085e-07,0.00018993620469662744,2.7539120948023132e-10,8.0521251023118028e-09,5.2233865048072528e-18
570,0.0020517538639159743,3.4093730315895949e-07,0.012879852000000001,7.6409463386489743e-08,2.0975080680544348e-16,0.0059878447916266436,1.2308169179467562e-06,6.8499463990509688e-07,9.6425054834388508e-16,0.0022184092599339413,2.4108403166049585e-07
571,0.0014979990794871708,2.7190144306488695e-07,0.012926742999999999,7.6409463386489743e-08,2.0975080680544348e-16,0.0059878447916266436,1.2308169179467562e-06,3.5959278288190782e-06,6.6730504443978359e-14,4.7918902984102718e-07,1.3811772537286094e-14
572,0.0015691374983844914,2.7216792379649596e-07,0.012921392,7.6409463386489743e-08,2.0975080680544348e-16,0.0059878447916266436,1.2308169179467562e-06,0.00028438071092829132,1.0940226677592041e-09,4.2480815196427367e-06,9.0220702679766719e-13
573,0.012566142300191012,1.9090103119286678e-05,0.012860134,7.6409463386489743e-08,2.0975080680544348e-16,0.0059878447916266436,1.2308169179467562e-06,0.035234152546241279,7.2765419883759325e-05,0.0090424954534331133,3.8760417201217597e-06
574,0.072632219833992914,0.0011408004426148636,0.013001588,7.6409463386489743e-08,2.0975080680544348e-16,0.0059878447916266436,1.2308169179467562e-06,0.28454093302533323,0.0046865685654330158,2.5109548640956888e-08,3.7020830486700943e-17
575,0.0074630188577534439,5.4975412144259425e-06,0.012981259,7.6409463386489743e-08,2.0975080680544348e-16,0.011591296700704166,4.9171744444568016e-06,3.1696332450882019e-05,1.7134390648275296e-11,0.018229005988395285,1.5404866910722966e-05
576,0.011298265323590434,1.7738339493968669e-05,0.012937584,7.6409463386489743e-08,2.0975080680544348e-16,0.044908377588462341,8.0294984932708011e-05,0.00028438071092829132,1.0940226677592041e-09,2.2658550777503332e-07,3.3865724704100287e-15
577,0.011511640581302076,1.7743526122993516e-05,0.012911083,7.6409463386489743e-08,2.0975080680544348e-16,0.044908377588462341,8.0294984932708011e-05,0.00086283358746406353,1.7998570474129329e-08,0.00027527473981856643,3.7461066010287721e-09
578,0.020035653649073035,3.5446346805068847e-05,0.012900020999999999,7.6409463386489743e-08,2.0975080680544348e-16,0.044908377588462341,8.0294984932708011e-05,0.035234152546241279,7.2765419883759325e-05,8.0521251023118028e-09,5.2233865048072528e-18
579,0.021762502291237228,6.9901233689041215e-05,0.012897446,7.6409463386489743e-08,2.0975080680544348e-16,0.087042682017042267,0.00031642210546467976,3.0026569248976691e-06,1.6340168279266537e-14,4.2480815196427367e-06,9.0220702679766719e-13
580,0.021762123652823231,6.990123349156821e-05,0.012918226999999999,7.6409463386489743e-08,2.0975080680544348e-16,0.087042682017042267,0.00031642210546467976,5.6798372372729349e-06,2.6628353116564885e-13,5.6347550033575723e-08,1.8557385880728104e-16
581,0.021795088621370313,6.9901499419209947e-05,0.013192669000000001,7.6409463386489743e-08,2.0975080680544348e-16,0.087042682017042267,0.00031642210546467976,5.6798372372729349e-06,2.6628353116564885e-13,0.00013191622173854499,9.2866087487863828e-10
582,0.022396767269696718,6.9970999994699279e-05,0.012985787,7.6409463386489743e-08,2.0975080680544348e-16,0.087042682017042267,0.00031642210546467976,0.0025421486116689808,2.8667892863997632e-07,2.1620406129402982e-06,2.266527741266158e-13
583,0.04286776825644957,0.00028320463671117338,0.013003552,7.6409463386489743e-08,2.0975080680544348e-16,0.17146866400531868,0.0012819832070484491,1.7057040310223498e-07,2.1835577115764133e-16,2.1620406129402982e-06,2.266527741266158e-13
584,0.042884707300659242,0.00028320470358204051,0.012872567,7.6409463386489743e-08,2.0975080680544348e-16,0.17146866400531868,0.0012819832070484491,3.5959278288190782e-06,6.6730504443978359e-14,6.6492860027127882e-05,2.3369350210529902e-10
585,0.043506886742562867,0.00028327440731045985,0.012908136000000001,7.6409463386489743e-08,2.0975080680544348e-16,0.17146866400531868,0.0012819832070484491,0.0025421486116689808,2.8667892863997632e-07,1.6657943801225666e-05,1.4531320971435777e-11
586,0.070027199329703041,0.00037074459729820655,0.012892647,7.6409463386489743e-08,2.0975080680544348e-16,0.17146866400531868,0.0012819832070484491,0.070998655625245252,0.00028712996885817864,0.03764140127878858,6.1684359762903619e-05
587,4.5831442903325715e-08,2.3522551984614545e-16,0.012844413000000001,1.8332577161330286e-07,9.432736462059206e-16,0,0,0,0,0,0
588,0.00226066969480119,1.1099281420205066e-06,0.012901143,1.8332577161330286e-07,9.432736462059206e-16,0,0,0,0,0.0090424954534331133,3.8760417201217597e-06
589,0.0045572973285417139,4.411277416549753e-06,0.01299199,1.8332577161330286e-07,9.432736462059206e-16,0,0,0,0,0.018229005988395285,1.5404866910722966e-05
590,1.5224371291653177e-06,6.6008047621160114e-14,0.013070994000000001,1.8332577161330286e-07,9.432736462059206e-16,0,0,5.6798372372729349e-06,2.6628353116564885e-13,2.2658550777503332e-07,3.3865724704100287e-15
591,0.0045587172878510298,4.4112774813522221e-06,0.012876275,1.8332577161330286e-07,9.432736462059206e-16,0,0,5.6798372372729349e-06,2.6628353116564885e-13,0.018229005988395285,1.5404866910722966e-05
592,0.00012654760260401708,1.0645685420333813e-09,0.012931002,1.8332577161330286e-07,9.432736462059206e-16,0,0,0.00050595073709442328,4.3744386336726988e-09,5.6347550033575723e-08,1.8557385880728104e-16
593,0.00012659016209345234,1.0645694586588197e-09,0.012923736999999999,1.8332577161330286e-07,9.432736462059206e-16,0,0,0.00050595073709442328,4.3744386336726988e-09,2.2658550777503332e-07,3.3865724704100287e-15
594,0.00034196832612802764,1.7347544751358218e-08,0.012872748,1.8332577161330286e-07,9.432736462059206e-16,0,0,0.0013676899787404967,7.1283141000387424e-08,0,0
595,0.0011686713015290361,2.7614848787612182e-07,0.012874682,1.8332577161330286e-07,9.432736462059206e-16,1.1375513279201216e-08,6.8890466804365844e-18,1.2335213843932404e-07,4.3468830174521832e-17,0.004674367152692818,9.6435347361865966e-07
596,0.019102970966095641,7.00910778286169e-05,0.012840315,1.8332577161330286e-07,9.432736462059206e-16,1.1375513279201216e-08,6.8890466804365844e-18,5.6798372372729349e-06,2.6628353116564885e-13,0.076406009325860683,0.00024476894619767731
597,0.040127554223523092,0.00028445454091006019,0.012881775999999999,1.8332577161330286e-07,9.432736462059206e-16,1.1375513279201216e-08,6.8890466804365844e-18,0.14228101620441289,0.0011507313567779948,0.018229005988395285,1.5404866910722966e-05
598,5.5011002606956416e-08,2.4575670630410721e-16,0.012920141,1.8332577161330286e-07,9.432736462059206e-16,3.6718238814524115e-08,4.7671550682516093e-17,0,0,0,0
599,1.1195758173588566e-06,2.585997354294367e-13,0.012937274,1.8332577161330286e-07,9.432736462059206e-16,3.6718238814524115e-08,4.7671550682516093e-17,1.0177739364849487e-08,6.1819868881659968e-18,4.2480815196427367e-06,9.0220702679766719e-13
600,0.00019536138023085376,2.1372889288832153e-09,0.012911063,1.8332577161330286e-07,9.432736462059206e-16,3.6718238814524115e-08,4.7671550682516093e-17,0.00050595073709442328,4.3744386336726988e-09,0.00027527473981856643,3.7461066010287721e-09
601,0.038654043313097443,0.00028339918174984541,0.012842098,1.8332577161330286e-07,9.432736462059206e-16,1.922829690185178e-07,1.0503927487885637e-15,9.3070088697094474e-07,4.0015195531920299e-15,0.15461486694276227,0.00098967402532771959
602,1.9063684459846643e-05,6.7180693233418569e-11,0.012972592999999999,1.8332577161330286e-07,9.432736462059206e-16,1.922829690185178e-07,1.0503927487885637e-15,9.3862690716268412e-06,1.0711203395856254e-12,6.6492860027127882e-05,2.3369350210529902e-10
603,0.0012075553606750865,2.7616515343098731e-07,0.012913126,1.8332577161330286e-07,9.432736462059206e-16,1.922829690185178e-07,1.0503927487885637e-15,0.00015547868126687659,6.8479859958329124e-11,0.004674367152692818,9.6435347361865966e-07
604,0.0044972567237113641,4.4414052707751573e-06,0.01288885,1.8332577161330286e-07,9.432736462059206e-16,1.922829690185178e-07,1.0503927487885637e-15,0.017980152884928567,1.825026263439753e-05,8.4984011763542629e-06,3.6567069197450944e-12
605,6.8965144362311399e-05,1.0727216331680296e-09,0.012930280000000001,1.8332577161330286e-07,9.432736462059206e-16,3.9233411970282536e-07,4.3772274154343397e-15,1.0177739364849487e-08,6.1819868881659968e-18,0.00027527473981856643,3.7461066010287721e-09
606,0.035570427350277871,0.00028004326349494451,0.012904028999999999,1.8332577161330286e-07,9.432736462059206e-16,3.9233411970282536e-07,4.3772274154343397e-15,0.14228101620441289,0.0011507313567779948,1.1753680853951075e-07,8.1378935850548041e-16
607,0.071139541657256319,0.0011405285453542501,0.012973172999999999,1.8332577161330286e-07,9.432736462059206e-16,3.9233411970282536e-07,4.3772274154343397e-15,0.28454093302533323,0.0046865685654330158,1.6657943801225666e-05,1.4531320971435777e-11
608,4.8576883899542921e-07,1.9954846792899357e-14,0.012885903000000001,1.8332577161330286e-07,9.432736462059206e-16,8.1400577502298111e-07,1.7942025344819159e-14,1.0177739364849487e-08,6.1819868881659968e-18,9.3556606998057864e-07,5.5017233883187946e-14
609,0.0015107636157449978,2.9349603634375101e-07,0.012908157,1.8332577161330286e-07,9.432736462059206e-16,8.1400577502298111e-07,1.7942025344819159e-14,0.0013676899787404967,7.1283141000387424e-08,0.004674367152692818,9.6435347361865966e-07
610,4.691869687946033e-07,1.629830698879789e-14,0.012938455999999999,1.8332577161330286e-07,9.432736462059206e-16,1.6370745535315476e-06,7.2472245124145652e-14,0,0,5.6347550033575723e-08,1.8557385880728104e-16
611,0.00029044716976965785,1.7174800179252738e-08,0.012912435,1.8332577161330286e-07,9.432736462059206e-16,1.6370745535315476e-06,7.2472245124145652e-14,0.00015547868126687659,6.8479859958329124e-11,0.0010044895974866074,5.991881908875963e-08
612,0.00021722551732721436,4.3804267366301744e-09,0.012905692999999999,1.8332577161330286e-07,9.432736462059206e-16,1.6370745535315476e-06,7.2472245124145652e-14,0.00086283358746406353,1.7998570474129329e-08,4.2480815196427367e-06,9.0220702679766719e-13
613,0.0094113903906735616,1.7663691985379408e-05,0.012931362,1.8332577161330286e-07,9.432736462059206e-16,3.0462572474722488e-06,2.9569255723453914e-13,9.3070088697094474e-07,4.0015195531920299e-15,0.03764140127878858,6.1684359762903619e-05
614,0.004558712240170848,4.4112776790286776e-06,0.012935459999999999,1.8332577161330286e-07,9.432736462059206e-16,5.6596465165322227e-06,1.1881667417065484e-12,0,0,0.018229005988395285,1.5404866910722966e-05
615,0.00025452211552384421,1.7159174641426463e-08,0.012876666,1.8332577161330286e-07,9.432736462059206e-16,1.3292186698712521e-05,4.7792767311777559e-12,1.2335213843932404e-07,4.3468830174521832e-17,0.0010044895974866074,5.991881908875963e-08
616,0.0094151391571240389,1.7663693039683269e-05,0.012899259999999999,1.8332577161330286e-07,9.432736462059206e-16,1.3292186698712521e-05,4.7792767311777559e-12,5.6798372372729349e-06,2.6628353116564885e-13,0.03764140127878858,6.1684359762903619e-05
617,4.2472439951796032e-05,1.7737121126343192e-11,0.012926884,1.8332577161330286e-07,9.432736462059206e-16,1.3292186698712521e-05,4.7792767311777559e-12,0.00015547868126687659,6.8479859958329124e-11,9.3556606998057864e-07,5.5017233883187946e-14
618,0.00071081129278532506,7.0843401766546348e-08,0.012896584000000001,1.8332577161330286e-07,9.432736462059206e-16,2.5638493882144404e-05,1.8912646304862198e-11,0.0025421486116689808,2.8667892863997632e-07,0.00027527473981856643,3.7461066010287721e-09
619,4.5991600184892739e-05,2.8255807271727326e-10,0.012900603,1.8332577161330286e-07,9.432736462059206e-16,5.118185858950802e-05,7.5278650828326678e-11,6.8499463990509688e-07,9.6425054834388508e-16,0.00013191622173854499,9.2866087487863828e-10
620,0.019116690194823323,7.0091094654391601e-05,0.012929558000000001,1.8332577161330286e-07,9.432736462059206e-16,5.118185858950802e-05,7.5278650828326678e-11,9.3862690716268412e-06,1.0711203395856254e-12,0.076406009325860683,0.00024476894619767731
621,0.027172855522098867,8.7539977282106833e-05,0.012885594,1.8332577161330286e-07,9.432736462059206e-16,5.118185858950802e-05,7.5278650828326678e-11,0.070998655625245252,0.00028712996885817864,0.03764140127878858,6.1684359762903619e-05
622,2.7562795064079275e-05,6.7729360185140909e-11,0.012923006000000001,1.8332577161330286e-07,9.432736462059206e-16,0.00011006785448470327,3.065896160972491e-10,0,0,0,0
623,9.6381480018720164e-05,1.1404497896439927e-09,0.012849723,1.8332577161330286e-07,9.432736462059206e-16,0.00011006785448470327,3.065896160972491e-10,0,0,0.00027527473981856643,3.7461066010287721e-09
624,0.071717398366380455,0.0011405976448013622,0.012901063000000001,1.8332577161330286e-07,9.432736462059206e-16,0.00011006785448470327,3.065896160972491e-10,0.28454093302533323,0.0046865685654330158,0.0022184092599339413,2.4108403166049585e-07
625,0.0023587743555881489,1.1102707742867726e-06,0.012899290000000001,1.8332577161330286e-07,9.432736462059206e-16,0.0002024824384512204,1.2476170158873263e-09,0.00018993620469662744,2.7539120948023132e-10,0.0090424954534331133,3.8760417201217597e-06
626,0.0048236263350205167,4.4159331814426377e-06,0.012921953999999999,1.8332577161330286e-07,9.432736462059206e-16,0.0002024824384512204,1.2476170158873263e-09,0.00086283358746406353,1.7998570474129329e-08,0.018229005988395285,1.5404866910722966e-05
627,0.017802454947660841,6.9876545393218157e-05,0.01289417,1.8332577161330286e-07,9.432736462059206e-16,0.0002024824384512204,1.2476170158873263e-09,0.070998655625245252,0.00028712996885817864,8.4984011763542629e-06,3.6567069197450944e-12
628,0.00017779665268560958,1.3780550971601338e-09,0.012967202000000001,1.8332577161330286e-07,9.432736462059206e-16,0.00042360838196540306,4.958830087016193e-09,0.00015547868126687659,6.8479859958329124e-11,0.00013191622173854499,9.2866087487863828e-10
629,0.0089474651189292275,1.770963494439371e-05,0.013337471,1.8332577161330286e-07,9.432736462059206e-16,0.00042360838196540306,4.958830087016193e-09,0.035234152546241279,7.2765419883759325e-05,0.00013191622173854499,9.2866087487863828e-10
630,0.0002352232407454261,4.3645817361629099e-09,0.012917646,1.8332577161330286e-07,9.432736462059206e-16,0.00093960350073700059,1.9757091519064694e-08,1.7057040310223498e-07,2.1835577115764133e-16,9.3556606998057864e-07,5.5017233883187946e-14
631,0.047697201578877857,0.00030111181986897334,0.012874872000000001,1.8332577161330286e-07,9.432736462059206e-16,0.00093960350073700059,1.9757091519064694e-08,0.035234152546241279,7.2765419883759325e-05,0.15461486694276227,0.00098967402532771959
632,0.00041452565091805384,1.7151783620611165e-08,0.012899750999999999,1.8332577161330286e-07,9.432736462059206e-16,0.0016536711963809558,7.7639855504669115e-08,0,0,4.2480815196427367e-06,9.0220702679766719e-13
633,0.00057293037024638241,1.8482021216507067e-08,0.012913147,1.8332577161330286e-07,9.432736462059206e-16,0.0016536711963809558,7.7639855504669115e-08,0.00050595073709442328,4.3744386336726988e-09,0.00013191622173854499,9.2866087487863828e-10
634,0.00075541550942539537,3.4499070017303129e-08,0.012884441,1.8332577161330286e-07,9.432736462059206e-16,0.0016536711963809558,7.7639855504669115e-08,0.0013676899787404967,7.1283141000387424e-08,1.1753680853951075e-07,8.1378935850548041e-16
635,0.0016256483156867733,2.9333662340066377e-07,0.012869050999999999,1.8332577161330286e-07,9.432736462059206e-16,0.0016536711963809558,7.7639855504669115e-08,0.0048444906590748918,1.1348766309780777e-06,4.2480815196427367e-06,9.0220702679766719e-13
636,0.036016696737075783,0.00028006068094647672,0.012941192000000001,1.8332577161330286e-07,9.432736462059206e-16,0.0016536711963809558,7.7639855504669115e-08,0.14228101620441289,0.0011507313567779948,0.00013191622173854499,9.2866087487863828e-10
637,0.00078415275530717855,6.854048017245314e-08,0.012859963,1.8332577161330286e-07,9.432736462059206e-16,0.0031050149053830512,3.1018682127148085e-07,1.2335213843932404e-07,4.3468830174521832e-17,3.1289437935637845e-05,5.8289411536559831e-11
638,0.0007771700192773526,6.8523796565693548e-08,0.012912765999999999,1.8332577161330286e-07,9.432736462059206e-16,0.0031050149053830512,3.1018682127148085e-07,3.0026569248976691e-06,1.6340168279266537e-14,4.7918902984102718e-07,1.3811772537286094e-14
639,0.00081540311962287739,6.8540469723489007e-08,0.012870995,1.8332577161330286e-07,9.432736462059206e-16,0.0031050149053830512,3.1018682127148085e-07,0.00015547868126687659,6.8479859958329124e-11,9.3556606998057864e-07,5.5017233883187946e-14
640,0.0015049311124622892,2.7190559289748657e-07,0.012908347000000001,1.8332577161330286e-07,9.432736462059206e-16,0.0059878447916266436,1.2308169179467562e-06,3.1696332450882019e-05,1.7134390648275296e-11,0,0
641,0.0055391223965830291,4.3931682591441539e-06,0.012925661,1.8332577161330286e-07,9.432736462059206e-16,0.021998665538680674,1.9886491098706625e-05,0.00015547868126687659,6.8479859958329124e-11,2.1620406129402982e-06,2.266527741266158e-13
642,0.0057154346998665798,4.3975316810979575e-06,0.012937304,1.8332577161330286e-07,9.432736462059206e-16,0.021998665538680674,1.9886491098706625e-05,0.00086283358746406353,1.7998570474129329e-08,5.6347550033575723e-08,1.8557385880728104e-16
643,0.011363386872841271,1.7742356232845892e-05,0.012913137,1.8332577161330286e-07,9.432736462059206e-16,0.044908377588462341,8.0294984932708011e-05,1.2335213843932404e-07,4.3468830174521832e-17,0.0005448632249927674,1.495684015466391e-08
644,0.011478495303151981,1.7755231370180964e-05,0.012875032999999999,1.8332577161330286e-07,9.432736462059206e-16,0.044908377588462341,8.0294984932708011e-05,9.3070088697094474e-07,4.0015195531920299e-15,0.0010044895974866074,5.991881908875963e-08
645,0.011228562200899047,1.7738073315413011e-05,0.012863400000000001,1.8332577161330286e-07,9.432736462059206e-16,0.044908377588462341,8.0294984932708011e-05,5.6798372372729349e-06,2.6628353116564885e-13,8.0521251023118028e-09,5.2233865048072528e-18
646,0.011367054091245193,1.7739412213611282e-05,0.012886204,1.8332577161330286e-07,9.432736462059206e-16,0.044908377588462341,8.0294984932708011e-05,0.00028438071092829132,1.0940226677592041e-09,0.00027527473981856643,3.7461066010287721e-09
647,0.021896932141951573,6.9905516409122227e-05,0.012936202000000001,1.8332577161330286e-07,9.432736462059206e-16,0.087042682017042267,0.00031642210546467976,0,0,0.0005448632249927674,1.495684015466391e-08
648,0.042867211832772374,0.0002832046366464387,0.012897567,1.8332577161330286e-07,9.432736462059206e-16,0.17146866400531868,0.0012819832070484491,0,0,0,0
649,0.062310636658922405,0.00035331306195454442,0.012867017,1.8332577161330286e-07,9.432736462059206e-16,0.17146866400531868,0.0012819832070484491,0.0013676899787404967,7.1283141000387424e-08,0.076406009325860683,0.00024476894619767731
650,0.07843746588387554,0.00056324790013994089,0.012910211,1.8332577161330286e-07,9.432736462059206e-16,0.17146866400531868,0.0012819832070484491,0.14228101620441289,0.0011507313567779948,0,0
651,9.8248451357923713e-08,9.9565902495468297e-16,0.012935640999999999,3.9299380543169485e-07,3.9926744320136971e-15,0,0,0,0,0,0
652,3.3077303885994393e-05,2.6592869036153742e-10,0.012923216,3.9299380543169485e-07,3.9926744320136971e-15,0,0,0,0,0.00013191622173854499,9.2866087487863828e-10
653,0.0046284449232822491,4.4115436598834292e-06,0.012815798,3.9299380543169485e-07,3.9926744320136971e-15,0,0,0.00028438071092829132,1.0940226677592041e-09,0.018229005988395285,1.5404866910722966e-05
654,0.00034202702052364193,1.7347545522392861e-08,0.012921442999999999,3.9299380543169485e-07,3.9926744320136971e-15,0,0,0.0013676899787404967,7.1283141000387424e-08,2.5109548640956888e-08,3.7020830486700943e-17
655,0.0012133455135141715,2.7618588789599812e-07,0.012921122,3.9299380543169485e-07,3.9926744320136971e-15,0,0,0.0048444906590748918,1.1348766309780777e-06,8.4984011763542629e-06,3.6567069197450944e-12
656,0.0034718447765783545,1.3861129825609927e-06,0.012866346000000001,3.9299380543169485e-07,3.9926744320136971e-15,0,0,0.0048444906590748918,1.1348766309780777e-06,0.0090424954534331133,3.8760417201217597e-06
657,0.010621571232917203,1.7939876759625542e-05,0.012839994,3.9299380543169485e-07,3.9926744320136971e-15,0,0,0.0048444906590748918,1.1348766309780777e-06,0.03764140127878858,6.1684359762903619e-05
658,0.038653848666054882,0.00028339918174939959,0.012925750999999999,3.9299380543169485e-07,3.9926744320136971e-15,1.1375513279201216e-08,6.8890466804365844e-18,1.2335213843932404e-07,4.3468830174521832e-17,0.15461486694276227,0.00098967402532771959
659,0.038653989076680259,0.00028339918174963177,0.012892054999999999,3.9299380543169485e-07,3.9926744320136971e-15,1.1375513279201216e-08,6.8890466804365844e-18,6.8499463990509688e-07,9.6425054834388508e-16,0.15461486694276227,0.00098967402532771959
660,2.5043059745281837e-06,2.6263598429625864e-13,0.012918667,3.9299380543169485e-07,3.9926744320136971e-15,1.1375513279201216e-08,6.8890466804365844e-18,9.3862690716268412e-06,1.0711203395856254e-12,2.2658550777503332e-07,3.3865724704100287e-15
661,0.00014424098169059011,4.2871530689308404e-09,0.01292015,3.9299380543169485e-07,3.9926744320136971e-15,1.1375513279201216e-08,6.8890466804365844e-18,3.1696332450882019e-05,1.7134390648275296e-11,0.0005448632249927674,1.495684015466391e-08
662,0.0045582579070670808,4.4112774335591504e-06,0.012881363999999999,3.9299380543169485e-07,3.9926744320136971e-15,3.6718238814524115e-08,4.7671550682516093e-17,3.5959278288190782e-06,6.6730504443978359e-14,0.018229005988395285,1.5404866910722966e-05
663,0.0012112594769819163,2.7618484101927637e-07,0.012903227,3.9299380543169485e-07,3.9926744320136971e-15,3.6718238814524115e-08,4.7671550682516093e-17,0.0048444906590748918,1.1348766309780777e-06,1.1753680853951075e-07,8.1378935850548041e-16
664,0.0022607434293660162,1.1099281428336333e-06,0.012947482999999999,3.9299380543169485e-07,3.9926744320136971e-15,8.5270225523800494e-08,2.3852627615639069e-16,0,0,0.0090424954534331133,3.8760417201217597e-06
665,0.0002159477601312163,4.3801571424264516e-09,0.012930700999999999,3.9299380543169485e-07,3.9926744320136971e-15,8.5270225523800494e-08,2.3852627615639069e-16,0.00086283358746406353,1.7998570474129329e-08,4.7918902984102718e-07,1.3811772537286094e-14
666,0.00013636212544180371,4.2829834550777192e-09,0.012949267,3.9299380543169485e-07,3.9926744320136971e-15,1.922829690185178e-07,1.0503927487885637e-15,0,0,0.0005448632249927674,1.495684015466391e-08
667,0.038653865599318896,0.0002833991817496309,0.012909749999999999,3.9299380543169485e-07,3.9926744320136971e-15,1.922829690185178e-07,1.0503927487885637e-15,1.0177739364849487e-08,6.1819868881659968e-18,0.15461486694276227,0.00098967402532771959
668,0.038654084316331737,0.00028339918175060295,0.012886375,3.9299380543169485e-07,3.9926744320136971e-15,3.9233411970282536e-07,4.3772274154343397e-15,6.8499463990509688e-07,9.6425054834388508e-16,0.15461486694276227,0.00098967402532771959
669,0.0004670271282189499,2.1538272700790993e-08,0.012887076000000001,3.9299380543169485e-07,3.9926744320136971e-15,3.9233411970282536e-07,4.3772274154343397e-15,0.00086283358746406353,1.7998570474129329e-08,0.0010044895974866074,5.991881908875963e-08
670,0.0034719428601082767,1.3861129835279721e-06,0.012918015999999999,3.9299380543169485e-07,3.9926744320136971e-15,3.9233411970282536e-07,4.3772274154343397e-15,0.0048444906590748918,1.1348766309780777e-06,0.0090424954534331133,3.8760417201217597e-06
671,0.018219084788238804,3.5371965475453929e-05,0.012884411,3.9299380543169485e-07,3.9926744320136971e-15,3.9233411970282536e-07,4.3772274154343397e-15,0.035234152546241279,7.2765419883759325e-05,0.03764140127878858,6.1684359762903619e-05
672,1.6924964901895644e-05,6.6924516182467289e-11,0.012870715,3.9299380543169485e-07,3.9926744320136971e-15,8.1400577502298111e-07,1.7942025344819159e-14,0,0,6.6492860027127882e-05,2.3369350210529902e-10
673,5.4070250401664573e-07,5.9436713968677532e-15,0.012954927999999999,3.9299380543169485e-07,3.9926744320136971e-15,8.1400577502298111e-07,1.7942025344819159e-14,9.3070088697094474e-07,4.0015195531920299e-15,2.5109548640956888e-08,3.7020830486700943e-17
674,0.038725113663318073,0.00028339944799594274,0.012891285000000001,3.9299380543169485e-07,3.9926744320136971e-15,8.1400577502298111e-07,1.7942025344819159e-14,0.00028438071092829132,1.0940226677592041e-09,0.15461486694276227,0.00098967402532771959
675,5.0751708974080936e-07,1.7005600289764503e-14,0.012881145,3.9299380543169485e-07,3.9926744320136971e-15,1.6370745535315476e-06,7.2472245124145652e-14,0,0,0,0
676,0.0022611622184826345,1.1099281588014601e-06,0.013235482999999999,3.9299380543169485e-07,3.9926744320136971e-15,1.6370745535315476e-06,7.2472245124145652e-14,1.2335213843932404e-07,4.3468830174521832e-17,0.0090424954534331133,3.8760417201217597e-06
677,3.7217572472295682e-05,2.669852999030465e-10,0.012910972999999999,3.9299380543169485e-07,3.9926744320136971e-15,1.6370745535315476e-06,7.2472245124145652e-14,1.4923999791672543e-05,4.275948562067562e-12,0.00013191622173854499,9.2866087487863828e-10
678,4.141065563709784e-05,2.7011454467773161e-10,0.012884031000000001,3.9299380543169485e-07,3.9926744320136971e-15,1.6370745535315476e-06,7.2472245124145652e-14,3.1696332450882019e-05,1.7134390648275296e-11,0.00013191622173854499,9.2866087487863828e-10
679,0.00017559299365465131,4.299664567897617e-09,0.012880564000000001,3.9299380543169485e-07,3.9926744320136971e-15,1.6370745535315476e-06,7.2472245124145652e-14,0.00015547868126687659,6.8479859958329124e-11,0.0005448632249927674,1.495684015466391e-08
680,7.1602694821813349e-05,2.6625957943002459e-10,0.012892094999999999,3.9299380543169485e-07,3.9926744320136971e-15,1.6370745535315476e-06,7.2472245124145652e-14,0.00028438071092829132,1.0940226677592041e-09,0,0
681,0.0034805531673373392,1.3829596180768532e-06,0.012982702,3.9299380543169485e-07,3.9926744320136971e-15,3.0462572474722488e-06,2.9569255723453914e-13,0.009244406265603463,4.548019408270464e-06,0.004674367152692818,9.6435347361865966e-07
682,0.071690695384079878,0.0011405975771384069,0.012938085,3.9299380543169485e-07,3.9926744320136971e-15,3.0462572474722488e-06,2.9569255723453914e-13,0.28454093302533323,0.0046865685654330158,0.0022184092599339413,2.4108403166049585e-07
683,3.8660047355579286e-06,5.2415481287533027e-13,0.012835246,3.9299380543169485e-07,3.9926744320136971e-15,5.6596465165322227e-06,1.1881667417065484e-12,9.3862690716268412e-06,1.0711203395856254e-12,2.5109548640956888e-08,3.7020830486700943e-17
684,7.5883255111836721e-06,5.2179258410858249e-12,0.012895472,3.9299380543169485e-07,3.9926744320136971e-15,1.3292186698712521e-05,4.7792767311777559e-12,1.0177739364849487e-08,6.1819868881659968e-18,1.6657943801225666e-05,1.4531320971435777e-11
685,3.6602477349390481e-06,1.0577765330931678e-12,0.012941802000000001,3.9299380543169485e-07,3.9926744320136971e-15,1.3292186698712521e-05,4.7792767311777559e-12,9.3070088697094474e-07,4.0015195531920299e-15,2.5109548640956888e-08,3.7020830486700943e-17
686,0.00035316614929506955,1.7365292836078046e-08,0.012916653,3.9299380543169485e-07,3.9926744320136971e-15,1.3292186698712521e-05,4.7792767311777559e-12,0.0013676899787404967,7.1283141000387424e-08,3.1289437935637845e-05,5.8289411536559831e-11
687,6.5078719218940137e-06,4.1790138228652421e-12,0.012851647000000001,3.9299380543169485e-07,3.9926744320136971e-15,2.5638493882144404e-05,1.8912646304862198e-11,0,0,0,0
688,2.31310869286759e-05,7.1098570749327104e-11,0.012971761,3.9299380543169485e-07,3.9926744320136971e-15,2.5638493882144404e-05,1.8912646304862198e-11,0,0,6.6492860027127882e-05,2.3369350210529902e-10
689,0.0022708627352281009,1.1099333613987043e-06,0.01291521,3.9299380543169485e-07,3.9926744320136971e-15,2.5638493882144404e-05,1.8912646304862198e-11,1.4923999791672543e-05,4.275948562067562e-12,0.0090424954534331133,3.8760417201217597e-06
690,8.6970978530686685e-05,3.3712621971363991e-10,0.012864151000000001,3.9299380543169485e-07,3.9926744320136971e-15,2.5638493882144404e-05,1.8912646304862198e-11,0.00018993620469662744,2.7539120948023132e-10,0.00013191622173854499,9.2866087487863828e-10
691,0.00090303268159050421,8.6387603584061968e-08,0.012927314000000001,3.9299380543169485e-07,3.9926744320136971e-15,2.5638493882144404e-05,1.8912646304862198e-11,0.0013676899787404967,7.1283141000387424e-08,0.0022184092599339413,2.4108403166049585e-07
692,0.01778915083366793,6.9876538839816414e-05,0.012894902,3.9299380543169485e-07,3.9926744320136971e-15,2.5638493882144404e-05,1.8912646304862198e-11,0.070998655625245252,0.00028712996885817864,0.00013191622173854499,9.2866087487863828e-10
693,8.171239805337602e-05,1.0893513332460312e-09,0.012903298000000001,3.9299380543169485e-07,3.9926744320136971e-15,5.118185858950802e-05,7.5278650828326678e-11,0,0,0.00027527473981856643,3.7461066010287721e-09
694,0.00022883600148224819,4.3967987972961385e-09,0.012921383,3.9299380543169485e-07,3.9926744320136971e-15,5.118185858950802e-05,7.5278650828326678e-11,0.00086283358746406353,1.7998570474129329e-08,9.3556606998057864e-07,5.5017233883187946e-14
695,0.0012240226552546216,2.7620147069444095e-07,0.0128632,3.9299380543169485e-07,3.9926744320136971e-15,5.118185858950802e-05,7.5278650828326678e-11,0.0048444906590748918,1.1348766309780777e-06,2.5109548640956888e-08,3.7020830486700943e-17
696,0.0012318387373513734,2.7621816221166742e-07,0.012880312999999999,3.9299380543169485e-07,3.9926744320136971e-15,5.118185858950802e-05,7.5278650828326678e-11,0.0048444906590748918,1.1348766309780777e-06,3.1289437935637845e-05,5.8289411536559831e-11
697,0.001196207000245738,2.7621621774941442e-07,0.01294608,3.9299380543169485e-07,3.9926744320136971e-15,0.00011006785448470327,3.065896160972491e-10,0,0,0.004674367152692818,9.6435347361865966e-07
698,0.038682082611994538,0.00028339924948250626,0.012909109,3.9299380543169485e-07,3.9926744320136971e-15,0.00011006785448470327,3.065896160972491e-10,3.0026569248976691e-06,1.6340168279266537e-14,0.15461486694276227,0.00098967402532771959
699,0.00036955179364516583,1.7415274689891549e-08,0.012871726999999999,3.9299380543169485e-07,3.9926744320136971e-15,0.00011006785448470327,3.065896160972491e-10,0.0013676899787404967,7.1283141000387424e-08,5.6347550033575723e-08,1.8557385880728104e-16
700,5.0718858064163042e-05,2.7561375073674149e-10,0.012954146,3.9299380543169485e-07,3.9926744320136971e-15,0.0002024824384512204,1.2476170158873263e-09,0,0,0,0
701,0.038704435593754805,0.00028339945736215698,0.012846497,3.9299380543169485e-07,3.9926744320136971e-15,0.0002024824384512204,1.2476170158873263e-09,0,0,0.15461486694276227,0.00098967402532771959
702,5.1631926908876111e-05,2.7563004348676334e-10,0.012939137999999999,3.9299380543169485e-07,3.9926744320136971e-15,0.0002024824384512204,1.2476170158873263e-09,3.5959278288190782e-06,6.6730504443978359e-14,5.6347550033575723e-08,1.8557385880728104e-16
703,0.0024378304056960438,1.1112683237896855e-06,0.012921633,3.9299380543169485e-07,3.9926744320136971e-15,0.0002024824384512204,1.2476170158873263e-09,0.00050595073709442328,4.3744386336726988e-09,0.0090424954534331133,3.8760417201217597e-06
704,0.00023598367938432781,4.3645864200186462e-09,0.012866416,3.9299380543169485e-07,3.9926744320136971e-15,0.00093960350073700059,1.9757091519064694e-08,3.0026569248976691e-06,1.6340168279266537e-14,9.3556606998057864e-07,5.5017233883187946e-14
705,0.00023878676996047155,4.3656082583031605e-09,0.01296098,3.9299380543169485e-07,3.9926744320136971e-15,0.00093960350073700059,1.9757091519064694e-08,1.4923999791672543e-05,4.275948562067562e-12,2.2658550777503332e-07,3.3865724704100287e-15
706,0.00041405655769983162,1.7151590931972014e-08,0.012941843,3.9299380543169485e-07,3.9926744320136971e-15,0.0016536711963809558,7.7639855504669115e-08,0,0,2.1620406129402982e-06,2.266527741266158e-13
707,0.00055342991023330694,1.849048903185899e-08,0.012970778000000001,3.9299380543169485e-07,3.9926744320136971e-15,0.0016536711963809558,7.7639855504669115e-08,0.00028438071092829132,1.0940226677592041e-09,0.00027527473981856643,3.7461066010287721e-09
708,0.00491637662826262,4.4585724407439829e-06,0.01289974,3.9299380543169485e-07,3.9926744320136971e-15,0.0016536711963809558,7.7639855504669115e-08,0.017980152884928567,1.825026263439753e-05,3.1289437935637845e-05,5.8289411536559831e-11
709,0.018717782268841226,6.9962456139190552e-05,0.012902797000000001,3.9299380543169485e-07,3.9926744320136971e-15,0.0016536711963809558,7.7639855504669115e-08,0.070998655625245252,0.00028712996885817864,0.0022184092599339413,2.4108403166049585e-07
710,0.00077661403422099606,6.8523790601328162e-08,0.012855636,3.9299380543169485e-07,3.9926744320136971e-15,0.0031050149053830512,3.1018682127148085e-07,9.3070088697094474e-07,4.0015195531920299e-15,1.1753680853951075e-07,8.1378935850548041e-16
711,0.010907642441276847,1.7935593343635848e-05,0.012939087,3.9299380543169485e-07,3.9926744320136971e-15,0.0059878447916266436,1.2308169179467562e-06,9.3070088697094474e-07,4.0015195531920299e-15,0.03764140127878858,6.1684359762903619e-05
712,0.040153122749316546,0.00028367108343289269,0.012912896,3.9299380543169485e-07,3.9926744320136971e-15,0.0059878447916266436,1.2308169179467562e-06,9.3862690716268412e-06,1.0711203395856254e-12,0.15461486694276227,0.00098967402532771959
713,0.0030348888941068315,1.0905426154162022e-06,0.012953655999999999,3.9299380543169485e-07,3.9926744320136971e-15,0.011591296700704166,4.9171744444568016e-06,3.0026569248976691e-06,1.6340168279266537e-14,0.0005448632249927674,1.495684015466391e-08
714,0.0029367920939441395,1.086276294547188e-06,0.012860936,3.9299380543169485e-07,3.9926744320136971e-15,0.011591296700704166,4.9171744444568016e-06,0.00015547868126687659,6.8479859958329124e-11,0,0
715,0.002949570960751892,1.086330809855673e-06,0.01288917,3.9299380543169485e-07,3.9926744320136971e-15,0.011591296700704166,4.9171744444568016e-06,0.00018993620469662744,2.7539120948023132e-10,1.6657943801225666e-05,1.4531320971435777e-11
716,0.0054998072757222963,4.3931515297199691e-06,0.012882628,3.9299380543169485e-07,3.9926744320136971e-15,0.021998665538680674,1.9886491098706625e-05,1.7057040310223498e-07,2.1835577115764133e-16,0,0
717,0.0054998213626098191,4.3931515297725436e-06,0.012987722,3.9299380543169485e-07,3.9926744320136971e-15,0.021998665538680674,1.9886491098706625e-05,1.7057040310223498e-07,2.1835577115764133e-16,5.6347550033575723e-08,1.8557385880728104e-16
718,0.01491246152008641,2.2056843709185714e-05,0.01291984,3.9299380543169485e-07,3.9926744320136971e-15,0.021998665538680674,1.9886491098706625e-05,9.3862690716268412e-06,1.0711203395856254e-12,0.03764140127878858,6.1684359762903619e-05
719,0.0060932366184217176,4.4622040750552324e-06,0.012917985999999999,3.9299380543169485e-07,3.9926744320136971e-15,0.021998665538680674,1.9886491098706625e-05,0.00015547868126687659,6.8479859958329124e-11,0.0022184092599339413,2.4108403166049585e-07
720,0.023253593025383115,7.4269424423908741e-05,0.012928267,3.9299380543169485e-07,3.9926744320136971e-15,0.021998665538680674,1.9886491098706625e-05,0.070998655625245252,0.00028712996885817864,1.6657943801225666e-05,1.4531320971435777e-11
721,0.041070559194378076,0.00028443641508808971,0.012875744,3.9299380543169485e-07,3.9926744320136971e-15,0.021998665538680674,1.9886491098706625e-05,0.14228101620441289,0.0011507313567779948,2.1620406129402982e-06,2.266527741266158e-13
722,0.086045348209151273,0.0011625853846405597,0.012992942,3.9299380543169485e-07,3.9926744320136971e-15,0.021998665538680674,1.9886491098706625e-05,0.28454093302533323,0.0046865685654330158,0.03764140127878858,6.1684359762903619e-05
723,0.040909755135351437,0.00013999237821075717,0.012888378000000001,3.9299380543169485e-07,3.9926744320136971e-15,0.087042682017042267,0.00031642210546467976,0.00018993620469662744,2.7539120948023132e-10,0.076406009325860683,0.00024476894619767731
724,0.06196876658124556,0.00035329571441078991,0.012953796,3.9299380543169485e-07,3.9926744320136971e-15,0.17146866400531868,0.0012819832070484491,0,0,0.076406009325860683,0.00024476894619767731
725,0.042883930107388314,0.00028320470356679744,0.012956821,3.9299380543169485e-07,3.9926744320136971e-15,0.17146866400531868,0.0012819832070484491,1.7057040310223498e-07,2.1835577115764133e-16,6.6492860027127882e-05,2.3369350210529902e-10
726,0.078438580321263787,0.0005632479003990779,0.0129202,3.9299380543169485e-07,3.9926744320136971e-15,0.17146866400531868,0.0012819832070484491,0.14228101620441289,0.0011507313567779948,4.2480815196427367e-06,9.0220702679766719e-13
727,1.6307955259516785e-07,4.0781475390613122e-15,0.012857327999999999,6.523182103806714e-07,1.6353706440747407e-14,0,0,0,0,0,0
728,3.3432821257144355e-07,4.3128086255026356e-15,0.012923637,6.523182103806714e-07,1.6353706440747407e-14,0,0,6.8499463990509688e-07,9.6425054834388508e-16,0,0
729,0.00013661156102252935,4.2829872793368077e-09,0.012980238,6.523182103806714e-07,1.6353706440747407e-14,0,0,9.3070088697094474e-07,4.0015195531920299e-15,0.0005448632249927674,1.495684015466391e-08
730,1.5830388619133946e-06,6.8881203997866848e-14,0.012932163999999999,6.523182103806714e-07,1.6353706440747407e-14,0,0,5.6798372372729349e-06,2.6628353116564885e-13,0,0
731,1.0332006304411327e-05,1.6956275012945836e-11,0.012912005000000001,6.523182103806714e-07,1.6353706440747407e-14,0,0,9.3862690716268412e-06,1.0711203395856254e-12,3.1289437935637845e-05,5.8289411536559831e-11
732,8.2069599227758555e-06,4.1778776076130349e-12,0.012883309000000001,6.523182103806714e-07,1.6353706440747407e-14,0,0,3.1696332450882019e-05,1.7134390648275296e-11,4.7918902984102718e-07,1.3811772537286094e-14
733,3.9032749869314376e-05,1.6669413069848265e-11,0.01284793,6.523182103806714e-07,1.6353706440747407e-14,0,0,0.00015547868126687659,6.8479859958329124e-11,0,0
734,0.009457997450423904,1.7663758942439212e-05,0.012886725,6.523182103806714e-07,1.6353706440747407e-14,0,0,0.00018993620469662744,2.7539120948023132e-10,0.03764140127878858,6.1684359762903619e-05
735,7.1492148802163299e-05,2.6626240649711122e-10,0.012891425,6.523182103806714e-07,1.6353706440747407e-14,0,0,0.00028438071092829132,1.0940226677592041e-09,9.3556606998057864e-07,5.5017233883187946e-14
736,0.0023154291319037713,1.1068152293409238e-06,0.012912735999999999,6.523182103806714e-07,1.6353706440747407e-14,0,0,0.009244406265603463,4.548019408270464e-06,1.6657943801225666e-05,1.4531320971435777e-11
737,0.071135425720087686,0.0011405285411962376,0.012959216000000001,6.523182103806714e-07,1.6353706440747407e-14,0,0,0.28454093302533323,0.0046865685654330158,1.1753680853951075e-07,8.1378935850548041e-16
738,0.075692647832984364,0.0011449398186124335,0.01291489,6.523182103806714e-07,1.6353706440747407e-14,0,0,0.28454093302533323,0.0046865685654330158,0.018229005988395285,1.5404866910722966e-05
739,4.0061168393328129e-07,5.0549794074292767e-15,0.012873600000000001,6.523182103806714e-07,1.6353706440747407e-14,1.1375513279201216e-08,6.8890466804365844e-18,9.3070088697094474e-07,4.0015195531920299e-15,8.0521251023118028e-09,5.2233865048072528e-18
740,0.0044952167577315726,4.4414042272868813e-06,0.012930229999999999,6.523182103806714e-07,1.6353706440747407e-14,3.6718238814524115e-08,4.7671550682516093e-17,0.017980152884928567,1.825026263439753e-05,2.5109548640956888e-08,3.7020830486700943e-17
741,0.035572550910509759,0.00028004326454471394,0.012911904,6.523182103806714e-07,1.6353706440747407e-14,3.6718238814524115e-08,4.7671550682516093e-17,0.14228101620441289,0.0011507313567779948,8.4984011763542629e-06,3.6567069197450944e-12
742,6.9003082063617461e-05,1.0727245602995517e-09,0.012858431,6.523182103806714e-07,1.6353706440747407e-14,8.5270225523800494e-08,2.3852627615639069e-16,0,0,0.00027527473981856643,3.7461066010287721e-09
743,0.01910310668788337,7.0091077832513184e-05,0.012926312000000001,6.523182103806714e-07,1.6353706440747407e-14,8.5270225523800494e-08,2.3852627615639069e-16,5.6798372372729349e-06,2.6628353116564885e-13,0.076406009325860683,0.00024476894619767731
744,0.00055851771204038024,6.9036924784547354e-08,0.012921633,6.523182103806714e-07,1.6353706440747407e-14,8.5270225523800494e-08,2.3852627615639069e-16,1.4923999791672543e-05,4.275948562067562e-12,0.0022184092599339413,2.4108403166049585e-07
745,0.0044993871042913877,4.4414083884506612e-06,0.012864512,6.523182103806714e-07,1.6353706440747407e-14,8.5270225523800494e-08,2.3852627615639069e-16,0.017980152884928567,1.825026263439753e-05,1.6657943801225666e-05,1.4531320971435777e-11
746,2.5718044502648951e-06,2.650323691800612e-13,0.012922425,6.523182103806714e-07,1.6353706440747407e-14,1.922829690185178e-07,1.0503927487885637e-15,9.3862690716268412e-06,1.0711203395856254e-12,5.6347550033575723e-08,1.8557385880728104e-16
747,0.00034219029135691811,1.7347549796089556e-08,0.012851266,6.523182103806714e-07,1.6353706440747407e-14,1.922829690185178e-07,1.0503927487885637e-15,0.0013676899787404967,7.1283141000387424e-08,2.2658550777503332e-07,3.3865724704100287e-15
748,2.6116308252087386e-07,5.0451267419792408e-15,0.012968454000000001,6.523182103806714e-07,1.6353706440747407e-14,3.9233411970282536e-07,4.3772274154343397e-15,0,0,0,0
749,1.8009196492993586e-06,7.3803268345376396e-14,0.012906483999999999,6.523182103806714e-07,1.6353706440747407e-14,3.9233411970282536e-07,4.3772274154343397e-15,5.6798372372729349e-06,2.6628353116564885e-13,4.7918902984102718e-07,1.3811772537286094e-14
750,0.013905755121925574,2.2105096150079851e-05,0.012930189999999999,6.523182103806714e-07,1.6353706440747407e-14,8.1400577502298111e-07,1.7942025344819159e-14,0.017980152884928567,1.825026263439753e-05,0.03764140127878858,6.1684359762903619e-05
751,0.03557062063209962,0.00028004326350155397,0.012891023999999999,6.523182103806714e-07,1.6353706440747407e-14,8.1400577502298111e-07,1.7942025344819159e-14,0.14228101620441289,0.0011507313567779948,0,0
752,0.0044956105694230917,4.4414042432762714e-06,0.012965759,6.523182103806714e-07,1.6353706440747407e-14,1.6370745535315476e-06,7.2472245124145652e-14,0.017980152884928567,1.825026263439753e-05,0,0
753,1.0166962657690908e-05,1.6825730872656206e-11,0.012942723999999999,6.523182103806714e-07,1.6353706440747407e-14,3.0462572474722488e-06,2.9569255723453914e-13,5.6798372372729349e-06,2.6628353116564885e-13,3.1289437935637845e-05,5.8289411536559831e-11
754,0.00021668968710742301,4.3802225087433148e-09,0.012904280000000001,6.523182103806714e-07,1.6353706440747407e-14,3.0462572474722488e-06,2.9569255723453914e-13,0.00086283358746406353,1.7998570474129329e-08,2.2658550777503332e-07,3.3865724704100287e-15
755,0.00063858639707580021,6.9767619603973191e-08,0.012900182,6.523182103806714e-07,1.6353706440747407e-14,3.0462572474722488e-06,2.9569255723453914e-13,0.0025421486116689808,2.8667892863997632e-07,8.4984011763542629e-06,3.6567069197450944e-12
756,0.011722376529962443,1.8770503052378851e-05,0.012872999,6.523182103806714e-07,1.6353706440747407e-14,3.0462572474722488e-06,2.9569255723453914e-13,0.009244406265603463,4.548019408270464e-06,0.03764140127878858,6.1684359762903619e-05
757,1.1339323745792584e-05,1.7751413012485275e-11,0.012889731,6.523182103806714e-07,1.6353706440747407e-14,1.3292186698712521e-05,4.7792767311777559e-12,1.2335213843932404e-07,4.3468830174521832e-17,3.1289437935637845e-05,5.8289411536559831e-11
758,7.957293789268602e-06,2.3676639304828123e-12,0.012927213999999999,6.523182103806714e-07,1.6353706440747407e-14,1.3292186698712521e-05,4.7792767311777559e-12,9.3862690716268412e-06,1.0711203395856254e-12,8.4984011763542629e-06,3.6567069197450944e-12
759,7.6035811129832476e-05,1.0748209036653118e-09,0.012908016,6.523182103806714e-07,1.6353706440747407e-14,1.3292186698712521e-05,4.7792767311777559e-12,1.4923999791672543e-05,4.275948562067562e-12,0.00027527473981856643,3.7461066010287721e-09
760,0.0023905976738591542,1.1109937699135551e-06,0.012951420999999999,6.523182103806714e-07,1.6353706440747407e-14,1.3292186698712521e-05,4.7792767311777559e-12,0.00050595073709442328,4.3744386336726988e-09,0.0090424954534331133,3.8760417201217597e-06
761,0.039292740014835188,0.00028346894931136849,0.012866957,6.523182103806714e-07,1.6353706440747407e-14,1.3292186698712521e-05,4.7792767311777559e-12,0.0025421486116689808,2.8667892863997632e-07,0.15461486694276227,0.00098967402532771959
762,0.0012148426825134844,2.7618591540917869e-07,0.012890352000000001,6.523182103806714e-07,1.6353706440747407e-14,1.3292186698712521e-05,4.7792767311777559e-12,0.0048444906590748918,1.1348766309780777e-06,9.3556606998057864e-07,5.5017233883187946e-14
763,0.0088161728599633442,1.7708277995080257e-05,0.012956179999999999,6.523182103806714e-07,1.6353706440747407e-14,2.5638493882144404e-05,1.8912646304862198e-11,0.035234152546241279,7.2765419883759325e-05,4.2480815196427367e-06,9.0220702679766719e-13
764,0.00060643052950017735,6.9069179375304413e-08,0.012869733,6.523182103806714e-07,1.6353706440747407e-14,5.118185858950802e-05,7.5278650828326678e-11,0.00015547868126687659,6.8479859958329124e-11,0.0022184092599339413,2.4108403166049585e-07
765,2.9807187902700684e-05,6.8780324898122091e-11,0.012850825999999999,6.523182103806714e-07,1.6353706440747407e-14,0.00011006785448470327,3.065896160972491e-10,1.0177739364849487e-08,6.1819868881659968e-18,8.4984011763542629e-06,3.6567069197450944e-12
766,0.002394864311000906,1.1073526086584851e-06,0.012910972999999999,6.523182103806714e-07,1.6353706440747407e-14,0.0002024824384512204,1.2476170158873263e-09,0.009244406265603463,4.548019408270464e-06,0.00013191622173854499,9.2866087487863828e-10
767,0.0001390467749134231,1.361393606664299e-09,0.012939678,6.523182103806714e-07,1.6353706440747407e-14,0.00042360838196540306,4.958830087016193e-09,1.0177739364849487e-08,6.1819868881659968e-18,0.00013191622173854499,9.2866087487863828e-10
768,0.00032177357190996255,5.4756180494464528e-09,0.012917184999999999,6.523182103806714e-07,1.6353706440747407e-14,0.00042360838196540306,4.958830087016193e-09,0.00086283358746406353,1.7998570474129329e-08,0,0
769,0.0089146326958064129,1.7709369020774966e-05,0.012956491000000001,6.523182103806714e-07,1.6353706440747407e-14,0.00042360838196540306,4.958830087016193e-09,0.035234152546241279,7.2765419883759325e-05,1.1753680853951075e-07,8.1378935850548041e-16
770,0.00027177401011939996,4.6315380657285446e-09,0.012886926,6.523182103806714e-07,1.6353706440747407e-14,0.00093960350073700059,1.9757091519064694e-08,1.4923999791672543e-05,4.275948562067562e-12,0.00013191622173854499,9.2866087487863828e-10
771,0.0050080238487016397,4.420022138223757e-06,0.012962372999999999,6.523182103806714e-07,1.6353706440747407e-14,0.00093960350073700059,1.9757091519064694e-08,0.00086283358746406353,1.7998570474129329e-08,0.018229005988395285,1.5404866910722966e-05
772,0.035805437803097494,0.00028004762806724433,0.012869993,6.523182103806714e-07,1.6353706440747407e-14,0.00093960350073700059,1.9757091519064694e-08,0.14228101620441289,0.0011507313567779948,4.7918902984102718e-07,1.3811772537286094e-14
773,0.0018758259427882,3.1049448749027516e-07,0.012863651,6.523182103806714e-07,1.6353706440747407e-14,0.0016536711963809558,7.7639855504669115e-08,0.0048444906590748918,1.1348766309780777e-06,0.0010044895974866074,5.991881908875963e-08
774,0.028323621346673353,8.7816502847329613e-05,0.012949066,6.523182103806714e-07,1.6353706440747407e-14,0.0016536711963809558,7.7639855504669115e-08,0.035234152546241279,7.2765419883759325e-05,0.076406009325860683,0.00024476894619767731
775,0.0362349573291227,0.0002800775731412281,0.012937133,6.523182103806714e-07,1.6353706440747407e-14,0.0016536711963809558,7.7639855504669115e-08,0.14228101620441289,0.0011507313567779948,0.0010044895974866074,5.991881908875963e-08
776,0.00082310883569898627,6.8557149339718837e-08,0.012942234,6.523182103806714e-07,1.6353706440747407e-14,0.0031050149053830512,3.1018682127148085e-07,0.00015547868126687659,6.8479859958329124e-11,3.1289437935637845e-05,5.8289411536559831e-11
777,0.00084805249378366681,6.8790099954200228e-08,0.012973484,6.523182103806714e-07,1.6353706440747407e-14,0.0031050149053830512,3.1018682127148085e-07,0.00028438071092829132,1.0940226677592041e-09,2.1620406129402982e-06,2.266527741266158e-13
778,0.0017482775148655219,2.8905954550577593e-07,0.013210926,6.523182103806714e-07,1.6353706440747407e-14,0.0059878447916266436,1.2308169179467562e-06,1.2335213843932404e-07,4.3468830174521832e-17,0.0010044895974866074,5.991881908875963e-08
779,0.0015661756376356493,2.7297414829930677e-07,0.012911743999999999,6.523182103806714e-07,1.6353706440747407e-14,0.0059878447916266436,1.2308169179467562e-06,9.3070088697094474e-07,4.0015195531920299e-15,0.00027527473981856643,3.7461066010287721e-09
780,0.0014978890285779886,2.7190143092573538e-07,0.012940500000000001,6.523182103806714e-07,1.6353706440747407e-14,0.0059878447916266436,1.2308169179467562e-06,3.0026569248976691e-06,1.6340168279266537e-14,5.6347550033575723e-08,1.8557385880728104e-16
781,0.0021368259163268019,3.4167209111195073e-07,0.012941512000000001,6.523182103806714e-07,1.6353706440747407e-14,0.0059878447916266436,1.2308169179467562e-06,0.0025421486116689808,2.8667892863997632e-07,1.6657943801225666e-05,1.4531320971435777e-11
782,0.0038123903298104087,1.3787166521588099e-06,0.012915612,6.523182103806714e-07,1.6353706440747407e-14,0.0059878447916266436,1.2308169179467562e-06,0.009244406265603463,4.548019408270464e-06,1.6657943801225666e-05,1.4531320971435777e-11
783,0.0055019967071176122,4.3931525799221781e-06,0.012901063000000001,6.523182103806714e-07,1.6353706440747407e-14,0.021998665538680674,1.9886491098706625e-05,1.7057040310223498e-07,2.1835577115764133e-16,8.4984011763542629e-06,3.6567069197450944e-12
784,0.012368182527722444,9.91124001319294e-06,0.012840125000000001,6.523182103806714e-07,1.6353706440747407e-14,0.021998665538680674,1.9886491098706625e-05,0.009244406265603463,4.548019408270464e-06,0.018229005988395285,1.5404866910722966e-05
785,0.015476959388956282,2.2377573575011071e-05,0.012962833,6.523182103806714e-07,1.6353706440747407e-14,0.021998665538680674,1.9886491098706625e-05,0.035234152546241279,7.2765419883759325e-05,0.004674367152692818,9.6435347361865966e-07
786,0.011231017860818182,1.7738074295283547e-05,0.012964656999999999,6.523182103806714e-07,1.6353706440747407e-14,0.044908377588462341,8.0294984932708011e-05,1.4923999791672543e-05,4.275948562067562e-12,1.1753680853951075e-07,8.1378935850548041e-16
787,0.011442979960421691,1.7742453406643038e-05,0.012921472999999999,6.523182103806714e-07,1.6353706440747407e-14,0.044908377588462341,8.0294984932708011e-05,0.00086283358746406353,1.7998570474129329e-08,5.6347550033575723e-08,1.8557385880728104e-16
788,0.01572230978478778,2.2179477477693681e-05,0.012995958,6.523182103806714e-07,1.6353706440747407e-14,0.044908377588462341,8.0294984932708011e-05,0.017980152884928567,1.825026263439753e-05,5.6347550033575723e-08,1.8557385880728104e-16
789,0.015722352344277185,2.2179477478610306e-05,0.012939307000000001,6.523182103806714e-07,1.6353706440747407e-14,0.044908377588462341,8.0294984932708011e-05,0.017980152884928567,1.825026263439753e-05,2.2658550777503332e-07,3.3865724704100287e-15
790,0.02231543844323149,6.9970269310791735e-05,0.012901474,6.523182103806714e-07,1.6353706440747407e-14,0.087042682017042267,0.00031642210546467976,1.0177739364849487e-08,6.1819868881659968e-18,0.0022184092599339413,2.4108403166049585e-07
791,0.024025188447119435,7.1011162613123083e-05,0.012867939,6.523182103806714e-07,1.6353706440747407e-14,0.087042682017042267,0.00031642210546467976,1.4923999791672543e-05,4.275948562067562e-12,0.0090424954534331133,3.8760417201217597e-06
792,0.021799759900506838,6.9901250097042868e-05,0.012914359,6.523182103806714e-07,1.6353706440747407e-14,0.087042682017042267,0.00031642210546467976,0.00015547868126687659,6.8479859958329124e-11,2.2658550777503332e-07,3.3865724704100287e-15
793,0.04287153620943325,0.00028320464081145518,0.012866677,6.523182103806714e-07,1.6353706440747407e-14,0.17146866400531868,0.0012819832070484491,1.7057040310223498e-07,2.1835577115764133e-16,1.6657943801225666e-05,1.4531320971435777e-11
794,4.4799325899760755e-07,1.6595061153919336e-14,0.012887937,1.7919730359904302e-06,6.6547557654060526e-14,0,0,0,0,0,0
795,0.0011690397814322017,2.7614850422385696e-07,0.012906002999999999,1.7919730359904302e-06,6.6547557654060526e-14,0,0,0,0,0.004674367152692818,9.6435347361865966e-07
796,4.0379683955627412e-05,1.6940282457731045e-11,0.012872157,1.7919730359904302e-06,6.6547557654060526e-14,0,0,0.00015547868126687659,6.8479859958329124e-11,4.2480815196427367e-06,9.0220702679766719e-13
797,4.7932044433154362e-05,6.7036106249416122e-11,0.012910922999999999,1.7919730359904302e-06,6.6547557654060526e-14,0,0,0.00018993620469662744,2.7539120948023132e-10,0,0
798,0.01931765872159006,7.0095457932312349e-05,0.012973554,1.7919730359904302e-06,6.6547557654060526e-14,0,0,0.00086283358746406353,1.7998570474129329e-08,0.076406009325860683,0.00024476894619767731
799,1.891219015527849e-06,8.1461789003324753e-14,0.012876766,1.7919730359904302e-06,6.6547557654060526e-14,3.6718238814524115e-08,4.7671550682516093e-17,5.6798372372729349e-06,2.6628353116564885e-13,5.6347550033575723e-08,1.8557385880728104e-16
800,4.188172766619384e-06,1.0572051925846687e-12,0.012956672000000001,1.7919730359904302e-06,6.6547557654060526e-14,3.6718238814524115e-08,4.7671550682516093e-17,1.4923999791672543e-05,4.275948562067562e-12,0,0
801,0.020010744942488209,7.0986196891493507e-05,0.012972312,1.7919730359904302e-06,6.6547557654060526e-14,3.6718238814524115e-08,4.7671550682516093e-17,0.070998655625245252,0.00028712996885817864,0.0090424954534331133,3.8760417201217597e-06
802,0.038655085028463342,0.00028339918178127237,0.012932765000000001,1.7919730359904302e-06,6.6547557654060526e-14,8.5270225523800494e-08,2.3852627615639069e-16,3.5959278288190782e-06,6.6730504443978359e-14,0.15461486694276227,0.00098967402532771959
803,0.043149224267738019,0.00028784058598822245,0.012925941999999999,1.7919730359904302e-06,6.6547557654060526e-14,8.5270225523800494e-08,2.3852627615639069e-16,0.017980152884928567,1.825026263439753e-05,0.15461486694276227,0.00098967402532771959
804,4.9606400125223685e-07,1.6827104830561061e-14,0.012952563,1.7919730359904302e-06,6.6547557654060526e-14,1.922829690185178e-07,1.0503927487885637e-15,0,0,0,0
805,8.3712270635984637e-07,2.1751786587870209e-14,0.012915471,1.7919730359904302e-06,6.6547557654060526e-14,3.9233411970282536e-07,4.3772274154343397e-15,6.8499463990509688e-07,9.6425054834388508e-16,4.7918902984102718e-07,1.3811772537286094e-14
806,0.0045586965558449396,4.4112774501150006e-06,0.012883500000000001,1.7919730359904302e-06,6.6547557654060526e-14,3.9233411970282536e-07,4.3772274154343397e-15,3.5959278288190782e-06,6.6730504443978359e-14,0.018229005988395285,1.5404866910722966e-05
807,6.8861012452342289e-07,2.0579837897448912e-14,0.012931583,1.7919730359904302e-06,6.6547557654060526e-14,8.1400577502298111e-07,1.7942025344819159e-14,1.2335213843932404e-07,4.3468830174521832e-17,2.5109548640956888e-08,3.7020830486700943e-17
808,4.8137558908185734e-05,6.7040071342145118e-11,0.012928347,1.7919730359904302e-06,6.6547557654060526e-14,8.1400577502298111e-07,1.7942025344819159e-14,0.00018993620469662744,2.7539120948023132e-10,8.0521251023118028e-09,5.2233865048072528e-18
809,0.00012926377927044674,1.0656359326122985e-09,0.012869330999999999,1.7919730359904302e-06,6.6547557654060526e-14,8.1400577502298111e-07,1.7942025344819159e-14,0.00050595073709442328,4.3744386336726988e-09,8.4984011763542629e-06,3.6567069197450944e-12
810,0.0028663553760870947,1.1758469647433217e-06,0.012917015,1.7919730359904302e-06,6.6547557654060526e-14,8.1400577502298111e-07,1.7942025344819159e-14,0.009244406265603463,4.548019408270464e-06,0.0022184092599339413,2.4108403166049585e-07
811,8.9437731915056133e-07,3.2626182181784061e-14,0.012892827000000001,1.7919730359904302e-06,6.6547557654060526e-14,1.6370745535315476e-06,7.2472245124145652e-14,1.2335213843932404e-07,4.3468830174521832e-17,2.5109548640956888e-08,3.7020830486700943e-17
812,4.8397959448481009e-05,6.7053085956323443e-11,0.012924458,1.7919730359904302e-06,6.6547557654060526e-14,1.6370745535315476e-06,7.2472245124145652e-14,0.00018993620469662744,2.7539120948023132e-10,2.2658550777503332e-07,3.3865724704100287e-15
813,0.00034313205225598964,1.7347626433034862e-08,0.012944277000000001,1.7919730359904302e-06,6.6547557654060526e-14,3.0462572474722488e-06,2.9569255723453914e-13,0.0013676899787404967,7.1283141000387424e-08,0,0
814,0.0044969011261202559,4.4414045022627581e-06,0.012985908000000001,1.7919730359904302e-06,6.6547557654060526e-14,5.6596465165322227e-06,1.1881667417065484e-12,0.017980152884928567,1.825026263439753e-05,0,0
815,0.0093650033564319935,1.7777309713760151e-05,0.012916954,1.7919730359904302e-06,6.6547557654060526e-14,5.6596465165322227e-06,1.1881667417065484e-12,0.035234152546241279,7.2765419883759325e-05,0.0022184092599339413,2.4108403166049585e-07
816,3.675263980315325e-05,2.6700008772679833e-10,0.012910341000000001,1.7919730359904302e-06,6.6547557654060526e-14,1.3292186698712521e-05,4.7792767311777559e-12,1.0177739364849487e-08,6.1819868881659968e-18,0.00013191622173854499,9.2866087487863828e-10
817,0.00025724000657323539,1.7159451659721236e-08,0.012930631,1.7919730359904302e-06,6.6547557654060526e-14,1.3292186698712521e-05,4.7792767311777559e-12,9.3862690716268412e-06,1.0711203395856254e-12,0.0010044895974866074,5.991881908875963e-08
818,0.018922026734418229,7.0152418293128245e-05,0.012874362,1.7919730359904302e-06,6.6547557654060526e-14,1.3292186698712521e-05,4.7792767311777559e-12,0.070998655625245252,0.00028712996885817864,0.004674367152692818,9.6435347361865966e-07
819,0.038668498435533105,0.00028339919011286836,0.012905191,1.7919730359904302e-06,6.6547557654060526e-14,2.5638493882144404e-05,1.8912646304862198e-11,3.1696332450882019e-05,1.7134390648275296e-11,0.15461486694276227,0.00098967402532771959
820,0.071143152893443015,0.001140528545645032,0.012915230999999999,1.7919730359904302e-06,6.6547557654060526e-14,2.5638493882144404e-05,1.8912646304862198e-11,0.28454093302533323,0.0046865685654330158,4.2480815196427367e-06,9.0220702679766719e-13
821,1.3274295940984535e-05,1.6646513767931328e-11,0.012870093000000001,1.7919730359904302e-06,6.6547557654060526e-14,5.118185858950802e-05,7.5278650828326678e-11,1.2335213843932404e-07,4.3468830174521832e-17,0,0
822,0.00024368744063370067,4.4478979121501004e-09,0.012920881,1.7919730359904302e-06,6.6547557654060526e-14,0.00011006785448470327,3.065896160972491e-10,0.00086283358746406353,1.7998570474129329e-08,5.6347550033575723e-08,1.8557385880728104e-16
823,0.00036994409794224056,1.7415291205919114e-08,0.012941342,1.7919730359904302e-06,6.6547557654060526e-14,0.00011006785448470327,3.065896160972491e-10,0.0013676899787404967,7.1283141000387424e-08,2.2658550777503332e-07,3.3865724704100287e-15
824,0.023624505509577565,7.4532549732489575e-05,0.012937433999999999,1.7919730359904302e-06,6.6547557654060526e-14,0.00011006785448470327,3.065896160972491e-10,0.017980152884928567,1.825026263439753e-05,0.076406009325860683,0.00024476894619767731
825,5.1068602871802596e-05,2.7562935013887045e-10,0.013134427000000001,1.7919730359904302e-06,6.6547557654060526e-14,0.0002024824384512204,1.2476170158873263e-09,0,0,0,0
826,0.00039299109755692584,1.7623173866271567e-08,0.012973223000000001,1.7919730359904302e-06,6.6547557654060526e-14,0.0002024824384512204,1.2476170158873263e-09,0.0013676899787404967,7.1283141000387424e-08,0,0
827,0.00028143556531526283,5.3951259896682736e-09,0.012897397,1.7919730359904302e-06,6.6547557654060526e-14,0.00042360838196540306,4.958830087016193e-09,0.00015547868126687659,6.8479859958329124e-11,0.0005448632249927674,1.495684015466391e-08
828,0.00017744526648242034,1.361721001200681e-09,0.012869161,1.7919730359904302e-06,6.6547557654060526e-14,0.00042360838196540306,4.958830087016193e-09,0.00028438071092829132,1.0940226677592041e-09,0,0
829,0.0014014295611971593,2.7830853430983437e-07,0.012905122,1.7919730359904302e-06,6.6547557654060526e-14,0.00042360838196540306,4.958830087016193e-09,0.00050595073709442328,4.3744386336726988e-09,0.004674367152692818,9.6435347361865966e-07
830,0.00045827429186455666,9.7586127937350851e-09,0.012929889999999999,1.7919730359904302e-06,6.6547557654060526e-14,0.00042360838196540306,4.958830087016193e-09,0.00086283358746406353,1.7998570474129329e-08,0.0005448632249927674,1.495684015466391e-08
831,0.0010028748984189616,8.7478902997610048e-08,0.012959727000000001,1.7919730359904302e-06,6.6547557654060526e-14,0.00042360838196540306,4.958830087016193e-09,0.0013676899787404967,7.1283141000387424e-08,0.0022184092599339413,2.4108403166049585e-07
832,0.00087088602136049093,7.4131085372037538e-08,0.012855345000000001,1.7919730359904302e-06,6.6547557654060526e-14,0.00093960350073700059,1.9757091519064694e-08,0.0025421486116689808,2.8667892863997632e-07,0,0
833,0.00087089229874765038,7.4131085382638671e-08,0.012881445,1.7919730359904302e-06,6.6547557654060526e-14,0.00093960350073700059,1.9757091519064694e-08,0.0025421486116689808,2.8667892863997632e-07,2.5109548640956888e-08,3.7020830486700943e-17
834,0.0047304011765629166,4.4457688055290772e-06,0.012937924999999999,1.7919730359904302e-06,6.6547557654060526e-14,0.00093960350073700059,1.9757091519064694e-08,0.017980152884928567,1.825026263439753e-05,5.6347550033575723e-08,1.8557385880728104e-16
835,0.00041386579235423655,1.7151541627972532e-08,0.012936573,1.7919730359904302e-06,6.6547557654060526e-14,0.0016536711963809558,7.7639855504669115e-08,0,0,0,0
836,0.00042169069627298643,1.7168233157304633e-08,0.012884441,1.7919730359904302e-06,6.6547557654060526e-14,0.0016536711963809558,7.7639855504669115e-08,1.0177739364849487e-08,6.1819868881659968e-18,3.1289437935637845e-05,5.8289411536559831e-11
837,0.00044701609644884658,1.7417469557336129e-08,0.0129096,1.7919730359904302e-06,6.6547557654060526e-14,0.0016536711963809558,7.7639855504669115e-08,6.8499463990509688e-07,9.6425054834388508e-16,0.00013191622173854499,9.2866087487863828e-10
838,0.0004141278517781153,1.715154283482032e-08,0.012875052999999999,1.7919730359904302e-06,6.6547557654060526e-14,0.0016536711963809558,7.7639855504669115e-08,9.3070088697094474e-07,4.0015195531920299e-15,1.1753680853951075e-07,8.1378935850548041e-16
839,0.00041567847696537312,1.7151803957008334e-08,0.012960549,1.7919730359904302e-06,6.6547557654060526e-14,0.0016536711963809558,7.7639855504669115e-08,3.0026569248976691e-06,1.6340168279266537e-14,4.2480815196427367e-06,9.0220702679766719e-13
840,0.0010278241189764072,8.5681923593046145e-08,0.013031476,1.7919730359904302e-06,6.6547557654060526e-14,0.0031050149053830512,3.1018682127148085e-07,0,0,0.0010044895974866074,5.991881908875963e-08
841,0.00084791669459429516,6.8790051522797373e-08,0.012932133,1.7919730359904302e-06,6.6547557654060526e-14,0.0031050149053830512,3.1018682127148085e-07,0.00028438071092829132,1.0940226677592041e-09,4.7918902984102718e-07,1.3811772537286094e-14
842,0.0016336558354484707,2.7618442165090091e-07,0.012885713,1.7919730359904302e-06,6.6547557654060526e-14,0.0059878447916266436,1.2308169179467562e-06,1.2335213843932404e-07,4.3468830174521832e-17,0.0005448632249927674,1.495684015466391e-08
843,0.0017485742331380877,2.8905955806525024e-07,0.012908767999999999,1.7919730359904302e-06,6.6547557654060526e-14,0.0059878447916266436,1.2308169179467562e-06,1.7057040310223498e-07,2.1835577115764133e-16,0.0010044895974866074,5.991881908875963e-08
844,0.006056080647573776,4.6831789205291568e-06,0.012892838,1.7919730359904302e-06,6.6547557654060526e-14,0.0059878447916266436,1.2308169179467562e-06,5.6798372372729349e-06,2.6628353116564885e-13,0.018229005988395285,1.5404866910722966e-05
845,0.010860549642709482,1.8049210874098473e-05,0.013007921,1.7919730359904302e-06,6.6547557654060526e-14,0.0059878447916266436,1.2308169179467562e-06,0.035234152546241279,7.2765419883759325e-05,0.0022184092599339413,2.4108403166049585e-07
846,0.072632642447499646,0.001140800442631466,0.013101162,1.7919730359904302e-06,6.6547557654060526e-14,0.0059878447916266436,1.2308169179467562e-06,0.28454093302533323,0.0046865685654330158,0,0
847,0.0029003967687291224,1.0862606919319545e-06,0.012956189999999999,1.7919730359904302e-06,6.6547557654060526e-14,0.011591296700704166,4.9171744444568016e-06,0,0,8.4984011763542629e-06,3.6567069197450944e-12
848,0.0028985048436567691,1.0862596457854822e-06,0.012948996000000001,1.7919730359904302e-06,6.6547557654060526e-14,0.011591296700704166,4.9171744444568016e-06,9.3070088697094474e-07,4.0015195531920299e-15,0,0
849,0.0055001143779291571,4.3931515452668116e-06,0.012968173,1.7919730359904302e-06,6.6547557654060526e-14,0.021998665538680674,1.9886491098706625e-05,0,0,0,0
850,0.023249898081497938,7.4269420282331008e-05,0.012849413000000001,1.7919730359904302e-06,6.6547557654060526e-14,0.021998665538680674,1.9886491098706625e-05,0.070998655625245252,0.00028712996885817864,4.7918902984102718e-07,1.3811772537286094e-14
851,0.060171870760497612,0.00035452749280236954,0.012908408,1.7919730359904302e-06,6.6547557654060526e-14,0.021998665538680674,1.9886491098706625e-05,0.14228101620441289,0.0011507313567779948,0.076406009325860683,0.00024476894619767731
852,0.01123543787627279,1.7738078468699646e-05,0.012876636,1.7919730359904302e-06,6.6547557654060526e-14,0.044908377588462341,8.0294984932708011e-05,1.4923999791672543e-05,4.275948562067562e-12,1.6657943801225666e-05,1.4531320971435777e-11
853,0.015911281571746805,2.2150415251536844e-05,0.012893969999999999,1.7919730359904302e-06,6.6547557654060526e-14,0.044908377588462341,8.0294984932708011e-05,0.00050595073709442328,4.3744386336726988e-09,0.018229005988395285,1.5404866910722966e-05
854,0.026318400832652977,7.4312510859576514e-05,0.013094579,1.7919730359904302e-06,6.6547557654060526e-14,0.087042682017042267,0.00031642210546467976,1.2335213843932404e-07,4.3468830174521832e-17,0.018229005988395285,1.5404866910722966e-05
855,0.02184003603473552,6.9901516377356761e-05,0.012923426999999999,1.7919730359904302e-06,6.6547557654060526e-14,0.087042682017042267,0.00031642210546467976,0.00028438071092829132,1.0940226677592041e-09,3.1289437935637845e-05,5.8289411536559831e-11
856,0.057347995763629547,0.00034994456385633259,0.01293015,1.7919730359904302e-06,6.6547557654060526e-14,0.087042682017042267,0.00031642210546467976,0.14228101620441289,0.0011507313567779948,6.6492860027127882e-05,2.3369350210529902e-10
857,0.042872011155760725,0.00028320464082491956,0.012889581000000001,1.7919730359904302e-06,6.6547557654060526e-14,0.17146866400531868,0.0012819832070484491,9.3070088697094474e-07,4.0015195531920299e-15,1.6657943801225666e-05,1.4531320971435777e-11
858,0.043091144750938705,0.00028320903350648061,0.013009905,1.7919730359904302e-06,6.6547557654060526e-14,0.17146866400531868,0.0012819832070484491,0.00086283358746406353,1.7998570474129329e-08,3.1289437935637845e-05,5.8289411536559831e-11
859,0.043152141076409412,0.00028321008953538225,0.012881475,1.7919730359904302e-06,6.6547557654060526e-14,0.17146866400531868,0.0012819832070484491,0.00086283358746406353,1.7998570474129329e-08,0.00027527473981856643,3.7461066010287721e-09
860,1.0118745857306403e-06,6.5983051327550901e-14,0.012910301000000001,4.0474983429225611e-06,2.6459745292194851e-13,0,0,0,0,0,0
861,3.1364748798192079e-06,1.1131033378343109e-12,0.012923086,4.0474983429225611e-06,2.6459745292194851e-13,0,0,0,0,8.4984011763542629e-06,3.6567069197450944e-12
862,1.7635089592512625e-05,6.6985539977789416e-11,0.01285267,4.0474983429225611e-06,2.6459745292194851e-13,0,0,0,0,6.6492860027127882e-05,2.3369350210529902e-10
863,0.00055561418956921499,6.9035946037157734e-08,0.012929549,4.0474983429225611e-06,2.6459745292194851e-13,0,0,0,0,0.0022184092599339413,2.4108403166049585e-07
864,0.0022616357379440163,1.1099282077683325e-06,0.012917806,4.0474983429225611e-06,2.6459745292194851e-13,0,0,0,0,0.0090424954534331133,3.8760417201217597e-06
865,0.0045582633716845424,4.4112774822975786e-06,0.012826969000000001,4.0474983429225611e-06,2.6459745292194851e-13,0,0,0,0,0.018229005988395285,1.5404866910722966e-05
866,0.03865472861027635,0.00028339918181438542,0.012865895,4.0474983429225611e-06,2.6459745292194851e-13,0,0,0,0,0.15461486694276227,0.00098967402532771959
867,0.00034296375347299082,1.7347610732217561e-08,0.012887156,4.0474983429225611e-06,2.6459745292194851e-13,0,0,0.0013676899787404967,7.1283141000387424e-08,1.1753680853951075e-07,8.1378935850548041e-16
868,0.00063660567387992056,6.9766570036515108e-08,0.012858860999999999,4.0474983429225611e-06,2.6459745292194851e-13,0,0,0.0025421486116689808,2.8667892863997632e-07,2.2658550777503332e-07,3.3865724704100287e-15
869,0.001212254336611912,2.7618490971818907e-07,0.012918928999999999,4.0474983429225611e-06,2.6459745292194851e-13,0,0,0.0048444906590748918,1.1348766309780777e-06,4.7918902984102718e-07,1.3811772537286094e-14
870,0.017750675780897028,6.9876268799089859e-05,0.012939238,4.0474983429225611e-06,2.6459745292194851e-13,0,0,0.070998655625245252,0.00028712996885817864,0,0
871,1.2473936857931754e-06,6.6958387447396082e-14,0.013019642999999999,4.0474983429225611e-06,2.6459745292194851e-13,1.1375513279201216e-08,6.8890466804365844e-18,9.3070088697094474e-07,4.0015195531920299e-15,0,0
872,8.9408146080464899e-06,4.2358304438740345e-12,0.012908737999999999,4.0474983429225611e-06,2.6459745292194851e-13,1.1375513279201216e-08,6.8890466804365844e-18,3.1696332450882019e-05,1.7134390648275296e-11,8.0521251023118028e-09,5.2233865048072528e-18
873,6.9882381700851488e-05,1.0727864761806691e-09,0.012958736,4.0474983429225611e-06,2.6459745292194851e-13,3.6718238814524115e-08,4.7671550682516093e-17,1.7057040310223498e-07,2.1835577115764133e-16,0.00027527473981856643,3.7461066010287721e-09
874,0.00020837092930824994,4.5492910162997569e-09,0.012904229,4.0474983429225611e-06,2.6459745292194851e-13,1.922829690185178e-07,1.0503927487885637e-15,0.00028438071092829132,1.0940226677592041e-09,0.0005448632249927674,1.495684015466391e-08
875,0.0023809801966834876,1.107883850775111e-06,0.012973514,4.0474983429225611e-06,2.6459745292194851e-13,1.922829690185178e-07,1.0503927487885637e-15,0.009244406265603463,4.548019408270464e-06,0.00027527473981856643,3.7461066010287721e-09
876,0.017752848451933229,6.9876269846443347e-05,0.012933808,4.0474983429225611e-06,2.6459745292194851e-13,1.922829690185178e-07,1.0503927487885637e-15,0.070998655625245252,0.00028712996885817864,8.4984011763542629e-06,3.6567069197450944e-12
877,1.1666044926001069e-06,6.7919796172977268e-14,0.012920601,4.0474983429225611e-06,2.6459745292194851e-13,3.9233411970282536e-07,4.3772274154343397e-15,0,0,2.2658550777503332e-07,3.3865724704100287e-15
878,4.2013096663013103e-05,2.7016448910797227e-10,0.012886956,4.0474983429225611e-06,2.6459745292194851e-13,3.9233411970282536e-07,4.3772274154343397e-15,3.1696332450882019e-05,1.7134390648275296e-11,0.00013191622173854499,9.2866087487863828e-10
879,1.2580186302619442e-06,6.9999787611475886e-14,0.012920180999999999,4.0474983429225611e-06,2.6459745292194851e-13,8.1400577502298111e-07,1.7942025344819159e-14,1.7057040310223498e-07,2.1835577115764133e-16,0,0
880,4.759935632893223e-06,1.181869991273591e-12,0.012906453999999999,4.0474983429225611e-06,2.6459745292194851e-13,8.1400577502298111e-07,1.7942025344819159e-14,5.6798372372729349e-06,2.6628353116564885e-13,8.4984011763542629e-06,3.6567069197450944e-12
881,3.7958348148882449e-06,3.4637020590561204e-13,0.012939338,4.0474983429225611e-06,2.6459745292194851e-13,8.1400577502298111e-07,1.7942025344819159e-14,9.3862690716268412e-06,1.0711203395856254e-12,9.3556606998057864e-07,5.5017233883187946e-14
882,0.0001089037313008467,1.0894557110294689e-09,0.012944929000000001,4.0474983429225611e-06,2.6459745292194851e-13,8.1400577502298111e-07,1.7942025344819159e-14,0.00015547868126687659,6.8479859958329124e-11,0.00027527473981856643,3.7461066010287721e-09
883,0.0088099874041073535,1.7708273640332643e-05,0.012906735000000001,4.0474983429225611e-06,2.6459745292194851e-13,8.1400577502298111e-07,1.7942025344819159e-14,0.035234152546241279,7.2765419883759325e-05,9.3556606998057864e-07,5.5017233883187946e-14
884,0.02791125584405511,8.7799351388165178e-05,0.01295087,4.0474983429225611e-06,2.6459745292194851e-13,8.1400577502298111e-07,1.7942025344819159e-14,0.035234152546241279,7.2765419883759325e-05,0.076406009325860683,0.00024476894619767731
885,9.3472393681095473e-06,4.2518388632702654e-12,0.013046647,4.0474983429225611e-06,2.6459745292194851e-13,1.6370745535315476e-06,7.2472245124145652e-14,3.1696332450882019e-05,1.7134390648275296e-11,8.0521251023118028e-09,5.2233865048072528e-18
886,0.0023125520938271039,1.1068111463565834e-06,0.012866195,4.0474983429225611e-06,2.6459745292194851e-13,1.6370745535315476e-06,7.2472245124145652e-14,0.009244406265603463,4.548019408270464e-06,1.1753680853951075e-07,8.1378935850548041e-16
887,0.071140818885507523,0.0011405285454351916,0.012911854,4.0474983429225611e-06,2.6459745292194851e-13,1.6370745535315476e-06,7.2472245124145652e-14,0.28454093302533323,0.0046865685654330158,1.6657943801225666e-05,1.4531320971435777e-11
888,2.8781018782849515e-06,3.8971050591070828e-13,0.013018151,4.0474983429225611e-06,2.6459745292194851e-13,3.0462572474722488e-06,2.9569255723453914e-13,1.7057040310223498e-07,2.1835577115764133e-16,4.2480815196427367e-06,9.0220702679766719e-13
889,0.00013873990937701456,4.2831175088288929e-09,0.013082576,4.0474983429225611e-06,2.6459745292194851e-13,3.0462572474722488e-06,2.9569255723453914e-13,3.0026569248976691e-06,1.6340168279266537e-14,0.0005448632249927674,1.495684015466391e-08
890,0.0088104313727154077,1.770827368989145e-05,0.012910321000000001,4.0474983429225611e-06,2.6459745292194851e-13,3.0462572474722488e-06,2.9569255723453914e-13,0.035234152546241279,7.2765419883759325e-05,4.7918902984102718e-07,1.3811772537286094e-14
891,4.7733534827704014e-06,5.8913160403775397e-13,0.012913526999999999,4.0474983429225611e-06,2.6459745292194851e-13,5.6596465165322227e-06,1.1881667417065484e-12,9.3862690716268412e-06,1.0711203395856254e-12,0,0
892,4.8299998597141783e-06,5.901013696802624e-13,0.012888599000000001,4.0474983429225611e-06,2.6459745292194851e-13,5.6596465165322227e-06,1.1881667417065484e-12,9.3862690716268412e-06,1.0711203395856254e-12,2.2658550777503332e-07,3.3865724704100287e-15
893,0.0088109790096626908,1.770827388314718e-05,0.012890001999999999,4.0474983429225611e-06,2.6459745292194851e-13,5.6596465165322227e-06,1.1881667417065484e-12,0.035234152546241279,7.2765419883759325e-05,5.6347550033575723e-08,1.8557385880728104e-16
894,2.1190811488933547e-05,6.8042310250717456e-11,0.012910260999999999,4.0474983429225611e-06,2.6459745292194851e-13,1.3292186698712521e-05,4.7792767311777559e-12,9.3070088697094474e-07,4.0015195531920299e-15,6.6492860027127882e-05,2.3369350210529902e-10
895,0.00013083669242152323,1.0656900863178657e-09,0.012875183,4.0474983429225611e-06,2.6459745292194851e-13,1.3292186698712521e-05,4.7792767311777559e-12,0.00050595073709442328,4.3744386336726988e-09,5.6347550033575723e-08,1.8557385880728104e-16
896,0.00034649130746302833,1.7348682050162538e-08,0.012937453999999999,4.0474983429225611e-06,2.6459745292194851e-13,1.3292186698712521e-05,4.7792767311777559e-12,0.0013676899787404967,7.1283141000387424e-08,9.3556606998057864e-07,5.5017233883187946e-14
897,7.4355849437751255e-06,4.2440543553719799e-12,0.012909901,4.0474983429225611e-06,2.6459745292194851e-13,2.5638493882144404e-05,1.8912646304862198e-11,0,0,5.6347550033575723e-08,1.8557385880728104e-16
898,1.3839267870083649e-05,1.6696125717474e-11,0.012869663,4.0474983429225611e-06,2.6459745292194851e-13,5.118185858950802e-05,7.5278650828326678e-11,1.0177739364849487e-08,6.1819868881659968e-18,1.1753680853951075e-07,8.1378935850548041e-16
899,1.4350393821183938e-05,1.6760796085546941e-11,0.013032818999999999,4.0474983429225611e-06,2.6459745292194851e-13,5.118185858950802e-05,7.5278650828326678e-11,1.0177739364849487e-08,6.1819868881659968e-18,2.1620406129402982e-06,2.266527741266158e-13
900,6.1538731676152492e-05,3.3372281329208394e-10,0.012913658,4.0474983429225611e-06,2.6459745292194851e-13,0.00011006785448470327,3.065896160972491e-10,1.2335213843932404e-07,4.3468830174521832e-17,0.00013191622173854499,9.2866087487863828e-10
901,3.2259838154824487e-05,6.8835707611192899e-11,0.012938687000000001,4.0474983429225611e-06,2.6459745292194851e-13,0.00011006785448470327,3.065896160972491e-10,1.4923999791672543e-05,4.275948562067562e-12,0,0
902,0.0017942538179591295,3.4528851494216994e-07,0.012901384,4.0474983429225611e-06,2.6459745292194851e-13,0.00011006785448470327,3.065896160972491e-10,0.0048444906590748918,1.1348766309780777e-06,0.0022184092599339413,2.4108403166049585e-07
903,8.5362203864396596e-05,5.4161040939309192e-10,0.012925521000000001,4.0474983429225611e-06,2.6459745292194851e-13,0.0002024824384512204,1.2476170158873263e-09,3.0026569248976691e-06,1.6340168279266537e-14,0.00013191622173854499,9.2866087487863828e-10
904,5.2651263413200636e-05,2.7569893282400638e-10,0.012910502000000001,4.0474983429225611e-06,2.6459745292194851e-13,0.0002024824384512204,1.2476170158873263e-09,3.5959278288190782e-06,6.6730504443978359e-14,4.7918902984102718e-07,1.3811772537286094e-14
905,0.019279622499937227,7.0092418010571326e-05,0.012882627000000001,4.0474983429225611e-06,2.6459745292194851e-13,0.0002024824384512204,1.2476170158873263e-09,0.00050595073709442328,4.3744386336726988e-09,0.076406009325860683,0.00024476894619767731
906,0.010097519956812948,1.7733734100670336e-05,0.013015356,4.0474983429225611e-06,2.6459745292194851e-13,0.0002024824384512204,1.2476170158873263e-09,0.0025421486116689808,2.8667892863997632e-07,0.03764140127878858,6.1684359762903619e-05
907,0.0045472112155839168,4.4416799668291306e-06,0.012879310999999999,4.0474983429225611e-06,2.6459745292194851e-13,0.0002024824384512204,1.2476170158873263e-09,0.017980152884928567,1.825026263439753e-05,2.1620406129402982e-06,2.266527741266158e-13
908,0.047513887356449382,0.00030110773098178834,0.012868360000000001,4.0474983429225611e-06,2.6459745292194851e-13,0.0002024824384512204,1.2476170158873263e-09,0.035234152546241279,7.2765419883759325e-05,0.15461486694276227,0.00098967402532771959
909,0.00010692805696458962,1.095527868501324e-09,0.012895352000000001,4.0474983429225611e-06,2.6459745292194851e-13,0.00042360838196540306,4.958830087016193e-09,0,0,5.6347550033575723e-08,1.8557385880728104e-16
910,0.014012302511006268,2.2106191669853469e-05,0.012870484,4.0474983429225611e-06,2.6459745292194851e-13,0.00042360838196540306,4.958830087016193e-09,0.017980152884928567,1.825026263439753e-05,0.03764140127878858,6.1684359762903619e-05
911,0.00023645325992321616,4.3646965797311863e-09,0.012925861,4.0474983429225611e-06,2.6459745292194851e-13,0.00093960350073700059,1.9757091519064694e-08,0,0,2.1620406129402982e-06,2.266527741266158e-13
912,0.00048460020207062994,9.0107115100212098e-09,0.012905521999999999,4.0474983429225611e-06,2.6459745292194851e-13,0.00093960350073700059,1.9757091519064694e-08,0.00086283358746406353,1.7998570474129329e-08,0.00013191622173854499,9.2866087487863828e-10
913,0.05490766913233857,0.00035013870588877641,0.012912876,4.0474983429225611e-06,2.6459745292194851e-13,0.00093960350073700059,1.9757091519064694e-08,0.14228101620441289,0.0011507313567779948,0.076406009325860683,0.00024476894619767731
914,0.041379247975772311,0.00028452314440355754,0.012934088,4.0474983429225611e-06,2.6459745292194851e-13,0.0016536711963809558,7.7639855504669115e-08,0.009244406265603463,4.548019408270464e-06,0.15461486694276227,0.00098967402532771959
915,0.0010994831780352123,8.5948215554866054e-08,0.012984094999999999,4.0474983429225611e-06,2.6459745292194851e-13,0.0031050149053830512,3.1018682127148085e-07,0.00028438071092829132,1.0940226677592041e-09,0.0010044895974866074,5.991881908875963e-08
916,0.00097257197015974267,7.066114306499918e-08,0.012922615,4.0474983429225611e-06,2.6459745292194851e-13,0.0031050149053830512,3.1018682127148085e-07,0.00050595073709442328,4.3744386336726988e-09,0.00027527473981856643,3.7461066010287721e-09
917,0.0014979730724923967,2.7190148880093746e-07,0.012882566999999999,4.0474983429225611e-06,2.6459745292194851e-13,0.0059878447916266436,1.2308169179467562e-06,0,0,0,0
918,0.0015066944139335119,2.7191819656837492e-07,0.012876876000000001,4.0474983429225611e-06,2.6459745292194851e-13,0.0059878447916266436,1.2308169179467562e-06,3.5959278288190782e-06,6.6730504443978359e-14,3.1289437935637845e-05,5.8289411536559831e-11
919,0.0015379047631890177,2.71918412488334e-07,0.012889852,4.0474983429225611e-06,2.6459745292194851e-13,0.0059878447916266436,1.2308169179467562e-06,0.00015547868126687659,6.8479859958329124e-11,4.2480815196427367e-06,9.0220702679766719e-13
920,0.048960227944743237,0.00030137935679185117,0.012872809000000001,4.0474983429225611e-06,2.6459745292194851e-13,0.0059878447916266436,1.2308169179467562e-06,0.035234152546241279,7.2765419883759325e-05,0.15461486694276227,0.00098967402532771959
921,0.0029463494851380665,1.0863267139438798e-06,0.012944097,4.0474983429225611e-06,2.6459745292194851e-13,0.011591296700704166,4.9171744444568016e-06,0.00018993620469662744,2.7539120948023132e-10,1.1753680853951075e-07,8.1378935850548041e-16
922,0.0041149118891091567,1.362475201339642e-06,0.012951712000000001,4.0474983429225611e-06,2.6459745292194851e-13,0.011591296700704166,4.9171744444568016e-06,0.00018993620469662744,2.7539120948023132e-10,0.004674367152692818,9.6435347361865966e-07
923,0.0061362154121731597,4.4629180977378758e-06,0.012901203,4.0474983429225611e-06,2.6459745292194851e-13,0.021998665538680674,1.9886491098706625e-05,0.0025421486116689808,2.8667892863997632e-07,0,0
924,0.095737413847054365,0.0012150127705503068,0.012896405,4.0474983429225611e-06,2.6459745292194851e-13,0.021998665538680674,1.9886491098706625e-05,0.28454093302533323,0.0046865685654330158,0.076406009325860683,0.00024476894619767731
925,0.011228135655903443,1.7738073316590702e-05,0.012968324,4.0474983429225611e-06,2.6459745292194851e-13,0.044908377588462341,8.0294984932708011e-05,0,0,1.1753680853951075e-07,8.1378935850548041e-16
926,0.01572326429019082,2.2179477543500531e-05,0.012880073000000001,4.0474983429225611e-06,2.6459745292194851e-13,0.044908377588462341,8.0294984932708011e-05,0.017980152884928567,1.825026263439753e-05,4.7918902984102718e-07,1.3811772537286094e-14
927,0.046798360322804641,0.00029778133680987616,0.013028731,4.0474983429225611e-06,2.6459745292194851e-13,0.044908377588462341,8.0294984932708011e-05,0.14228101620441289,0.0011507313567779948,0,0
928,0.046798594214322267,0.00029778133682563694,0.012912926999999999,4.0474983429225611e-06,2.6459745292194851e-13,0.044908377588462341,8.0294984932708011e-05,0.14228101620441289,0.0011507313567779948,9.3556606998057864e-07,5.5017233883187946e-14
929,0.082363353614922252,0.0011582666145084259,0.012937222999999999,4.0474983429225611e-06,2.6459745292194851e-13,0.044908377588462341,8.0294984932708011e-05,0.28454093302533323,0.0046865685654330158,5.6347550033575723e-08,1.8557385880728104e-16
930,0.021761844818704568,6.9901233496651085e-05,0.012889800999999999,4.0474983429225611e-06,2.6459745292194851e-13,0.087042682017042267,0.00031642210546467976,1.7057040310223498e-07,2.1835577115764133e-16,4.7918902984102718e-07,1.3811772537286094e-14
931,0.024026037242152524,7.1011162675027991e-05,0.01289441,4.0474983429225611e-06,2.6459745292194851e-13,0.087042682017042267,0.00031642210546467976,1.4923999791672543e-05,4.275948562067562e-12,0.0090424954534331133,3.8760417201217597e-06
932,0.042868220518516076,0.00028320463671222169,0.012929379,4.0474983429225611e-06,2.6459745292194851e-13,0.17146866400531868,0.0012819832070484491,1.7057040310223498e-07,2.1835577115764133e-16,0,0
933,0.043166784326461143,0.00028322186185031215,0.012859583000000001,4.0474983429225611e-06,2.6459745292194851e-13,0.17146866400531868,0.0012819832070484491,0.00018993620469662744,2.7539120948023132e-10,0.0010044895974866074,5.991881908875963e-08
934,0.08273301727637429,0.00056688000330039898,0.012909469999999999,4.0474983429225611e-06,2.6459745292194851e-13,0.17146866400531868,0.0012819832070484491,0.0048444906590748918,1.1348766309780777e-06,0.15461486694276227,0.00098967402532771959
935,0.051677778032855677,0.00030091291052519368,0.012930960999999999,4.0474983429225611e-06,2.6459745292194851e-13,0.17146866400531868,0.0012819832070484491,0.035234152546241279,7.2765419883759325e-05,4.2480815196427367e-06,9.0220702679766719e-13
936,0.11400757561819862,0.0014237331820653911,0.012970218,4.0474983429225611e-06,2.6459745292194851e-13,0.17146866400531868,0.0012819832070484491,0.28454093302533323,0.0046865685654330158,1.6657943801225666e-05,1.4531320971435777e-11
937,1.8277222974805188e-06,2.6459474414608683e-13,0.01291491,7.3108891899220752e-06,1.0610466468130194e-12,0,0,0,0,0,0
938,1.9475195549407779e-06,2.6854982929067848e-13,0.012917685999999999,7.3108891899220752e-06,1.0610466468130194e-12,0,0,0,0,4.7918902984102718e-07,1.3811772537286094e-14
939,2.1170438961670106e-06,2.665383240398612e-13,0.012886906,7.3108891899220752e-06,1.0610466468130194e-12,0,0,9.3070088697094474e-07,4.0015195531920299e-15,2.2658550777503332e-07,3.3865724704100287e-15
940,5.5587222453986797e-06,1.3051943443903782e-12,0.012866466,7.3108891899220752e-06,1.0610466468130194e-12,0,0,1.4923999791672543e-05,4.275948562067562e-12,0,0
941,0.00034375021698260195,1.7347809110876844e-08,0.012912105,7.3108891899220752e-06,1.0610466468130194e-12,0,0,0.0013676899787404967,7.1283141000387424e-08,0,0
942,2.892586555710997e-06,5.2294874028259043e-13,0.012909911,7.3108891899220752e-06,1.0610466468130194e-12,1.1375513279201216e-08,6.8890466804365844e-18,0,0,4.2480815196427367e-06,9.0220702679766719e-13
943,7.2069210439759887e-05,1.0730498287813251e-09,0.012871897,7.3108891899220752e-06,1.0610466468130194e-12,1.1375513279201216e-08,6.8890466804365844e-18,5.6798372372729349e-06,2.6628353116564885e-13,0.00027527473981856643,3.7461066010287721e-09
944,0.0001304428507434943,1.0658799702201788e-09,0.012962302,7.3108891899220752e-06,1.0610466468130194e-12,1.1375513279201216e-08,6.8890466804365844e-18,0.00050595073709442328,4.3744386336726988e-09,8.4984011763542629e-06,3.6567069197450944e-12
945,0.0089465845089843725,1.7712556801455165e-05,0.012903288000000001,7.3108891899220752e-06,1.0610466468130194e-12,1.1375513279201216e-08,6.8890466804365844e-18,0.035234152546241279,7.2765419883759325e-05,0.0005448632249927674,1.495684015466391e-08
946,0.017751523856689228,6.9876268997934611e-05,0.012861526999999999,7.3108891899220752e-06,1.0610466468130194e-12,1.1375513279201216e-08,6.8890466804365844e-18,0.070998655625245252,0.00028712996885817864,1.1753680853951075e-07,8.1378935850548041e-16
947,0.0045592596476159656,4.411277681153287e-06,0.012906534000000001,7.3108891899220752e-06,1.0610466468130194e-12,3.6718238814524115e-08,4.7671550682516093e-17,6.8499463990509688e-07,9.6425054834388508e-16,0.018229005988395285,1.5404866910722966e-05
948,6.1084119583374031e-06,1.3701082771864895e-12,0.012906835,7.3108891899220752e-06,1.0610466468130194e-12,3.6718238814524115e-08,4.7671550682516093e-17,1.4923999791672543e-05,4.275948562067562e-12,2.1620406129402982e-06,2.266527741266158e-13
949,4.9389737404962305e-05,6.7285128391211684e-11,0.012905612,7.3108891899220752e-06,1.0610466468130194e-12,8.5270225523800494e-08,2.3852627615639069e-16,0.00018993620469662744,2.7539120948023132e-10,2.2658550777503332e-07,3.3865724704100287e-15
950,8.2312146462654783e-05,3.3321185332808163e-10,0.012923868,7.3108891899220752e-06,1.0610466468130194e-12,8.5270225523800494e-08,2.3852627615639069e-16,0.00018993620469662744,2.7539120948023132e-10,0.00013191622173854499,9.2866087487863828e-10
951,0.00013809414372276813,4.283247055667296e-09,0.012961141000000001,7.3108891899220752e-06,1.0610466468130194e-12,1.922829690185178e-07,1.0503927487885637e-15,1.0177739364849487e-08,6.1819868881659968e-18,0.0005448632249927674,1.495684015466391e-08
952,3.1090620796221235e-06,5.2341392317709419e-13,0.012937194000000001,7.3108891899220752e-06,1.0610466468130194e-12,1.922829690185178e-07,1.0503927487885637e-15,6.8499463990509688e-07,9.6425054834388508e-16,4.2480815196427367e-06,9.0220702679766719e-13
953,0.0022662306563459404,1.1099294472116692e-06,0.012901344,7.3108891899220752e-06,1.0610466468130194e-12,1.922829690185178e-07,1.0503927487885637e-15,1.4923999791672543e-05,4.275948562067562e-12,0.0090424954534331133,3.8760417201217597e-06
954,0.040129381341241596,0.00028445454117465729,0.012930680999999999,7.3108891899220752e-06,1.0610466468130194e-12,1.922829690185178e-07,1.0503927487885637e-15,0.14228101620441289,0.0011507313567779948,0.018229005988395285,1.5404866910722966e-05
955,2.9878262073169151e-06,5.2391419761692904e-13,0.012893257999999999,7.3108891899220752e-06,1.0610466468130194e-12,3.9233411970282536e-07,4.3772274154343397e-15,0,0,4.2480815196427367e-06,9.0220702679766719e-13
956,4.4959962094432009e-05,2.1092028864587096e-11,0.01285818,7.3108891899220752e-06,1.0610466468130194e-12,3.9233411970282536e-07,4.3772274154343397e-15,0.00015547868126687659,6.8479859958329124e-11,1.6657943801225666e-05,1.4531320971435777e-11
957,2.0606079433711359e-06,2.6879137466327539e-13,0.012917896999999999,7.3108891899220752e-06,1.0610466468130194e-12,8.1400577502298111e-07,1.7942025344819159e-14,0,0,1.1753680853951075e-07,8.1378935850548041e-16
958,2.6025719290811597e-06,3.3347232135909715e-13,0.012831258,7.3108891899220752e-06,1.0610466468130194e-12,8.1400577502298111e-07,1.7942025344819159e-14,1.2335213843932404e-07,4.3468830174521832e-17,2.1620406129402982e-06,2.266527741266158e-13
959,0.00013899769422065169,4.2832547622776801e-09,0.012944367,7.3108891899220752e-06,1.0610466468130194e-12,8.1400577502298111e-07,1.7942025344819159e-14,3.0026569248976691e-06,1.6340168279266537e-14,0.0005448632249927674,1.495684015466391e-08
960,3.5909261133077521e-05,2.6621249265345668e-10,0.012900092,7.3108891899220752e-06,1.0610466468130194e-12,8.1400577502298111e-07,1.7942025344819159e-14,3.5959278288190782e-06,6.6730504443978359e-14,0.00013191622173854499,9.2866087487863828e-10
961,0.071137293864276502,0.0011405285414607239,0.012951281,7.3108891899220752e-06,1.0610466468130194e-12,8.1400577502298111e-07,1.7942025344819159e-14,0.28454093302533323,0.0046865685654330158,1.1753680853951075e-07,8.1378935850548041e-16
962,2.3090177387738413e-06,2.8089085825106089e-13,0.012982441000000001,7.3108891899220752e-06,1.0610466468130194e-12,1.6370745535315476e-06,7.2472245124145652e-14,1.7057040310223498e-07,2.1835577115764133e-16,1.1753680853951075e-07,8.1378935850548041e-16
963,4.112074814009113e-05,1.6945992747924241e-11,0.012937204000000001,7.3108891899220752e-06,1.0610466468130194e-12,1.6370745535315476e-06,7.2472245124145652e-14,0.00015547868126687659,6.8479859958329124e-11,5.6347550033575723e-08,1.8557385880728104e-16
964,1.0454288694033528e-05,1.7021497552107876e-11,0.01285791,7.3108891899220752e-06,1.0610466468130194e-12,3.0462572474722488e-06,2.9569255723453914e-13,1.7057040310223498e-07,2.1835577115764133e-16,3.1289437935637845e-05,5.8289411536559831e-11
965,0.00055794226582405945,6.9036213947253093e-08,0.012883209,7.3108891899220752e-06,1.0610466468130194e-12,3.0462572474722488e-06,2.9569255723453914e-13,3.0026569248976691e-06,1.6340168279266537e-14,0.0022184092599339413,2.4108403166049585e-07
966,0.0094136902705376606,1.7663692252741675e-05,0.013606584,7.3108891899220752e-06,1.0610466468130194e-12,3.0462572474722488e-06,2.9569255723453914e-13,3.0026569248976691e-06,1.6340168279266537e-14,0.03764140127878858,6.1684359762903619e-05
967,4.5373295282670408e-06,7.8640054761526382e-13,0.013067607,7.3108891899220752e-06,1.0610466468130194e-12,5.6596465165322227e-06,1.1881667417065484e-12,9.3070088697094474e-07,4.0015195531920299e-15,4.2480815196427367e-06,9.0220702679766719e-13
968,0.004576876198731328,2.2167405263070411e-06,0.013157191,7.3108891899220752e-06,1.0610466468130194e-12,1.3292186698712521e-05,4.7792767311777559e-12,0.009244406265603463,4.548019408270464e-06,0.0090424954534331133,3.8760417201217597e-06
969,0.00064377449868526285,6.9770945696606125e-08,0.013012048999999999,7.3108891899220752e-06,1.0610466468130194e-12,2.5638493882144404e-05,1.8912646304862198e-11,0.0025421486116689808,2.8667892863997632e-07,0,0
970,1.5387938063590419e-05,1.6898532574040171e-11,0.013082856,7.3108891899220752e-06,1.0610466468130194e-12,5.118185858950802e-05,7.5278650828326678e-11,3.0026569248976691e-06,1.6340168279266537e-14,5.6347550033575723e-08,1.8557385880728104e-16
971,3.0406706298567145e-05,6.8252072178035069e-11,0.013021668,7.3108891899220752e-06,1.0610466468130194e-12,0.00011006785448470327,3.065896160972491e-10,0,0,4.2480815196427367e-06,9.0220702679766719e-13
972,0.00058417967612388354,6.910387474762442e-08,0.013011749,7.3108891899220752e-06,1.0610466468130194e-12,0.00011006785448470327,3.065896160972491e-10,9.3070088697094474e-07,4.0015195531920299e-15,0.0022184092599339413,2.4108403166049585e-07
973,0.00010044187668200471,3.3423629502925046e-10,0.012982001,7.3108891899220752e-06,1.0610466468130194e-12,0.00011006785448470327,3.065896160972491e-10,0.00028438071092829132,1.0940226677592041e-09,8.0521251023118028e-09,5.2233865048072528e-18
974,0.0088378828224789825,1.7708341548352908e-05,0.012985428,7.3108891899220752e-06,1.0610466468130194e-12,0.00011006785448470327,3.065896160972491e-10,0.035234152546241279,7.2765419883759325e-05,0,0
975,5.2676226947205408e-05,2.7587855424859157e-10,0.012844283,7.3108891899220752e-06,1.0610466468130194e-12,0.0002024824384512204,1.2476170158873263e-09,6.8499463990509688e-07,9.6425054834388508e-16,2.2658550777503332e-07,3.3865724704100287e-15
976,0.0098047211462925603,1.7681315340714467e-05,0.01286853,7.3108891899220752e-06,1.0610466468130194e-12,0.0002024824384512204,1.2476170158873263e-09,0.0013676899787404967,7.1283141000387424e-08,0.03764140127878858,6.1684359762903619e-05
977,0.00068904750520744546,7.0042638785994268e-08,0.012880574000000001,7.3108891899220752e-06,1.0610466468130194e-12,0.0002024824384512204,1.2476170158873263e-09,0.0025421486116689808,2.8667892863997632e-07,4.2480815196427367e-06,9.0220702679766719e-13
978,0.0023965289537457861,1.1073528691750817e-06,0.012942494000000001,7.3108891899220752e-06,1.0610466468130194e-12,0.0002024824384512204,1.2476170158873263e-09,0.009244406265603463,4.548019408270464e-06,0.00013191622173854499,9.2866087487863828e-10
979,0.03562275902939057,0.00028004353937183826,0.012936942999999999,7.3108891899220752e-06,1.0610466468130194e-12,0.0002024824384512204,1.2476170158873263e-09,0.14228101620441289,0.0011507313567779948,2.2658550777503332e-07,3.3865724704100287e-15
980,0.00035975119911768421,1.8253861265827402e-08,0.012890293000000001,7.3108891899220752e-06,1.0610466468130194e-12,0.00042360838196540306,4.958830087016193e-09,3.5959278288190782e-06,6.6730504443978359e-14,0.0010044895974866074,5.991881908875963e-08
981,0.019424940546119946,7.0096553642145571e-05,0.01296142,7.3108891899220752e-06,1.0610466468130194e-12,0.00042360838196540306,4.958830087016193e-09,0.00086283358746406353,1.7998570474129329e-08,0.076406009325860683,0.00024476894619767731
982,0.0002447836321873811,4.3815227896642931e-09,0.012910371,7.3108891899220752e-06,1.0610466468130194e-12,0.00093960350073700059,1.9757091519064694e-08,9.3070088697094474e-07,4.0015195531920299e-15,3.1289437935637845e-05,5.8289411536559831e-11
983,0.0008297734915385023,3.887049340331874e-08,0.012901734999999999,7.3108891899220752e-06,1.0610466468130194e-12,0.00093960350073700059,1.9757091519064694e-08,0.0013676899787404967,7.1283141000387424e-08,0.0010044895974866074,5.991881908875963e-08
984,0.0008722677634302522,7.4131333373216277e-08,0.012890001999999999,7.3108891899220752e-06,1.0610466468130194e-12,0.00093960350073700059,1.9757091519064694e-08,0.0025421486116689808,2.8667892863997632e-07,8.0521251023118028e-09,5.2233865048072528e-18
985,0.035986040082649398,0.00028006041534804957,0.012893629,7.3108891899220752e-06,1.0610466468130194e-12,0.0016536711963809558,7.7639855504669115e-08,0.14228101620441289,0.0011507313567779948,2.1620406129402982e-06,2.266527741266158e-13
986,0.0014990356823133951,2.7190168843958472e-07,0.012939267000000001,7.3108891899220752e-06,1.0610466468130194e-12,0.0059878447916266436,1.2308169179467562e-06,9.3070088697094474e-07,4.0015195531920299e-15,5.6347550033575723e-08,1.8557385880728104e-16
987,0.0060569393992601335,4.6831791199653936e-06,0.012872689,7.3108891899220752e-06,1.0610466468130194e-12,0.0059878447916266436,1.2308169179467562e-06,3.5959278288190782e-06,6.6730504443978359e-14,0.018229005988395285,1.5404866910722966e-05
988,0.01055107863853511,9.1245833269140558e-06,0.012872107000000001,7.3108891899220752e-06,1.0610466468130194e-12,0.0059878447916266436,1.2308169179467562e-06,0.017980152884928567,1.825026263439753e-05,0.018229005988395285,1.5404866910722966e-05
989,0.037069057058194813,0.00028031516518095756,0.012949328,7.3108891899220752e-06,1.0610466468130194e-12,0.0059878447916266436,1.2308169179467562e-06,0.14228101620441289,0.0011507313567779948,5.6347550033575723e-08,1.8557385880728104e-16
990,0.012357486268344865,1.8750018831170857e-05,0.012839374000000001,7.3108891899220752e-06,1.0610466468130194e-12,0.011591296700704166,4.9171744444568016e-06,0.00018993620469662744,2.7539120948023132e-10,0.03764140127878858,6.1684359762903619e-05
991,0.04415596150688942,0.00028779233354565446,0.012889611,7.3108891899220752e-06,1.0610466468130194e-12,0.021998665538680674,1.9886491098706625e-05,3.0026569248976691e-06,1.6340168279266537e-14,0.15461486694276227,0.00098967402532771959
992,0.005550040178521713,4.3932190711290116e-06,0.012985838,7.3108891899220752e-06,1.0610466468130194e-12,0.021998665538680674,1.9886491098706625e-05,0.00018993620469662744,2.7539120948023132e-10,4.2480815196427367e-06,9.0220702679766719e-13
993,0.0067131572818896739,4.6693366979485955e-06,0.012911904,7.3108891899220752e-06,1.0610466468130194e-12,0.021998665538680674,1.9886491098706625e-05,0.0048444906590748918,1.1348766309780777e-06,2.1620406129402982e-06,2.266527741266158e-13
994,0.046799182447903515,0.00029778133700848947,0.012863350000000001,7.3108891899220752e-06,1.0610466468130194e-12,0.044908377588462341,8.0294984932708011e-05,0.14228101620441289,0.0011507313567779948,2.5109548640956888e-08,3.7020830486700943e-17
995,0.024106578848393703,7.1008310683080061e-05,0.012911514000000001,7.3108891899220752e-06,1.0610466468130194e-12,0.087042682017042267,0.00031642210546467976,0.009244406265603463,4.548019408270464e-06,0.00013191622173854499,9.2866087487863828e-10
996,0.030571050450006014,8.7609507245946399e-05,0.01290968,7.3108891899220752e-06,1.0610466468130194e-12,0.087042682017042267,0.00031642210546467976,0.035234152546241279,7.2765419883759325e-05,5.6347550033575723e-08,1.8557385880728104e-16
997,0.042869113520884745,0.00028320463691476372,0.012899841,7.3108891899220752e-06,1.0610466468130194e-12,0.17146866400531868,0.0012819832070484491,0,0,4.7918902984102718e-07,1.3811772537286094e-14
998,0.042870954725964479,0.00028320463718540557,0.012861617000000001,7.3108891899220752e-06,1.0610466468130194e-12,0.17146866400531868,0.0012819832070484491,3.5959278288190782e-06,6.6730504443978359e-14,4.2480815196427367e-06,9.0220702679766719e-13
999,0.042916484052188494,0.00028320470393032029,0.012894611,7.3108891899220752e-06,1.0610466468130194e-12,0.17146866400531868,0.0012819832070484491,0.00018993620469662744,2.7539120948023132e-10,2.5109548640956888e-08,3.7020830486700943e-17
1000,0.043504537153931412,0.00028327440341389281,0.012994755,7.3108891899220752e-06,1.0610466468130194e-12,0.17146866400531868,0.0012819832070484491,0.0025421486116689808,2.8667892863997632e-07,2.5109548640956888e-08,3.7020830486700943e-17
1001,0.047364088591236114,0.00028764604113497381,0.012891415,7.3108891899220752e-06,1.0610466468130194e-12,0.17146866400531868,0.0012819832070484491,0.017980152884928567,1.825026263439753e-05,2.2658550777503332e-07,3.3865724704100287e-15
1002,3.1294275541244116e-06,1.0717838181019336e-12,0.012925802,1.2517710216497646e-05,4.2979411022527307e-12,0,0,0,0,0,0
1003,3.1435144416327982e-06,1.0718369583060754e-12,0.012926613,1.2517710216497646e-05,4.2979411022527307e-12,0,0,0,0,5.6347550033575723e-08,1.8557385880728104e-16
1004,1.0951787038033823e-05,1.7763311645748491e-11,0.013114918999999999,1.2517710216497646e-05,4.2979411022527307e-12,0,0,0,0,3.1289437935637845e-05,5.8289411536559831e-11
1005,1.9752642560906406e-05,6.7991340744563791e-11,0.012936952999999999,1.2517710216497646e-05,4.2979411022527307e-12,0,0,0,0,6.6492860027127882e-05,2.3369350210529902e-10
1006,0.0022637532909124064,1.1099292135690991e-06,0.012904700999999999,1.2517710216497646e-05,4.2979411022527307e-12,0,0,0,0,0.0090424954534331133,3.8760417201217597e-06
1007,4.0850558882729353e-06,1.0889931935621353e-12,0.012865264,1.2517710216497646e-05,4.2979411022527307e-12,0,0,3.5959278288190782e-06,6.6730504443978359e-14,2.2658550777503332e-07,3.3865724704100287e-15
1008,1.1053510666844822e-05,5.2416281930313151e-12,0.012922776,1.2517710216497646e-05,4.2979411022527307e-12,0,0,3.1696332450882019e-05,1.7134390648275296e-11,0,0
1009,7.4224605286197601e-05,2.6731435764783677e-10,0.012894861000000001,1.2517710216497646e-05,4.2979411022527307e-12,0,0,0.00028438071092829132,1.0940226677592041e-09,0,0
1010,7.4253989488332574e-05,2.6731459068137344e-10,0.012928256000000001,1.2517710216497646e-05,4.2979411022527307e-12,0,0,0.00028438071092829132,1.0940226677592041e-09,1.1753680853951075e-07,8.1378935850548041e-16
1011,0.035573383478657343,0.00028004326456529171,0.012926442999999999,1.2517710216497646e-05,4.2979411022527307e-12,0,0,0.14228101620441289,0.0011507313567779948,0,0
1012,3.1322714324442093e-06,1.0717853399705128e-12,0.012949156999999999,1.2517710216497646e-05,4.2979411022527307e-12,1.1375513279201216e-08,6.8890466804365844e-18,0,0,0,0
1013,0.00034559527627080297,1.7348681204874277e-08,0.012885483,1.2517710216497646e-05,4.2979411022527307e-12,1.1375513279201216e-08,6.8890466804365844e-18,0.0013676899787404967,7.1283141000387424e-08,2.1620406129402982e-06,2.266527741266158e-13
1014,0.00063890965154856651,6.9767590632567264e-08,0.01295556,1.2517710216497646e-05,4.2979411022527307e-12,3.6718238814524115e-08,4.7671550682516093e-17,0.0025421486116689808,2.8667892863997632e-07,9.3556606998057864e-07,5.5017233883187946e-14
1015,0.00064080036032515976,6.9768621998333925e-08,0.012912276,1.2517710216497646e-05,4.2979411022527307e-12,3.6718238814524115e-08,4.7671550682516093e-17,0.0025421486116689808,2.8667892863997632e-07,8.4984011763542629e-06,3.6567069197450944e-12
1016,0.0044984228578601598,4.4414053107786329e-06,0.012897637,1.2517710216497646e-05,4.2979411022527307e-12,8.5270225523800494e-08,2.3852627615639069e-16,0.017980152884928567,1.825026263439753e-05,9.3556606998057864e-07,5.5017233883187946e-14
1017,1.9971961963137293e-05,6.7991807449326879e-11,0.012881015000000001,1.2517710216497646e-05,4.2979411022527307e-12,1.922829690185178e-07,1.0503927487885637e-15,6.8499463990509688e-07,9.6425054834388508e-16,6.6492860027127882e-05,2.3369350210529902e-10
1018,0.019105578811718708,7.0091078851835072e-05,0.012860786000000001,1.2517710216497646e-05,4.2979411022527307e-12,1.922829690185178e-07,1.0503927487885637e-15,3.5959278288190782e-06,6.6730504443978359e-14,0.076406009325860683,0.00024476894619767731
1019,1.5266067359405874e-05,9.4029924556368448e-12,0.012921303,1.2517710216497646e-05,4.2979411022527307e-12,1.922829690185178e-07,1.0503927487885637e-15,3.1696332450882019e-05,1.7134390648275296e-11,1.6657943801225666e-05,1.4531320971435777e-11
1020,3.6249209119462061e-05,2.6700049863912076e-10,0.012933455999999999,1.2517710216497646e-05,4.2979411022527307e-12,3.9233411970282536e-07,4.3772274154343397e-15,1.7057040310223498e-07,2.1835577115764133e-16,0.00013191622173854499,9.2866087487863828e-10
1021,4.9867798246935242e-06,1.1563049913785841e-12,0.012924148,1.2517710216497646e-05,4.2979411022527307e-12,8.1400577502298111e-07,1.7942025344819159e-14,5.6798372372729349e-06,2.6628353116564885e-13,9.3556606998057864e-07,5.5017233883187946e-14
1022,0.0044983852371175033,4.441405298988157e-06,0.012921312000000001,1.2517710216497646e-05,4.2979411022527307e-12,8.1400577502298111e-07,1.7942025344819159e-14,0.017980152884928567,1.825026263439753e-05,5.6347550033575723e-08,1.8557385880728104e-16
1023,0.071138566185331431,0.0011405285422677837,0.012957173000000001,1.2517710216497646e-05,4.2979411022527307e-12,8.1400577502298111e-07,1.7942025344819159e-14,0.28454093302533323,0.0046865685654330158,0,0
1024,1.1363600111257894e-05,1.777932309146851e-11,0.012875454,1.2517710216497646e-05,4.2979411022527307e-12,1.6370745535315476e-06,7.2472245124145652e-14,1.0177739364849487e-08,6.1819868881659968e-18,3.1289437935637845e-05,5.8289411536559831e-11
1025,3.8152303107779968e-06,1.1036014185075641e-12,0.012909139,1.2517710216497646e-05,4.2979411022527307e-12,1.6370745535315476e-06,7.2472245124145652e-14,1.7057040310223498e-07,2.1835577115764133e-16,9.3556606998057864e-07,5.5017233883187946e-14
1026,0.038659601999151028,0.00028339918309687359,0.012929708999999999,1.2517710216497646e-05,4.2979411022527307e-12,1.6370745535315476e-06,7.2472245124145652e-14,9.3862690716268412e-06,1.0711203395856254e-12,0.15461486694276227,0.00098967402532771959
1027,0.00025839209551207603,1.7160246992523256e-08,0.012902376,1.2517710216497646e-05,4.2979411022527307e-12,1.6370745535315476e-06,7.2472245124145652e-14,1.4923999791672543e-05,4.275948562067562e-12,0.0010044895974866074,5.991881908875963e-08
1028,3.9076231883420729e-06,1.1371603037730666e-12,0.012847951,1.2517710216497646e-05,4.2979411022527307e-12,3.0462572474722488e-06,2.9569255723453914e-13,1.0177739364849487e-08,6.1819868881659968e-18,5.6347550033575723e-08,1.8557385880728104e-16
1029,0.0022645574978250606,1.1099292789440795e-06,0.012920912,1.2517710216497646e-05,4.2979411022527307e-12,3.0462572474722488e-06,2.9569255723453914e-13,1.7057040310223498e-07,2.1835577115764133e-16,0.0090424954534331133,3.8760417201217597e-06
1030,1.2464015581126283e-05,1.7832610048295689e-11,0.012975438000000001,1.2517710216497646e-05,4.2979411022527307e-12,3.0462572474722488e-06,2.9569255723453914e-13,3.0026569248976691e-06,1.6340168279266537e-14,3.1289437935637845e-05,5.8289411536559831e-11
1031,0.0046000121592815364,4.411295218753932e-06,0.012948115,1.2517710216497646e-05,4.2979411022527307e-12,3.0462572474722488e-06,2.9569255723453914e-13,0.00015547868126687659,6.8479859958329124e-11,0.018229005988395285,1.5404866910722966e-05
1032,0.00068498099112308071,7.0101585413433173e-08,0.012887457,1.2517710216497646e-05,4.2979411022527307e-12,3.0462572474722488e-06,2.9569255723453914e-13,0.00050595073709442328,4.3744386336726988e-09,0.0022184092599339413,2.4108403166049585e-07
1033,0.019107954805693949,7.0091079891159135e-05,0.012947164000000001,1.2517710216497646e-05,4.2979411022527307e-12,1.3292186698712521e-05,4.7792767311777559e-12,0,0,0.076406009325860683,0.00024476894619767731
1034,1.4378570372798614e-05,6.2974261474566126e-12,0.012928185999999999,1.2517710216497646e-05,4.2979411022527307e-12,1.3292186698712521e-05,4.7792767311777559e-12,3.1696332450882019e-05,1.7134390648275296e-11,8.0521251023118028e-09,5.2233865048072528e-18
1035,0.0018105814153192394,3.4591711829277068e-07,0.012894800999999999,1.2517710216497646e-05,4.2979411022527307e-12,1.3292186698712521e-05,4.7792767311777559e-12,0.0025421486116689808,2.8667892863997632e-07,0.004674367152692818,9.6435347361865966e-07
1036,0.035584528884816134,0.00028004328231262662,0.012917766000000001,1.2517710216497646e-05,4.2979411022527307e-12,1.3292186698712521e-05,4.7792767311777559e-12,0.14228101620441289,0.0011507313567779948,3.1289437935637845e-05,5.8289411536559831e-11
1037,0.00013604082218577463,1.0698181087898037e-09,0.012912676,1.2517710216497646e-05,4.2979411022527307e-12,2.5638493882144404e-05,1.8912646304862198e-11,0.00050595073709442328,4.3744386336726988e-09,5.6347550033575723e-08,1.8557385880728104e-16
1038,0.0045812644807838449,2.2167444557178205e-06,0.013319245,1.2517710216497646e-05,4.2979411022527307e-12,2.5638493882144404e-05,1.8912646304862198e-11,0.009244406265603463,4.548019408270464e-06,0.0090424954534331133,3.8760417201217597e-06
1039,0.035579807189015392,0.00028004326874334691,0.012937163,1.2517710216497646e-05,4.2979411022527307e-12,2.5638493882144404e-05,1.8912646304862198e-11,0.14228101620441289,0.0011507313567779948,5.6347550033575723e-08,1.8557385880728104e-16
1040,5.6828030748858902e-05,2.8779923102369827e-10,0.012872618000000001,1.2517710216497646e-05,4.2979411022527307e-12,5.118185858950802e-05,7.5278650828326678e-11,3.1696332450882019e-05,1.7134390648275296e-11,0.00013191622173854499,9.2866087487863828e-10
1041,0.00066808526012552714,6.9851124332570858e-08,0.012958265,1.2517710216497646e-05,4.2979411022527307e-12,5.118185858950802e-05,7.5278650828326678e-11,0.0025421486116689808,2.8667892863997632e-07,6.6492860027127882e-05,2.3369350210529902e-10
1042,0.0099930548169350486,1.7984439743952179e-05,0.012916524,1.2517710216497646e-05,4.2979411022527307e-12,5.118185858950802e-05,7.5278650828326678e-11,0.035234152546241279,7.2765419883759325e-05,0.004674367152692818,9.6435347361865966e-07
1043,0.0094411679595324018,1.7663760719991967e-05,0.012975568,1.2517710216497646e-05,4.2979411022527307e-12,0.00011006785448470327,3.065896160972491e-10,6.8499463990509688e-07,9.6425054834388508e-16,0.03764140127878858,6.1684359762903619e-05
1044,0.0035103397457493962,1.3830283526681308e-06,0.012872517999999999,1.2517710216497646e-05,4.2979411022527307e-12,0.00011006785448470327,3.065896160972491e-10,0.009244406265603463,4.548019408270464e-06,0.004674367152692818,9.6435347361865966e-07
1045,0.0088391845277355999,1.7708342355541981e-05,0.012942723999999999,1.2517710216497646e-05,4.2979411022527307e-12,0.00011006785448470327,3.065896160972491e-10,0.035234152546241279,7.2765419883759325e-05,0,0
1046,0.0088413091280297191,1.7708343402660536e-05,0.012884902,1.2517710216497646e-05,4.2979411022527307e-12,0.00011006785448470327,3.065896160972491e-10,0.035234152546241279,7.2765419883759325e-05,8.4984011763542629e-06,3.6567069197450944e-12
1047,0.00016143839243829038,1.3660703032769793e-09,0.012901665,1.2517710216497646e-05,4.2979411022527307e-12,0.0002024824384512204,1.2476170158873263e-09,0.00015547868126687659,6.8479859958329124e-11,0.00027527473981856643,3.7461066010287721e-09
1048,0.0046498712045824741,4.4115707661871683e-06,0.012888269000000001,1.2517710216497646e-05,4.2979411022527307e-12,0.0002024824384512204,1.2476170158873263e-09,0.00015547868126687659,6.8479859958329124e-11,0.018229005988395285,1.5404866910722966e-05
1049,0.0023854690782572773,1.1104710688980066e-06,0.013025345000000001,1.2517710216497646e-05,4.2979411022527307e-12,0.0002024824384512204,1.2476170158873263e-09,0.00028438071092829132,1.0940226677592041e-09,0.0090424954534331133,3.8760417201217597e-06
1050,0.0051586720592611069,4.5115366368577761e-06,0.012909268999999999,1.2517710216497646e-05,4.2979411022527307e-12,0.00042360838196540306,4.958830087016193e-09,0.017980152884928567,1.825026263439753e-05,0.0022184092599339413,2.4108403166049585e-07
1051,0.00023803030273837308,4.365637477096351e-09,0.013015186,1.2517710216497646e-05,4.2979411022527307e-12,0.00093960350073700059,1.9757091519064694e-08,0,0,0,0
1052,0.00025465351774515619,4.432557034022813e-09,0.012896715,1.2517710216497646e-05,4.2979411022527307e-12,0.00093960350073700059,1.9757091519064694e-08,0,0,6.6492860027127882e-05,2.3369350210529902e-10
1053,0.00024388590298038052,4.3677251969831018e-09,0.012881564999999999,1.2517710216497646e-05,4.2979411022527307e-12,0.00093960350073700059,1.9757091519064694e-08,1.4923999791672543e-05,4.275948562067562e-12,8.4984011763542629e-06,3.6567069197450944e-12
1054,0.00045427920975762526,8.7458545194870825e-09,0.012860975,1.2517710216497646e-05,4.2979411022527307e-12,0.00093960350073700059,1.9757091519064694e-08,0.00086283358746406353,1.7998570474129329e-08,2.1620406129402982e-06,2.266527741266158e-13
1055,0.00042075435520044319,1.7156758002087713e-08,0.012925181000000001,1.2517710216497646e-05,4.2979411022527307e-12,0.0016536711963809558,7.7639855504669115e-08,1.7057040310223498e-07,2.1835577115764133e-16,1.6657943801225666e-05,1.4531320971435777e-11
1056,0.0092250853632096785,1.7725426151449934e-05,0.012933877,1.2517710216497646e-05,4.2979411022527307e-12,0.0016536711963809558,7.7639855504669115e-08,0.035234152546241279,7.2765419883759325e-05,0,0
1057,0.11020549721867355,0.0014239448755372834,0.012940109,1.2517710216497646e-05,4.2979411022527307e-12,0.0016536711963809558,7.7639855504669115e-08,0.28454093302533323,0.0046865685654330158,0.15461486694276227,0.00098967402532771959
1058,0.00082686720507404716,6.859187969382771e-08,0.012896795000000001,1.2517710216497646e-05,4.2979411022527307e-12,0.0031050149053830512,3.1018682127148085e-07,0.00018993620469662744,2.7539120948023132e-10,0,0
1059,0.0019907397101861109,3.4470971571721191e-07,0.012887156,1.2517710216497646e-05,4.2979411022527307e-12,0.0031050149053830512,3.1018682127148085e-07,0.0048444906590748918,1.1348766309780777e-06,9.3556606998057864e-07,5.5017233883187946e-14
1060,0.01969763884838439,7.022094208091938e-05,0.012944017,1.2517710216497646e-05,4.2979411022527307e-12,0.0031050149053830512,3.1018682127148085e-07,0.070998655625245252,0.00028712996885817864,0.004674367152692818,9.6435347361865966e-07
1061,0.071914673056610701,0.0011405970660531878,0.012921983999999999,1.2517710216497646e-05,4.2979411022527307e-12,0.0031050149053830512,3.1018682127148085e-07,0.28454093302533323,0.0046865685654330158,2.2658550777503332e-07,3.3865724704100287e-15
1062,0.002739777591366053,5.4831722480432969e-07,0.012911494000000001,1.2517710216497646e-05,4.2979411022527307e-12,0.0059878447916266436,1.2308169179467562e-06,0.00028438071092829132,1.0940226677592041e-09,0.004674367152692818,9.6435347361865966e-07
1063,0.0055027958122242952,4.3931526004555688e-06,0.013180356000000001,1.2517710216497646e-05,4.2979411022527307e-12,0.021998665538680674,1.9886491098706625e-05,0,0,0,0
1064,0.014327957163791311,2.2101493074644771e-05,0.014019878,1.2517710216497646e-05,4.2979411022527307e-12,0.021998665538680674,1.9886491098706625e-05,0.035234152546241279,7.2765419883759325e-05,6.6492860027127882e-05,2.3369350210529902e-10
1065,0.014562456348156167,2.2118584273687016e-05,0.013802425,1.2517710216497646e-05,4.2979411022527307e-12,0.021998665538680674,1.9886491098706625e-05,0.035234152546241279,7.2765419883759325e-05,0.0010044895974866074,5.991881908875963e-08
1066,0.011230401350716816,1.7738074322401903e-05,0.012889972,1.2517710216497646e-05,4.2979411022527307e-12,0.044908377588462341,8.0294984932708011e-05,6.8499463990509688e-07,9.6425054834388508e-16,2.5109548640956888e-08,3.7020830486700943e-17
1067,0.011234694992231672,1.7738075629945908e-05,0.012901835,1.2517710216497646e-05,4.2979411022527307e-12,0.044908377588462341,8.0294984932708011e-05,9.3862690716268412e-06,1.0711203395856254e-12,8.4984011763542629e-06,3.6567069197450944e-12
1068,0.015791206321716239,2.2149352779071534e-05,0.012943165,1.2517710216497646e-05,4.2979411022527307e-12,0.044908377588462341,8.0294984932708011e-05,1.4923999791672543e-05,4.275948562067562e-12,0.018229005988395285,1.5404866910722966e-05
1069,0.01130134838660391,1.7738340564963449e-05,0.012955889999999999,1.2517710216497646e-05,4.2979411022527307e-12,0.044908377588462341,8.0294984932708011e-05,0.00028438071092829132,1.0940226677592041e-09,1.1753680853951075e-07,8.1378935850548041e-16
1070,0.011425530193897995,1.7740211610839707e-05,0.012887918999999999,1.2517710216497646e-05,4.2979411022527307e-12,0.044908377588462341,8.0294984932708011e-05,0.00050595073709442328,4.3744386336726988e-09,0.00027527473981856643,3.7461066010287721e-09
1071,0.021781173811052584,6.9901301421977351e-05,0.012979576,1.2517710216497646e-05,4.2979411022527307e-12,0.087042682017042267,0.00031642210546467976,3.0026569248976691e-06,1.6340168279266537e-14,6.6492860027127882e-05,2.3369350210529902e-10
1072,0.0223658862979722,6.9970337398009158e-05,0.012906344,1.2517710216497646e-05,4.2979411022527307e-12,0.087042682017042267,0.00031642210546467976,0.00018993620469662744,2.7539120948023132e-10,0.0022184092599339413,2.4108403166049585e-07
1073,0.021980570349060334,6.9905614908935323e-05,0.013104248000000001,1.2517710216497646e-05,4.2979411022527307e-12,0.087042682017042267,0.00031642210546467976,0.00086283358746406353,1.7998570474129329e-08,4.2480815196427367e-06,9.0220702679766719e-13
1074,0.023043741281538126,7.017849205865339e-05,0.012923217000000001,1.2517710216497646e-05,4.2979411022527307e-12,0.087042682017042267,0.00031642210546467976,0.0048444906590748918,1.1348766309780777e-06,0.00027527473981856643,3.7461066010287721e-09
1075,0.042909165099200598,0.00028320465438333144,0.012858722,1.2517710216497646e-05,4.2979411022527307e-12,0.17146866400531868,0.0012819832070484491,0.00015547868126687659,6.8479859958329124e-11,0,0
1076,0.043086060472126909,0.00028320901787111136,0.012920591,1.2517710216497646e-05,4.2979411022527307e-12,0.17146866400531868,0.0012819832070484491,0.00086283358746406353,1.7998570474129329e-08,2.2658550777503332e-07,3.3865724704100287e-15
1077,0.081865934659259537,0.0005666211670109358,0.012968705000000001,1.2517710216497646e-05,4.2979411022527307e-12,0.17146866400531868,0.0012819832070484491,0.0013676899787404967,7.1283141000387424e-08,0.15461486694276227,0.00098967402532771959
1078,0.063182920425117584,0.0003535719003213651,0.012850214,1.2517710216497646e-05,4.2979411022527307e-12,0.17146866400531868,0.0012819832070484491,0.0048444906590748918,1.1348766309780777e-06,0.076406009325860683,0.00024476894619767731
1079,6.8048576568005838e-06,4.254536610557663e-12,0.012980037999999999,2.7219430627202335e-05,1.7061041098696367e-11,0,0,0,0,0,0
1080,6.8068706880761419e-06,4.2545381063061858e-12,0.012943005,2.7219430627202335e-05,1.7061041098696367e-11,0,0,0,0,8.0521251023118028e-09,5.2233865048072528e-18
1081,0.0002579580950630614,1.7162373146352826e-08,0.012920882,2.7219430627202335e-05,1.7061041098696367e-11,0,0,1.2335213843932404e-07,4.3468830174521832e-17,0.0010044895974866074,5.991881908875963e-08
1082,4.5674527973519766e-05,2.0919871532866866e-11,0.012870314000000001,2.7219430627202335e-05,1.7061041098696367e-11,0,0,0.00015547868126687659,6.8479859958329124e-11,0,0
1083,0.00060027684295700667,6.9056799925639279e-08,0.012874291,2.7219430627202335e-05,1.7061041098696367e-11,0,0,0.00015547868126687659,6.8479859958329124e-11,0.0022184092599339413,2.4108403166049585e-07
1084,0.00014991575693718787,1.1357423472046769e-09,0.012903960000000001,2.7219430627202335e-05,1.7061041098696367e-11,0,0,0.00050595073709442328,4.3744386336726988e-09,6.6492860027127882e-05,2.3369350210529902e-10
1085,0.017756498148170229,6.9876272987876424e-05,0.012847880000000001,2.7219430627202335e-05,1.7061041098696367e-11,0,0,0.070998655625245252,0.00028712996885817864,1.1753680853951075e-07,8.1378935850548041e-16
1086,0.017764293967330282,6.9876289679171173e-05,0.012933465999999999,2.7219430627202335e-05,1.7061041098696367e-11,1.1375513279201216e-08,6.8890466804365844e-18,0.070998655625245252,0.00028712996885817864,3.1289437935637845e-05,5.8289411536559831e-11
1087,0.036131670403303312,0.00028011230362810601,0.012896975999999999,2.7219430627202335e-05,1.7061041098696367e-11,3.6718238814524115e-08,4.7671550682516093e-17,0.14228101620441289,0.0011507313567779948,0.0022184092599339413,2.4108403166049585e-07
1088,6.8982020160919751e-06,4.2548754765587031e-12,0.012888500000000001,2.7219430627202335e-05,1.7061041098696367e-11,8.5270225523800494e-08,2.3852627615639069e-16,1.7057040310223498e-07,2.1835577115764133e-16,1.1753680853951075e-07,8.1378935850548041e-16
1089,6.9886150714173395e-06,4.2585975281665813e-12,0.012859572999999999,2.7219430627202335e-05,1.7061041098696367e-11,8.5270225523800494e-08,2.3852627615639069e-16,1.7057040310223498e-07,2.1835577115764133e-16,4.7918902984102718e-07,1.3811772537286094e-14
1090,3.9847873248593499e-05,2.7018233714553446e-10,0.012921023,2.7219430627202335e-05,1.7061041098696367e-11,8.5270225523800494e-08,2.3852627615639069e-16,1.7057040310223498e-07,2.1835577115764133e-16,0.00013191622173854499,9.2866087487863828e-10
1091,4.1225189957136174e-05,2.702470870626898e-10,0.012932694999999999,2.7219430627202335e-05,1.7061041098696367e-11,8.5270225523800494e-08,2.3852627615639069e-16,5.6798372372729349e-06,2.6628353116564885e-13,0.00013191622173854499,9.2866087487863828e-10
1092,0.0023063197088881832,1.1099490617095071e-06,0.012915041,2.7219430627202335e-05,1.7061041098696367e-11,8.5270225523800494e-08,2.3852627615639069e-16,0.00015547868126687659,6.8479859958329124e-11,0.0090424954534331133,3.8760417201217597e-06
1093,0.00034875068292958007,1.7351799106932163e-08,0.012920912,2.7219430627202335e-05,1.7061041098696367e-11,8.5270225523800494e-08,2.3852627615639069e-16,0.0013676899787404967,7.1283141000387424e-08,8.0521251023118028e-09,5.2233865048072528e-18
1094,0.018311092396507783,6.9945308867751046e-05,0.012973284,2.7219430627202335e-05,1.7061041098696367e-11,8.5270225523800494e-08,2.3852627615639069e-16,0.070998655625245252,0.00028712996885817864,0.0022184092599339413,2.4108403166049585e-07
1095,7.42427658690009e-06,4.3196826344668401e-12,0.012956661,2.7219430627202335e-05,1.7061041098696367e-11,1.922829690185178e-07,1.0503927487885637e-15,1.2335213843932404e-07,4.3468830174521832e-17,2.1620406129402982e-06,2.266527741266158e-13
1096,0.0088156249564768589,1.7708277825154647e-05,0.012870825000000001,2.7219430627202335e-05,1.7061041098696367e-11,1.922829690185178e-07,1.0503927487885637e-15,0.035234152546241279,7.2765419883759325e-05,9.3556606998057864e-07,5.5017233883187946e-14
1097,0.00089356249347562363,8.692887718645154e-08,0.012939889,2.7219430627202335e-05,1.7061041098696367e-11,3.9233411970282536e-07,4.3772274154343397e-15,0.0025421486116689808,2.8667892863997632e-07,0.0010044895974866074,5.991881908875963e-08
1098,1.0031941351849573e-05,5.3218601038625911e-12,0.012924468999999999,2.7219430627202335e-05,1.7061041098696367e-11,8.1400577502298111e-07,1.7942025344819159e-14,3.5959278288190782e-06,6.6730504443978359e-14,8.4984011763542629e-06,3.6567069197450944e-12
1099,1.5052239470737152e-05,8.4322996676121112e-12,0.012883149,2.7219430627202335e-05,1.7061041098696367e-11,8.1400577502298111e-07,1.7942025344819159e-14,3.1696332450882019e-05,1.7134390648275296e-11,4.7918902984102718e-07,1.3811772537286094e-14
1100,7.9165557212539759e-05,2.7075942651154087e-10,0.012890554,2.7219430627202335e-05,1.7061041098696367e-11,8.1400577502298111e-07,1.7942025344819159e-14,0.00028438071092829132,1.0940226677592041e-09,4.2480815196427367e-06,9.0220702679766719e-13
1101,0.0094886596237243655,1.7663962431968909e-05,0.012926513000000001,2.7219430627202335e-05,1.7061041098696367e-11,1.6370745535315476e-06,7.2472245124145652e-14,0.00028438071092829132,1.0940226677592041e-09,0.03764140127878858,6.1684359762903619e-05
1102,0.017759354928573858,6.9876274100086629e-05,0.012957233,2.7219430627202335e-05,1.7061041098696367e-11,3.0462572474722488e-06,2.9569255723453914e-13,0.070998655625245252,0.00028712996885817864,8.4984011763542629e-06,3.6567069197450944e-12
1103,0.03557850320459139,0.00028004326801076181,0.012907205,2.7219430627202335e-05,1.7061041098696367e-11,5.6596465165322227e-06,1.1881667417065484e-12,0.14228101620441289,0.0011507313567779948,1.1753680853951075e-07,8.1378935850548041e-16
1104,0.038663887282622968,0.00028339918705876972,0.012919669999999999,2.7219430627202335e-05,1.7061041098696367e-11,1.3292186698712521e-05,4.7792767311777559e-12,1.7057040310223498e-07,2.1835577115764133e-16,0.15461486694276227,0.00098967402532771959
1105,5.7613968536910983e-05,7.2329845753245172e-11,0.012969457,2.7219430627202335e-05,1.7061041098696367e-11,1.3292186698712521e-05,4.7792767311777559e-12,0.00018993620469662744,2.7539120948023132e-10,8.0521251023118028e-09,5.2233865048072528e-18
1106,8.1342879321011791e-05,2.7155686198411384e-10,0.012915582,2.7219430627202335e-05,1.7061041098696367e-11,1.3292186698712521e-05,4.7792767311777559e-12,0.00028438071092829132,1.0940226677592041e-09,4.7918902984102718e-07,1.3811772537286094e-14
1107,0.00227383834448562,1.1099365743400556e-06,0.012940961000000001,2.7219430627202335e-05,1.7061041098696367e-11,2.5638493882144404e-05,1.8912646304862198e-11,0,0,0.0090424954534331133,3.8760417201217597e-06
1108,2.1957597820009035e-05,2.1932538839470216e-11,0.013004424000000001,2.7219430627202335e-05,1.7061041098696367e-11,5.118185858950802e-05,7.5278650828326678e-11,9.3070088697094474e-07,4.0015195531920299e-15,8.4984011763542629e-06,3.6567069197450944e-12
1109,0.0012307250001041786,2.7620572422628709e-07,0.012920912,2.7219430627202335e-05,1.7061041098696367e-11,5.118185858950802e-05,7.5278650828326678e-11,0.0048444906590748918,1.1348766309780777e-06,8.0521251023118028e-09,5.2233865048072528e-18
1110,0.0024669176949532372,1.1111149308026711e-06,0.012925401,2.7219430627202335e-05,1.7061041098696367e-11,5.118185858950802e-05,7.5278650828326678e-11,0.009244406265603463,4.548019408270464e-06,0.0005448632249927674,1.495684015466391e-08
1111,0.054691356704872462,0.00035013436214154483,0.012911615,2.7219430627202335e-05,1.7061041098696367e-11,5.118185858950802e-05,7.5278650828326678e-11,0.14228101620441289,0.0011507313567779948,0.076406009325860683,0.00024476894619767731
1112,0.080579905397308124,0.0011581923050945865,0.012941683000000001,2.7219430627202335e-05,1.7061041098696367e-11,0.00011006785448470327,3.065896160972491e-10,0.28454093302533323,0.0046865685654330158,0.03764140127878858,6.1684359762903619e-05
1113,5.7462582691376018e-05,2.7986731286803727e-10,0.012871195,2.7219430627202335e-05,1.7061041098696367e-11,0.0002024824384512204,1.2476170158873263e-09,1.2335213843932404e-07,4.3468830174521832e-17,2.5109548640956888e-08,3.7020830486700943e-17
1114,0.0094691957462760962,1.7663971850943271e-05,0.012975186999999999,2.7219430627202335e-05,1.7061041098696367e-11,0.0002024824384512204,1.2476170158873263e-09,5.6798372372729349e-06,2.6628353116564885e-13,0.03764140127878858,6.1684359762903619e-05
1115,0.07180254252446526,0.0011405986767884901,0.012927014000000001,2.7219430627202335e-05,1.7061041098696367e-11,0.00042360838196540306,4.958830087016193e-09,0.28454093302533323,0.0046865685654330158,0.0022184092599339413,2.4108403166049585e-07
1116,0.00031194437710501018,5.4416054624041167e-09,0.012919058000000001,2.7219430627202335e-05,1.7061041098696367e-11,0.00093960350073700059,1.9757091519064694e-08,5.6798372372729349e-06,2.6628353116564885e-13,0.00027527473981856643,3.7461066010287721e-09
1117,0.00028060478735990687,4.3854857978446521e-09,0.01291484,2.7219430627202335e-05,1.7061041098696367e-11,0.00093960350073700059,1.9757091519064694e-08,0.00015547868126687659,6.8479859958329124e-11,1.1753680853951075e-07,8.1378935850548041e-16
1118,0.00058416873767941141,2.1716429649423114e-08,0.012877588000000001,2.7219430627202335e-05,1.7061041098696367e-11,0.00093960350073700059,1.9757091519064694e-08,0.0013676899787404967,7.1283141000387424e-08,2.1620406129402982e-06,2.266527741266158e-13
1119,0.040106545133300253,0.0002836797354084208,0.012902696999999999,2.7219430627202335e-05,1.7061041098696367e-11,0.00093960350073700059,1.9757091519064694e-08,0.0048444906590748918,1.1348766309780777e-06,0.15461486694276227,0.00098967402532771959
1120,0.018007992854159046,6.9880704472894707e-05,0.012889771,2.7219430627202335e-05,1.7061041098696367e-11,0.00093960350073700059,1.9757091519064694e-08,0.070998655625245252,0.00028712996885817864,6.6492860027127882e-05,2.3369350210529902e-10
1121,0.00043231122581506701,1.7164110546115793e-08,0.01298115,2.7219430627202335e-05,1.7061041098696367e-11,0.0016536711963809558,7.7639855504669115e-08,3.1696332450882019e-05,1.7134390648275296e-11,1.6657943801225666e-05,1.4531320971435777e-11
1122,0.0053547840137617379,2.2852672488512704e-06,0.012912135,2.7219430627202335e-05,1.7061041098696367e-11,0.0031050149053830512,3.1018682127148085e-07,0.009244406265603463,4.548019408270464e-06,0.0090424954534331133,3.8760417201217597e-06
1123,0.0015037660555634639,2.7190567735449667e-07,0.012876436,2.7219430627202335e-05,1.7061041098696367e-11,0.0059878447916266436,1.2308169179467562e-06,0,0,0,0
1124,0.0015042326223026956,2.7190569408283077e-07,0.012979707,2.7219430627202335e-05,1.7061041098696367e-11,0.0059878447916266436,1.2308169179467562e-06,9.3070088697094474e-07,4.0015195531920299e-15,9.3556606998057864e-07,5.5017233883187946e-14
1125,0.0016302537398370657,2.7297024560816434e-07,0.013106262,2.7219430627202335e-05,1.7061041098696367e-11,0.0059878447916266436,1.2308169179467562e-06,0.00050595073709442328,4.3744386336726988e-09,0,0
1126,0.003540172463137261,1.1560303858475166e-06,0.012878830000000001,2.7219430627202335e-05,1.7061041098696367e-11,0.011591296700704166,4.9171744444568016e-06,0.0025421486116689808,2.8667892863997632e-07,2.5109548640956888e-08,3.7020830486700943e-17
1127,0.012950516505447263,1.8819722304685217e-05,0.012909099,2.7219430627202335e-05,1.7061041098696367e-11,0.011591296700704166,4.9171744444568016e-06,0.0025421486116689808,2.8667892863997632e-07,0.03764140127878858,6.1684359762903619e-05
1128,0.0055064712423269612,4.3931557832083616e-06,0.012907747000000001,2.7219430627202335e-05,1.7061041098696367e-11,0.021998665538680674,1.9886491098706625e-05,0,0,0,0
1129,0.0055157135611201644,4.393172539538099e-06,0.012872488,2.7219430627202335e-05,1.7061041098696367e-11,0.021998665538680674,1.9886491098706625e-05,5.6798372372729349e-06,2.6628353116564885e-13,3.1289437935637845e-05,5.8289411536559831e-11
1130,0.0055107427524281371,4.3931568887102168e-06,0.012898267999999999,2.7219430627202335e-05,1.7061041098696367e-11,0.021998665538680674,1.9886491098706625e-05,1.4923999791672543e-05,4.275948562067562e-12,2.1620406129402982e-06,2.266527741266158e-13
1131,0.023256135148638196,7.4269424516317339e-05,0.012961181,2.7219430627202335e-05,1.7061041098696367e-11,0.021998665538680674,1.9886491098706625e-05,0.070998655625245252,0.00028712996885817864,0,0
1132,0.011233899254772408,1.7738077504913005e-05,0.01293013,2.7219430627202335e-05,1.7061041098696367e-11,0.044908377588462341,8.0294984932708011e-05,0,0,0,0
1133,0.056214503625572933,0.0003154450329172918,0.012866727,2.7219430627202335e-05,1.7061041098696367e-11,0.044908377588462341,8.0294984932708011e-05,0.14228101620441289,0.0011507313567779948,0.03764140127878858,6.1684359762903619e-05
1134,0.082370194531485988,0.0011582666189553382,0.012920922,2.7219430627202335e-05,1.7061041098696367e-11,0.044908377588462341,8.0294984932708011e-05,0.28454093302533323,0.0046865685654330158,4.2480815196427367e-06,9.0220702679766719e-13
1135,0.024079638948698089,7.1008049003679703e-05,0.012931644000000001,2.7219430627202335e-05,1.7061041098696367e-11,0.087042682017042267,0.00031642210546467976,0.009244406265603463,4.548019408270464e-06,4.2480815196427367e-06,9.0220702679766719e-13
1136,1.5696212993889934e-05,1.6935461526039076e-11,0.012936322,6.2784851975559736e-05,6.7912591092563531e-11,0,0,0,0,0,0
1137,0.038669412948684451,0.00028339919868386389,0.012882497,6.2784851975559736e-05,6.7912591092563531e-11,0,0,0,0,0.15461486694276227,0.00098967402532771959
1138,2.3521116912640658e-05,3.3626990858140844e-11,0.012828914,6.2784851975559736e-05,6.7912591092563531e-11,0,0,1.0177739364849487e-08,6.1819868881659968e-18,3.1289437935637845e-05,5.8289411536559831e-11
1139,1.6469398368867785e-05,1.7001338741899994e-11,0.012941502000000001,6.2784851975559736e-05,6.7912591092563531e-11,0,0,9.3070088697094474e-07,4.0015195531920299e-15,2.1620406129402982e-06,2.266527741266158e-13
1140,0.00026756927659676215,1.7175058037251217e-08,0.01299703,6.2784851975559736e-05,6.7912591092563531e-11,0,0,3.0026569248976691e-06,1.6340168279266537e-14,0.0010044895974866074,5.991881908875963e-08
1141,0.038671759515952427,0.00028339919894453661,0.012922665,6.2784851975559736e-05,6.7912591092563531e-11,0,0,9.3862690716268412e-06,1.0711203395856254e-12,0.15461486694276227,0.00098967402532771959
1142,6.3180264168046841e-05,8.3954972714301277e-11,0.012913548,6.2784851975559736e-05,6.7912591092563531e-11,0,0,0.00018993620469662744,2.7539120948023132e-10,0,0
1143,0.0024920284732181789,1.1143252293857964e-06,0.012859142,6.2784851975559736e-05,6.7912591092563531e-11,0,0,0.00086283358746406353,1.7998570474129329e-08,0.0090424954534331133,3.8760417201217597e-06
1144,0.0023268040567819247,1.1068279996026844e-06,0.012967693000000001,6.2784851975559736e-05,6.7912591092563531e-11,0,0,0.009244406265603463,4.548019408270464e-06,2.5109548640956888e-08,3.7020830486700943e-17
1145,0.01776547991656259,6.9876285672523282e-05,0.012969516,6.2784851975559736e-05,6.7912591092563531e-11,0,0,0.070998655625245252,0.00028712996885817864,4.7918902984102718e-07,1.3811772537286094e-14
1146,0.0094297803765172571,1.766370989491123e-05,0.012935701000000001,6.2784851975559736e-05,6.7912591092563531e-11,1.1375513279201216e-08,6.8890466804365844e-18,1.4923999791672543e-05,4.275948562067562e-12,0.03764140127878858,6.1684359762903619e-05
1147,2.3623139984930335e-05,2.1105307422837036e-11,0.012906274000000001,6.2784851975559736e-05,6.7912591092563531e-11,1.1375513279201216e-08,6.8890466804365844e-18,3.1696332450882019e-05,1.7134390648275296e-11,0,0
1148,6.3723618199601617e-05,8.4019877637779515e-11,0.01290461,6.2784851975559736e-05,6.7912591092563531e-11,1.1375513279201216e-08,6.8890466804365844e-18,0.00018993620469662744,2.7539120948023132e-10,2.1620406129402982e-06,2.266527741266158e-13
1149,0.0023268147101606035,1.1068279996467454e-06,0.012895623,6.2784851975559736e-05,6.7912591092563531e-11,1.1375513279201216e-08,6.8890466804365844e-18,0.009244406265603463,4.548019408270464e-06,5.6347550033575723e-08,1.8557385880728104e-16
1150,0.0090753659284856167,1.7725448608702683e-05,0.012874361000000001,6.2784851975559736e-05,6.7912591092563531e-11,3.6718238814524115e-08,4.7671550682516093e-17,0.035234152546241279,7.2765419883759325e-05,0.0010044895974866074,5.991881908875963e-08
1151,0.038669434266240907,0.0002833991986838955,0.012910061,6.2784851975559736e-05,6.7912591092563531e-11,8.5270225523800494e-08,2.3852627615639069e-16,0,0,0.15461486694276227,0.00098967402532771959
1152,7.1023941208337235e-05,1.0064655323510872e-10,0.013008402000000001,6.2784851975559736e-05,6.7912591092563531e-11,8.5270225523800494e-08,2.3852627615639069e-16,0.00018993620469662744,2.7539120948023132e-10,3.1289437935637845e-05,5.8289411536559831e-11
1153,0.019164703913189467,7.0091161718604698e-05,0.012960118,6.2784851975559736e-05,6.7912591092563531e-11,8.5270225523800494e-08,2.3852627615639069e-16,0.00018993620469662744,2.7539120948023132e-10,0.076406009325860683,0.00024476894619767731
1154,0.038795948703700442,0.00028340026325235444,0.012957153000000001,6.2784851975559736e-05,6.7912591092563531e-11,1.922829690185178e-07,1.0503927487885637e-15,0.00050595073709442328,4.3744386336726988e-09,0.15461486694276227,0.00098967402532771959
1155,0.017765464836424303,6.9876285669771306e-05,0.012811670000000001,6.2784851975559736e-05,6.7912591092563531e-11,1.922829690185178e-07,1.0503927487885637e-15,0.070998655625245252,0.00028712996885817864,2.2658550777503332e-07,3.3865724704100287e-15
1156,1.5965545183791965e-05,1.6936663166328435e-11,0.012913478000000001,6.2784851975559736e-05,6.7912591092563531e-11,3.9233411970282536e-07,4.3772274154343397e-15,6.8499463990509688e-07,9.6425054834388508e-16,0,0
1157,1.5956443925929722e-05,1.6939531402527143e-11,0.012921182999999999,6.2784851975559736e-05,6.7912591092563531e-11,8.1400577502298111e-07,1.7942025344819159e-14,1.7057040310223498e-07,2.1835577115764133e-16,5.6347550033575723e-08,1.8557385880728104e-16
1158,1.6176248555916506e-05,1.695523278216037e-11,0.01297657,6.2784851975559736e-05,6.7912591092563531e-11,8.1400577502298111e-07,1.7942025344819159e-14,1.7057040310223498e-07,2.1835577115764133e-16,9.3556606998057864e-07,5.5017233883187946e-14
1159,1.6072976128897585e-05,1.6939661279854514e-11,0.012941542,6.2784851975559736e-05,6.7912591092563531e-11,8.1400577502298111e-07,1.7942025344819159e-14,6.8499463990509688e-07,9.6425054834388508e-16,8.0521251023118028e-09,5.2233865048072528e-18
1160,0.020328524710671564,7.0367279542784671e-05,0.012855635000000001,6.2784851975559736e-05,6.7912591092563531e-11,8.1400577502298111e-07,1.7942025344819159e-14,0.0048444906590748918,1.1348766309780777e-06,0.076406009325860683,0.00024476894619767731
1161,1.613833269815831e-05,1.6951483541675292e-11,0.012978363999999999,6.2784851975559736e-05,6.7912591092563531e-11,1.6370745535315476e-06,7.2472245124145652e-14,1.2335213843932404e-07,4.3468830174521832e-17,8.0521251023118028e-09,5.2233865048072528e-18
1162,0.035619338588170187,0.00028004354637268473,0.012917114,6.2784851975559736e-05,6.7912591092563531e-11,1.6370745535315476e-06,7.2472245124145652e-14,0.14228101620441289,0.0011507313567779948,0.00013191622173854499,9.2866087487863828e-10
1163,5.5327447622477157e-05,3.3666118289360063e-11,0.012918788,6.2784851975559736e-05,6.7912591092563531e-11,3.0462572474722488e-06,2.9569255723453914e-13,0.00015547868126687659,6.8479859958329124e-11,0,0
1164,0.0014007579623449881,2.8054564055115197e-07,0.012875823999999999,6.2784851975559736e-05,6.7912591092563531e-11,3.0462572474722488e-06,2.9569255723453914e-13,0.00086283358746406353,1.7998570474129329e-08,0.004674367152692818,9.6435347361865966e-07
1165,0.0045743934597564668,4.4112946142649703e-06,0.012893770000000001,6.2784851975559736e-05,6.7912591092563531e-11,5.6596465165322227e-06,1.1881667417065484e-12,1.2335213843932404e-07,4.3468830174521832e-17,0.018229005988395285,1.5404866910722966e-05
1166,0.001401411309662255,2.8054583770882591e-07,0.012905773000000001,6.2784851975559736e-05,6.7912591092563531e-11,5.6596465165322227e-06,1.1881667417065484e-12,0.00086283358746406353,1.7998570474129329e-08,0.004674367152692818,9.6435347361865966e-07
1167,2.0559016235346591e-05,1.8060016126319249e-11,0.012897297,6.2784851975559736e-05,6.7912591092563531e-11,1.3292186698712521e-05,4.7792767311777559e-12,5.6798372372729349e-06,2.6628353116564885e-13,4.7918902984102718e-07,1.3811772537286094e-14
1168,2.8261578461795811e-05,3.4747588868821214e-11,0.012876245,6.2784851975559736e-05,6.7912591092563531e-11,1.3292186698712521e-05,4.7792767311777559e-12,5.6798372372729349e-06,2.6628353116564885e-13,3.1289437935637845e-05,5.8289411536559831e-11
1169,0.038675822572155155,0.00028339920286188591,0.012914329,6.2784851975559736e-05,6.7912591092563531e-11,2.5638493882144404e-05,1.8912646304862198e-11,0,0,0.15461486694276227,0.00098967402532771959
1170,2.4572200989793024e-05,2.1378103812784172e-11,0.012900953,6.2784851975559736e-05,6.7912591092563531e-11,2.5638493882144404e-05,1.8912646304862198e-11,9.3862690716268412e-06,1.0711203395856254e-12,4.7918902984102718e-07,1.3811772537286094e-14
1171,0.0088636230284593713,1.7708560595805864e-05,0.012911153,6.2784851975559736e-05,6.7912591092563531e-11,2.5638493882144404e-05,1.8912646304862198e-11,0.035234152546241279,7.2765419883759325e-05,0.00013191622173854499,9.2866087487863828e-10
1172,0.038682208413331969,0.00028339921531377586,0.012927655999999999,6.2784851975559736e-05,6.7912591092563531e-11,5.118185858950802e-05,7.5278650828326678e-11,0,0,0.15461486694276227,0.00098967402532771959
1173,2.8724352863009877e-05,3.3566343468444868e-11,0.012923497000000001,6.2784851975559736e-05,6.7912591092563531e-11,5.118185858950802e-05,7.5278650828326678e-11,9.3070088697094474e-07,4.0015195531920299e-15,0,0
1174,0.035598752006131794,0.00028004329705888422,0.012881135,6.2784851975559736e-05,6.7912591092563531e-11,5.118185858950802e-05,7.5278650828326678e-11,0.14228101620441289,0.0011507313567779948,2.5109548640956888e-08,3.7020830486700943e-17
1175,0.035599286238898145,0.00028004329712379161,0.012920021,6.2784851975559736e-05,6.7912591092563531e-11,5.118185858950802e-05,7.5278650828326678e-11,0.14228101620441289,0.0011507313567779948,2.1620406129402982e-06,2.266527741266158e-13
1176,0.0024303247242469426,1.1110773746254344e-06,0.012952885000000001,6.2784851975559736e-05,6.7912591092563531e-11,0.00011006785448470327,3.065896160972491e-10,0.00050595073709442328,4.3744386336726988e-09,0.0090424954534331133,3.8760417201217597e-06
1177,0.023639753729312422,7.4532566651356043e-05,0.012892116,6.2784851975559736e-05,6.7912591092563531e-11,0.00011006785448470327,3.065896160972491e-10,0.017980152884928567,1.825026263439753e-05,0.076406009325860683,0.00024476894619767731
1178,6.8277292069248341e-05,2.9267792306182409e-10,0.012929197999999999,6.2784851975559736e-05,6.7912591092563531e-11,0.0002024824384512204,1.2476170158873263e-09,5.6798372372729349e-06,2.6628353116564885e-13,2.1620406129402982e-06,2.266527741266158e-13
1179,0.0095319486281824021,1.7664804316144204e-05,0.012958414999999999,6.2784851975559736e-05,6.7912591092563531e-11,0.00042360838196540306,4.958830087016193e-09,0,0,0.03764140127878858,6.1684359762903619e-05
1180,0.0023859531717914414,1.1110415796787173e-06,0.012893989999999999,6.2784851975559736e-05,6.7912591092563531e-11,0.00042360838196540306,4.958830087016193e-09,1.4923999791672543e-05,4.275948562067562e-12,0.0090424954534331133,3.8760417201217597e-06
1181,0.00020206141509403444,1.4453444997266059e-09,0.012877358,6.2784851975559736e-05,6.7912591092563531e-11,0.00042360838196540306,4.958830087016193e-09,0.00018993620469662744,2.7539120948023132e-10,0.00013191622173854499,9.2866087487863828e-10
1182,0.00089190902033475122,7.4528429486931354e-08,0.012900231999999999,6.2784851975559736e-05,6.7912591092563531e-11,0.00042360838196540306,4.958830087016193e-09,0.00086283358746406353,1.7998570474129329e-08,0.0022184092599339413,2.4108403166049585e-07
1183,0.00025294365544604536,4.3817618238420478e-09,0.012914309000000001,6.2784851975559736e-05,6.7912591092563531e-11,0.00093960350073700059,1.9757091519064694e-08,9.3862690716268412e-06,1.0711203395856254e-12,0,0
1184,0.00068026724949538759,3.4326579104179681e-08,0.012933217,6.2784851975559736e-05,6.7912591092563531e-11,0.0016536711963809558,7.7639855504669115e-08,1.2335213843932404e-07,4.3468830174521832e-17,0.0010044895974866074,5.991881908875963e-08
1185,0.00044663620905311302,1.7235396290973697e-08,0.012912725999999999,6.2784851975559736e-05,6.7912591092563531e-11,0.0016536711963809558,7.7639855504669115e-08,3.5959278288190782e-06,6.6730504443978359e-14,6.6492860027127882e-05,2.3369350210529902e-10
1186,0.001065191675159609,8.6935028481537158e-08,0.012866186,6.2784851975559736e-05,6.7912591092563531e-11,0.0016536711963809558,7.7639855504669115e-08,0.0025421486116689808,2.8667892863997632e-07,2.1620406129402982e-06,2.266527741266158e-13
1187,0.0051752746326929255,4.47573080228117e-06,0.012865033999999999,6.2784851975559736e-05,6.7912591092563531e-11,0.0016536711963809558,7.7639855504669115e-08,0.017980152884928567,1.825026263439753e-05,0.0010044895974866074,5.991881908875963e-08
1188,0.0094887745480211633,1.7742600133725074e-05,0.012881676,6.2784851975559736e-05,6.7912591092563531e-11,0.0016536711963809558,7.7639855504669115e-08,0.035234152546241279,7.2765419883759325e-05,0.0010044895974866074,5.991881908875963e-08
1189,0.045409718382889562,0.00029772412387286961,0.012974225000000001,6.2784851975559736e-05,6.7912591092563531e-11,0.0016536711963809558,7.7639855504669115e-08,0.14228101620441289,0.0011507313567779948,0.03764140127878858,6.1684359762903619e-05
1190,0.0096005174601020149,1.7776814278724849e-05,0.012921523000000001,6.2784851975559736e-05,6.7912591092563531e-11,0.0031050149053830512,3.1018682127148085e-07,0.035234152546241279,7.2765419883759325e-05,1.1753680853951075e-07,8.1378935850548041e-16
1191,0.00602431884713946,4.7133895010237385e-06,0.012922906,6.2784851975559736e-05,6.7912591092563531e-11,0.0059878447916266436,1.2308169179467562e-06,0.017980152884928567,1.825026263439753e-05,6.6492860027127882e-05,2.3369350210529902e-10
1192,0.0029465019880394114,1.0865424913743398e-06,0.012856817,6.2784851975559736e-05,6.7912591092563531e-11,0.011591296700704166,4.9171744444568016e-06,1.0177739364849487e-08,6.1819868881659968e-18,0.00013191622173854499,9.2866087487863828e-10
1193,0.0031293485822934172,1.0906567197722071e-06,0.012910522000000001,6.2784851975559736e-05,6.7912591092563531e-11,0.011591296700704166,4.9171744444568016e-06,0.00086283358746406353,1.7998570474129329e-08,4.7918902984102718e-07,1.3811772537286094e-14
1194,0.042778359788629261,0.00028476164315186913,0.012874923,6.2784851975559736e-05,6.7912591092563531e-11,0.011591296700704166,4.9171744444568016e-06,0.0048444906590748918,1.1348766309780777e-06,0.15461486694276227,0.00098967402532771959
1195,0.074056576003987046,0.0011416148344472732,0.012954207000000001,6.2784851975559736e-05,6.7912591092563531e-11,0.011591296700704166,4.9171744444568016e-06,0.28454093302533323,0.0046865685654330158,3.1289437935637845e-05,5.8289411536559831e-11
1196,0.078606005141601834,0.0011460260951720611,0.013203401,6.2784851975559736e-05,6.7912591092563531e-11,0.011591296700704166,4.9171744444568016e-06,0.28454093302533323,0.0046865685654330158,0.018229005988395285,1.5404866910722966e-05
1197,0.0055153625976640556,4.3931684641332769e-06,0.013050073000000001,6.2784851975559736e-05,6.7912591092563531e-11,0.021998665538680674,1.9886491098706625e-05,0,0,0,0
1198,0.0055195270836143383,4.3931726252649306e-06,0.012976982,6.2784851975559736e-05,6.7912591092563531e-11,0.021998665538680674,1.9886491098706625e-05,0,0,1.6657943801225666e-05,1.4531320971435777e-11
1199,0.0055232275997487233,4.3931851557130977e-06,0.012956772,6.2784851975559736e-05,6.7912591092563531e-11,0.021998665538680674,1.9886491098706625e-05,1.7057040310223498e-07,2.1835577115764133e-16,3.1289437935637845e-05,5.8289411536559831e-11
1200,0.0057310709945300525,4.3975486162716833e-06,0.012962243,6.2784851975559736e-05,6.7912591092563531e-11,0.021998665538680674,1.9886491098706625e-05,0.00086283358746406353,1.7998570474129329e-08,0,0
1201,0.012271024682254434,9.9445008291053266e-06,0.012857499,6.2784851975559736e-05,6.7912591092563531e-11,0.021998665538680674,1.9886491098706625e-05,0.017980152884928567,1.825026263439753e-05,0.0090424954534331133,3.8760417201217597e-06
1202,0.011242941245401497,1.7738090189799902e-05,0.012895513000000001,6.2784851975559736e-05,6.7912591092563531e-11,0.044908377588462341,8.0294984932708011e-05,1.2335213843932404e-07,4.3468830174521832e-17,4.7918902984102718e-07,1.3811772537286094e-14
1203,0.02177636671725439,6.9901250362121002e-05,0.012924267999999999,6.2784851975559736e-05,6.7912591092563531e-11,0.087042682017042267,0.00031642210546467976,0,0,0,0
1204,0.02199207712715159,6.9905630514260434e-05,0.012939258,6.2784851975559736e-05,6.7912591092563531e-11,0.087042682017042267,0.00031642210546467976,0.00086283358746406353,1.7998570474129329e-08,8.0521251023118028e-09,5.2233865048072528e-18
1205,0.022419726229655355,6.9971033556733087e-05,0.012913948999999999,6.2784851975559736e-05,6.7912591092563531e-11,0.087042682017042267,0.00031642210546467976,0.0025421486116689808,2.8667892863997632e-07,3.1289437935637845e-05,5.8289411536559831e-11
1206,0.043181468664869507,0.00028322187871979062,0.012963405000000001,6.2784851975559736e-05,6.7912591092563531e-11,0.17146866400531868,0.0012819832070484491,0.00018993620469662744,2.7539120948023132e-10,0.0010044895974866074,5.991881908875963e-08
1207,0.043106392970673854,0.00028320905042534709,0.012892086000000001,6.2784851975559736e-05,6.7912591092563531e-11,0.17146866400531868,0.0012819832070484491,0.00086283358746406353,1.7998570474129329e-08,3.1289437935637845e-05,5.8289411536559831e-11
1208,0.061801117908807553,0.00035335707080241991,0.01291455,6.2784851975559736e-05,6.7912591092563531e-11,0.17146866400531868,0.0012819832070484491,0.070998655625245252,0.00028712996885817864,0.004674367152692818,9.6435347361865966e-07
1209,0.078457280751376923,0.00056324792123633744,0.012877227999999999,6.2784851975559736e-05,6.7912591092563531e-11,0.17146866400531868,0.0012819832070484491,0.14228101620441289,0.0011507313567779948,1.6657943801225666e-05,1.4531320971435777e-11
1210,2.8360747766996319e-05,6.6551712526820332e-11,0.012943266,0.00011344299106798528,2.6687783101715501e-10,0,0,0,0,0,0
1211,2.8531996426972507e-05,6.6551947187906767e-11,0.012883881,0.00011344299106798528,2.6687783101715501e-10,0,0,6.8499463990509688e-07,9.6425054834388508e-16,0,0
1212,0.00016599651332450623,4.349598742958297e-09,0.012910793,0.00011344299106798528,2.6687783101715501e-10,0,0,5.6798372372729349e-06,2.6628353116564885e-13,0.0005448632249927674,1.495684015466391e-08
1213,9.9455925499069108e-05,3.3279428635655512e-10,0.013203011000000001,0.00011344299106798528,2.6687783101715501e-10,0,0,0.00028438071092829132,1.0940226677592041e-09,0,0
1214,0.00024406914463301105,4.4467038515159416e-09,0.013062558,0.00011344299106798528,2.6687783101715501e-10,0,0,0.00086283358746406353,1.7998570474129329e-08,0,0
1215,0.0045234052463862849,4.4414707749113268e-06,0.012916192999999999,0.00011344299106798528,2.6687783101715501e-10,0,0,0.017980152884928567,1.825026263439753e-05,2.5109548640956888e-08,3.7020830486700943e-17
1216,0.0088368988843273034,1.7708340106347101e-05,0.012887307000000001,0.00011344299106798528,2.6687783101715501e-10,0,0,0.035234152546241279,7.2765419883759325e-05,0,0
1217,0.011097522747685553,1.881826824813045e-05,0.012881125,0.00011344299106798528,2.6687783101715501e-10,0,0,0.035234152546241279,7.2765419883759325e-05,0.0090424954534331133,3.8760417201217597e-06
1218,6.1379820795946194e-05,3.3247942833914212e-10,0.012882107,0.00011344299106798528,2.6687783101715501e-10,3.6718238814524115e-08,4.7671550682516093e-17,1.2335213843932404e-07,4.3468830174521832e-17,0.00013191622173854499,9.2866087487863828e-10
1219,0.001200692715447829,2.7621607995145404e-07,0.012911033000000001,0.00011344299106798528,2.6687783101715501e-10,3.6718238814524115e-08,4.7671550682516093e-17,1.4923999791672543e-05,4.275948562067562e-12,0.004674367152692818,9.6435347361865966e-07
1220,0.00016828379001341377,1.4055147263465933e-09,0.012933656999999999,0.00011344299106798528,2.6687783101715501e-10,3.6718238814524115e-08,4.7671550682516093e-17,0.00028438071092829132,1.0940226677592041e-09,0.00027527473981856643,3.7461066010287721e-09
1221,0.0024082901786822157,1.107950336283074e-06,0.012906053000000001,0.00011344299106798528,2.6687783101715501e-10,3.6718238814524115e-08,4.7671550682516093e-17,0.009244406265603463,4.548019408270464e-06,0.00027527473981856643,3.7461066010287721e-09
1222,0.071163609461047009,0.0011405286077437551,0.012861877000000001,0.00011344299106798528,2.6687783101715501e-10,3.6718238814524115e-08,4.7671550682516093e-17,0.28454093302533323,0.0046865685654330158,2.5109548640956888e-08,3.7020830486700943e-17
1223,0.00058302702290763831,6.9102431872465688e-08,0.012902406999999999,0.00011344299106798528,2.6687783101715501e-10,8.5270225523800494e-08,2.3852627615639069e-16,1.7057040310223498e-07,2.1835577115764133e-16,0.0022184092599339413,2.4108403166049585e-07
1224,9.7433425499761497e-05,1.1392731684930841e-09,0.012875564000000001,0.00011344299106798528,2.6687783101715501e-10,8.5270225523800494e-08,2.3852627615639069e-16,9.3070088697094474e-07,4.0015195531920299e-15,0.00027527473981856643,3.7461066010287721e-09
1225,0.0022897565929128889,1.1099946975270628e-06,0.012909891,0.00011344299106798528,2.6687783101715501e-10,8.5270225523800494e-08,2.3852627615639069e-16,3.0026569248976691e-06,1.6340168279266537e-14,0.0090424954534331133,3.8760417201217597e-06
1226,0.0094394830492516776,1.7663758474590311e-05,0.013019795000000001,0.00011344299106798528,2.6687783101715501e-10,8.5270225523800494e-08,2.3852627615639069e-16,3.0026569248976691e-06,1.6340168279266537e-14,0.03764140127878858,6.1684359762903619e-05
1227,0.0095098275627525305,1.7664024713187577e-05,0.012954396999999999,0.00011344299106798528,2.6687783101715501e-10,8.5270225523800494e-08,2.3852627615639069e-16,0.00028438071092829132,1.0940226677592041e-09,0.03764140127878858,6.1684359762903619e-05
1228,9.7227503463892724e-05,1.1392723740293487e-09,0.012880984999999999,0.00011344299106798528,2.6687783101715501e-10,1.922829690185178e-07,1.0503927487885637e-15,0,0,0.00027527473981856643,3.7461066010287721e-09
1229,0.038690049637312589,0.00028339925247019616,0.013088628,0.00011344299106798528,2.6687783101715501e-10,1.922829690185178e-07,1.0503927487885637e-15,3.1696332450882019e-05,1.7134390648275296e-11,0.15461486694276227,0.00098967402532771959
1230,0.017846891409775207,6.9877408005482002e-05,0.012944829,0.00011344299106798528,2.6687783101715501e-10,1.922829690185178e-07,1.0503927487885637e-15,0.070998655625245252,0.00028712996885817864,0.00027527473981856643,3.7461066010287721e-09
1231,0.0012401220062188839,2.7625145736296023e-07,0.012950700000000001,0.00011344299106798528,2.6687783101715501e-10,3.9233411970282536e-07,4.3772274154343397e-15,0.0048444906590748918,1.1348766309780777e-06,2.1620406129402982e-06,2.266527741266158e-13
1232,0.00017167514849113802,1.19804348671792e-09,0.013016257999999999,0.00011344299106798528,2.6687783101715501e-10,8.1400577502298111e-07,1.7942025344819159e-14,0.00050595073709442328,4.3744386336726988e-09,6.6492860027127882e-05,2.3369350210529902e-10
1233,0.0045236591168197849,4.4414707798334912e-06,0.013025584999999999,0.00011344299106798528,2.6687783101715501e-10,8.1400577502298111e-07,1.7942025344819159e-14,0.017980152884928567,1.825026263439753e-05,2.2658550777503332e-07,3.3865724704100287e-15
1234,2.9004704658397458e-05,6.6568697778084923e-11,0.012913077,0.00011344299106798528,2.6687783101715501e-10,1.6370745535315476e-06,7.2472245124145652e-14,9.3070088697094474e-07,4.0015195531920299e-15,8.0521251023118028e-09,5.2233865048072528e-18
1235,0.0046248911838209202,4.4113606493707409e-06,0.012852618999999999,0.00011344299106798528,2.6687783101715501e-10,1.6370745535315476e-06,7.2472245124145652e-14,0.00015547868126687659,6.8479859958329124e-11,0.018229005988395285,1.5404866910722966e-05
1236,0.00027745746870603042,4.7126475561597194e-09,0.012940962,0.00011344299106798528,2.6687783101715501e-10,1.6370745535315476e-06,7.2472245124145652e-14,0.00086283358746406353,1.7998570474129329e-08,0.00013191622173854499,9.2866087487863828e-10
1237,0.017779495943096402,6.9876335559182837e-05,0.012950509000000001,0.00011344299106798528,2.6687783101715501e-10,1.6370745535315476e-06,7.2472245124145652e-14,0.070998655625245252,0.00028712996885817864,4.2480815196427367e-06,9.0220702679766719e-13
1238,0.01779505713772344,6.9876402220387279e-05,0.013025436,0.00011344299106798528,2.6687783101715501e-10,1.6370745535315476e-06,7.2472245124145652e-14,0.070998655625245252,0.00028712996885817864,6.6492860027127882e-05,2.3369350210529902e-10
1239,2.9879253697249043e-05,6.6621021530507697e-11,0.012903197,0.00011344299106798528,2.6687783101715501e-10,3.0462572474722488e-06,2.9569255723453914e-13,3.0026569248976691e-06,1.6340168279266537e-14,2.5109548640956888e-08,3.7020830486700943e-17
1240,0.00016768468559496264,4.3498599307806099e-09,0.012991849999999999,0.00011344299106798528,2.6687783101715501e-10,3.0462572474722488e-06,2.9569255723453914e-13,9.3862690716268412e-06,1.0711203395856254e-12,0.0005448632249927674,1.495684015466391e-08
1241,3.7280286709080179e-05,7.0802633262598856e-11,0.01326954,0.00011344299106798528,2.6687783101715501e-10,3.0462572474722488e-06,2.9569255723453914e-13,3.1696332450882019e-05,1.7134390648275296e-11,9.3556606998057864e-07,5.5017233883187946e-14
1242,0.00024548405626214357,4.4469663310308916e-09,0.013297613999999999,0.00011344299106798528,2.6687783101715501e-10,5.6596465165322227e-06,1.1881667417065484e-12,0.00086283358746406353,1.7998570474129329e-08,0,0
1243,0.017848258250662077,6.9877408267729393e-05,0.013031747999999999,0.00011344299106798528,2.6687783101715501e-10,5.6596465165322227e-06,1.1881667417065484e-12,0.070998655625245252,0.00028712996885817864,0.00027527473981856643,3.7461066010287721e-09
1244,0.0005862861094251612,6.9103487563091899e-08,0.012929338,0.00011344299106798528,2.6687783101715501e-10,1.3292186698712521e-05,4.7792767311777559e-12,0,0,0.0022184092599339413,2.4108403166049585e-07
1245,0.0025080160546659654,1.1143759014332557e-06,0.012895172999999999,0.00011344299106798528,2.6687783101715501e-10,1.3292186698712521e-05,4.7792767311777559e-12,0.00086283358746406353,1.7998570474129329e-08,0.0090424954534331133,3.8760417201217597e-06
1246,0.00013479524860415384,4.1721493914382276e-10,0.012903227999999999,0.00011344299106798528,2.6687783101715501e-10,0.00011006785448470327,3.065896160972491e-10,0.00028438071092829132,1.0940226677592041e-09,3.1289437935637845e-05,5.8289411536559831e-11
1247,0.03892530284394502,0.00028340369618138722,0.012904931999999999,0.00011344299106798528,2.6687783101715501e-10,0.00011006785448470327,3.065896160972491e-10,0.00086283358746406353,1.7998570474129329e-08,0.15461486694276227,0.00098967402532771959
1248,0.035628256362785826,0.00028004339882147633,0.012934899999999999,0.00011344299106798528,2.6687783101715501e-10,0.00011006785448470327,3.065896160972491e-10,0.14228101620441289,0.0011507313567779948,8.4984011763542629e-06,3.6567069197450944e-12
1249,7.8990179201802893e-05,3.4216447971013227e-10,0.012889731,0.00011344299106798528,2.6687783101715501e-10,0.0002024824384512204,1.2476170158873263e-09,1.0177739364849487e-08,6.1819868881659968e-18,2.5109548640956888e-08,3.7020830486700943e-17
1250,8.2712357327719378e-05,3.4320506720478115e-10,0.012989074999999999,0.00011344299106798528,2.6687783101715501e-10,0.0002024824384512204,1.2476170158873263e-09,1.4923999791672543e-05,4.275948562067562e-12,0,0
1251,0.00011891304807643093,3.59088155001114e-10,0.012992441,0.00011344299106798528,2.6687783101715501e-10,0.0002024824384512204,1.2476170158873263e-09,0.00015547868126687659,6.8479859958329124e-11,4.2480815196427367e-06,9.0220702679766719e-13
1252,0.071214448505230357,0.0011405288833722877,0.012910342,0.00011344299106798528,2.6687783101715501e-10,0.0002024824384512204,1.2476170158873263e-09,0.28454093302533323,0.0046865685654330158,9.3556606998057864e-07,5.5017233883187946e-14
1253,0.00013449673477584109,1.1620292993564499e-09,0.01288893,0.00011344299106798528,2.6687783101715501e-10,0.00042360838196540306,4.958830087016193e-09,0,0,9.3556606998057864e-07,5.5017233883187946e-14
1254,0.00038542788523077115,1.832013219713956e-08,0.012924669999999999,0.00011344299106798528,2.6687783101715501e-10,0.00042360838196540306,4.958830087016193e-09,1.7057040310223498e-07,2.1835577115764133e-16,0.0010044895974866074,5.991881908875963e-08
1255,0.038788730243180303,0.00028340034376593136,0.013062516999999999,0.00011344299106798528,2.6687783101715501e-10,0.00042360838196540306,4.958830087016193e-09,3.0026569248976691e-06,1.6340168279266537e-14,0.15461486694276227,0.00098967402532771959
1256,0.0010209223955472424,8.808663522769839e-08,0.012991881,0.00011344299106798528,2.6687783101715501e-10,0.00042360838196540306,4.958830087016193e-09,0.0025421486116689808,2.8667892863997632e-07,0.0010044895974866074,5.991881908875963e-08
1257,0.00026380213310448126,4.4311823092066785e-09,0.01293014,0.00011344299106798528,2.6687783101715501e-10,0.00093960350073700059,1.9757091519064694e-08,0,0,2.1620406129402982e-06,2.266527741266158e-13
1258,0.00044267954185071547,1.7218092986543766e-08,0.012913508000000001,0.00011344299106798528,2.6687783101715501e-10,0.0016536711963809558,7.7639855504669115e-08,3.5959278288190782e-06,6.6730504443978359e-14,8.0521251023118028e-09,5.2233865048072528e-18
1259,0.00048926259803639272,1.7285096256626459e-08,0.012939769,0.00011344299106798528,2.6687783101715501e-10,0.0016536711963809558,7.7639855504669115e-08,0.00018993620469662744,2.7539120948023132e-10,0,0
1260,0.00080501961429023242,6.8590356100529088e-08,0.012892977999999999,0.00011344299106798528,2.6687783101715501e-10,0.0031050149053830512,3.1018682127148085e-07,6.8499463990509688e-07,9.6425054834388508e-16,9.3556606998057864e-07,5.5017233883187946e-14
1261,0.02062772325909594,7.0363045754349518e-05,0.012847799999999999,0.00011344299106798528,2.6687783101715501e-10,0.0059878447916266436,1.2308169179467562e-06,3.5959278288190782e-06,6.6730504443978359e-14,0.076406009325860683,0.00024476894619767731
1262,0.0040961966704256064,1.3624747323609859e-06,0.012930140999999999,0.00011344299106798528,2.6687783101715501e-10,0.011591296700704166,4.9171744444568016e-06,5.6798372372729349e-06,2.6628353116564885e-13,0.004674367152692818,9.6435347361865966e-07
1263,0.0056642454831201958,4.3975010626120089e-06,0.012913879,0.00011344299106798528,2.6687783101715501e-10,0.021998665538680674,1.9886491098706625e-05,1.0177739364849487e-08,6.1819868881659968e-18,0.0005448632249927674,1.495684015466391e-08
1264,0.0055282618206901743,4.3932180813584419e-06,0.012990407000000001,0.00011344299106798528,2.6687783101715501e-10,0.021998665538680674,1.9886491098706625e-05,9.3070088697094474e-07,4.0015195531920299e-15,8.0521251023118028e-09,5.2233865048072528e-18
1265,0.0055617568521030177,4.3934840120543952e-06,0.013075392,0.00011344299106798528,2.6687783101715501e-10,0.021998665538680674,1.9886491098706625e-05,3.0026569248976691e-06,1.6340168279266537e-14,0.00013191622173854499,9.2866087487863828e-10
1266,0.03120172813899286,8.7564992157897605e-05,0.01300165,0.00011344299106798528,2.6687783101715501e-10,0.087042682017042267,0.00031642210546467976,9.3862690716268412e-06,1.0711203395856254e-12,0.03764140127878858,6.1684359762903619e-05
1267,0.021792764265006828,6.9901301018972044e-05,0.012907055000000001,0.00011344299106798528,2.6687783101715501e-10,0.087042682017042267,0.00031642210546467976,1.4923999791672543e-05,4.275948562067562e-12,8.0521251023118028e-09,5.2233865048072528e-18
1268,0.039540819758633439,0.00013977756975861152,0.012862098000000001,0.00011344299106798528,2.6687783101715501e-10,0.087042682017042267,0.00031642210546467976,0.070998655625245252,0.00028712996885817864,8.4984011763542629e-06,3.6567069197450944e-12
1269,0.042912152508538234,0.00028320477011748373,0.012870414,0.00011344299106798528,2.6687783101715501e-10,0.17146866400531868,0.0012819832070484491,1.0177739364849487e-08,6.1819868881659968e-18,6.6492860027127882e-05,2.3369350210529902e-10
1270,0.042897487751434149,0.00028320470347252335,0.012923367,0.00011344299106798528,2.6687783101715501e-10,0.17146866400531868,0.0012819832070484491,3.5959278288190782e-06,6.6730504443978359e-14,4.2480815196427367e-06,9.0220702679766719e-13
1271,0.042934936929567145,0.0002832047199281696,0.012919178999999999,0.00011344299106798528,2.6687783101715501e-10,0.17146866400531868,0.0012819832070484491,0.00015547868126687659,6.8479859958329124e-11,2.1620406129402982e-06,2.266527741266158e-13
1272,5.6350581648066389e-05,2.7230848025537269e-10,0.012970419,0.00022540232659226556,1.0919793618961257e-09,0,0,0,0,0,0
1273,0.0023169744450063467,1.1102004502655365e-06,0.012872448999999999,0.00022540232659226556,1.0919793618961257e-09,0,0,0,0,0.0090424954534331133,3.8760417201217597e-06
1274,0.0094674515655764156,1.766396423130669e-05,0.012897397,0.00022540232659226556,1.0919793618961257e-09,0,0,3.0026569248976691e-06,1.6340168279266537e-14,0.03764140127878858,6.1684359762903619e-05
1275,0.0012674732464167864,2.76457148260308e-07,0.012902286000000001,0.00022540232659226556,1.0919793618961257e-09,0,0,0.0048444906590748918,1.1348766309780777e-06,0,0
1276,0.0045513888028802154,4.4416765316690348e-06,0.012903548000000001,0.00022540232659226556,1.0919793618961257e-09,0,0,0.017980152884928567,1.825026263439753e-05,0,0
1277,0.0045514181870823511,4.4416765319014869e-06,0.012900503000000001,0.00022540232659226556,1.0919793618961257e-09,0,0,0.017980152884928567,1.825026263439753e-05,1.1753680853951075e-07,8.1378935850548041e-16
1278,0.017806134285216827,6.987654104554202e-05,0.012915792000000001,0.00022540232659226556,1.0919793618961257e-09,0,0,0.070998655625245252,0.00028712996885817864,4.7918902984102718e-07,1.3811772537286094e-14
1279,0.035643227847758162,0.00028004360272155084,0.012913908999999999,0.00022540232659226556,1.0919793618961257e-09,0,0,0.14228101620441289,0.0011507313567779948,6.6492860027127882e-05,2.3369350210529902e-10
1280,5.7486299001085892e-05,2.7234047590689638e-10,0.012898959999999999,0.00022540232659226556,1.0919793618961257e-09,1.1375513279201216e-08,6.8890466804365844e-18,3.5959278288190782e-06,6.6730504443978359e-14,9.3556606998057864e-07,5.5017233883187946e-14
1281,5.737854042243495e-05,2.7232868548152144e-10,0.012927285,0.00022540232659226556,1.0919793618961257e-09,3.6718238814524115e-08,4.7671550682516093e-17,3.5959278288190782e-06,6.6730504443978359e-14,4.7918902984102718e-07,1.3811772537286094e-14
1282,0.0015668861820627741,2.93768340677877e-07,0.012869322000000001,0.00022540232659226556,1.0919793618961257e-09,8.5270225523800494e-08,2.3852627615639069e-16,0.0013676899787404967,7.1283141000387424e-08,0.004674367152692818,9.6435347361865966e-07
1283,0.0023645065669227524,1.1102674700087684e-06,0.012912206000000001,0.00022540232659226556,1.0919793618961257e-09,1.922829690185178e-07,1.0503927487885637e-15,0.00018993620469662744,2.7539120948023132e-10,0.0090424954534331133,3.8760417201217597e-06
1284,0.019793438136772725,7.0161116575375609e-05,0.012994123999999999,0.00022540232659226556,1.0919793618961257e-09,1.922829690185178e-07,1.0503927487885637e-15,0.0025421486116689808,2.8667892863997632e-07,0.076406009325860683,0.00024476894619767731
1285,0.0045514868864101332,4.4416765326354155e-06,0.012905712999999999,0.00022540232659226556,1.0919793618961257e-09,3.9233411970282536e-07,4.3772274154343397e-15,0.017980152884928567,1.825026263439753e-05,0,0
1286,0.017839091626923997,6.9876806970249825e-05,0.012901805000000001,0.00022540232659226556,1.0919793618961257e-09,3.9233411970282536e-07,4.3772274154343397e-15,0.070998655625245252,0.00028712996885817864,0.00013191622173854499,9.2866087487863828e-10
1287,5.6818812643927164e-05,2.7232820895081344e-10,0.012901984999999999,0.00022540232659226556,1.0919793618961257e-09,8.1400577502298111e-07,1.7942025344819159e-14,1.2335213843932404e-07,4.3468830174521832e-17,9.3556606998057864e-07,5.5017233883187946e-14
1288,0.0094669352408235426,1.7663964231302906e-05,0.012906895,0.00022540232659226556,1.0919793618961257e-09,8.1400577502298111e-07,1.7942025344819159e-14,1.2335213843932404e-07,4.3468830174521832e-17,0.03764140127878858,6.1684359762903619e-05
1289,0.0095057740731056932,1.7663980896627303e-05,0.012971551,0.00022540232659226556,1.0919793618961257e-09,8.1400577502298111e-07,1.7942025344819159e-14,0.00015547868126687659,6.8479859958329124e-11,0.03764140127878858,6.1684359762903619e-05
1290,0.00010405222115348662,3.3933200818081954e-10,0.012922035,0.00022540232659226556,1.0919793618961257e-09,8.1400577502298111e-07,1.7942025344819159e-14,0.00018993620469662744,2.7539120948023132e-10,5.6347550033575723e-08,1.8557385880728104e-16
1291,0.0088651216038543104,1.7708545867308359e-05,0.012901374,0.00022540232659226556,1.0919793618961257e-09,8.1400577502298111e-07,1.7942025344819159e-14,0.035234152546241279,7.2765419883759325e-05,1.1753680853951075e-07,8.1378935850548041e-16
1292,5.6759850286449055e-05,2.7232449019663752e-10,0.012859142,0.00022540232659226556,1.0919793618961257e-09,1.6370745535315476e-06,7.2472245124145652e-14,0,0,0,0
1293,6.115701145849714e-05,2.7648659622981768e-10,0.012952844,0.00022540232659226556,1.0919793618961257e-09,1.6370745535315476e-06,7.2472245124145652e-14,9.3070088697094474e-07,4.0015195531920299e-15,1.6657943801225666e-05,1.4531320971435777e-11
1294,0.009109049568617425,8.8529539639916814e-06,0.012888749999999999,0.00022540232659226556,1.0919793618961257e-09,1.6370745535315476e-06,7.2472245124145652e-14,0.017980152884928567,1.825026263439753e-05,0.018229005988395285,1.5404866910722966e-05
1295,0.0088663600072267004,1.7708546137474143e-05,0.012861787,0.00022540232659226556,1.0919793618961257e-09,1.6370745535315476e-06,7.2472245124145652e-14,0.035234152546241279,7.2765419883759325e-05,4.2480815196427367e-06,9.0220702679766719e-13
1296,0.01780696426675098,6.9876541122501482e-05,0.012874492,0.00022540232659226556,1.0919793618961257e-09,1.6370745535315476e-06,7.2472245124145652e-14,0.070998655625245252,0.00028712996885817864,2.1620406129402982e-06,2.266527741266158e-13
1297,0.0045521523802233479,4.4416765969911924e-06,0.012922034000000001,0.00022540232659226556,1.0919793618961257e-09,3.0462572474722488e-06,2.9569255723453914e-13,0.017980152884928567,1.825026263439753e-05,8.0521251023118028e-09,5.2233865048072528e-18
1298,0.03587848859643486,0.00028006069398591978,0.012977963,0.00022540232659226556,1.0919793618961257e-09,3.0462572474722488e-06,2.9569255723453914e-13,0.14228101620441289,0.0011507313567779948,0.0010044895974866074,5.991881908875963e-08
1299,0.0046861121681081126,4.4118162298469501e-06,0.012910522000000001,0.00022540232659226556,1.0919793618961257e-09,5.6596465165322227e-06,1.1881667417065484e-12,0.00028438071092829132,1.0940226677592041e-09,0.018229005988395285,1.5404866910722966e-05
1300,0.00029009710514999593,4.719642655685906e-09,0.012924489000000001,0.00022540232659226556,1.0919793618961257e-09,5.6596465165322227e-06,1.1881667417065484e-12,0.00086283358746406353,1.7998570474129329e-08,6.6492860027127882e-05,2.3369350210529902e-10
1301,0.038713421202048161,0.00028339945511268445,0.012915843,0.00022540232659226556,1.0919793618961257e-09,1.3292186698712521e-05,4.7792767311777559e-12,1.2335213843932404e-07,4.3468830174521832e-17,0.15461486694276227,0.00098967402532771959
1302,6.0256781076754673e-05,2.7342923325496257e-10,0.012993093000000001,0.00022540232659226556,1.0919793618961257e-09,1.3292186698712521e-05,4.7792767311777559e-12,1.7057040310223498e-07,2.1835577115764133e-16,2.1620406129402982e-06,2.266527741266158e-13
1303,6.3853063533122258e-05,2.7674486147210382e-10,0.012913198000000001,0.00022540232659226556,1.0919793618961257e-09,2.5638493882144404e-05,1.8912646304862198e-11,1.2335213843932404e-07,4.3468830174521832e-17,4.2480815196427367e-06,9.0220702679766719e-13
1304,6.3343357872612492e-05,2.7655145496012613e-10,0.012944218,0.00022540232659226556,1.0919793618961257e-09,2.5638493882144404e-05,1.8912646304862198e-11,1.7057040310223498e-07,2.1835577115764133e-16,2.1620406129402982e-06,2.266527741266158e-13
1305,0.035637178742172468,0.00028004354414114919,0.012907256000000001,0.00022540232659226556,1.0919793618961257e-09,2.5638493882144404e-05,1.8912646304862198e-11,0.14228101620441289,0.0011507313567779948,1.6657943801225666e-05,1.4531320971435777e-11
1306,0.00013799556928469384,1.3616588284210017e-09,0.013097345,0.00022540232659226556,1.0919793618961257e-09,5.118185858950802e-05,7.5278650828326678e-11,1.2335213843932404e-07,4.3468830174521832e-17,0.00027527473981856643,3.7461066010287721e-09
1307,8.3867545269241748e-05,3.4003760521499378e-10,0.012896975999999999,0.00022540232659226556,1.0919793618961257e-09,0.00011006785448470327,3.065896160972491e-10,0,0,0,0
1308,0.0023445222466621425,1.1102681794010748e-06,0.012883079,0.00022540232659226556,1.0919793618961257e-09,0.00011006785448470327,3.065896160972491e-10,1.2335213843932404e-07,4.3468830174521832e-17,0.0090424954534331133,3.8760417201217597e-06
1309,0.0046434656096359774,4.4116177145876028e-06,0.012890482999999999,0.00022540232659226556,1.0919793618961257e-09,0.00011006785448470327,3.065896160972491e-10,9.3862690716268412e-06,1.0711203395856254e-12,0.018229005988395285,1.5404866910722966e-05
1310,0.00030011645228849405,4.7202546476057252e-09,0.012912224999999999,0.00022540232659226556,1.0919793618961257e-09,0.00011006785448470327,3.065896160972491e-10,0.00086283358746406353,1.7998570474129329e-08,2.1620406129402982e-06,2.266527741266158e-13
1311,0.0014681677303084667,2.8086867737299992e-07,0.012900994000000001,0.00022540232659226556,1.0919793618961257e-09,0.00011006785448470327,3.065896160972491e-10,0.00086283358746406353,1.7998570474129329e-08,0.004674367152692818,9.6435347361865966e-07
1312,0.00010697119126087106,5.4792123533308922e-10,0.012964738,0.00022540232659226556,1.0919793618961257e-09,0.0002024824384512204,1.2476170158873263e-09,0,0,0,0
1313,0.0001069732042921469,5.4792123682883774e-10,0.012915542,0.00022540232659226556,1.0919793618961257e-09,0.0002024824384512204,1.2476170158873263e-09,0,0,8.0521251023118028e-09,5.2233865048072528e-18
1314,0.038831783104683909,0.00028339999591221992,0.012954197000000001,0.00022540232659226556,1.0919793618961257e-09,0.0002024824384512204,1.2476170158873263e-09,0.00028438071092829132,1.0940226677592041e-09,0.15461486694276227,0.00098967402532771959
1315,0.019334961206999561,7.0092690253068535e-05,0.012881686,0.00022540232659226556,1.0919793618961257e-09,0.0002024824384512204,1.2476170158873263e-09,0.00050595073709442328,4.3744386336726988e-09,0.076406009325860683,0.00024476894619767731
1316,0.0029726750726452285,1.1763948654199968e-06,0.012854544000000001,0.00022540232659226556,1.0919793618961257e-09,0.0002024824384512204,1.2476170158873263e-09,0.009244406265603463,4.548019408270464e-06,0.0022184092599339413,2.4108403166049585e-07
1317,0.0001622526771394159,1.3677703125651651e-09,0.012859293000000001,0.00022540232659226556,1.0919793618961257e-09,0.00042360838196540306,4.958830087016193e-09,0,0,0,0
1318,0.0024228765404976913,1.1112959120978463e-06,0.01290929,0.00022540232659226556,1.0919793618961257e-09,0.00042360838196540306,4.958830087016193e-09,0,0,0.0090424954534331133,3.8760417201217597e-06
1319,0.00016241511699765189,1.3677743207896131e-09,0.012956972000000001,0.00022540232659226556,1.0919793618961257e-09,0.00042360838196540306,4.958830087016193e-09,1.7057040310223498e-07,2.1835577115764133e-16,4.7918902984102718e-07,1.3811772537286094e-14
1320,0.00016566126478723299,1.368289334077193e-09,0.012905753000000001,0.00022540232659226556,1.0919793618961257e-09,0.00042360838196540306,4.958830087016193e-09,9.3862690716268412e-06,1.0711203395856254e-12,4.2480815196427367e-06,9.0220702679766719e-13
1321,0.00023336194175899746,1.6340129395351039e-09,0.013127343,0.00022540232659226556,1.0919793618961257e-09,0.00042360838196540306,4.958830087016193e-09,0.00028438071092829132,1.0940226677592041e-09,5.6347550033575723e-08,1.8557385880728104e-16
1322,0.0046614553843218253,4.4427761546323844e-06,0.012973294,0.00022540232659226556,1.0919793618961257e-09,0.00042360838196540306,4.958830087016193e-09,0.017980152884928567,1.825026263439753e-05,1.6657943801225666e-05,1.4531320971435777e-11
1323,0.00084585377181579967,7.3672754227640033e-08,0.012858731999999999,0.00022540232659226556,1.0919793618961257e-09,0.00093960350073700059,1.9757091519064694e-08,0,0,0.0022184092599339413,2.4108403166049585e-07
1324,0.00093461096923346909,7.4420068785059407e-08,0.012870384,0.00022540232659226556,1.0919793618961257e-09,0.00093960350073700059,1.9757091519064694e-08,0.0025421486116689808,2.8667892863997632e-07,3.1289437935637845e-05,5.8289411536559831e-11
1325,0.0028534754226048255,1.1286060569032546e-06,0.012947814,0.00022540232659226556,1.0919793618961257e-09,0.00093960350073700059,1.9757091519064694e-08,0.009244406265603463,4.548019408270464e-06,0.0010044895974866074,5.991881908875963e-08
1326,0.00047393541112845179,1.7427994646890133e-08,0.012908408,0.00022540232659226556,1.0919793618961257e-09,0.0016536711963809558,7.7639855504669115e-08,1.0177739364849487e-08,6.1819868881659968e-18,1.6657943801225666e-05,1.4531320971435777e-11
1327,0.00050279007877871481,1.7689761261008565e-08,0.012937354,0.00022540232659226556,1.0919793618961257e-09,0.0016536711963809558,7.7639855504669115e-08,1.7057040310223498e-07,2.1835577115764133e-16,0.00013191622173854499,9.2866087487863828e-10
1328,0.0011053075466918197,8.7190336598360634e-08,0.012901384,0.00022540232659226556,1.0919793618961257e-09,0.0016536711963809558,7.7639855504669115e-08,0.0025421486116689808,2.8667892863997632e-07,8.0521251023118028e-09,5.2233865048072528e-18
1329,0.0061333983901487397,4.7349765443293518e-06,0.01291453,0.00022540232659226556,1.0919793618961257e-09,0.0016536711963809558,7.7639855504669115e-08,0.017980152884928567,1.825026263439753e-05,0.004674367152692818,9.6435347361865966e-07
1330,0.090706503968541879,0.0012106370427891642,0.012905913,0.00022540232659226556,1.0919793618961257e-09,0.0016536711963809558,7.7639855504669115e-08,0.28454093302533323,0.0046865685654330158,0.076406009325860683,0.00024476894619767731
1331,0.00096886275684279289,7.3079079159591037e-08,0.012887908,0.00022540232659226556,1.0919793618961257e-09,0.0031050149053830512,3.1018682127148085e-07,1.7057040310223498e-07,2.1835577115764133e-16,0.0005448632249927674,1.495684015466391e-08
1332,0.001174760694196441,8.6143657149729253e-08,0.012885733999999999,0.00022540232659226556,1.0919793618961257e-09,0.0031050149053830512,3.1018682127148085e-07,0.0013676899787404967,7.1283141000387424e-08,9.3556606998057864e-07,5.5017233883187946e-14
1333,0.020654814111019895,7.0363251494876997e-05,0.012889240999999999,0.00022540232659226556,1.0919793618961257e-09,0.0059878447916266436,1.2308169179467562e-06,0,0,0.076406009325860683,0.00024476894619767731
1334,0.001557507103539637,2.7217789244093901e-07,0.012908467999999999,0.00022540232659226556,1.0919793618961257e-09,0.0059878447916266436,1.2308169179467562e-06,1.2335213843932404e-07,4.3468830174521832e-17,1.6657943801225666e-05,1.4531320971435777e-11
1335,0.006048406647163846,4.7135779554553071e-06,0.012911183,0.00022540232659226556,1.0919793618961257e-09,0.0059878447916266436,1.2308169179467562e-06,0.017980152884928567,1.825026263439753e-05,2.2658550777503332e-07,3.3865724704100287e-15
1336,0.0074533774640066055,5.5279403210159785e-06,0.012879272000000001,0.00022540232659226556,1.0919793618961257e-09,0.011591296700704166,4.9171744444568016e-06,0.017980152884928567,1.825026263439753e-05,1.6657943801225666e-05,1.4531320971435777e-11
1337,0.021258440978118735,7.1031836549858836e-05,0.012943586999999999,0.00022540232659226556,1.0919793618961257e-09,0.011591296700704166,4.9171744444568016e-06,0.070998655625245252,0.00028712996885817864,0.0022184092599339413,2.4108403166049585e-07
1338,0.010114688422726401,8.8047013182677612e-06,0.012887487,0.00022540232659226556,1.0919793618961257e-09,0.021998665538680674,1.9886491098706625e-05,5.6798372372729349e-06,2.6628353116564885e-13,0.018229005988395285,1.5404866910722966e-05
1339,0.011283532463175183,1.7738345559833313e-05,0.012953446,0.00022540232659226556,1.0919793618961257e-09,0.044908377588462341,8.0294984932708011e-05,1.2335213843932404e-07,4.3468830174521832e-17,2.2658550777503332e-07,3.3865724704100287e-15
1340,0.011285911343289016,1.7738345823477146e-05,0.012866437,0.00022540232659226556,1.0919793618961257e-09,0.044908377588462341,8.0294984932708011e-05,9.3862690716268412e-06,1.0711203395856254e-12,4.7918902984102718e-07,1.3811772537286094e-14
1341,0.0115369139454033,1.7755503938121218e-05,0.012869112,0.00022540232659226556,1.0919793618961257e-09,0.044908377588462341,8.0294984932708011e-05,9.3862690716268412e-06,1.0711203395856254e-12,0.0010044895974866074,5.991881908875963e-08
1342,0.011542491461248146,1.7755507847296556e-05,0.012973174000000001,0.00022540232659226556,1.0919793618961257e-09,0.044908377588462341,8.0294984932708011e-05,3.1696332450882019e-05,1.7134390648275296e-11,0.0010044895974866074,5.991881908875963e-08
1343,0.012459960850049714,1.8014498216326163e-05,0.013176569000000001,0.00022540232659226556,1.0919793618961257e-09,0.044908377588462341,8.0294984932708011e-05,3.1696332450882019e-05,1.7134390648275296e-11,0.004674367152692818,9.6435347361865966e-07
1344,0.011573437048452118,1.7755520342787103e-05,0.013063991,0.00022540232659226556,1.0919793618961257e-09,0.044908377588462341,8.0294984932708011e-05,0.00015547868126687659,6.8479859958329124e-11,0.0010044895974866074,5.991881908875963e-08
1345,0.021956934948595394,6.9902844698143581e-05,0.012872308000000001,0.00022540232659226556,1.0919793618961257e-09,0.087042682017042267,0.00031642210546467976,0.00028438071092829132,1.0940226677592041e-09,0.00027527473981856643,3.7461066010287721e-09
1346,0.042962392530681792,0.00028320492562002958,0.012894812,0.00022540232659226556,1.0919793618961257e-09,0.17146866400531868,0.0012819832070484491,0.00015547868126687659,6.8479859958329124e-11,2.5109548640956888e-08,3.7020830486700943e-17
1347,0.078493770634080834,0.00056324817244821361,0.012894431,0.00022540232659226556,1.0919793618961257e-09,0.17146866400531868,0.0012819832070484491,0.14228101620441289,0.0011507313567779948,0,0
1348,9.0570513521694821e-05,1.085620679660154e-09,0.012892267000000001,0.00036228205408677928,4.3534280530844524e-09,0,0,0,0,0,0
1349,9.2695113815783491e-05,1.0866677999466608e-09,0.012936693000000001,0.00036228205408677928,4.3534280530844524e-09,0,0,0,0,8.4984011763542629e-06,3.6567069197450944e-12
1350,9.4734999472000732e-05,1.089781811879083e-09,0.012951862999999999,0.00036228205408677928,4.3534280530844524e-09,0,0,0,0,1.6657943801225666e-05,1.4531320971435777e-11
1351,0.00012354956895633111,1.3515483743626665e-09,0.01312032,0.00036228205408677928,4.3534280530844524e-09,0,0,0,0,0.00013191622173854499,9.2866087487863828e-10
1352,0.0095009208332188493,1.7664777539531684e-05,0.013139267,0.00036228205408677928,4.3534280530844524e-09,0,0,0,0,0.03764140127878858,6.1684359762903619e-05
1353,0.0012592049442956715,2.7723410836159527e-07,0.013016768999999999,0.00036228205408677928,4.3534280530844524e-09,0,0,1.7057040310223498e-07,2.1835577115764133e-16,0.004674367152692818,9.6435347361865966e-07
1354,9.0803188743437361e-05,1.0856216534744054e-09,0.013037909,0.00036228205408677928,4.3534280530844524e-09,0,0,9.3070088697094474e-07,4.0015195531920299e-15,0,0
1355,0.00019464474668840471,1.6177909481924012e-09,0.01298649,0.00036228205408677928,4.3534280530844524e-09,0,0,0.00028438071092829132,1.0940226677592041e-09,0.00013191622173854499,9.2866087487863828e-10
1356,0.00021705819779529935,2.1501889333278113e-09,0.013113425999999999,0.00036228205408677928,4.3534280530844524e-09,0,0,0.00050595073709442328,4.3744386336726988e-09,0,0
1357,0.00030627891038771123,5.4657728186492753e-09,0.013010265999999999,0.00036228205408677928,4.3534280530844524e-09,0,0,0.00086283358746406353,1.7998570474129329e-08,0,0
1358,0.00043254965458376269,1.8433166165558493e-08,0.013016728999999999,0.00036228205408677928,4.3534280530844524e-09,0,0,0.0013676899787404967,7.1283141000387424e-08,2.2658550777503332e-07,3.3865724704100287e-15
1359,0.00044031536769072768,1.8449856723620498e-08,0.013040935,0.00036228205408677928,4.3534280530844524e-09,0,0,0.0013676899787404967,7.1283141000387424e-08,3.1289437935637845e-05,5.8289411536559831e-11
1360,0.00056870881445500844,2.271614742316787e-08,0.013009865000000001,0.00036228205408677928,4.3534280530844524e-09,0,0,0.0013676899787404967,7.1283141000387424e-08,0.0005448632249927674,1.495684015466391e-08
1361,0.019827609997904044,7.0161929887341655e-05,0.013071966000000001,0.00036228205408677928,4.3534280530844524e-09,0,0,0.0025421486116689808,2.8667892863997632e-07,0.076406009325860683,0.00024476894619767731
1362,0.00022913573091611474,5.368863577594801e-09,0.013001558999999999,0.00036228205408677928,4.3534280530844524e-09,1.1375513279201216e-08,6.8890466804365844e-18,9.3862690716268412e-06,1.0711203395856254e-12,0.0005448632249927674,1.495684015466391e-08
1363,9.8497440512734867e-05,1.0897905255569521e-09,0.012910282,0.00036228205408677928,4.3534280530844524e-09,1.1375513279201216e-08,6.8890466804365844e-18,3.1696332450882019e-05,1.7134390648275296e-11,0,0
1364,0.0013018158194261912,2.772704644163198e-07,0.012924069,0.00036228205408677928,4.3534280530844524e-09,1.1375513279201216e-08,6.8890466804365844e-18,0.0048444906590748918,1.1348766309780777e-06,4.7918902984102718e-07,1.3811772537286094e-14
1365,9.0611621718374825e-05,1.0856209247293323e-09,0.012926333,0.00036228205408677928,4.3534280530844524e-09,3.6718238814524115e-08,4.7671550682516093e-17,1.0177739364849487e-08,6.1819868881659968e-18,1.1753680853951075e-07,8.1378935850548041e-16
1366,9.1535321415547373e-05,1.0856378995668007e-09,0.01288401,0.00036228205408677928,4.3534280530844524e-09,3.6718238814524115e-08,4.7671550682516093e-17,3.5959278288190782e-06,6.6730504443978359e-14,2.2658550777503332e-07,3.3865724704100287e-15
1367,9.0591831078075784e-05,1.085620732353315e-09,0.012907025000000001,0.00036228205408677928,4.3534280530844524e-09,8.5270225523800494e-08,2.3852627615639069e-16,0,0,0,0
1368,0.0046480145768368793,4.4123630372803636e-06,0.012893869000000001,0.00036228205408677928,4.3534280530844524e-09,8.5270225523800494e-08,2.3852627615639069e-16,6.8499463990509688e-07,9.6425054834388508e-16,0.018229005988395285,1.5404866910722966e-05
1369,9.432283102599358e-05,1.0866613319535593e-09,0.012854213,0.00036228205408677928,4.3534280530844524e-09,8.5270225523800494e-08,2.3852627615639069e-16,1.4923999791672543e-05,4.275948562067562e-12,0,0
1370,0.0012980532895680019,2.7725077369607142e-07,0.012970689000000001,0.00036228205408677928,4.3534280530844524e-09,8.5270225523800494e-08,2.3852627615639069e-16,0.00015547868126687659,6.8479859958329124e-11,0.004674367152692818,9.6435347361865966e-07
1371,0.0024705388356194486,1.10896940547172e-06,0.012953195000000001,0.00036228205408677928,4.3534280530844524e-09,1.922829690185178e-07,1.0503927487885637e-15,0.009244406265603463,4.548019408270464e-06,0.00027527473981856643,3.7461066010287721e-09
1372,0.0023592165435226157,1.1110179332762953e-06,0.012871306000000001,0.00036228205408677928,4.3534280530844524e-09,3.9233411970282536e-07,4.3772274154343397e-15,3.1696332450882019e-05,1.7134390648275296e-11,0.0090424954534331133,3.8760417201217597e-06
1373,0.038870873017016069,0.0002834013319383109,0.012890674,0.00036228205408677928,4.3534280530844524e-09,3.9233411970282536e-07,4.3772274154343397e-15,0.00050595073709442328,4.3744386336726988e-09,0.15461486694276227,0.00098967402532771959
1374,9.4941045350597448e-05,1.0897857769805187e-09,0.012896295,0.00036228205408677928,4.3534280530844524e-09,8.1400577502298111e-07,1.7942025344819159e-14,1.0177739364849487e-08,6.1819868881659968e-18,1.6657943801225666e-05,1.4531320971435777e-11
1375,0.0012602647850958558,2.7723412851166274e-07,0.012907175,0.00036228205408677928,4.3534280530844524e-09,8.1400577502298111e-07,1.7942025344819159e-14,3.5959278288190782e-06,6.6730504443978359e-14,0.004674367152692818,9.6435347361865966e-07
1376,0.0095090484177753117,1.7664781713336161e-05,0.012894480999999999,0.00036228205408677928,4.3534280530844524e-09,8.1400577502298111e-07,1.7942025344819159e-14,3.1696332450882019e-05,1.7134390648275296e-11,0.03764140127878858,6.1684359762903619e-05
1377,9.1374720434338227e-05,1.0856860546404694e-09,0.012893458999999999,0.00036228205408677928,4.3534280530844524e-09,3.0462572474722488e-06,2.9569255723453914e-13,1.7057040310223498e-07,2.1835577115764133e-16,0,0
1378,0.0045874323194456156,4.4424901675415758e-06,0.013054331000000001,0.00036228205408677928,4.3534280530844524e-09,3.0462572474722488e-06,2.9569255723453914e-13,0.017980152884928567,1.825026263439753e-05,4.2480815196427367e-06,9.0220702679766719e-13
1379,0.0047225861053138904,4.4467728914164729e-06,0.012962283,0.00036228205408677928,4.3534280530844524e-09,3.0462572474722488e-06,2.9569255723453914e-13,0.017980152884928567,1.825026263439753e-05,0.0005448632249927674,1.495684015466391e-08
1380,0.00064748672209152109,7.0121779452891328e-08,0.012900633,0.00036228205408677928,4.3534280530844524e-09,5.6596465165322227e-06,1.1881667417065484e-12,3.5959278288190782e-06,6.6730504443978359e-14,0.0022184092599339413,2.4108403166049585e-07
1381,0.043240740382073685,0.0002878416718547603,0.012873961,0.00036228205408677928,4.3534280530844524e-09,5.6596465165322227e-06,1.1881667417065484e-12,0.017980152884928567,1.825026263439753e-05,0.15461486694276227,0.00098967402532771959
1382,0.071228280701864335,0.0011405296273335787,0.012949197000000001,0.00036228205408677928,4.3534280530844524e-09,5.6596465165322227e-06,1.1881667417065484e-12,0.28454093302533323,0.0046865685654330158,4.2480815196427367e-06,9.0220702679766719e-13
1383,9.3893560196372963e-05,1.0866764761188308e-09,0.012861668,0.00036228205408677928,4.3534280530844524e-09,1.3292186698712521e-05,4.7792767311777559e-12,0,0,0,0
1384,9.3950206573316903e-05,1.0866774458844733e-09,0.012882688,0.00036228205408677928,4.3534280530844524e-09,1.3292186698712521e-05,4.7792767311777559e-12,0,0,2.2658550777503332e-07,3.3865724704100287e-15
1385,9.4170094314643445e-05,1.0866922837779716e-09,0.012872087000000001,0.00036228205408677928,4.3534280530844524e-09,1.3292186698712521e-05,4.7792767311777559e-12,1.7057040310223498e-07,2.1835577115764133e-16,9.3556606998057864e-07,5.5017233883187946e-14
1386,0.0046518957215264277,4.4123640967660292e-06,0.012913518000000001,0.00036228205408677928,4.3534280530844524e-09,1.3292186698712521e-05,4.7792767311777559e-12,3.0026569248976691e-06,1.6340168279266537e-14,0.018229005988395285,1.5404866910722966e-05
1387,0.00046879511031613588,1.870014868695404e-08,0.012935992,0.00036228205408677928,4.3534280530844524e-09,1.3292186698712521e-05,4.7792767311777559e-12,0.0013676899787404967,7.1283141000387424e-08,0.00013191622173854499,9.2866087487863828e-10
1388,0.0014412320312132802,2.8155449848354648e-07,0.012927315,0.00036228205408677928,4.3534280530844524e-09,1.3292186698712521e-05,4.7792767311777559e-12,0.0048444906590748918,1.1348766309780777e-06,0.0005448632249927674,1.495684015466391e-08
1389,0.010715366544662191,1.7940963435104662e-05,0.012913468000000001,0.00036228205408677928,4.3534280530844524e-09,1.3292186698712521e-05,4.7792767311777559e-12,0.0048444906590748918,1.1348766309780777e-06,0.03764140127878858,6.1684359762903619e-05
1390,0.00014449357236852225,1.1568184420457932e-09,0.0128735,0.00036228205408677928,4.3534280530844524e-09,2.5638493882144404e-05,1.8912646304862198e-11,0.00018993620469662744,2.7539120948023132e-10,1.1753680853951075e-07,8.1378935850548041e-16
1391,0.00073251728990947936,7.0856301781522125e-08,0.012929469000000001,0.00036228205408677928,4.3534280530844524e-09,2.5638493882144404e-05,1.8912646304862198e-11,0.0025421486116689808,2.8667892863997632e-07,0,0
1392,0.0068590280627595446,5.5524346155599662e-06,0.012921353,0.00036228205408677928,4.3534280530844524e-09,5.118185858950802e-05,7.5278650828326678e-11,0.017980152884928567,1.825026263439753e-05,0.0090424954534331133,3.8760417201217597e-06
1393,0.023699906530866566,7.4533584237357345e-05,0.012913307000000001,0.00036228205408677928,4.3534280530844524e-09,5.118185858950802e-05,7.5278650828326678e-11,0.017980152884928567,1.825026263439753e-05,0.076406009325860683,0.00024476894619767731
1394,0.00011808747714287051,1.1533498046197751e-09,0.012899921999999999,0.00036228205408677928,4.3534280530844524e-09,0.00011006785448470327,3.065896160972491e-10,0,0,0,0
1395,0.00025433412142567409,5.4363320425734159e-09,0.012938597,0.00036228205408677928,4.3534280530844524e-09,0.00011006785448470327,3.065896160972491e-10,1.2335213843932404e-07,4.3468830174521832e-17,0.0005448632249927674,1.495684015466391e-08
1396,0.0046131319757621771,4.4425575730028212e-06,0.01291958,0.00036228205408677928,4.3534280530844524e-09,0.00011006785448470327,3.065896160972491e-10,0.017980152884928567,1.825026263439753e-05,2.5109548640956888e-08,3.7020830486700943e-17
1397,0.017868291893607322,6.9877422147815912e-05,0.012897567,0.00036228205408677928,4.3534280530844524e-09,0.00011006785448470327,3.065896160972491e-10,0.070998655625245252,0.00028712996885817864,2.1620406129402982e-06,2.266527741266158e-13
1398,0.0013533758082831242,2.7754633156726477e-07,0.012916214000000001,0.00036228205408677928,4.3534280530844524e-09,0.0002024824384512204,1.2476170158873263e-09,0.0048444906590748918,1.1348766309780777e-06,4.2480815196427367e-06,9.0220702679766719e-13
1399,0.001365064397186249,2.7832957014076571e-07,0.012868991999999999,0.00036228205408677928,4.3534280530844524e-09,0.00042360838196540306,4.958830087016193e-09,0,0,0.004674367152692818,9.6435347361865966e-07
1400,0.00019653283124979043,2.1810827555821061e-09,0.012896505000000001,0.00036228205408677928,4.3534280530844524e-09,0.00042360838196540306,4.958830087016193e-09,1.2335213843932404e-07,4.3468830174521832e-17,1.1753680853951075e-07,8.1378935850548041e-16
1401,0.00019887582265789539,2.1813441507733493e-09,0.012884522000000001,0.00036228205408677928,4.3534280530844524e-09,0.00042360838196540306,4.958830087016193e-09,9.3862690716268412e-06,1.0711203395856254e-12,2.2658550777503332e-07,3.3865724704100287e-15
1402,0.00090082844688493466,7.3020306025126928e-08,0.012924299,0.00036228205408677928,4.3534280530844524e-09,0.00042360838196540306,4.958830087016193e-09,0.0025421486116689808,2.8667892863997632e-07,0.00027527473981856643,3.7461066010287721e-09
1403,0.00036434105902266394,5.4668517078607124e-09,0.012901856,0.00036228205408677928,4.3534280530844524e-09,0.00093960350073700059,1.9757091519064694e-08,0.00015547868126687659,6.8479859958329124e-11,0,0
1404,0.0021296003297963701,3.513651770854323e-07,0.012932275,0.00036228205408677928,4.3534280530844524e-09,0.00093960350073700059,1.9757091519064694e-08,0.0025421486116689808,2.8667892863997632e-07,0.004674367152692818,9.6435347361865966e-07
1405,0.01027717455956456,1.7733301327928841e-05,0.012892938,0.00036228205408677928,4.3534280530844524e-09,0.0031050149053830512,3.1018682127148085e-07,0,0,0.03764140127878858,6.1684359762903619e-05
1406,0.0096753623764276857,1.777788296371168e-05,0.012927355999999999,0.00036228205408677928,4.3534280530844524e-09,0.0031050149053830512,3.1018682127148085e-07,0.035234152546241279,7.2765419883759325e-05,0,0
1407,0.0038481864128212563,1.3829151852934061e-06,0.01287347,0.00036228205408677928,4.3534280530844524e-09,0.0059878447916266436,1.2308169179467562e-06,1.2335213843932404e-07,4.3468830174521832e-17,0.0090424954534331133,3.8760417201217597e-06
1408,0.0021423052750718062,3.4202292378631376e-07,0.012902857,0.00036228205408677928,4.3534280530844524e-09,0.0059878447916266436,1.2308169179467562e-06,6.8499463990509688e-07,9.6425054834388508e-16,0.0022184092599339413,2.4108403166049585e-07
1409,0.0019982728910681066,2.914073084431378e-07,0.0129867,0.00036228205408677928,4.3534280530844524e-09,0.0059878447916266436,1.2308169179467562e-06,0.0013676899787404967,7.1283141000387424e-08,0.00027527473981856643,3.7461066010287721e-09
1410,0.010396069847988609,1.7981260598130717e-05,0.012902095000000001,0.00036228205408677928,4.3534280530844524e-09,0.0059878447916266436,1.2308169179467562e-06,0.035234152546241279,7.2765419883759325e-05,0,0
1411,0.01239891625705483,1.8751037167979246e-05,0.012927755000000001,0.00036228205408677928,4.3534280530844524e-09,0.011591296700704166,4.9171744444568016e-06,6.8499463990509688e-07,9.6425054834388508e-16,0.03764140127878858,6.1684359762903619e-05
1412,0.0032041171724512679,1.0917254010883961e-06,0.012875193,0.00036228205408677928,4.3534280530844524e-09,0.011591296700704166,4.9171744444568016e-06,0.00086283358746406353,1.7998570474129329e-08,5.6347550033575723e-08,1.8557385880728104e-16
1413,0.0036239318416150055,1.1571117519799651e-06,0.01286297,0.00036228205408677928,4.3534280530844524e-09,0.011591296700704166,4.9171744444568016e-06,0.0025421486116689808,2.8667892863997632e-07,0,0
1414,0.013034282161312145,1.8820803670828267e-05,0.012951111,0.00036228205408677928,4.3534280530844524e-09,0.011591296700704166,4.9171744444568016e-06,0.0025421486116689808,2.8667892863997632e-07,0.03764140127878858,6.1684359762903619e-05
1415,0.0074844949303098573,5.5287497304356374e-06,0.012934609,0.00036228205408677928,4.3534280530844524e-09,0.011591296700704166,4.9171744444568016e-06,0.017980152884928567,1.825026263439753e-05,4.2480815196427367e-06,9.0220702679766719e-13
1416,0.0080380352249134583,5.5977853521372289e-06,0.012849173,0.00036228205408677928,4.3534280530844524e-09,0.011591296700704166,4.9171744444568016e-06,0.017980152884928567,1.825026263439753e-05,0.0022184092599339413,2.4108403166049585e-07
1417,0.011865751510212658,1.8796691523956991e-05,0.012959607999999999,0.00036228205408677928,4.3534280530844524e-09,0.011591296700704166,4.9171744444568016e-06,0.035234152546241279,7.2765419883759325e-05,0.00027527473981856643,3.7461066010287721e-09
1418,0.0079343175200273595,5.5013141411748044e-06,0.012882388,0.00036228205408677928,4.3534280530844524e-09,0.021998665538680674,1.9886491098706625e-05,0.009244406265603463,4.548019408270464e-06,0.00013191622173854499,9.2866087487863828e-10
1419,0.043421114812653525,0.00028554742878465631,0.012969787,0.00036228205408677928,4.3534280530844524e-09,0.021998665538680674,1.9886491098706625e-05,0.14228101620441289,0.0011507313567779948,0.0090424954534331133,3.8760417201217597e-06
1420,0.030420066224059884,8.7830236650879141e-05,0.012907266000000001,0.00036228205408677928,4.3534280530844524e-09,0.044908377588462341,8.0294984932708011e-05,3.5959278288190782e-06,6.6730504443978359e-14,0.076406009325860683,0.00024476894619767731
1421,0.01138887988562683,1.7739425117581343e-05,0.012920040000000001,0.00036228205408677928,4.3534280530844524e-09,0.044908377588462341,8.0294984932708011e-05,0.00028438071092829132,1.0940226677592041e-09,4.7918902984102718e-07,1.3811772537286094e-14
1422,0.021851517551900609,6.9902319063147128e-05,0.012881765999999999,0.00036228205408677928,4.3534280530844524e-09,0.087042682017042267,0.00031642210546467976,1.7057040310223498e-07,2.1835577115764133e-16,9.3556606998057864e-07,5.5017233883187946e-14
1423,0.022197327998417518,6.9919670752988057e-05,0.012937294,0.00036228205408677928,4.3534280530844524e-09,0.087042682017042267,0.00031642210546467976,0.0013676899787404967,7.1283141000387424e-08,1.6657943801225666e-05,1.4531320971435777e-11
1424,0.093541076589099145,0.0012104998961194654,0.012936763,0.00036228205408677928,4.3534280530844524e-09,0.087042682017042267,0.00031642210546467976,0.28454093302533323,0.0046865685654330158,0.0022184092599339413,2.4108403166049585e-07
1425,0.042965666875351249,0.00028320572643673842,0.013143264999999999,0.00036228205408677928,4.3534280530844524e-09,0.17146866400531868,0.0012819832070484491,3.1696332450882019e-05,1.7134390648275296e-11,2.5109548640956888e-08,3.7020830486700943e-17
1426,0.11409351028133699,0.0014237342635238573,0.012959527,0.00036228205408677928,4.3534280530844524e-09,0.17146866400531868,0.0012819832070484491,0.28454093302533323,0.0046865685654330158,2.1620406129402982e-06,2.266527741266158e-13
1427,0.00022866387633937752,4.3898795056778757e-09,0.01292483,0.00091465550535751007,1.7603777219554389e-08,0,0,0,0,0,0
1428,0.00022920438649261322,4.3899444090794855e-09,0.012944878999999999,0.00091465550535751007,1.7603777219554389e-08,0,0,0,0,2.1620406129402982e-06,2.266527741266158e-13
1429,0.00027614792751353649,4.4568990168661381e-09,0.012866476,0.00091465550535751007,1.7603777219554389e-08,0,0,0.00018993620469662744,2.7539120948023132e-10,0,0
1430,0.00044437227320539316,8.7700316446669973e-09,0.012891725,0.00091465550535751007,1.7603777219554389e-08,0,0,0.00086283358746406353,1.7998570474129329e-08,0,0
1431,0.0017391781591977076,2.9788591165060634e-07,0.012911374,0.00091465550535751007,1.7603777219554389e-08,0,0,0.0013676899787404967,7.1283141000387424e-08,0.004674367152692818,9.6435347361865966e-07
1432,0.0090372020128996963,1.7712663434140252e-05,0.013005347,0.00091465550535751007,1.7603777219554389e-08,0,0,0.035234152546241279,7.2765419883759325e-05,0,0
1433,0.047690918748590397,0.00030111184518255058,0.012929248000000001,0.00091465550535751007,1.7603777219554389e-08,0,0,0.035234152546241279,7.2765419883759325e-05,0.15461486694276227,0.00098967402532771959
1434,0.00048120907889866659,2.1548062909419847e-08,0.012968204000000001,0.00091465550535751007,1.7603777219554389e-08,1.1375513279201216e-08,6.8890466804365844e-18,5.6798372372729349e-06,2.6628353116564885e-13,0.0010044895974866074,5.991881908875963e-08
1435,0.00034496945634649579,5.529619447846858e-09,0.012856517,0.00091465550535751007,1.7603777219554389e-08,1.1375513279201216e-08,6.8890466804365844e-18,0.00018993620469662744,2.7539120948023132e-10,0.00027527473981856643,3.7461066010287721e-09
1436,0.01798615298601287,6.9880675304140232e-05,0.012874593,0.00091465550535751007,1.7603777219554389e-08,1.1375513279201216e-08,6.8890466804365844e-18,0.070998655625245252,0.00028712996885817864,3.1289437935637845e-05,5.8289411536559831e-11
1437,0.071396879031985869,0.0011405331969992544,0.012922947000000001,0.00091465550535751007,1.7603777219554389e-08,1.1375513279201216e-08,6.8890466804365844e-18,0.28454093302533323,0.0046865685654330158,0.00013191622173854499,9.2866087487863828e-10
1438,0.00036512153736901706,8.6728627173983316e-09,0.012897436999999999,0.00091465550535751007,1.7603777219554389e-08,3.6718238814524115e-08,4.7671550682516093e-17,9.3070088697094474e-07,4.0015195531920299e-15,0.0005448632249927674,1.495684015466391e-08
1439,0.036353529421985886,0.00028011668925307509,0.012884733000000001,0.00091465550535751007,1.7603777219554389e-08,3.6718238814524115e-08,4.7671550682516093e-17,0.14228101620441289,0.0011507313567779948,0.0022184092599339413,2.4108403166049585e-07
1440,0.038882432767620989,0.00028340357162794116,0.012936122,0.00091465550535751007,1.7603777219554389e-08,8.5270225523800494e-08,2.3852627615639069e-16,1.2335213843932404e-07,4.3468830174521832e-17,0.15461486694276227,0.00098967402532771959
1441,0.00023315636145775548,4.391187347695304e-09,0.012885512999999999,0.00091465550535751007,1.7603777219554389e-08,8.5270225523800494e-08,2.3852627615639069e-16,9.3862690716268412e-06,1.0711203395856254e-12,8.4984011763542629e-06,3.6567069197450944e-12
1442,0.00057066433495782864,2.1737425044269377e-08,0.012872419,0.00091465550535751007,1.7603777219554389e-08,8.5270225523800494e-08,2.3852627615639069e-16,0.0013676899787404967,7.1283141000387424e-08,2.2658550777503332e-07,3.3865724704100287e-15
1443,0.00057477217453119145,2.1741585206722663e-08,0.012874282000000001,0.00091465550535751007,1.7603777219554389e-08,8.5270225523800494e-08,2.3852627615639069e-16,0.0013676899787404967,7.1283141000387424e-08,1.6657943801225666e-05,1.4531320971435777e-11
1444,0.017978351113238374,6.9880658612665763e-05,0.012895884,0.00091465550535751007,1.7603777219554389e-08,8.5270225523800494e-08,2.3852627615639069e-16,0.070998655625245252,0.00028712996885817864,8.0521251023118028e-09,5.2233865048072528e-18
1445,0.0002289458385991277,4.3898954922413897e-09,0.012864133,0.00091465550535751007,1.7603777219554389e-08,1.922829690185178e-07,1.0503927487885637e-15,0,0,9.3556606998057864e-07,5.5017233883187946e-14
1446,0.0002288852087728842,4.3898799738783871e-09,0.012921874999999999,0.00091465550535751007,1.7603777219554389e-08,1.922829690185178e-07,1.0503927487885637e-15,6.8499463990509688e-07,9.6425054834388508e-16,8.0521251023118028e-09,5.2233865048072528e-18
1447,0.00036634771263914479,8.6729267681530294e-09,0.012878611,0.00091465550535751007,1.7603777219554389e-08,1.922829690185178e-07,1.0503927487885637e-15,5.6798372372729349e-06,2.6628353116564885e-13,0.0005448632249927674,1.495684015466391e-08
1448,0.0002321205347294519,4.3903987592335803e-09,0.012909751000000001,0.00091465550535751007,1.7603777219554389e-08,1.922829690185178e-07,1.0503927487885637e-15,9.3862690716268412e-06,1.0711203395856254e-12,4.2480815196427367e-06,9.0220702679766719e-13
1449,0.035799506508338144,0.00028004765343815603,0.012879803,0.00091465550535751007,1.7603777219554389e-08,1.922829690185178e-07,1.0503927487885637e-15,0.14228101620441289,0.0011507313567779948,2.1620406129402982e-06,2.266527741266158e-13
1450,0.00036497776611749751,8.6728627000320965e-09,0.012898559,0.00091465550535751007,1.7603777219554389e-08,3.9233411970282536e-07,4.3772274154343397e-15,0,0,0.0005448632249927674,1.495684015466391e-08
1451,0.00022902401929318246,4.3898816795048668e-09,0.012855014999999999,0.00091465550535751007,1.7603777219554389e-08,3.9233411970282536e-07,4.3772274154343397e-15,9.3070088697094474e-07,4.0015195531920299e-15,1.1753680853951075e-07,8.1378935850548041e-16
1452,0.0003000910291188737,4.6561388010066507e-09,0.012904821,0.00091465550535751007,1.7603777219554389e-08,3.9233411970282536e-07,4.3772274154343397e-15,0.00028438071092829132,1.0940226677592041e-09,9.3556606998057864e-07,5.5017233883187946e-14
1453,0.011297923959787907,1.8822591576889204e-05,0.012905753000000001,0.00091465550535751007,1.7603777219554389e-08,3.9233411970282536e-07,4.3772274154343397e-15,0.035234152546241279,7.2765419883759325e-05,0.0090424954534331133,3.8760417201217597e-06
1454,0.0047870178568391363,4.4156673160222299e-06,0.013077447000000001,0.00091465550535751007,1.7603777219554389e-08,8.1400577502298111e-07,1.7942025344819159e-14,3.5959278288190782e-06,6.6730504443978359e-14,0.018229005988395285,1.5404866910722966e-05
1455,0.00023785348127576759,4.3943116661240534e-09,0.013054451999999999,0.00091465550535751007,1.7603777219554389e-08,8.1400577502298111e-07,1.7942025344819159e-14,3.1696332450882019e-05,1.7134390648275296e-11,4.2480815196427367e-06,9.0220702679766719e-13
1456,0.00055108495488685825,2.1814244642268236e-08,0.012914810000000001,0.00091465550535751007,1.7603777219554389e-08,8.1400577502298111e-07,1.7942025344819159e-14,0.00028438071092829132,1.0940226677592041e-09,0.0010044895974866074,5.991881908875963e-08
1457,0.071364100634116773,0.0011405329310755054,0.012876887,0.00091465550535751007,1.7603777219554389e-08,8.1400577502298111e-07,1.7942025344819159e-14,0.28454093302533323,0.0046865685654330158,0,0
1458,0.00022907942236492042,4.389895526220281e-09,0.01290432,0.00091465550535751007,1.7603777219554389e-08,1.6370745535315476e-06,7.2472245124145652e-14,0,0,2.5109548640956888e-08,3.7020830486700943e-17
1459,0.00023124038787262645,4.3909426890449508e-09,0.012865204999999999,0.00091465550535751007,1.7603777219554389e-08,1.6370745535315476e-06,7.2472245124145652e-14,1.7057040310223498e-07,2.1835577115764133e-16,8.4984011763542629e-06,3.6567069197450944e-12
1460,0.0002292506710248968,4.3898957608813672e-09,0.012863932,0.00091465550535751007,1.7603777219554389e-08,1.6370745535315476e-06,7.2472245124145652e-14,6.8499463990509688e-07,9.6425054834388508e-16,2.5109548640956888e-08,3.7020830486700943e-17
1461,0.00044584356222368804,8.7703060070825306e-09,0.012839855000000001,0.00091465550535751007,1.7603777219554389e-08,1.6370745535315476e-06,7.2472245124145652e-14,0.00086283358746406353,1.7998570474129329e-08,4.2480815196427367e-06,9.0220702679766719e-13
1462,0.000868774783845317,7.4160559731536206e-08,0.012936962999999999,0.00091465550535751007,1.7603777219554389e-08,1.6370745535315476e-06,7.2472245124145652e-14,0.0025421486116689808,2.8667892863997632e-07,1.6657943801225666e-05,1.4531320971435777e-11
1463,0.0048007985747369128,2.2211291014314576e-06,0.012879151,0.00091465550535751007,1.7603777219554389e-08,1.6370745535315476e-06,7.2472245124145652e-14,0.009244406265603463,4.548019408270464e-06,0.0090424954534331133,3.8760417201217597e-06
1464,0.0090376175589252112,1.771266345015776e-05,0.012875024000000001,0.00091465550535751007,1.7603777219554389e-08,1.6370745535315476e-06,7.2472245124145652e-14,0.035234152546241279,7.2765419883759325e-05,2.5109548640956888e-08,3.7020830486700943e-17
1465,0.00022966012890426239,4.3899458028288874e-09,0.012905844,0.00091465550535751007,1.7603777219554389e-08,3.0462572474722488e-06,2.9569255723453914e-13,9.3070088697094474e-07,4.0015195531920299e-15,8.0521251023118028e-09,5.2233865048072528e-18
1466,0.00051941751033961734,2.1564728761604841e-08,0.012949657999999999,0.00091465550535751007,1.7603777219554389e-08,3.0462572474722488e-06,2.9569255723453914e-13,0.00015547868126687659,6.8479859958329124e-11,0.0010044895974866074,5.991881908875963e-08
1467,0.00023854338123446657,4.394376732969365e-09,0.012875574000000001,0.00091465550535751007,1.7603777219554389e-08,5.6596465165322227e-06,1.1881667417065484e-12,3.1696332450882019e-05,1.7134390648275296e-11,2.1620406129402982e-06,2.266527741266158e-13
1468,0.0002776826364001295,4.4571654514662327e-09,0.012928156,0.00091465550535751007,1.7603777219554389e-08,5.6596465165322227e-06,1.1881667417065484e-12,0.00018993620469662744,2.7539120948023132e-10,4.7918902984102718e-07,1.3811772537286094e-14
1469,0.0090396789449087335,1.7712663954969139e-05,0.012938597,0.00091465550535751007,1.7603777219554389e-08,5.6596465165322227e-06,1.1881667417065484e-12,0.035234152546241279,7.2765419883759325e-05,4.2480815196427367e-06,9.0220702679766719e-13
1470,0.0003691017112194542,8.6739337691213883e-09,0.012934098,0.00091465550535751007,1.7603777219554389e-08,1.3292186698712521e-05,4.7792767311777559e-12,3.5959278288190782e-06,6.6730504443978359e-14,0.0005448632249927674,1.495684015466391e-08
1471,0.00027502107928108416,4.411761769277791e-09,0.012924369,0.00091465550535751007,1.7603777219554389e-08,1.3292186698712521e-05,4.7792767311777559e-12,0.00015547868126687659,6.8479859958329124e-11,1.6657943801225666e-05,1.4531320971435777e-11
1472,0.0002350734998099156,4.3940575238417164e-09,0.012946954,0.00091465550535751007,1.7603777219554389e-08,2.5638493882144404e-05,1.8912646304862198e-11,0,0,0,0
1473,0.039230712730185829,0.00028342092335045083,0.012895303,0.00091465550535751007,1.7603777219554389e-08,2.5638493882144404e-05,1.8912646304862198e-11,0.0013676899787404967,7.1283141000387424e-08,0.15461486694276227,0.00098967402532771959
1474,0.00045718182474027984,8.7866616059353559e-09,0.012885112000000001,0.00091465550535751007,1.7603777219554389e-08,5.118185858950802e-05,7.5278650828326678e-11,0.00086283358746406353,1.7998570474129329e-08,5.6347550033575723e-08,1.8557385880728104e-16
1475,0.00088187833267611192,7.3759731258573639e-08,0.012885733999999999,0.00091465550535751007,1.7603777219554389e-08,0.00011006785448470327,3.065896160972491e-10,0.00028438071092829132,1.0940226677592041e-09,0.0022184092599339413,2.4108403166049585e-07
1476,0.0025674022036188729,1.11126867671628e-06,0.012955599999999999,0.00091465550535751007,1.7603777219554389e-08,0.00011006785448470327,3.065896160972491e-10,0.009244406265603463,4.548019408270464e-06,4.7918902984102718e-07,1.3811772537286094e-14
1477,0.022563096243370689,7.4292003758054292e-05,0.012951071,0.00091465550535751007,1.7603777219554389e-08,0.00011006785448470327,3.065896160972491e-10,0.070998655625245252,0.00028712996885817864,0.018229005988395285,1.5404866910722966e-05
1478,0.00027952343856108502,4.6654932451709841e-09,0.012934457999999999,0.00091465550535751007,1.7603777219554389e-08,0.0002024824384512204,1.2476170158873263e-09,9.3070088697094474e-07,4.0015195531920299e-15,2.5109548640956888e-08,3.7020830486700943e-17
1479,0.0096905337876064743,1.7668357427348892e-05,0.012937415000000001,0.00091465550535751007,1.7603777219554389e-08,0.0002024824384512204,1.2476170158873263e-09,3.5959278288190782e-06,6.6730504443978359e-14,0.03764140127878858,6.1684359762903619e-05
1480,0.038988282707521332,0.00028340466708974419,0.012941823,0.00091465550535751007,1.7603777219554389e-08,0.00042360838196540306,4.958830087016193e-09,0,0,0.15461486694276227,0.00098967402532771959
1481,0.00036758766986613901,5.751269085829484e-09,0.012884982999999999,0.00091465550535751007,1.7603777219554389e-08,0.00042360838196540306,4.958830087016193e-09,1.7057040310223498e-07,2.1835577115764133e-16,0.00013191622173854499,9.2866087487863828e-10
1482,0.00040569053376493834,5.7515841448509394e-09,0.012892948,0.00091465550535751007,1.7603777219554389e-08,0.00042360838196540306,4.958830087016193e-09,0.00028438071092829132,1.0940226677592041e-09,1.1753680853951075e-07,8.1378935850548041e-16
1483,0.035912642382417981,0.00028004876552638433,0.012838792999999999,0.00091465550535751007,1.7603777219554389e-08,0.00042360838196540306,4.958830087016193e-09,0.14228101620441289,0.0011507313567779948,3.1289437935637845e-05,5.8289411536559831e-11
1484,0.035921443237940706,0.00028004881575441348,0.012931553,0.00091465550535751007,1.7603777219554389e-08,0.00042360838196540306,4.958830087016193e-09,0.14228101620441289,0.0011507313567779948,6.6492860027127882e-05,2.3369350210529902e-10
1485,0.005020818793057269,4.4200318615138029e-06,0.012926083,0.00091465550535751007,1.7603777219554389e-08,0.00093960350073700059,1.9757091519064694e-08,1.0177739364849487e-08,6.1819868881659968e-18,0.018229005988395285,1.5404866910722966e-05
1486,0.0049586323569579304,4.450158668619584e-06,0.012899941999999999,0.00091465550535751007,1.7603777219554389e-08,0.00093960350073700059,1.9757091519064694e-08,0.017980152884928567,1.825026263439753e-05,1.1753680853951075e-07,8.1378935850548041e-16
1487,0.0008941030567634643,3.8699539377362718e-08,0.012920743,0.00091465550535751007,1.7603777219554389e-08,0.0016536711963809558,7.7639855504669115e-08,3.5959278288190782e-06,6.6730504443978359e-14,0.0010044895974866074,5.991881908875963e-08
1488,0.039303722494237997,0.00028342072732279378,0.012860926,0.00091465550535751007,1.7603777219554389e-08,0.0016536711963809558,7.7639855504669115e-08,3.1696332450882019e-05,1.7134390648275296e-11,0.15461486694276227,0.00098967402532771959
1489,0.0012776482125539828,9.1307907855320919e-08,0.012889190999999999,0.00091465550535751007,1.7603777219554389e-08,0.0016536711963809558,7.7639855504669115e-08,0.0025421486116689808,2.8667892863997632e-07,1.1753680853951075e-07,8.1378935850548041e-16
1490,0.071777316944799538,0.0011405500825965953,0.012905552000000001,0.00091465550535751007,1.7603777219554389e-08,0.0016536711963809558,7.7639855504669115e-08,0.28454093302533323,0.0046865685654330158,8.0521251023118028e-09,5.2233865048072528e-18
1491,0.0010049176026851352,7.2913667904499219e-08,0.012908958999999999,0.00091465550535751007,1.7603777219554389e-08,0.0031050149053830512,3.1018682127148085e-07,0,0,0,0
1492,0.020741957087067435,7.0233757934567704e-05,0.012939378,0.00091465550535751007,1.7603777219554389e-08,0.0031050149053830512,3.1018682127148085e-07,0.0025421486116689808,2.8667892863997632e-07,0.076406009325860683,0.00024476894619767731
1493,0.0017967496361802344,2.7655754513042727e-07,0.012946423,0.00091465550535751007,1.7603777219554389e-08,0.0059878447916266436,1.2308169179467562e-06,0.00028438071092829132,1.0940226677592041e-09,1.1753680853951075e-07,8.1378935850548041e-16
1494,0.0041053395271879924,8.2862462973241242e-07,0.012845907,0.00091465550535751007,1.7603777219554389e-08,0.0059878447916266436,1.2308169179467562e-06,0.0048444906590748918,1.1348766309780777e-06,0.004674367152692818,9.6435347361865966e-07
1495,0.0031343412490339316,1.0906661992606908e-06,0.012895653999999999,0.00091465550535751007,1.7603777219554389e-08,0.011591296700704166,4.9171744444568016e-06,1.2335213843932404e-07,4.3468830174521832e-17,3.1289437935637845e-05,5.8289411536559831e-11
1496,0.003126750110939287,1.0906495089291325e-06,0.012928527,0.00091465550535751007,1.7603777219554389e-08,0.011591296700704166,4.9171744444568016e-06,9.3070088697094474e-07,4.0015195531920299e-15,1.1753680853951075e-07,8.1378935850548041e-16
1497,0.0031279275436258669,1.0906495888652961e-06,0.012879231999999999,0.00091465550535751007,1.7603777219554389e-08,0.011591296700704166,4.9171744444568016e-06,3.5959278288190782e-06,6.6730504443978359e-14,2.1620406129402982e-06,2.266527741266158e-13
1498,0.0033790304101963932,1.1078076911245048e-06,0.012889391,0.00091465550535751007,1.7603777219554389e-08,0.011591296700704166,4.9171744444568016e-06,5.6798372372729349e-06,2.6628353116564885e-13,0.0010044895974866074,5.991881908875963e-08
1499,0.0031343835374136467,1.0906547094541038e-06,0.012960629,0.00091465550535751007,1.7603777219554389e-08,0.011591296700704166,4.9171744444568016e-06,1.4923999791672543e-05,4.275948562067562e-12,1.6657943801225666e-05,1.4531320971435777e-11
1500,0.0077312235997884574,5.5019939435461242e-06,0.012907316,0.00091465550535751007,1.7603777219554389e-08,0.011591296700704166,4.9171744444568016e-06,0.00018993620469662744,2.7539120948023132e-10,0.018229005988395285,1.5404866910722966e-05
1501,0.0058446329971383344,4.398681148116925e-06,0.012899229999999999,0.00091465550535751007,1.7603777219554389e-08,0.021998665538680674,1.9886491098706625e-05,0.00018993620469662744,2.7539120948023132e-10,0.00027527473981856643,3.7461066010287721e-09
1502,0.014605687082524398,2.2106887683239172e-05,0.012892928999999999,0.00091465550535751007,1.7603777219554389e-08,0.021998665538680674,1.9886491098706625e-05,0.035234152546241279,7.2765419883759325e-05,0.00027527473981856643,3.7461066010287721e-09
1503,0.011456538321888303,1.7742463134088033e-05,0.012879623,0.00091465550535751007,1.7603777219554389e-08,0.044908377588462341,8.0294984932708011e-05,3.0026569248976691e-06,1.6340168279266537e-14,1.1753680853951075e-07,8.1378935850548041e-16
1504,0.026546616715733391,7.4316900722487154e-05,0.012954668000000001,0.00091465550535751007,1.7603777219554389e-08,0.087042682017042267,0.00031642210546467976,1.2335213843932404e-07,4.3468830174521832e-17,0.018229005988395285,1.5404866910722966e-05
1505,0.022022356078635352,6.9905889233913326e-05,0.012921594,0.00091465550535751007,1.7603777219554389e-08,0.087042682017042267,0.00031642210546467976,1.7057040310223498e-07,2.1835577115764133e-16,0.00013191622173854499,9.2866087487863828e-10
1506,0.024250000886558983,7.1015551448003889e-05,0.013004345,0.00091465550535751007,1.7603777219554389e-08,0.087042682017042267,0.00031642210546467976,1.7057040310223498e-07,2.1835577115764133e-16,0.0090424954534331133,3.8760417201217597e-06
1507,0.021991630229553871,6.9905624353520398e-05,0.012925661999999999,0.00091465550535751007,1.7603777219554389e-08,0.087042682017042267,0.00031642210546467976,6.8499463990509688e-07,9.6425054834388508e-16,8.4984011763542629e-06,3.6567069197450944e-12
1508,0.031741607194982299,8.7586662769537831e-05,0.012877649,0.00091465550535751007,1.7603777219554389e-08,0.087042682017042267,0.00031642210546467976,0.0013676899787404967,7.1283141000387424e-08,0.03764140127878858,6.1684359762903619e-05
1509,0.03093408832340876,8.7618179843032082e-05,0.012880684999999999,0.00091465550535751007,1.7603777219554389e-08,0.087042682017042267,0.00031642210546467976,0.035234152546241279,7.2765419883759325e-05,0.0005448632249927674,1.495684015466391e-08
1510,0.043095829877669196,0.00028320902652571352,0.012941904000000001,0.00091465550535751007,1.7603777219554389e-08,0.17146866400531868,0.0012819832070484491,0,0,0,0
1511,0.044266768233110244,0.00028348517527402223,0.012953706000000001,0.00091465550535751007,1.7603777219554389e-08,0.17146866400531868,0.0012819832070484491,9.3862690716268412e-06,1.0711203395856254e-12,0.004674367152692818,9.6435347361865966e-07
1512,0.043437766459241786,0.000283226374070266,0.012919168999999999,0.00091465550535751007,1.7603777219554389e-08,0.17146866400531868,0.0012819832070484491,0.0013676899787404967,7.1283141000387424e-08,5.6347550033575723e-08,1.8557385880728104e-16
1513,0.061400096098963616,0.00035315433113888888,0.012955459000000001,0.00091465550535751007,1.7603777219554389e-08,0.17146866400531868,0.0012819832070484491,0.070998655625245252,0.00028712996885817864,0.0022184092599339413,2.4108403166049585e-07
1514,0.0005097365047366804,1.7548961113956565e-08,0.012909059000000001,0.0020389460189467216,7.0372774807405641e-08,0,0,0,0,0,0
1515,0.00051755886422059092,1.756565264178421e-08,0.012905242000000001,0.0020389460189467216,7.0372774807405641e-08,0,0,0,0,3.1289437935637845e-05,5.8289411536559831e-11
1516,0.0099208374886650373,1.7681240883940387e-05,0.012975599000000001,0.0020389460189467216,7.0372774807405641e-08,0,0,3.0026569248976691e-06,1.6340168279266537e-14,0.03764140127878858,6.1684359762903619e-05
1517,0.00051766058784940183,1.7553130958331495e-08,0.012874603,0.0020389460189467216,7.0372774807405641e-08,0,0,3.1696332450882019e-05,1.7134390648275296e-11,0,0
1518,0.00054861245244056383,1.7565626459480013e-08,0.012878519999999999,0.0020389460189467216,7.0372774807405641e-08,0,0,0.00015547868126687659,6.8479859958329124e-11,2.5109548640956888e-08,3.7020830486700943e-17
1519,0.00055722055591083894,1.7615980625144826e-08,0.012879471999999999,0.0020389460189467216,7.0372774807405641e-08,0,0,0.00018993620469662744,2.7539120948023132e-10,0,0
1520,0.00058083168246875379,1.7815203687786299e-08,0.012935511,0.0020389460189467216,7.0372774807405641e-08,0,0,0.00028438071092829132,1.0940226677592041e-09,0,0
1521,0.0008516589994218062,3.4896505630089263e-08,0.012867488999999999,0.0020389460189467216,7.0372774807405641e-08,0,0,0.0013676899787404967,7.1283141000387424e-08,0,0
1522,0.0011452736576539244,8.7315464197654702e-08,0.012882508000000001,0.0020389460189467216,7.0372774807405641e-08,0,0,0.0025421486116689808,2.8667892863997632e-07,0,0
1523,0.01832821909600273,6.9894890414650085e-05,0.012973995,0.0020389460189467216,7.0372774807405641e-08,0,0,0.070998655625245252,0.00028712996885817864,0.00027527473981856643,3.7461066010287721e-09
1524,0.037248582344013022,0.00028033696094225644,0.012849433,0.0020389460189467216,7.0372774807405641e-08,0,0,0.14228101620441289,0.0011507313567779948,0.004674367152692818,9.6435347361865966e-07
1525,0.0005263625636217807,1.7615880672404895e-08,0.012907297,0.0020389460189467216,7.0372774807405641e-08,1.1375513279201216e-08,6.8890466804365844e-18,0,0,6.6492860027127882e-05,2.3369350210529902e-10
1526,0.00076109442320839305,3.4707080688456329e-08,0.012897927999999999,0.0020389460189467216,7.0372774807405641e-08,1.1375513279201216e-08,6.8890466804365844e-18,9.3070088697094474e-07,4.0015195531920299e-15,0.0010044895974866074,5.991881908875963e-08
1527,0.00052726154557898564,1.7615896912014711e-08,0.012999606,0.0020389460189467216,7.0372774807405641e-08,1.1375513279201216e-08,6.8890466804365844e-18,3.5959278288190782e-06,6.6730504443978359e-14,6.6492860027127882e-05,2.3369350210529902e-10
1528,0.0093512565406099306,1.7726088443441704e-05,0.012850776,0.0020389460189467216,7.0372774807405641e-08,1.1375513279201216e-08,6.8890466804365844e-18,0.035234152546241279,7.2765419883759325e-05,0.00013191622173854499,9.2866087487863828e-10
1529,0.018328221939881047,6.9894890414650153e-05,0.012931672999999999,0.0020389460189467216,7.0372774807405641e-08,1.1375513279201216e-08,6.8890466804365844e-18,0.070998655625245252,0.00028712996885817864,0.00027527473981856643,3.7461066010287721e-09
1530,0.00051759888181490286,1.7565652662894021e-08,0.012919720000000001,0.0020389460189467216,7.0372774807405641e-08,3.6718238814524115e-08,4.7671550682516093e-17,1.2335213843932404e-07,4.3468830174521832e-17,3.1289437935637845e-05,5.8289411536559831e-11
1531,0.00050998463690528936,1.7548962108903143e-08,0.012916464000000001,0.0020389460189467216,7.0372774807405641e-08,3.6718238814524115e-08,4.7671550682516093e-17,9.3070088697094474e-07,4.0015195531920299e-15,2.5109548640956888e-08,3.7020830486700943e-17
1532,0.00076228804297734994,3.4707144526707851e-08,0.012927095,0.0020389460189467216,7.0372774807405641e-08,3.6718238814524115e-08,4.7671550682516093e-17,5.6798372372729349e-06,2.6628353116564885e-13,0.0010044895974866074,5.991881908875963e-08
1533,0.00054861736764438135,1.7565626460905808e-08,0.012911173999999999,0.0020389460189467216,7.0372774807405641e-08,3.6718238814524115e-08,4.7671550682516093e-17,0.00015547868126687659,6.8479859958329124e-11,8.0521251023118028e-09,5.2233865048072528e-18
1534,0.0011452828372136325,8.7315464208185889e-08,0.012897736999999999,0.0020389460189467216,7.0372774807405641e-08,3.6718238814524115e-08,4.7671550682516093e-17,0.0025421486116689808,2.8667892863997632e-07,0,0
1535,0.0012141015221682763,8.8388184637644738e-08,0.012860865000000001,0.0020389460189467216,7.0372774807405641e-08,3.6718238814524115e-08,4.7671550682516093e-17,0.0025421486116689808,2.8667892863997632e-07,0.00027527473981856643,3.7461066010287721e-09
1536,0.00050975782229306036,1.7548961166649727e-08,0.012920151,0.0020389460189467216,7.0372774807405641e-08,8.5270225523800494e-08,2.3852627615639069e-16,0,0,0,0
1537,0.00050999171381055711,1.7548976921169562e-08,0.012897466999999999,0.0020389460189467216,7.0372774807405641e-08,8.5270225523800494e-08,2.3852627615639069e-16,0,0,9.3556606998057864e-07,5.5017233883187946e-14
1538,0.00051089069576776356,1.7548993160779382e-08,0.012898379,0.0020389460189467216,7.0372774807405641e-08,8.5270225523800494e-08,2.3852627615639069e-16,3.5959278288190782e-06,6.6730504443978359e-14,9.3556606998057864e-07,5.5017233883187946e-14
1539,0.0028968693699249213,1.1285416712055986e-06,0.012896795000000001,0.0020389460189467216,7.0372774807405641e-08,8.5270225523800494e-08,2.3852627615639069e-16,0.00050595073709442328,4.3744386336726988e-09,0.0090424954534331133,3.8760417201217597e-06
1540,0.0093194347452068664,1.7725822775064883e-05,0.012895373,0.0020389460189467216,7.0372774807405641e-08,3.9233411970282536e-07,4.3772274154343397e-15,0.035234152546241279,7.2765419883759325e-05,4.2480815196427367e-06,9.0220702679766719e-13
1541,0.020520122357936221,7.1003745836974088e-05,0.012882027000000001,0.0020389460189467216,7.0372774807405641e-08,3.9233411970282536e-07,4.3772274154343397e-15,0.070998655625245252,0.00028712996885817864,0.0090424954534331133,3.8760417201217597e-06
1542,0.00050994000618043666,1.7548965077553545e-08,0.012938946999999999,0.0020389460189467216,7.0372774807405641e-08,8.1400577502298111e-07,1.7942025344819159e-14,0,0,0,0
1543,0.00064757577173794423,2.1832012107985021e-08,0.012989877,0.0020389460189467216,7.0372774807405641e-08,8.1400577502298111e-07,1.7942025344819159e-14,5.6798372372729349e-06,2.6628353116564885e-13,0.0005448632249927674,1.495684015466391e-08
1544,0.00051240637070580815,1.754922970167645e-08,0.012895223000000001,0.0020389460189467216,7.0372774807405641e-08,8.1400577502298111e-07,1.7942025344819159e-14,9.3862690716268412e-06,1.0711203395856254e-12,4.7918902984102718e-07,1.3811772537286094e-14
1545,0.00051786408929315852,1.7553134921928475e-08,0.012902967,0.0020389460189467216,7.0372774807405641e-08,8.1400577502298111e-07,1.7942025344819159e-14,3.1696332450882019e-05,1.7134390648275296e-11,0,0
1546,0.00085186451389683776,3.4896509595181991e-08,0.012909169,0.0020389460189467216,7.0372774807405641e-08,8.1400577502298111e-07,1.7942025344819159e-14,0.0013676899787404967,7.1283141000387424e-08,8.0521251023118028e-09,5.2233865048072528e-18
1547,0.036088016416767614,0.00028006082915012323,0.012896685999999999,0.0020389460189467216,7.0372774807405641e-08,8.1400577502298111e-07,1.7942025344819159e-14,0.14228101620441289,0.0011507313567779948,3.1289437935637845e-05,5.8289411536559831e-11
1548,0.00051038220932740207,1.7548992879922123e-08,0.012946052,0.0020389460189467216,7.0372774807405641e-08,1.6370745535315476e-06,7.2472245124145652e-14,1.0177739364849487e-08,6.1819868881659968e-18,9.3556606998057864e-07,5.5017233883187946e-14
1549,0.00076129901078132093,3.4707095733640099e-08,0.01296076,0.0020389460189467216,7.0372774807405641e-08,1.6370745535315476e-06,7.2472245124145652e-14,1.2335213843932404e-07,4.3468830174521832e-17,0.0010044895974866074,5.991881908875963e-08
1550,0.019650517775156945,7.0108643406038355e-05,0.012885373,0.0020389460189467216,7.0372774807405641e-08,1.6370745535315476e-06,7.2472245124145652e-14,0.00015547868126687659,6.8479859958329124e-11,0.076406009325860683,0.00024476894619767731
1551,0.0017221612439705066,2.937339311192518e-07,0.012910422,0.0020389460189467216,7.0372774807405641e-08,3.0462572474722488e-06,2.9569255723453914e-13,0.0048444906590748918,1.1348766309780777e-06,2.1620406129402982e-06,2.266527741266158e-13
1552,0.036216967926399807,0.00028006509550218171,0.012964135999999999,0.0020389460189467216,7.0372774807405641e-08,3.0462572474722488e-06,2.9569255723453914e-13,0.14228101620441289,0.0011507313567779948,0.0005448632249927674,1.495684015466391e-08
1553,0.00076250649095921071,3.4707343166449407e-08,0.012901475000000001,0.0020389460189467216,7.0372774807405641e-08,5.6596465165322227e-06,1.1881667417065484e-12,9.3070088697094474e-07,4.0015195531920299e-15,0.0010044895974866074,5.991881908875963e-08
1554,0.0099229216953722593,1.768124120724504e-05,0.012929289,0.0020389460189467216,7.0372774807405641e-08,5.6596465165322227e-06,1.1881667417065484e-12,5.6798372372729349e-06,2.6628353116564885e-13,0.03764140127878858,6.1684359762903619e-05
1555,0.0051072725837813518,4.4288433052417277e-06,0.012843181,0.0020389460189467216,7.0372774807405641e-08,5.6596465165322227e-06,1.1881667417065484e-12,0.00015547868126687659,6.8479859958329124e-11,0.018229005988395285,1.5404866910722966e-05
1556,0.00058586379511906363,1.8625875801189073e-08,0.012885562999999999,0.0020389460189467216,7.0372774807405641e-08,2.5638493882144404e-05,1.8912646304862198e-11,3.5959278288190782e-06,6.6730504443978359e-14,0.00027527473981856643,3.7461066010287721e-09
1557,0.0050111906268265356,4.458957362330304e-06,0.012954779,0.0020389460189467216,7.0372774807405641e-08,2.5638493882144404e-05,1.8912646304862198e-11,0.017980152884928567,1.825026263439753e-05,2.5109548640956888e-08,3.7020830486700943e-17
1558,0.0017357792344468782,2.9375147792242381e-07,0.01293007,0.0020389460189467216,7.0372774807405641e-08,5.118185858950802e-05,7.5278650828326678e-11,0.0048444906590748918,1.1348766309780777e-06,8.4984011763542629e-06,3.6567069197450944e-12
1559,0.00059356884500586643,1.8090502537551043e-08,0.012937033000000001,0.0020389460189467216,7.0372774807405641e-08,0.0002024824384512204,1.2476170158873263e-09,9.3070088697094474e-07,4.0015195531920299e-15,0.00013191622173854499,9.2866087487863828e-10
1560,0.00056907845579060143,1.7841281636471744e-08,0.01292987,0.0020389460189467216,7.0372774807405641e-08,0.0002024824384512204,1.2476170158873263e-09,3.5959278288190782e-06,6.6730504443978359e-14,3.1289437935637845e-05,5.8289411536559831e-11
1561,0.0050564573559615435,4.4592290554090911e-06,0.012872559,0.0020389460189467216,7.0372774807405641e-08,0.0002024824384512204,1.2476170158873263e-09,0.017980152884928567,1.825026263439753e-05,4.2480815196427367e-06,9.0220702679766719e-13
1562,0.00061564487761519855,1.8644422956867498e-08,0.012900142,0.0020389460189467216,7.0372774807405641e-08,0.00042360838196540306,4.958830087016193e-09,0,0,2.5109548640956888e-08,3.7020830486700943e-17
1563,0.00061638926445926239,1.8644426922827892e-08,0.012881016,0.0020389460189467216,7.0372774807405641e-08,0.00042360838196540306,4.958830087016193e-09,3.0026569248976691e-06,1.6340168279266537e-14,0,0
1564,0.00061653758218524187,1.8644439185876175e-08,0.012921123,0.0020389460189467216,7.0372774807405641e-08,0.00042360838196540306,4.958830087016193e-09,3.5959278288190782e-06,6.6730504443978359e-14,0,0
1565,0.00069238136829539716,1.9721313220100137e-08,0.012870744999999999,0.0020389460189467216,7.0372774807405641e-08,0.00042360838196540306,4.958830087016193e-09,3.1696332450882019e-05,1.7134390648275296e-11,0.00027527473981856643,3.7461066010287721e-09
1566,0.0012086834942848011,5.3150086061562696e-08,0.012919379999999999,0.0020389460189467216,7.0372774807405641e-08,0.00042360838196540306,4.958830087016193e-09,0.0013676899787404967,7.1283141000387424e-08,0.0010044895974866074,5.991881908875963e-08
1567,0.048077893472478879,0.00030112609972599648,0.012955339999999999,0.0020389460189467216,7.0372774807405641e-08,0.00042360838196540306,4.958830087016193e-09,0.035234152546241279,7.2765419883759325e-05,0.15461486694276227,0.00098967402532771959
1568,0.03618612654284873,0.00028006190793221933,0.012857169,0.0020389460189467216,7.0372774807405641e-08,0.00042360838196540306,4.958830087016193e-09,0.14228101620441289,0.0011507313567779948,9.3556606998057864e-07,5.5017233883187946e-14
1569,0.00088102443482909114,2.6196509269270919e-08,0.012916284,0.0020389460189467216,7.0372774807405641e-08,0.00093960350073700059,1.9757091519064694e-08,6.8499463990509688e-07,9.6425054834388508e-16,0.0005448632249927674,1.495684015466391e-08
1570,0.00078352113712515891,2.1930192195297326e-08,0.012830697,0.0020389460189467216,7.0372774807405641e-08,0.00093960350073700059,1.9757091519064694e-08,0.00015547868126687659,6.8479859958329124e-11,5.6347550033575723e-08,1.8557385880728104e-16
1571,0.071880104527772284,0.0011405504547346273,0.012894691999999999,0.0020389460189467216,7.0372774807405641e-08,0.00093960350073700059,1.9757091519064694e-08,0.28454093302533323,0.0046865685654330158,9.3556606998057864e-07,5.5017233883187946e-14
1572,0.00092340106594115544,3.4700487173822397e-08,0.012942785,0.0020389460189467216,7.0372774807405641e-08,0.0016536711963809558,7.7639855504669115e-08,9.3070088697094474e-07,4.0015195531920299e-15,5.6347550033575723e-08,1.8557385880728104e-16
1573,0.00092550288413109725,3.4700746817401451e-08,0.012891295000000001,0.0020389460189467216,7.0372774807405641e-08,0.0016536711963809558,7.7639855504669115e-08,9.3862690716268412e-06,1.0711203395856254e-12,8.0521251023118028e-09,5.2233865048072528e-18
1574,0.0020954770919530421,3.1085001437526398e-07,0.012889392,0.0020389460189467216,7.0372774807405641e-08,0.0016536711963809558,7.7639855504669115e-08,1.4923999791672543e-05,4.275948562067562e-12,0.004674367152692818,9.6435347361865966e-07
1575,0.00096202397414863491,3.4717151481790254e-08,0.012960960000000001,0.0020389460189467216,7.0372774807405641e-08,0.0016536711963809558,7.7639855504669115e-08,0.00015547868126687659,6.8479859958329124e-11,0,0
1576,0.0010630681665186313,3.6039449150156525e-08,0.012876436999999999,0.0020389460189467216,7.0372774807405641e-08,0.0016536711963809558,7.7639855504669115e-08,0.00028438071092829132,1.0940226677592041e-09,0.00027527473981856643,3.7461066010287721e-09
1577,0.0022030956535552698,3.1195804635637943e-07,0.012914681000000001,0.0020389460189467216,7.0372774807405641e-08,0.0016536711963809558,7.7639855504669115e-08,0.0048444906590748918,1.1348766309780777e-06,0.00027527473981856643,3.7461066010287721e-09
1578,0.036857306302565687,0.00028012933650138378,0.012920231000000001,0.0020389460189467216,7.0372774807405641e-08,0.0031050149053830512,3.1018682127148085e-07,0.14228101620441289,0.0011507313567779948,4.2480815196427367e-06,9.0220702679766719e-13
1579,0.0020072808553973638,2.8945044888838359e-07,0.012859313000000001,0.0020389460189467216,7.0372774807405641e-08,0.0059878447916266436,1.2308169179467562e-06,1.7057040310223498e-07,2.1835577115764133e-16,2.1620406129402982e-06,2.266527741266158e-13
1580,0.0021333051841743969,2.9051495614059546e-07,0.012891395999999999,0.0020389460189467216,7.0372774807405641e-08,0.0059878447916266436,1.2308169179467562e-06,0.00050595073709442328,4.3744386336726988e-09,4.7918902984102718e-07,1.3811772537286094e-14
1581,0.0065017359238755037,4.7308546071198637e-06,0.012890143,0.0020389460189467216,7.0372774807405641e-08,0.0059878447916266436,1.2308169179467562e-06,0.017980152884928567,1.825026263439753e-05,0,0
1582,0.037581116239696906,0.00028033271803858258,0.012919129,0.0020389460189467216,7.0372774807405641e-08,0.0059878447916266436,1.2308169179467562e-06,0.14228101620441289,0.0011507313567779948,1.6657943801225666e-05,1.4531320971435777e-11
1583,0.003411321064062786,1.1038096301631971e-06,0.012939719000000001,0.0020389460189467216,7.0372774807405641e-08,0.011591296700704166,4.9171744444568016e-06,1.4923999791672543e-05,4.275948562067562e-12,1.1753680853951075e-07,8.1378935850548041e-16
1584,0.0060094028894068533,4.4107004897856997e-06,0.012856858000000001,0.0020389460189467216,7.0372774807405641e-08,0.021998665538680674,1.9886491098706625e-05,0,0,0,0
1585,0.0060137386240171455,4.4107046511514283e-06,0.012942194000000001,0.0020389460189467216,7.0372774807405641e-08,0.021998665538680674,1.9886491098706625e-05,6.8499463990509688e-07,9.6425054834388508e-16,1.6657943801225666e-05,1.4531320971435777e-11
1586,0.023759300687235696,7.4286969238649341e-05,0.012903738999999999,0.0020389460189467216,7.0372774807405641e-08,0.021998665538680674,1.9886491098706625e-05,0.070998655625245252,0.00028712996885817864,9.3556606998057864e-07,5.5017233883187946e-14
1587,0.012948187458138445,1.8031807067021263e-05,0.012897667,0.0020389460189467216,7.0372774807405641e-08,0.044908377588462341,8.0294984932708011e-05,0.0048444906590748918,1.1348766309780777e-06,9.3556606998057864e-07,5.5017233883187946e-14
1588,0.020578348093847228,3.546416169382437e-05,0.012968986,0.0020389460189467216,7.0372774807405641e-08,0.044908377588462341,8.0294984932708011e-05,0.035234152546241279,7.2765419883759325e-05,0.00013191622173854499,9.2866087487863828e-10
1589,0.12152578089387629,0.0014416833451519576,0.01289859,0.0020389460189467216,7.0372774807405641e-08,0.044908377588462341,8.0294984932708011e-05,0.28454093302533323,0.0046865685654330158,0.15461486694276227,0.00098967402532771959
1590,0.093405874156847563,0.0012104473235955988,0.012998523,0.0020389460189467216,7.0372774807405641e-08,0.087042682017042267,0.00031642210546467976,0.28454093302533323,0.0046865685654330158,9.3556606998057864e-07,5.5017233883187946e-14
1591,0.043393528265507818,0.00028322225252688517,0.012953225000000001,0.0020389460189467216,7.0372774807405641e-08,0.17146866400531868,0.0012819832070484491,1.0177739364849487e-08,6.1819868881659968e-18,6.6492860027127882e-05,2.3369350210529902e-10
1592,0.0010638390317926601,6.920756506143398e-08,0.012875474,0.0042553561271706404,2.7752801772201949e-07,0,0,0,0,0,0
1593,0.0010659636320867476,6.920861218172048e-08,0.012907306,0.0042553561271706404,2.7752801772201949e-07,0,0,0,0,8.4984011763542629e-06,3.6567069197450944e-12
1594,0.0010968180872272955,6.9473492756136493e-08,0.012967382,0.0042553561271706404,2.7752801772201949e-07,0,0,0,0,0.00013191622173854499,9.2866087487863828e-10
1595,0.0010659944701213598,6.9208612192299101e-08,0.012853761999999999,0.0042553561271706404,2.7752801772201949e-07,0,0,1.2335213843932404e-07,4.3468830174521832e-17,8.4984011763542629e-06,3.6567069197450944e-12
1596,0.03971778844270505,0.00028346838931444162,0.012915322,0.0042553561271706404,2.7752801772201949e-07,0,0,9.3070088697094474e-07,4.0015195531920299e-15,0.15461486694276227,0.00098967402532771959
1597,0.0010647380137498645,6.920758130104379e-08,0.012962362999999999,0.0042553561271706404,2.7752801772201949e-07,0,0,3.5959278288190782e-06,6.6730504443978359e-14,0,0
1598,0.0011363887166952222,7.0281326090493067e-08,0.012934078,0.0042553561271706404,2.7752801772201949e-07,0,0,1.4923999791672543e-05,4.275948562067562e-12,0.00027527473981856643,3.7461066010287721e-09
1599,0.0017323552401445348,1.3923999583983463e-07,0.012923468,0.0042553561271706404,2.7752801772201949e-07,0,0,0.0025421486116689808,2.8667892863997632e-07,0.00013191622173854499,9.2866087487863828e-10
1600,0.0010716950731895069,6.9224256601362106e-08,0.012899290000000001,0.0042553561271706404,2.7752801772201949e-07,1.1375513279201216e-08,6.8890466804365844e-18,1.2335213843932404e-07,4.3468830174521832e-17,3.1289437935637845e-05,5.8289411536559831e-11
1601,0.0011715302309423413,7.0296950827336997e-08,0.012886866,0.0042553561271706404,2.7752801772201949e-07,1.1375513279201216e-08,6.8890466804365844e-18,0.00015547868126687659,6.8479859958329124e-11,0.00027527473981856643,3.7461066010287721e-09
1602,0.0010649528743330561,6.9207823477578735e-08,0.012884702,0.0042553561271706404,2.7752801772201949e-07,3.6718238814524115e-08,4.7671550682516093e-17,1.7057040310223498e-07,2.1835577115764133e-16,4.2480815196427367e-06,9.0220702679766719e-13
1603,0.020381058939683491,7.0164665480785307e-05,0.012941242,0.0042553561271706404,2.7752801772201949e-07,3.6718238814524115e-08,4.7671550682516093e-17,0.00086283358746406353,1.7998570474129329e-08,0.076406009325860683,0.00024476894619767731
1604,0.036635164282835697,0.00028011247131692917,0.012992161,0.0042553561271706404,2.7752801772201949e-07,3.6718238814524115e-08,4.7671550682516093e-17,0.14228101620441289,0.0011507313567779948,4.2480815196427367e-06,9.0220702679766719e-13
1605,0.0010639323761519532,6.9207565400299979e-08,0.012914490000000001,0.0042553561271706404,2.7752801772201949e-07,8.5270225523800494e-08,2.3852627615639069e-16,1.7057040310223498e-07,2.1835577115764133e-16,1.1753680853951075e-07,8.1378935850548041e-16
1606,0.0010658213516861598,6.9207839706211223e-08,0.012888548999999999,0.0042553561271706404,2.7752801772201949e-07,8.5270225523800494e-08,2.3852627615639069e-16,3.5959278288190782e-06,6.6730504443978359e-14,4.2480815196427367e-06,9.0220702679766719e-13
1607,0.0010638891155661876,6.9207565294973404e-08,0.012894651,0.0042553561271706404,2.7752801772201949e-07,1.922829690185178e-07,1.0503927487885637e-15,0,0,8.0521251023118028e-09,5.2233865048072528e-18
1608,0.010474237422232047,1.7732899484143838e-05,0.012875454,0.0042553561271706404,2.7752801772201949e-07,1.922829690185178e-07,1.0503927487885637e-15,0,0,0.03764140127878858,6.1684359762903619e-05
1609,0.0010639179405695295,6.9207565304056271e-08,0.012867249000000001,0.0042553561271706404,2.7752801772201949e-07,1.922829690185178e-07,1.0503927487885637e-15,1.2335213843932404e-07,4.3468830174521832e-17,0,0
1610,0.0014387886526546765,8.6821037504312864e-08,0.012882337000000001,0.0042553561271706404,2.7752801772201949e-07,1.922829690185178e-07,1.0503927487885637e-15,0.0013676899787404967,7.1283141000387424e-08,0.00013191622173854499,9.2866087487863828e-10
1611,0.0022325314479306095,3.4535605365871343e-07,0.012876245999999999,0.0042553561271706404,2.7752801772201949e-07,3.9233411970282536e-07,4.3772274154343397e-15,1.0177739364849487e-08,6.1819868881659968e-18,0.004674367152692818,9.6435347361865966e-07
1612,0.0022334278854529779,3.4535606989681879e-07,0.012925531000000001,0.0042553561271706404,2.7752801772201949e-07,3.9233411970282536e-07,4.3772274154343397e-15,3.5959278288190782e-06,6.6730504443978359e-14,0.004674367152692818,9.6435347361865966e-07
1613,0.001067674392657667,6.9208606638614556e-08,0.012860596,0.0042553561271706404,2.7752801772201949e-07,3.9233411970282536e-07,4.3772274154343397e-15,1.4923999791672543e-05,4.275948562067562e-12,2.5109548640956888e-08,3.7020830486700943e-17
1614,0.0012796455121886054,7.3587718167402304e-08,0.012851909,0.0042553561271706404,2.7752801772201949e-07,3.9233411970282536e-07,4.3772274154343397e-15,0.00086283358746406353,1.7998570474129329e-08,0,0
1615,0.0014224828250144911,8.6622030101472333e-08,0.012865824999999999,0.0042553561271706404,2.7752801772201949e-07,3.9233411970282536e-07,4.3772274154343397e-15,0.0013676899787404967,7.1283141000387424e-08,6.6492860027127882e-05,2.3369350210529902e-10
1616,0.01011622683365361,8.9218892055298833e-06,0.012870324000000001,0.0042553561271706404,2.7752801772201949e-07,3.9233411970282536e-07,4.3772274154343397e-15,0.017980152884928567,1.825026263439753e-05,0.018229005988395285,1.5404866910722966e-05
1617,0.036634310963683109,0.00028011247106350093,0.01286786,0.0042553561271706404,2.7752801772201949e-07,3.9233411970282536e-07,4.3772274154343397e-15,0.14228101620441289,0.0011507313567779948,4.7918902984102718e-07,1.3811772537286094e-14
1618,0.0016195438301771174,1.3824346531874718e-07,0.012911974999999999,0.0042553561271706404,2.7752801772201949e-07,8.1400577502298111e-07,1.7942025344819159e-14,3.5959278288190782e-06,6.6730504443978359e-14,0.0022184092599339413,2.4108403166049585e-07
1619,0.0010667302801202769,6.9207904226905968e-08,0.013147713,0.0042553561271706404,2.7752801772201949e-07,1.6370745535315476e-06,7.2472245124145652e-14,5.6798372372729349e-06,2.6628353116564885e-13,4.2480815196427367e-06,9.0220702679766719e-13
1620,0.0010666515140759036,6.9207842710178644e-08,0.013102836,0.0042553561271706404,2.7752801772201949e-07,1.6370745535315476e-06,7.2472245124145652e-14,9.3862690716268412e-06,1.0711203395856254e-12,2.2658550777503332e-07,3.3865724704100287e-15
1621,0.0014061770725033284,8.6555125598109075e-08,0.012889782000000001,0.0042553561271706404,2.7752801772201949e-07,1.6370745535315476e-06,7.2472245124145652e-14,0.0013676899787404967,7.1283141000387424e-08,2.5109548640956888e-08,3.7020830486700943e-17
1622,0.0010646572424814775,6.9207631353040624e-08,0.012962372999999999,0.0042553561271706404,2.7752801772201949e-07,3.0462572474722488e-06,2.9569255723453914e-13,0,0,2.2658550777503332e-07,3.3865724704100287e-15
1623,0.0010724255000232885,6.9224321912607086e-08,0.012925933000000001,0.0042553561271706404,2.7752801772201949e-07,3.0462572474722488e-06,2.9569255723453914e-13,1.0177739364849487e-08,6.1819868881659968e-18,3.1289437935637845e-05,5.8289411536559831e-11
1624,0.0010646573255928176,6.9207630489554499e-08,0.01290444,0.0042553561271706404,2.7752801772201949e-07,3.0462572474722488e-06,2.9569255723453914e-13,1.7057040310223498e-07,2.1835577115764133e-16,5.6347550033575723e-08,1.8557385880728104e-16
1625,0.0010724960820027581,6.921283211509416e-08,0.012913457999999999,0.0042553561271706404,2.7752801772201949e-07,3.0462572474722488e-06,2.9569255723453914e-13,1.4923999791672543e-05,4.275948562067562e-12,1.6657943801225666e-05,1.4531320971435777e-11
1626,0.0010725540634193803,6.9211800460683446e-08,0.012866957,0.0042553561271706404,2.7752801772201949e-07,3.0462572474722488e-06,2.9569255723453914e-13,3.1696332450882019e-05,1.7134390648275296e-11,1.1753680853951075e-07,8.1378935850548041e-16
1627,0.0025751148789628507,3.6270366252820348e-07,0.012928136999999999,0.0042553561271706404,2.7752801772201949e-07,3.0462572474722488e-06,2.9569255723453914e-13,0.0013676899787404967,7.1283141000387424e-08,0.004674367152692818,9.6435347361865966e-07
1628,0.0055926178727713199,4.5108777812655203e-06,0.012893297999999999,0.0042553561271706404,2.7752801772201949e-07,3.0462572474722488e-06,2.9569255723453914e-13,0.017980152884928567,1.825026263439753e-05,0.00013191622173854499,9.2866087487863828e-10
1629,0.036634854647207643,0.00028011247112389614,0.012876166,0.0042553561271706404,2.7752801772201949e-07,3.0462572474722488e-06,2.9569255723453914e-13,0.14228101620441289,0.0011507313567779948,0,0
1630,0.0010654818384587164,6.9207828745375658e-08,0.012913077,0.0042553561271706404,2.7752801772201949e-07,5.6596465165322227e-06,1.1881667417065484e-12,6.8499463990509688e-07,9.6425054834388508e-16,2.2658550777503332e-07,3.3865724704100287e-15
1631,0.0098740259714995993,1.7777481397926936e-05,0.012933356999999999,0.0042553561271706404,2.7752801772201949e-07,5.6596465165322227e-06,1.1881667417065484e-12,0.035234152546241279,7.2765419883759325e-05,9.3556606998057864e-07,5.5017233883187946e-14
1632,0.0011360116014565956,7.0281341297930127e-08,0.012989756,0.0042553561271706404,2.7752801772201949e-07,1.3292186698712521e-05,4.7792767311777559e-12,1.2335213843932404e-07,4.3468830174521832e-17,0.00027527473981856643,3.7461066010287721e-09
1633,0.0010852052527834393,6.9275605217875576e-08,0.012964698,0.0042553561271706404,2.7752801772201949e-07,1.3292186698712521e-05,4.7792767311777559e-12,5.6798372372729349e-06,2.6628353116564885e-13,6.6492860027127882e-05,2.3369350210529902e-10
1634,0.0034573602028950641,1.1802044531185466e-06,0.012936603,0.0042553561271706404,2.7752801772201949e-07,2.5638493882144404e-05,1.8912646304862198e-11,0.00050595073709442328,4.3744386336726988e-09,0.0090424954534331133,3.8760417201217597e-06
1635,0.0011242383448716569,6.929121843583554e-08,0.012910262,0.0042553561271706404,2.7752801772201949e-07,5.118185858950802e-05,7.5278650828326678e-11,0.00018993620469662744,2.7539120948023132e-10,4.7918902984102718e-07,1.3811772537286094e-14
1636,0.0012928834034592938,7.3604412011952853e-08,0.013118126000000001,0.0042553561271706404,2.7752801772201949e-07,5.118185858950802e-05,7.5278650828326678e-11,0.00086283358746406353,1.7998570474129329e-08,2.1620406129402982e-06,2.266527741266158e-13
1637,0.0010921207465325693,6.9275298216095336e-08,0.012881736,0.0042553561271706404,2.7752801772201949e-07,0.00011006785448470327,3.065896160972491e-10,3.0026569248976691e-06,1.6340168279266537e-14,5.6347550033575723e-08,1.8557385880728104e-16
1638,0.0012180775712049333,7.0339878194581084e-08,0.012998103,0.0042553561271706404,2.7752801772201949e-07,0.00011006785448470327,3.065896160972491e-10,0.00050595073709442328,4.3744386336726988e-09,9.3556606998057864e-07,5.5017233883187946e-14
1639,0.0017957118332857193,1.4011451769955059e-07,0.012928146999999999,0.0042553561271706404,2.7752801772201949e-07,0.00011006785448470327,3.065896160972491e-10,0.0025421486116689808,2.8667892863997632e-07,0.00027527473981856643,3.7461066010287721e-09
1640,0.0024095391138522588,3.4669623369897513e-07,0.012923508,0.0042553561271706404,2.7752801772201949e-07,0.0002024824384512204,1.2476170158873263e-09,0.00050595073709442328,4.3744386336726988e-09,0.004674367152692818,9.6435347361865966e-07
1641,0.0056424769180722688,4.5111533286987558e-06,0.013121773,0.0042553561271706404,2.7752801772201949e-07,0.0002024824384512204,1.2476170158873263e-09,0.017980152884928567,1.825026263439753e-05,0.00013191622173854499,9.2866087487863828e-10
1642,0.0034303649906422713,1.1802311686790249e-06,0.013090953000000001,0.0042553561271706404,2.7752801772201949e-07,0.00042360838196540306,4.958830087016193e-09,0,0,0.0090424954534331133,3.8760417201217597e-06
1643,0.0014210347753156331,8.7461145727568494e-08,0.012883921,0.0042553561271706404,2.7752801772201949e-07,0.00042360838196540306,4.958830087016193e-09,6.8499463990509688e-07,9.6425054834388508e-16,0.0010044895974866074,5.991881908875963e-08
1644,0.0011713949781108225,7.0303107451320061e-08,0.012921864999999999,0.0042553561271706404,2.7752801772201949e-07,0.00042360838196540306,4.958830087016193e-09,5.6798372372729349e-06,2.6628353116564885e-13,9.3556606998057864e-07,5.5017233883187946e-14
1645,0.0012041401420279684,7.0569019391502735e-08,0.012855656,0.0042553561271706404,2.7752801772201949e-07,0.00042360838196540306,4.958830087016193e-09,5.6798372372729349e-06,2.6628353116564885e-13,0.00013191622173854499,9.2866087487863828e-10
1646,0.0011755967275260187,7.0305114613630514e-08,0.012896957000000001,0.0042553561271706404,2.7752801772201949e-07,0.00042360838196540306,4.958830087016193e-09,1.4923999791672543e-05,4.275948562067562e-12,8.4984011763542629e-06,3.6567069197450944e-12
1647,0.0023808778789402396,3.4648786672693656e-07,0.012953846,0.0042553561271706404,2.7752801772201949e-07,0.00042360838196540306,4.958830087016193e-09,0.0048444906590748918,1.1348766309780777e-06,5.6347550033575723e-08,1.8557385880728104e-16
1648,0.072305208275134925,0.0011405988442347139,0.012870345,0.0042553561271706404,2.7752801772201949e-07,0.00042360838196540306,4.958830087016193e-09,0.28454093302533323,0.0046865685654330158,9.3556606998057864e-07,5.5017233883187946e-14
1649,0.0012987399069769093,7.3572130754712219e-08,0.012915362,0.0042553561271706404,2.7752801772201949e-07,0.00093960350073700059,1.9757091519064694e-08,0,0,0,0
1650,0.0012989745952299184,7.3572131730022219e-08,0.01293472,0.0042553561271706404,2.7752801772201949e-07,0.00093960350073700059,1.9757091519064694e-08,9.3070088697094474e-07,4.0015195531920299e-15,8.0521251023118028e-09,5.2233865048072528e-18
1651,0.0013024709069248289,7.357317135431247e-08,0.01291432,0.0042553561271706404,2.7752801772201949e-07,0.00093960350073700059,1.9757091519064694e-08,1.4923999791672543e-05,4.275948562067562e-12,0,0
1652,0.072434002547512644,0.0011406021133229421,0.012883739999999999,0.0042553561271706404,2.7752801772201949e-07,0.00093960350073700059,1.9757091519064694e-08,0.28454093302533323,0.0046865685654330158,1.1753680853951075e-07,8.1378935850548041e-16
1653,0.0014772568308878973,8.6359090094345357e-08,0.012946542,0.0042553561271706404,2.7752801772201949e-07,0.0016536711963809558,7.7639855504669115e-08,0,0,0,0
1654,0.0017291298944907797,1.0351721267007053e-07,0.012896575,0.0042553561271706404,2.7752801772201949e-07,0.0016536711963809558,7.7639855504669115e-08,3.0026569248976691e-06,1.6340168279266537e-14,0.0010044895974866074,5.991881908875963e-08
1655,0.0014828412761475206,8.6363316029620741e-08,0.012868040000000001,0.0042553561271706404,2.7752801772201949e-07,0.0016536711963809558,7.7639855504669115e-08,5.6798372372729349e-06,2.6628353116564885e-13,1.6657943801225666e-05,1.4531320971435777e-11
1656,0.0059723244363222372,4.5277633135149074e-06,0.012955159000000001,0.0042553561271706404,2.7752801772201949e-07,0.0016536711963809558,7.7639855504669115e-08,0.017980152884928567,1.825026263439753e-05,1.1753680853951075e-07,8.1378935850548041e-16
1657,0.010285824351650348,1.7794632644958843e-05,0.012977582999999999,0.0042553561271706404,2.7752801772201949e-07,0.0016536711963809558,7.7639855504669115e-08,0.035234152546241279,7.2765419883759325e-05,1.1753680853951075e-07,8.1378935850548041e-16
1658,0.0018831269144054406,1.3775217992739656e-07,0.012873792,0.0042553561271706404,2.7752801772201949e-07,0.0031050149053830512,3.1018682127148085e-07,0.00015547868126687659,6.8479859958329124e-11,1.6657943801225666e-05,1.4531320971435777e-11
1659,0.0024335647434386093,2.0678389884928402e-07,0.012833182,0.0042553561271706404,2.7752801772201949e-07,0.0031050149053830512,3.1018682127148085e-07,0.00015547868126687659,6.8479859958329124e-11,0.0022184092599339413,2.4108403166049585e-07
1660,0.011971901213627706,1.800480091070435e-05,0.012885354,0.0042553561271706404,2.7752801772201949e-07,0.0059878447916266436,1.2308169179467562e-06,3.0026569248976691e-06,1.6340168279266537e-14,0.03764140127878858,6.1684359762903619e-05
1661,0.0027765086265653387,3.4548914001830921e-07,0.012939539,0.0042553561271706404,2.7752801772201949e-07,0.0059878447916266436,1.2308169179467562e-06,0.00086283358746406353,1.7998570474129329e-08,0,0
1662,0.04143022536225599,0.00028374467088842923,0.012925031,0.0042553561271706404,2.7752801772201949e-07,0.0059878447916266436,1.2308169179467562e-06,0.00086283358746406353,1.7998570474129329e-08,0.15461486694276227,0.00098967402532771959
1663,0.0051302549951419574,1.4316156809068365e-06,0.012907346,0.0042553561271706404,2.7752801772201949e-07,0.011591296700704166,4.9171744444568016e-06,0,0,0.004674367152692818,9.6435347361865966e-07
1664,0.004597320157143427,1.225233700316824e-06,0.012928477000000001,0.0042553561271706404,2.7752801772201949e-07,0.011591296700704166,4.9171744444568016e-06,0.0025421486116689808,2.8667892863997632e-07,4.7918902984102718e-07,1.3811772537286094e-14
1665,0.013013952925299643,1.0008148832779307e-05,0.01298639,0.0042553561271706404,2.7752801772201949e-07,0.011591296700704166,4.9171744444568016e-06,0.017980152884928567,1.825026263439753e-05,0.018229005988395285,1.5404866910722966e-05
1666,0.075096910550189508,0.0011416840083853432,0.012907837,0.0042553561271706404,2.7752801772201949e-07,0.011591296700704166,4.9171744444568016e-06,0.28454093302533323,0.0046865685654330158,5.6347550033575723e-08,1.8557385880728104e-16
1667,0.0065635425318845992,4.4623590937531575e-06,0.012900363,0.0042553561271706404,2.7752801772201949e-07,0.021998665538680674,1.9886491098706625e-05,1.2335213843932404e-07,4.3468830174521832e-17,2.5109548640956888e-08,3.7020830486700943e-17
1668,0.0065716633910930609,4.4623632793308724e-06,0.012937064,0.0042553561271706404,2.7752801772201949e-07,0.021998665538680674,1.9886491098706625e-05,3.1696332450882019e-05,1.7134390648275296e-11,9.3556606998057864e-07,5.5017233883187946e-14
1669,0.016100343420433514,2.2127115580836179e-05,0.012940711000000001,0.0042553561271706404,2.7752801772201949e-07,0.021998665538680674,1.9886491098706625e-05,0.00050595073709442328,4.3744386336726988e-09,0.03764140127878858,6.1684359762903619e-05
1670,0.0071990488467672618,4.5321255968262225e-06,0.012894902,0.0042553561271706404,2.7752801772201949e-07,0.021998665538680674,1.9886491098706625e-05,0.0025421486116689808,2.8667892863997632e-07,2.5109548640956888e-08,3.7020830486700943e-17
1671,0.012299091403538515,1.7807285001033089e-05,0.0129295,0.0042553561271706404,2.7752801772201949e-07,0.044908377588462341,8.0294984932708011e-05,3.1696332450882019e-05,1.7134390648275296e-11,9.3556606998057864e-07,5.5017233883187946e-14
1672,0.012474633286330689,1.7811630817172758e-05,0.012970249,0.0042553561271706404,2.7752801772201949e-07,0.044908377588462341,8.0294984932708011e-05,0.00018993620469662744,2.7539120948023132e-10,0.0005448632249927674,1.495684015466391e-08
1673,0.016786028296517323,2.2248685039593601e-05,0.012915672,0.0042553561271706404,2.7752801772201949e-07,0.044908377588462341,8.0294984932708011e-05,0.017980152884928567,1.825026263439753e-05,2.2658550777503332e-07,3.3865724704100287e-15
1674,0.022824554460975314,6.9970440991780523e-05,0.012958435000000001,0.0042553561271706404,2.7752801772201949e-07,0.087042682017042267,0.00031642210546467976,1.2335213843932404e-07,4.3468830174521832e-17,5.6347550033575723e-08,1.8557385880728104e-16
1675,0.023166446117625698,6.9987788536290374e-05,0.012845877,0.0042553561271706404,2.7752801772201949e-07,0.087042682017042267,0.00031642210546467976,0.0013676899787404967,7.1283141000387424e-08,5.6347550033575723e-08,1.8557385880728104e-16
1676,0.043931061679499284,0.00028327384421224526,0.013008843000000001,0.0042553561271706404,2.7752801772201949e-07,0.17146866400531868,0.0012819832070484491,0,0,2.2658550777503332e-07,3.3865724704100287e-15
1677,0.043938870035207023,0.00028327386090283417,0.012848773000000001,0.0042553561271706404,2.7752801772201949e-07,0.17146866400531868,0.0012819832070484491,1.7057040310223498e-07,2.1835577115764133e-16,3.1289437935637845e-05,5.8289411536559831e-11
1678,0.082588452768760645,0.00056667302700029692,0.013017519999999999,0.0042553561271706404,2.7752801772201949e-07,0.17146866400531868,0.0012819832070484491,1.4923999791672543e-05,4.275948562067562e-12,0.15461486694276227,0.00098967402532771959
1679,0.044533091399280043,0.00028334294711084544,0.012917486000000001,0.0042553561271706404,2.7752801772201949e-07,0.17146866400531868,0.0012819832070484491,0.00018993620469662744,2.7539120948023132e-10,0.0022184092599339413,2.4108403166049585e-07
1680,0.04514215708209314,0.00028355002905128713,0.012953114999999999,0.0042553561271706404,2.7752801772201949e-07,0.17146866400531868,0.0012819832070484491,0.0048444906590748918,1.1348766309780777e-06,1.1753680853951075e-07,8.1378935850548041e-16
1681,0.002317646338954705,2.7551383140443498e-07,0.013062247000000001,0.0092705853558188202,1.1048330831578487e-06,0,0,0,0,0,0
1682,0.002386465023909351,2.7658655183389382e-07,0.012974355999999999,0.0092705853558188202,1.1048330831578487e-06,0,0,0,0,0.00027527473981856643,3.7461066010287721e-09
1683,0.0034862381271279319,5.5166231903323074e-07,0.012906615,0.0092705853558188202,1.1048330831578487e-06,0,0,0,0,0.004674367152692818,9.6435347361865966e-07
1684,0.0068748978360535107,4.6867912477188581e-06,0.012859423,0.0092705853558188202,1.1048330831578487e-06,0,0,0,0,0.018229005988395285,1.5404866910722966e-05
1685,0.040971363074645266,0.00028367469557980684,0.012885504000000001,0.0092705853558188202,1.1048330831578487e-06,0,0,0,0,0.15461486694276227,0.00098967402532771959
1686,0.0023565160092714329,2.7553049673935725e-07,0.012853211,0.0092705853558188202,1.1048330831578487e-06,0,0,0.00015547868126687659,6.8479859958329124e-11,0,0
1687,0.0029531834918719445,3.452803344881331e-07,0.012943898000000001,0.0092705853558188202,1.1048330831578487e-06,0,0,0.0025421486116689808,2.8667892863997632e-07,0,0
1688,0.0029533032891294001,3.4528033844321824e-07,0.01286297,0.0092705853558188202,1.1048330831578487e-06,0,0,0.0025421486116689808,2.8667892863997632e-07,4.7918902984102718e-07,1.3811772537286094e-14
1689,0.0035287690037234375,5.5169867118448758e-07,0.012841699,0.0092705853558188202,1.1048330831578487e-06,0,0,0.0048444906590748918,1.1348766309780777e-06,0,0
1690,0.0068126845601868642,4.716918054593107e-06,0.012899000000000001,0.0092705853558188202,1.1048330831578487e-06,0,0,0.017980152884928567,1.825026263439753e-05,0,0
1691,0.0068126908375740029,4.7169180546030766e-06,0.012938997000000001,0.0092705853558188202,1.1048330831578487e-06,0,0,0.017980152884928567,1.825026263439753e-05,2.5109548640956888e-08,3.7020830486700943e-17
1692,0.039056492178231143,0.00028059492581254691,0.012874060999999999,0.0092705853558188202,1.1048330831578487e-06,0,0,0.14228101620441289,0.0011507313567779948,0.004674367152692818,9.6435347361865966e-07
1693,0.07345500419558211,0.001140804056070579,0.012903889,0.0092705853558188202,1.1048330831578487e-06,0,0,0.28454093302533323,0.0046865685654330158,8.4984011763542629e-06,3.6567069197450944e-12
1694,0.0029531863357502705,3.4528033448965495e-07,0.012904881999999999,0.0092705853558188202,1.1048330831578487e-06,1.1375513279201216e-08,6.8890466804365844e-18,0.0025421486116689808,2.8667892863997632e-07,0,0
1695,0.039168815420609591,0.00014024286032809894,0.012982702,0.0092705853558188202,1.1048330831578487e-06,1.1375513279201216e-08,6.8890466804365844e-18,0.070998655625245252,0.00028712996885817864,0.076406009325860683,0.00024476894619767731
1696,0.0045783102199073011,1.3854419732108259e-06,0.012863329999999999,0.0092705853558188202,1.1048330831578487e-06,3.6718238814524115e-08,4.7671550682516093e-17,1.2335213843932404e-07,4.3468830174521832e-17,0.0090424954534331133,3.8760417201217597e-06
1697,0.0034876672659969474,5.516623838468184e-07,0.012900152,0.0092705853558188202,1.1048330831578487e-06,3.6718238814524115e-08,4.7671550682516093e-17,5.6798372372729349e-06,2.6628353116564885e-13,0.004674367152692818,9.6435347361865966e-07
1698,0.041018856305379263,0.0002836747625993233,0.012874693,0.0092705853558188202,1.1048330831578487e-06,3.6718238814524115e-08,4.7671550682516093e-17,0.00018993620469662744,2.7539120948023132e-10,0.15461486694276227,0.00098967402532771959
1699,0.0025339044255336656,2.7989404845735689e-07,0.012879813,0.0092705853558188202,1.1048330831578487e-06,3.6718238814524115e-08,4.7671550682516093e-17,0.00086283358746406353,1.7998570474129329e-08,2.1620406129402982e-06,2.266527741266158e-13
1700,0.0025411862748643513,2.7991067508178292e-07,0.012835466,0.0092705853558188202,1.1048330831578487e-06,3.6718238814524115e-08,4.7671550682516093e-17,0.00086283358746406353,1.7998570474129329e-08,3.1289437935637845e-05,5.8289411536559831e-11
1701,0.0080860296803819433,4.9629760875079944e-06,0.012915583,0.0092705853558188202,1.1048330831578487e-06,3.6718238814524115e-08,4.7671550682516093e-17,0.0048444906590748918,1.1348766309780777e-06,0.018229005988395285,1.5404866910722966e-05
1702,0.0023565393398590831,2.7553049679354618e-07,0.013047459000000001,0.0092705853558188202,1.1048330831578487e-06,8.5270225523800494e-08,2.3852627615639069e-16,0.00015547868126687659,6.8479859958329124e-11,8.0521251023118028e-09,5.2233865048072528e-18
1703,0.0026637546371465187,2.9286553710547975e-07,0.012895152,0.0092705853558188202,1.1048330831578487e-06,8.5270225523800494e-08,2.3852627615639069e-16,0.0013676899787404967,7.1283141000387424e-08,1.6657943801225666e-05,1.4531320971435777e-11
1704,0.0023177510560738936,2.7551383260624428e-07,0.012876958000000001,0.0092705853558188202,1.1048330831578487e-06,1.922829690185178e-07,1.0503927487885637e-15,0,0,2.2658550777503332e-07,3.3865724704100287e-15
1705,0.0023187589745117094,2.7551408999045735e-07,0.012881276000000001,0.0092705853558188202,1.1048330831578487e-06,1.922829690185178e-07,1.0503927487885637e-15,1.0177739364849487e-08,6.1819868881659968e-18,4.2480815196427367e-06,9.0220702679766719e-13
1706,0.0025344648269429023,2.7989424212794203e-07,0.012855867,0.0092705853558188202,1.1048330831578487e-06,1.922829690185178e-07,1.0503927487885637e-15,0.00086283358746406353,1.7998570474129329e-08,4.2480815196427367e-06,9.0220702679766719e-13
1707,0.011142855761264062,1.798385430582484e-05,0.012947414000000001,0.0092705853558188202,1.1048330831578487e-06,1.922829690185178e-07,1.0503927487885637e-15,0.035234152546241279,7.2765419883759325e-05,6.6492860027127882e-05,2.3369350210529902e-10
1708,0.002318649681829002,2.7551384862162514e-07,0.012913358,0.0092705853558188202,1.1048330831578487e-06,3.9233411970282536e-07,4.3772274154343397e-15,3.5959278288190782e-06,6.6730504443978359e-14,2.5109548640956888e-08,3.7020830486700943e-17
1709,0.043282562724575785,0.00028478150664491261,0.012884562,0.0092705853558188202,1.1048330831578487e-06,3.9233411970282536e-07,4.3772274154343397e-15,0.009244406265603463,4.548019408270464e-06,0.15461486694276227,0.00098967402532771959
1710,0.037887998473587772,0.00028031877732588389,0.012916874,0.0092705853558188202,1.1048330831578487e-06,3.9233411970282536e-07,4.3772274154343397e-15,0.14228101620441289,0.0011507313567779948,0,0
1711,0.0023178639272859718,2.7551383542117215e-07,0.012926694000000001,0.0092705853558188202,1.1048330831578487e-06,8.1400577502298111e-07,1.7942025344819159e-14,0,0,5.6347550033575723e-08,1.8557385880728104e-16
1712,0.0068751038819320643,4.6867912516826834e-06,0.012894261000000001,0.0092705853558188202,1.1048330831578487e-06,8.1400577502298111e-07,1.7942025344819159e-14,1.0177739364849487e-08,6.1819868881659968e-18,0.018229005988395285,1.5404866910722966e-05
1713,0.0023202104945538771,2.755140960902099e-07,0.012887447999999999,0.0092705853558188202,1.1048330831578487e-06,8.1400577502298111e-07,1.7942025344819159e-14,9.3862690716268412e-06,1.0711203395856254e-12,5.6347550033575723e-08,1.8557385880728104e-16
1714,0.037956922576456463,0.00028031985004931534,0.012956552,0.0092705853558188202,1.1048330831578487e-06,8.1400577502298111e-07,1.7942025344819159e-14,0.14228101620441289,0.0011507313567779948,0.00027527473981856643,3.7461066010287721e-09
1715,0.011728638602511927,1.793920576723668e-05,0.012985607999999999,0.0092705853558188202,1.1048330831578487e-06,1.6370745535315476e-06,7.2472245124145652e-14,9.3070088697094474e-07,4.0015195531920299e-15,0.03764140127878858,6.1684359762903619e-05
1716,0.0023262135822232979,2.7551803301327097e-07,0.012942214,0.0092705853558188202,1.1048330831578487e-06,1.6370745535315476e-06,7.2472245124145652e-14,3.1696332450882019e-05,1.7134390648275296e-11,9.3556606998057864e-07,5.5017233883187946e-14
1717,0.0052142166238685946,1.4552084922833556e-06,0.013055023000000001,0.0092705853558188202,1.1048330831578487e-06,1.6370745535315476e-06,7.2472245124145652e-14,0.0025421486116689808,2.8667892863997632e-07,0.0090424954534331133,3.8760417201217597e-06
1718,0.0023573069577854325,2.7553056229423183e-07,0.012877909,0.0092705853558188202,1.1048330831578487e-06,3.0462572474722488e-06,2.9569255723453914e-13,0.00015547868126687659,6.8479859958329124e-11,1.1753680853951075e-07,8.1378935850548041e-16
1719,0.020072236295528123,7.0151786790966417e-05,0.012882528000000001,0.0092705853558188202,1.1048330831578487e-06,3.0462572474722488e-06,2.9569255723453914e-13,0.070998655625245252,0.00028712996885817864,1.6657943801225666e-05,1.4531320971435777e-11
1720,0.0034878242874170277,5.5166258174740678e-07,0.013190777000000001,0.0092705853558188202,1.1048330831578487e-06,5.6596465165322227e-06,1.1881667417065484e-12,6.8499463990509688e-07,9.6425054834388508e-16,0.004674367152692818,9.6435347361865966e-07
1721,0.002329230177335656,2.7553104608081532e-07,0.013003603000000001,0.0092705853558188202,1.1048330831578487e-06,5.6596465165322227e-06,1.1881667417065484e-12,9.3862690716268412e-06,1.0711203395856254e-12,3.1289437935637845e-05,5.8289411536559831e-11
1722,0.0023227942635630347,2.755151344850459e-07,0.012957534,0.0092705853558188202,1.1048330831578487e-06,5.6596465165322227e-06,1.1881667417065484e-12,1.4923999791672543e-05,4.275948562067562e-12,8.0521251023118028e-09,5.2233865048072528e-18
1723,0.0023210296078661164,2.7551488744450579e-07,0.012893679999999999,0.0092705853558188202,1.1048330831578487e-06,1.3292186698712521e-05,4.7792767311777559e-12,1.2335213843932404e-07,4.3468830174521832e-17,1.1753680853951075e-07,8.1378935850548041e-16
1724,0.0023222605600138357,2.7551495608085675e-07,0.012889361,0.0092705853558188202,1.1048330831578487e-06,1.3292186698712521e-05,4.7792767311777559e-12,3.0026569248976691e-06,1.6340168279266537e-14,2.1620406129402982e-06,2.266527741266158e-13
1725,0.0023247023986085746,2.755159278019896e-07,0.012985999,0.0092705853558188202,1.1048330831578487e-06,1.3292186698712521e-05,4.7792767311777559e-12,1.4923999791672543e-05,4.275948562067562e-12,8.0521251023118028e-09,5.2233865048072528e-18
1726,0.0024608832483160948,2.768538502041822e-07,0.013080041000000001,0.0092705853558188202,1.1048330831578487e-06,1.3292186698712521e-05,4.7792767311777559e-12,0.00028438071092829132,1.0940226677592041e-09,0.00027527473981856643,3.7461066010287721e-09
1727,0.022633594381863437,7.0642777490560396e-05,0.012894180999999999,0.0092705853558188202,1.1048330831578487e-06,1.3292186698712521e-05,4.7792767311777559e-12,0.0048444906590748918,1.1348766309780777e-06,0.076406009325860683,0.00024476894619767731
1728,0.011265723328437874,1.7988071424059705e-05,0.012861357,0.0092705853558188202,1.1048330831578487e-06,1.3292186698712521e-05,4.7792767311777559e-12,0.035234152546241279,7.2765419883759325e-05,0.0005448632249927674,1.495684015466391e-08
1729,0.07345620465499357,0.0011408040560792576,0.012934509,0.0092705853558188202,1.1048330831578487e-06,1.3292186698712521e-05,4.7792767311777559e-12,0.28454093302533323,0.0046865685654330158,8.0521251023118028e-09,5.2233865048072528e-18
1730,0.0068822064414812605,4.6867954419753564e-06,0.01292978,0.0092705853558188202,1.1048330831578487e-06,2.5638493882144404e-05,1.8912646304862198e-11,3.5959278288190782e-06,6.6730504443978359e-14,0.018229005988395285,1.5404866910722966e-05
1731,0.0041281849035157379,6.2143300013509271e-07,0.01289911,0.0092705853558188202,1.1048330831578487e-06,2.5638493882144404e-05,1.8912646304862198e-11,0.0025421486116689808,2.8667892863997632e-07,0.004674367152692818,9.6435347361865966e-07
1732,0.0028850441185855518,3.4456634136666953e-07,0.012963195,0.0092705853558188202,1.1048330831578487e-06,5.118185858950802e-05,7.5278650828326678e-11,0,0,0.0022184092599339413,2.4108403166049585e-07
1733,0.0023469759871870347,2.7558182285843039e-07,0.012888429999999999,0.0092705853558188202,1.1048330831578487e-06,0.00011006785448470327,3.065896160972491e-10,3.0026569248976691e-06,1.6340168279266537e-14,4.2480815196427367e-06,9.0220702679766719e-13
1734,0.0069103388827874137,4.6868631466869165e-06,0.012959808,0.0092705853558188202,1.1048330831578487e-06,0.00011006785448470327,3.065896160972491e-10,3.1696332450882019e-05,1.7134390648275296e-11,0.018229005988395285,1.5404866910722966e-05
1735,0.0029807571018700615,3.4534806458285832e-07,0.012889240999999999,0.0092705853558188202,1.1048330831578487e-06,0.00011006785448470327,3.065896160972491e-10,0.0025421486116689808,2.8667892863997632e-07,2.2658550777503332e-07,3.3865724704100287e-15
1736,0.0023761201460860354,2.7580613569791893e-07,0.012839804999999999,0.0092705853558188202,1.1048330831578487e-06,0.0002024824384512204,1.2476170158873263e-09,1.2335213843932404e-07,4.3468830174521832e-17,3.1289437935637845e-05,5.8289411536559831e-11
1737,0.0023700796331786633,2.7578970648854849e-07,0.012926702999999999,0.0092705853558188202,1.1048330831578487e-06,0.0002024824384512204,1.2476170158873263e-09,3.0026569248976691e-06,1.6340168279266537e-14,4.2480815196427367e-06,9.0220702679766719e-13
1738,0.0024947546328411129,2.7685401241318033e-07,0.012921514,0.0092705853558188202,1.1048330831578487e-06,0.0002024824384512204,1.2476170158873263e-09,0.00050595073709442328,4.3744386336726988e-09,0,0
1739,0.002527733688275751,2.7711994010788286e-07,0.012894301,0.0092705853558188202,1.1048330831578487e-06,0.0002024824384512204,1.2476170158873263e-09,0.00050595073709442328,4.3744386336726988e-09,0.00013191622173854499,9.2866087487863828e-10
1740,0.0024235484344460561,2.7660929323674472e-07,0.012912496000000001,0.0092705853558188202,1.1048330831578487e-06,0.00042360838196540306,4.958830087016193e-09,0,0,0,0
1741,0.021525050765911258,7.0367687056815601e-05,0.012901205000000001,0.0092705853558188202,1.1048330831578487e-06,0.00042360838196540306,4.958830087016193e-09,0,0,0.076406009325860683,0.00024476894619767731
1742,0.011835318713452518,1.7940301276888292e-05,0.012923528,0.0092705853558188202,1.1048330831578487e-06,0.00042360838196540306,4.958830087016193e-09,5.6798372372729349e-06,2.6628353116564885e-13,0.03764140127878858,6.1684359762903619e-05
1743,0.0025525791427759106,2.7987839733225121e-07,0.012959567999999999,0.0092705853558188202,1.1048330831578487e-06,0.00093960350073700059,1.9757091519064694e-08,1.0177739364849487e-08,6.1819868881659968e-18,1.1753680853951075e-07,8.1378935850548041e-16
1744,0.041841801102746538,0.00028374882664859231,0.012896766,0.0092705853558188202,1.1048330831578487e-06,0.00093960350073700059,1.9757091519064694e-08,0.0025421486116689808,2.8667892863997632e-07,0.15461486694276227,0.00098967402532771959
1745,0.0048636507935711192,1.3866894612297661e-06,0.012903479000000001,0.0092705853558188202,1.1048330831578487e-06,0.00093960350073700059,1.9757091519064694e-08,0.009244406265603463,4.548019408270464e-06,8.0521251023118028e-09,5.2233865048072528e-18
1746,0.0029821865374215759,3.0982347503650999e-07,0.012992010999999999,0.0092705853558188202,1.1048330831578487e-06,0.0016536711963809558,7.7639855504669115e-08,0,0,0.0010044895974866074,5.991881908875963e-08
1747,0.0029822291800223506,3.0982347508964929e-07,0.012986661,0.0092705853558188202,1.1048330831578487e-06,0.0016536711963809558,7.7639855504669115e-08,1.7057040310223498e-07,2.1835577115764133e-16,0.0010044895974866074,5.991881908875963e-08
1748,0.0028063238017323189,2.92935760143395e-07,0.012883980999999999,0.0092705853558188202,1.1048330831578487e-06,0.0016536711963809558,7.7639855504669115e-08,0.00028438071092829132,1.0940226677592041e-09,1.6657943801225666e-05,1.4531320971435777e-11
1749,0.021959054153788692,7.0384807688270509e-05,0.012892697999999999,0.0092705853558188202,1.1048330831578487e-06,0.0016536711963809558,7.7639855504669115e-08,0.00050595073709442328,4.3744386336726988e-09,0.076406009325860683,0.00024476894619767731
1750,0.0032308665357798794,3.4832060600719286e-07,0.012919149,0.0092705853558188202,1.1048330831578487e-06,0.0031050149053830512,3.1018682127148085e-07,3.0026569248976691e-06,1.6340168279266537e-14,0.0005448632249927674,1.495684015466391e-08
1751,0.0033096147395536364,3.4841777195284653e-07,0.01289858,0.0092705853558188202,1.1048330831578487e-06,0.0031050149053830512,3.1018682127148085e-07,0.00086283358746406353,1.7998570474129329e-08,2.5109548640956888e-08,3.7020830486700943e-17
1752,0.020979779777859964,7.0224589335138576e-05,0.012889602,0.0092705853558188202,1.1048330831578487e-06,0.0031050149053830512,3.1018682127148085e-07,0.070998655625245252,0.00028712996885817864,0.0005448632249927674,1.495684015466391e-08
1753,0.038664154116403733,0.00028038730111331608,0.012964007,0.0092705853558188202,1.1048330831578487e-06,0.0031050149053830512,3.1018682127148085e-07,0.14228101620441289,0.0011507313567779948,0,0
1754,0.074957663152678627,0.0011410759731378178,0.012847951,0.0092705853558188202,1.1048330831578487e-06,0.0059878447916266436,1.2308169179467562e-06,0.28454093302533323,0.0046865685654330158,3.1289437935637845e-05,5.8289411536559831e-11
1755,0.0052178311682861862,1.3617737203432196e-06,0.012945590999999999,0.0092705853558188202,1.1048330831578487e-06,0.011591296700704166,4.9171744444568016e-06,9.3862690716268412e-06,1.0711203395856254e-12,5.6347550033575723e-08,1.8557385880728104e-16
1756,0.018581260147789824,2.3481324430568498e-05,0.012889051,0.0092705853558188202,1.1048330831578487e-06,0.011591296700704166,4.9171744444568016e-06,0.035234152546241279,7.2765419883759325e-05,0.018229005988395285,1.5404866910722966e-05
1757,0.0078178840718126988,4.6686654249888125e-06,0.012916123999999999,0.0092705853558188202,1.1048330831578487e-06,0.021998665538680674,1.9886491098706625e-05,1.2335213843932404e-07,4.3468830174521832e-17,2.1620406129402982e-06,2.266527741266158e-13
1758,0.025566982907323257,7.4544934093191071e-05,0.012900784,0.0092705853558188202,1.1048330831578487e-06,0.021998665538680674,1.9886491098706625e-05,0.070998655625245252,0.00028712996885817864,2.5109548640956888e-08,3.7020830486700943e-17
1759,0.018101994777603891,2.2424864498094758e-05,0.012887668,0.0092705853558188202,1.1048330831578487e-06,0.044908377588462341,8.0294984932708011e-05,1.0177739364849487e-08,6.1819868881659968e-18,0.018229005988395285,1.5404866910722966e-05
1760,0.013887203740908583,1.8030934691196703e-05,0.012889431999999999,0.0092705853558188202,1.1048330831578487e-06,0.044908377588462341,8.0294984932708011e-05,0.0013676899787404967,7.1283141000387424e-08,2.1620406129402982e-06,2.266527741266158e-13
1761,0.014180279902018726,1.8083353584862818e-05,0.012918448000000001,0.0092705853558188202,1.1048330831578487e-06,0.044908377588462341,8.0294984932708011e-05,0.0025421486116689808,2.8667892863997632e-07,8.0521251023118028e-09,5.2233865048072528e-18
1762,0.024078899995969266,7.0176747323020768e-05,0.012965409000000001,0.0092705853558188202,1.1048330831578487e-06,0.087042682017042267,0.00031642210546467976,1.7057040310223498e-07,2.1835577115764133e-16,2.1620406129402982e-06,2.266527741266158e-13
1763,0.025293603993934245,7.0452936258976782e-05,0.012920321,0.0092705853558188202,1.1048330831578487e-06,0.087042682017042267,0.00031642210546467976,0.0048444906590748918,1.1348766309780777e-06,1.6657943801225666e-05,1.4531320971435777e-11
1764,0.045321778810763762,0.00028348443346382627,0.012917977000000001,0.0092705853558188202,1.1048330831578487e-06,0.17146866400531868,0.0012819832070484491,3.0026569248976691e-06,1.6340168279266537e-14,0.0005448632249927674,1.495684015466391e-08
1765,0.04581050983300012,0.00028354945260025108,0.012912086,0.0092705853558188202,1.1048330831578487e-06,0.17146866400531868,0.0012819832070484491,0.00028438071092829132,1.0940226677592041e-09,0.0022184092599339413,2.4108403166049585e-07
1766,0.0047769108102547605,1.0904727438578622e-06,0.012939679000000001,0.019107643241019042,4.3728852288636402e-06,0,0,0,0,0,0
1767,0.0047771447017722606,1.0904727596123819e-06,0.012867088,0.019107643241019042,4.3728852288636402e-06,0,0,0,0,9.3556606998057864e-07,5.5017233883187946e-14
1768,0.043430627545945039,0.00028448965449226021,0.012899371,0.019107643241019042,4.3728852288636402e-06,0,0,0,0,0.15461486694276227,0.00098967402532771959
1769,0.0047769710324915325,1.0904727441014743e-06,0.012886706,0.019107643241019042,4.3728852288636402e-06,0,0,1.2335213843932404e-07,4.3468830174521832e-17,1.1753680853951075e-07,8.1378935850548041e-16
1770,0.014188681089261138,1.8754164727510597e-05,0.012912936999999999,0.019107643241019042,4.3728852288636402e-06,0,0,5.6798372372729349e-06,2.6628353116564885e-13,0.03764140127878858,6.1684359762903619e-05
1771,0.043432047505254485,0.00028448965455706704,0.012933356999999999,0.019107643241019042,4.3728852288636402e-06,0,0,5.6798372372729349e-06,2.6628353116564885e-13,0.15461486694276227,0.00098967402532771959
1772,0.0050255982625553915,1.0951188236915538e-06,0.01295089,0.019107643241019042,4.3728852288636402e-06,0,0,0.00086283358746406353,1.7998570474129329e-08,0.00013191622173854499,9.2866087487863828e-10
1773,0.0054124620500595353,1.1602392469947004e-06,0.013280831999999999,0.019107643241019042,4.3728852288636402e-06,0,0,0.0025421486116689808,2.8667892863997632e-07,5.6347550033575723e-08,1.8557385880728104e-16
1774,0.0092720056778638222,5.5318769680152913e-06,0.013035565000000001,0.019107643241019042,4.3728852288636402e-06,0,0,0.017980152884928567,1.825026263439753e-05,2.2658550777503332e-07,3.3865724704100287e-15
1775,0.013829200528585581,9.9431543833602348e-06,0.013688694,0.019107643241019042,4.3728852288636402e-06,0,0,0.017980152884928567,1.825026263439753e-05,0.018229005988395285,1.5404866910722966e-05
1776,0.0059456830266476938,1.3666212317318502e-06,0.013837383,0.019107643241019042,4.3728852288636402e-06,3.6718238814524115e-08,4.7671550682516093e-17,6.8499463990509688e-07,9.6425054834388508e-16,0.004674367152692818,9.6435347361865966e-07
1777,0.00703777652839448,2.2004008866274885e-06,0.012921844,0.019107643241019042,4.3728852288636402e-06,3.6718238814524115e-08,4.7671550682516093e-17,9.3070088697094474e-07,4.0015195531920299e-15,0.0090424954534331133,3.8760417201217597e-06
1778,0.0047777904513031533,1.0904727518000399e-06,0.01292449,0.019107643241019042,4.3728852288636402e-06,3.6718238814524115e-08,4.7671550682516093e-17,3.0026569248976691e-06,1.6340168279266537e-14,4.7918902984102718e-07,1.3811772537286094e-14
1779,0.0047783462265109239,1.0904728086820509e-06,0.012903738999999999,0.019107643241019042,4.3728852288636402e-06,3.6718238814524115e-08,4.7671550682516093e-17,5.6798372372729349e-06,2.6628353116564885e-13,2.5109548640956888e-08,3.7020830486700943e-17
1780,0.0070398904204406918,2.2004011463227122e-06,0.012899041,0.019107643241019042,4.3728852288636402e-06,3.6718238814524115e-08,4.7671550682516093e-17,9.3862690716268412e-06,1.0711203395856254e-12,0.0090424954534331133,3.8760417201217597e-06
1781,0.0047771096538582886,1.0904727441558174e-06,0.012844604000000001,0.019107643241019042,4.3728852288636402e-06,8.5270225523800494e-08,2.3852627615639069e-16,6.8499463990509688e-07,9.6425054834388508e-16,2.5109548640956888e-08,3.7020830486700943e-17
1782,0.004850151905837278,1.0907400336046715e-06,0.012879761999999999,0.019107643241019042,4.3728852288636402e-06,8.5270225523800494e-08,2.3852627615639069e-16,0.00028438071092829132,1.0940226677592041e-09,8.4984011763542629e-06,3.6567069197450944e-12
1783,0.0049947651249712312,1.0948539431698309e-06,0.012944367999999999,0.019107643241019042,4.3728852288636402e-06,8.5270225523800494e-08,2.3852627615639069e-16,0.00086283358746406353,1.7998570474129329e-08,8.4984011763542629e-06,3.6567069197450944e-12
1784,0.040347420070431822,0.00028113373625315857,0.012853452,0.019107643241019042,4.3728852288636402e-06,8.5270225523800494e-08,2.3852627615639069e-16,0.14228101620441289,0.0011507313567779948,9.3556606998057864e-07,5.5017233883187946e-14
1785,0.059448688510379544,0.00035122481400097825,0.012953276,0.019107643241019042,4.3728852288636402e-06,8.5270225523800494e-08,2.3852627615639069e-16,0.14228101620441289,0.0011507313567779948,0.076406009325860683,0.00024476894619767731
1786,0.0049131746872452236,1.0947557263172808e-06,0.012897756999999999,0.019107643241019042,4.3728852288636402e-06,1.922829690185178e-07,1.0503927487885637e-15,0,0,0.0005448632249927674,1.495684015466391e-08
1787,0.0047778578629542427,1.0904727603295156e-06,0.012943586,0.019107643241019042,4.3728852288636402e-06,1.922829690185178e-07,1.0503927487885637e-15,3.5959278288190782e-06,6.6730504443978359e-14,0,0
1788,0.014754088805730476,1.90748947863499e-05,0.012862659,0.019107643241019042,4.3728852288636402e-06,1.922829690185178e-07,1.0503927487885637e-15,0.035234152546241279,7.2765419883759325e-05,0.004674367152692818,9.6435347361865966e-07
1789,0.0048099879492193177,1.0907386725195438e-06,0.01289882,0.019107643241019042,4.3728852288636402e-06,3.9233411970282536e-07,4.3772274154343397e-15,0,0,0.00013191622173854499,9.2866087487863828e-10
1790,0.0070765024274597405,2.2004175519450448e-06,0.012899892,0.019107643241019042,4.3728852288636402e-06,3.9233411970282536e-07,4.3772274154343397e-15,0.00015547868126687659,6.8479859958329124e-11,0.0090424954534331133,3.8760417201217597e-06
1791,0.02400499890952348,7.1182615076657992e-05,0.012943876999999999,0.019107643241019042,4.3728852288636402e-06,3.9233411970282536e-07,4.3772274154343397e-15,0.00050595073709442328,4.3744386336726988e-09,0.076406009325860683,0.00024476894619767731
1792,0.0047778712533168817,1.0904727518086218e-06,0.012949367999999999,0.019107643241019042,4.3728852288636402e-06,8.1400577502298111e-07,1.7942025344819159e-14,3.0026569248976691e-06,1.6340168279266537e-14,2.5109548640956888e-08,3.7020830486700943e-17
1793,0.022527318728163086,7.0966741545832725e-05,0.012943105999999999,0.019107643241019042,4.3728852288636402e-06,8.1400577502298111e-07,1.7942025344819159e-14,0.070998655625245252,0.00028712996885817864,2.1620406129402982e-06,2.266527741266158e-13
1794,0.022777900617381421,7.0983899599528491e-05,0.012887187,0.019107643241019042,4.3728852288636402e-06,8.1400577502298111e-07,1.7942025344819159e-14,0.070998655625245252,0.00028712996885817864,0.0010044895974866074,5.991881908875963e-08
1795,0.0093346024140265119,5.5017501761910289e-06,0.012916222999999999,0.019107643241019042,4.3728852288636402e-06,1.6370745535315476e-06,7.2472245124145652e-14,1.2335213843932404e-07,4.3468830174521832e-17,0.018229005988395285,1.5404866910722966e-05
1796,0.007644029603268254,2.2663199505220408e-06,0.012843242,0.019107643241019042,4.3728852288636402e-06,5.6596465165322227e-06,1.1881667417065484e-12,0.009244406265603463,4.548019408270464e-06,0.0022184092599339413,2.4108403166049585e-07
1797,0.0047817104626157137,1.090473865427143e-06,0.012862579000000001,0.019107643241019042,4.3728852288636402e-06,1.3292186698712521e-05,4.7792767311777559e-12,5.6798372372729349e-06,2.6628353116564885e-13,2.2658550777503332e-07,3.3865724704100287e-15
1798,0.0049067356280905446,1.0915383679611287e-06,0.01290937,0.019107643241019042,4.3728852288636402e-06,1.3292186698712521e-05,4.7792767311777559e-12,0.00050595073709442328,4.3744386336726988e-09,5.6347550033575723e-08,1.8557385880728104e-16
1799,0.008251980385056432,2.4765867812196546e-06,0.012873981,0.019107643241019042,4.3728852288636402e-06,1.3292186698712521e-05,4.7792767311777559e-12,0.0048444906590748918,1.1348766309780777e-06,0.0090424954534331133,3.8760417201217597e-06
1800,0.004862237970941239,1.0907598559776833e-06,0.012972683,0.019107643241019042,4.3728852288636402e-06,2.5638493882144404e-05,1.8912646304862198e-11,0.00028438071092829132,1.0940226677592041e-09,3.1289437935637845e-05,5.8289411536559831e-11
1801,0.0050678475155459483,1.095929794444474e-06,0.012899601,0.019107643241019042,4.3728852288636402e-06,2.5638493882144404e-05,1.8912646304862198e-11,0.00086283358746406353,1.7998570474129329e-08,0.00027527473981856643,3.7461066010287721e-09
1802,0.0051263049487903518,1.1078247247446329e-06,0.012916212999999999,0.019107643241019042,4.3728852288636402e-06,2.5638493882144404e-05,1.8912646304862198e-11,0.0013676899787404967,7.1283141000387424e-08,4.2480815196427367e-06,9.0220702679766719e-13
1803,0.013591887954487668,1.8798750476740321e-05,0.012892057,0.019107643241019042,4.3728852288636402e-06,2.5638493882144404e-05,1.8912646304862198e-11,0.035234152546241279,7.2765419883759325e-05,1.1753680853951075e-07,8.1378935850548041e-16
1804,0.0047897062749021405,1.0904893737659902e-06,0.012919208999999999,0.019107643241019042,4.3728852288636402e-06,5.118185858950802e-05,7.5278650828326678e-11,0,0,0,0
1805,0.0047938733052872726,1.0904935348997138e-06,0.012898078,0.019107643241019042,4.3728852288636402e-06,5.118185858950802e-05,7.5278650828326678e-11,1.0177739364849487e-08,6.1819868881659968e-18,1.6657943801225666e-05,1.4531320971435777e-11
1806,0.075957918586669615,0.001141619296493528,0.012929609999999999,0.019107643241019042,4.3728852288636402e-06,5.118185858950802e-05,7.5278650828326678e-11,0.28454093302533323,0.0046865685654330158,0.00013191622173854499,9.2866087487863828e-10
1807,0.0053599290708166523,1.1595763692765381e-06,0.012937916000000001,0.019107643241019042,4.3728852288636402e-06,0.00011006785448470327,3.065896160972491e-10,3.5959278288190782e-06,6.6730504443978359e-14,0.0022184092599339413,2.4108403166049585e-07
1808,0.0048443258835343186,1.0908152764045274e-06,0.012908799,0.019107643241019042,4.3728852288636402e-06,0.0002024824384512204,1.2476170158873263e-09,6.8499463990509688e-07,9.6425054834388508e-16,6.6492860027127882e-05,2.3369350210529902e-10
1809,0.0048361044435826809,1.090765052117329e-06,0.012939048,0.019107643241019042,4.3728852288636402e-06,0.0002024824384512204,1.2476170158873263e-09,3.0026569248976691e-06,1.6340168279266537e-14,3.1289437935637845e-05,5.8289411536559831e-11
1810,0.0048284304018247782,1.0907483728525496e-06,0.012948576999999999,0.019107643241019042,4.3728852288636402e-06,0.0002024824384512204,1.2476170158873263e-09,3.5959278288190782e-06,6.6730504443978359e-14,0,0
1811,0.0048299346335124067,1.0907486182517432e-06,0.012882629,0.019107643241019042,4.3728852288636402e-06,0.0002024824384512204,1.2476170158873263e-09,9.3862690716268412e-06,1.0711203395856254e-12,2.2658550777503332e-07,3.3865724704100287e-15
1812,0.0082992779479945621,2.4768613381782734e-06,0.012921253000000001,0.019107643241019042,4.3728852288636402e-06,0.0002024824384512204,1.2476170158873263e-09,0.0048444906590748918,1.1348766309780777e-06,0.0090424954534331133,3.8760417201217597e-06
1813,0.0093231101512528704,5.5321526447032321e-06,0.012879452,0.019107643241019042,4.3728852288636402e-06,0.0002024824384512204,1.2476170158873263e-09,0.017980152884928567,1.825026263439753e-05,2.1620406129402982e-06,2.266527741266158e-13
1814,0.010546442915151463,5.8091209165057109e-06,0.012897677999999999,0.019107643241019042,4.3728852288636402e-06,0.00042360838196540306,4.958830087016193e-09,0.017980152884928567,1.825026263439753e-05,0.004674367152692818,9.6435347361865966e-07
1815,0.0050143921442244209,1.0948375859746979e-06,0.012911043000000001,0.019107643241019042,4.3728852288636402e-06,0.00093960350073700059,1.9757091519064694e-08,9.3862690716268412e-06,1.0711203395856254e-12,9.3556606998057864e-07,5.5017233883187946e-14
1816,0.0052280605924582722,1.0992175265935311e-06,0.012885824000000001,0.019107643241019042,4.3728852288636402e-06,0.00093960350073700059,1.9757091519064694e-08,0.00086283358746406353,1.7998570474129329e-08,2.1620406129402982e-06,2.266527741266158e-13
1817,0.076147051219159545,0.0011416233785016088,0.01292485,0.019107643241019042,4.3728852288636402e-06,0.00093960350073700059,1.9757091519064694e-08,0.28454093302533323,0.0046865685654330158,2.5109548640956888e-08,3.7020830486700943e-17
1818,0.0051929090681354078,1.1076245453143312e-06,0.012918348,0.019107643241019042,4.3728852288636402e-06,0.0016536711963809558,7.7639855504669115e-08,9.3862690716268412e-06,1.0711203395856254e-12,9.3556606998057864e-07,5.5017233883187946e-14
1819,0.022939994528692536,7.0983893001998582e-05,0.01293511,0.019107643241019042,4.3728852288636402e-06,0.0016536711963809558,7.7639855504669115e-08,0.070998655625245252,0.00028712996885817864,8.0521251023118028e-09,5.2233865048072528e-18
1820,0.078586185729041649,0.0011427460936027434,0.012865015,0.019107643241019042,4.3728852288636402e-06,0.0016536711963809558,7.7639855504669115e-08,0.28454093302533323,0.0046865685654330158,0.0090424954534331133,3.8760417201217597e-06
1821,0.0067217588692085701,1.4351450198869836e-06,0.012891926999999999,0.019107643241019042,4.3728852288636402e-06,0.0031050149053830512,3.1018682127148085e-07,1.0177739364849487e-08,6.1819868881659968e-18,0.004674367152692818,9.6435347361865966e-07
1822,0.0078644999945188636,2.2658076121417608e-06,0.012895953999999999,0.019107643241019042,4.3728852288636402e-06,0.0031050149053830512,3.1018682127148085e-07,0.009244406265603463,4.548019408270464e-06,9.3556606998057864e-07,5.5017233883187946e-14
1823,0.076688399805964994,0.001141687537724314,0.012891695999999999,0.019107643241019042,4.3728852288636402e-06,0.0031050149053830512,3.1018682127148085e-07,0.28454093302533323,0.0046865685654330158,8.0521251023118028e-09,5.2233865048072528e-18
1824,0.010280314472259914,5.4836253131379522e-06,0.012886254999999999,0.019107643241019042,4.3728852288636402e-06,0.021998665538680674,1.9886491098706625e-05,1.4923999791672543e-05,4.275948562067562e-12,2.5109548640956888e-08,3.7020830486700943e-17
1825,0.066679957836926665,0.00035875907475405294,0.012963005,0.019107643241019042,4.3728852288636402e-06,0.021998665538680674,1.9886491098706625e-05,0.070998655625245252,0.00028712996885817864,0.15461486694276227,0.00098967402532771959
1826,0.01603698426280498,1.8828811921927023e-05,0.012923347999999999,0.019107643241019042,4.3728852288636402e-06,0.044908377588462341,8.0294984932708011e-05,0,0,0.00013191622173854499,9.2866087487863828e-10
1827,0.016558638360388251,1.8897581874295043e-05,0.012992372,0.019107643241019042,4.3728852288636402e-06,0.044908377588462341,8.0294984932708011e-05,1.2335213843932404e-07,4.3468830174521832e-17,0.0022184092599339413,2.4108403166049585e-07
1828,0.016051545904921395,1.8828613014711367e-05,0.012908358999999999,0.019107643241019042,4.3728852288636402e-06,0.044908377588462341,8.0294984932708011e-05,0.00018993620469662744,2.7539120948023132e-10,2.2658550777503332e-07,3.3865724704100287e-15
1829,0.020499583938755776,2.3269950282324198e-05,0.012919669999999999,0.019107643241019042,4.3728852288636402e-06,0.044908377588462341,8.0294984932708011e-05,0.017980152884928567,1.825026263439753e-05,2.1620406129402982e-06,2.266527741266158e-13
1830,0.02536714565891391,3.6605855428927928e-05,0.01302757,0.019107643241019042,4.3728852288636402e-06,0.044908377588462341,8.0294984932708011e-05,0.035234152546241279,7.2765419883759325e-05,0.0022184092599339413,2.4108403166049585e-07
1831,0.026539705914809298,7.0991707217637573e-05,0.012886576,0.019107643241019042,4.3728852288636402e-06,0.087042682017042267,0.00031642210546467976,0,0,8.4984011763542629e-06,3.6567069197450944e-12
1832,0.026792434713834763,7.1008865329716704e-05,0.012971119999999999,0.019107643241019042,4.3728852288636402e-06,0.087042682017042267,0.00031642210546467976,1.4923999791672543e-05,4.275948562067562e-12,0.0010044895974866074,5.991881908875963e-08
1833,0.026671891358272859,7.0992787430299432e-05,0.012912336,0.019107643241019042,4.3728852288636402e-06,0.087042682017042267,0.00031642210546467976,0.00050595073709442328,4.3744386336726988e-09,3.1289437935637845e-05,5.8289411536559831e-11
1834,0.02885650524040026,7.2098533926176288e-05,0.012921794,0.019107643241019042,4.3728852288636402e-06,0.087042682017042267,0.00031642210546467976,0.009244406265603463,4.548019408270464e-06,3.1289437935637845e-05,5.8289411536559831e-11
1835,0.04769938322224241,0.00028429519310111577,0.012942786,0.019107643241019042,4.3728852288636402e-06,0.17146866400531868,0.0012819832070484491,0.00018993620469662744,2.7539120948023132e-10,3.1289437935637845e-05,5.8289411536559831e-11
1836,0.11879593328292436,0.0014248237175016889,0.012927796,0.019107643241019042,4.3728852288636402e-06,0.17146866400531868,0.0012819832070484491,0.28454093302533323,0.0046865685654330158,6.6492860027127882e-05,2.3369350210529902e-10
1837,0.0096403300055044328,4.4531770620046028e-06,0.012938988,0.038561320022017731,1.7857605617048374e-05,0,0,0,0,0,0
1838,0.048294046741194752,0.00028785235881040772,0.012945870999999999,0.038561320022017731,1.7857605617048374e-05,0,0,0,0,0.15461486694276227,0.00098967402532771959
1839,0.0096404292944821425,4.4531770630263363e-06,0.013002441,0.038561320022017731,1.7857605617048374e-05,0,0,1.7057040310223498e-07,2.1835577115764133e-16,2.2658550777503332e-07,3.3865724704100287e-15
1840,0.0096405012541643763,4.453177062238671e-06,0.013042939999999999,0.038561320022017731,1.7857605617048374e-05,0,0,6.8499463990509688e-07,9.6425054834388508e-16,0,0
1841,0.0096503786889112174,4.4531822789680929e-06,0.013018442,0.038561320022017731,1.7857605617048374e-05,0,0,3.1696332450882019e-05,1.7134390648275296e-11,8.4984011763542629e-06,3.6567069197450944e-12
1842,0.0096405181849301656,4.4531770622921586e-06,0.01292982,0.038561320022017731,1.7857605617048374e-05,1.1375513279201216e-08,6.8890466804365844e-18,6.8499463990509688e-07,9.6425054834388508e-16,5.6347550033575723e-08,1.8557385880728104e-16
1843,0.011901127961400946,5.5631052040235814e-06,0.012958084999999999,0.038561320022017731,1.7857605617048374e-05,1.1375513279201216e-08,6.8890466804365844e-18,6.8499463990509688e-07,9.6425054834388508e-16,0.0090424954534331133,3.8760417201217597e-06
1844,0.0099248599312033933,4.4586299345727996e-06,0.012952144000000001,0.038561320022017731,1.7857605617048374e-05,1.1375513279201216e-08,6.8890466804365844e-18,0.00086283358746406353,1.7998570474129329e-08,0.00027527473981856643,3.7461066010287721e-09
1845,0.012020253100738218,5.5610608465636365e-06,0.012946192,0.038561320022017731,1.7857605617048374e-05,1.1375513279201216e-08,6.8890466804365844e-18,0.009244406265603463,4.548019408270464e-06,0.00027527473981856643,3.7461066010287721e-09
1846,0.018448927632320061,2.216145061760758e-05,0.012876807000000001,0.038561320022017731,1.7857605617048374e-05,1.1375513279201216e-08,6.8890466804365844e-18,0.035234152546241279,7.2765419883759325e-05,2.2658550777503332e-07,3.3865724704100287e-15
1847,0.0096414012054439908,4.4531773203664331e-06,0.012929289,0.038561320022017731,1.7857605617048374e-05,3.6718238814524115e-08,4.7671550682516093e-17,0,0,4.2480815196427367e-06,9.0220702679766719e-13
1848,0.0096403983758758856,4.4531770629846368e-06,0.012887528000000001,0.038561320022017731,1.7857605617048374e-05,3.6718238814524115e-08,4.7671550682516093e-17,1.0177739364849487e-08,6.1819868881659968e-18,2.2658550777503332e-07,3.3865724704100287e-15
1849,0.018448877321624514,2.2161450616648759e-05,0.012974447,0.038561320022017731,1.7857605617048374e-05,3.6718238814524115e-08,4.7671550682516093e-17,0.035234152546241279,7.2765419883759325e-05,0,0
1850,0.0096403807072629431,4.4531770622891542e-06,0.012941383000000001,0.038561320022017731,1.7857605617048374e-05,8.5270225523800494e-08,2.3852627615639069e-16,0,0,1.1753680853951075e-07,8.1378935850548041e-16
1851,0.01420133382010739,8.8644555189689907e-06,0.012902457000000001,0.038561320022017731,1.7857605617048374e-05,8.5270225523800494e-08,2.3852627615639069e-16,1.4923999791672543e-05,4.275948562067562e-12,0.018229005988395285,1.5404866910722966e-05
1852,0.019053074963211878,2.2116869241754415e-05,0.012972081999999999,0.038561320022017731,1.7857605617048374e-05,1.922829690185178e-07,1.0503927487885637e-15,9.3862690716268412e-06,1.0711203395856254e-12,0.03764140127878858,6.1684359762903619e-05
1853,0.009679304392940305,4.4531937285395677e-06,0.012913899,0.038561320022017731,1.7857605617048374e-05,1.922829690185178e-07,1.0503927487885637e-15,0.00015547868126687659,6.8479859958329124e-11,2.2658550777503332e-07,3.3865724704100287e-15
1854,0.08080859038801462,0.0011449819841818823,0.012936253,0.038561320022017731,1.7857605617048374e-05,1.922829690185178e-07,1.0503927487885637e-15,0.28454093302533323,0.0046865685654330158,0.00013191622173854499,9.2866087487863828e-10
1855,0.0096404280890343766,4.4531770629709861e-06,0.012917906999999999,0.038561320022017731,1.7857605617048374e-05,3.9233411970282536e-07,4.3772274154343397e-15,0,0,0,0
1856,0.02874193042049961,7.454425482655116e-05,0.012907126,0.038561320022017731,1.7857605617048374e-05,3.9233411970282536e-07,4.3772274154343397e-15,0,0,0.076406009325860683,0.00024476894619767731
1857,0.010118566389967745,4.4748075897133036e-06,0.013004735,0.038561320022017731,1.7857605617048374e-05,3.9233411970282536e-07,4.3772274154343397e-15,0.0013676899787404967,7.1283141000387424e-08,0.0005448632249927674,1.495684015466391e-08
1858,0.010852718192096792,4.729362164098728e-06,0.012941403000000001,0.038561320022017731,1.7857605617048374e-05,8.1400577502298111e-07,1.7942025344819159e-14,0.0048444906590748918,1.1348766309780777e-06,4.2480815196427367e-06,9.0220702679766719e-13
1859,0.027390199426290854,7.4329445799076676e-05,0.012947485,0.038561320022017731,1.7857605617048374e-05,8.1400577502298111e-07,1.7942025344819159e-14,0.070998655625245252,0.00028712996885817864,8.0521251023118028e-09,5.2233865048072528e-18
1860,0.01080968590242427,4.7293256149547515e-06,0.012997101,0.038561320022017731,1.7857605617048374e-05,3.0462572474722488e-06,2.9569255723453914e-13,1.0177739364849487e-08,6.1819868881659968e-18,0.004674367152692818,9.6435347361865966e-07
1861,0.048296228264815916,0.00028785235894054125,0.012866717,0.038561320022017731,1.7857605617048374e-05,3.0462572474722488e-06,2.9569255723453914e-13,5.6798372372729349e-06,2.6628353116564885e-13,0.15461486694276227,0.00098967402532771959
1862,0.0096448225697641117,4.453178167924855e-06,0.012914881,0.038561320022017731,1.7857605617048374e-05,3.0462572474722488e-06,2.9569255723453914e-13,1.4923999791672543e-05,4.275948562067562e-12,0,0
1863,0.0096568380124129015,4.4531979886968793e-06,0.012983164,0.038561320022017731,1.7857605617048374e-05,3.0462572474722488e-06,2.9569255723453914e-13,3.1696332450882019e-05,1.7134390648275296e-11,3.1289437935637845e-05,5.8289411536559831e-11
1864,0.014212816999575287,6.669916333239303e-06,0.012945109999999999,0.038561320022017731,1.7857605617048374e-05,3.0462572474722488e-06,2.9569255723453914e-13,0.009244406265603463,4.548019408270464e-06,0.0090424954534331133,3.8760417201217597e-06
1865,0.01413614387793582,8.8945813505659601e-06,0.012976120000000001,0.038561320022017731,1.7857605617048374e-05,3.0462572474722488e-06,2.9569255723453914e-13,0.017980152884928567,1.825026263439753e-05,5.6347550033575723e-08,1.8557385880728104e-16
1866,0.0098652756734835222,4.4575741681491623e-06,0.013075303,0.038561320022017731,1.7857605617048374e-05,5.6596465165322227e-06,1.1881667417065484e-12,0.00086283358746406353,1.7998570474129329e-08,3.1289437935637845e-05,5.8289411536559831e-11
1867,0.0096514754116630436,4.4531948093277138e-06,0.013058761,0.038561320022017731,1.7857605617048374e-05,1.3292186698712521e-05,4.7792767311777559e-12,0,0,3.1289437935637845e-05,5.8289411536559831e-11
1868,0.0096478483761639738,4.4531822789420924e-06,0.013019084,0.038561320022017731,1.7857605617048374e-05,1.3292186698712521e-05,4.7792767311777559e-12,1.2335213843932404e-07,4.3468830174521832e-17,1.6657943801225666e-05,1.4531320971435777e-11
1869,0.0096453069030058777,4.453178198356871e-06,0.012954548,0.038561320022017731,1.7857605617048374e-05,1.3292186698712521e-05,4.7792767311777559e-12,5.6798372372729349e-06,2.6628353116564885e-13,9.3556606998057864e-07,5.5017233883187946e-14
1870,0.010021263135824486,4.4714008046521078e-06,0.01297091,0.038561320022017731,1.7857605617048374e-05,1.3292186698712521e-05,4.7792767311777559e-12,0.00050595073709442328,4.3744386336726988e-09,0.0010044895974866074,5.991881908875963e-08
1871,0.014215378481938134,6.6699173237139214e-06,0.012961090999999999,0.038561320022017731,1.7857605617048374e-05,1.3292186698712521e-05,4.7792767311777559e-12,0.009244406265603463,4.548019408270464e-06,0.0090424954534331133,3.8760417201217597e-06
1872,0.0097831266838831043,4.4574642224830308e-06,0.012939127999999999,0.038561320022017731,1.7857605617048374e-05,2.5638493882144404e-05,1.8912646304862198e-11,6.8499463990509688e-07,9.6425054834388508e-16,0.0005448632249927674,1.495684015466391e-08
1873,0.0097185883547262902,4.4534638330506231e-06,0.012997051000000001,0.038561320022017731,1.7857605617048374e-05,2.5638493882144404e-05,1.8912646304862198e-11,0.00015547868126687659,6.8479859958329124e-11,0.00013191622173854499,9.2866087487863828e-10
1874,0.0096942803265260696,4.4532482605019536e-06,0.012926534,0.038561320022017731,1.7857605617048374e-05,2.5638493882144404e-05,1.8912646304862198e-11,0.00018993620469662744,2.7539120948023132e-10,2.2658550777503332e-07,3.3865724704100287e-15
1875,0.0097178410840942121,4.4534474826054292e-06,0.012964998,0.038561320022017731,1.7857605617048374e-05,2.5638493882144404e-05,1.8912646304862198e-11,0.00028438071092829132,1.0940226677592041e-09,2.5109548640956888e-08,3.7020830486700943e-17
1876,0.018524096450490142,2.2162527515083944e-05,0.012904891,0.038561320022017731,1.7857605617048374e-05,2.5638493882144404e-05,1.8912646304862198e-11,0.035234152546241279,7.2765419883759325e-05,0.00027527473981856643,3.7461066010287721e-09
1877,0.027396409812673512,7.4329449973137092e-05,0.012978353999999999,0.038561320022017731,1.7857605617048374e-05,2.5638493882144404e-05,1.8912646304862198e-11,0.070998655625245252,0.00028712996885817864,2.5109548640956888e-08,3.7020830486700943e-17
1878,0.0096531573987887441,4.453193692145502e-06,0.012985649,0.038561320022017731,1.7857605617048374e-05,5.118185858950802e-05,7.5278650828326678e-11,1.0177739364849487e-08,6.1819868881659968e-18,1.1753680853951075e-07,8.1378935850548041e-16
1879,0.010005049673266051,4.4618568262773197e-06,0.012922125,0.038561320022017731,1.7857605617048374e-05,5.118185858950802e-05,7.5278650828326678e-11,0.00086283358746406353,1.7998570474129329e-08,0.0005448632249927674,1.495684015466391e-08
1880,0.0096678469691256139,4.4532447911289662e-06,0.012969407000000001,0.038561320022017731,1.7857605617048374e-05,0.00011006785448470327,3.065896160972491e-10,0,0,0,0
1881,0.0096687174306142893,4.4532447990594418e-06,0.012939709000000001,0.038561320022017731,1.7857605617048374e-05,0.00011006785448470327,3.065896160972491e-10,3.0026569248976691e-06,1.6340168279266537e-14,4.7918902984102718e-07,1.3811772537286094e-14
1882,0.0096852208483636393,4.453311714661283e-06,0.013020986999999999,0.038561320022017731,1.7857605617048374e-05,0.00011006785448470327,3.065896160972491e-10,3.0026569248976691e-06,1.6340168279266537e-14,6.6492860027127882e-05,2.3369350210529902e-10
1883,0.0096734314143852342,4.4532490170630712e-06,0.012922276,0.038561320022017731,1.7857605617048374e-05,0.00011006785448470327,3.065896160972491e-10,5.6798372372729349e-06,2.6628353116564885e-13,1.6657943801225666e-05,1.4531320971435777e-11
1884,0.0098835694528791266,4.45762494331992e-06,0.012916212999999999,0.038561320022017731,1.7857605617048374e-05,0.00011006785448470327,3.065896160972491e-10,0.00086283358746406353,1.7998570474129329e-08,5.6347550033575723e-08,1.8557385880728104e-16
1885,0.0096951151010675508,4.4534568358907238e-06,0.012913739,0.038561320022017731,1.7857605617048374e-05,0.0002024824384512204,1.2476170158873263e-09,0,0,1.6657943801225666e-05,1.4531320971435777e-11
1886,0.0098893430002762461,4.4554040116457364e-06,0.012954317999999999,0.038561320022017731,1.7857605617048374e-05,0.00042360838196540306,4.958830087016193e-09,0.00050595073709442328,4.3744386336726988e-09,6.6492860027127882e-05,2.3369350210529902e-10
1887,0.010398392468919866,4.5241059464757028e-06,0.013185697,0.038561320022017731,1.7857605617048374e-05,0.00042360838196540306,4.958830087016193e-09,0.0025421486116689808,2.8667892863997632e-07,6.6492860027127882e-05,2.3369350210529902e-10
1888,0.014241504213745418,8.8956767627778088e-06,0.013080202000000001,0.038561320022017731,1.7857605617048374e-05,0.00042360838196540306,4.958830087016193e-09,0.017980152884928567,1.825026263439753e-05,9.3556606998057864e-07,5.5017233883187946e-14
1889,0.0098755202022873887,4.4575416296396888e-06,0.012925913000000001,0.038561320022017731,1.7857605617048374e-05,0.00093960350073700059,1.9757091519064694e-08,9.3070088697094474e-07,4.0015195531920299e-15,2.2658550777503332e-07,3.3865724704100287e-15
1890,0.010053747804599691,4.4703285870369127e-06,0.012963555,0.038561320022017731,1.7857605617048374e-05,0.0016536711963809558,7.7639855504669115e-08,0,0,0,0
1891,0.012315270649915085,5.5802567450599105e-06,0.012908579,0.038561320022017731,1.7857605617048374e-05,0.0016536711963809558,7.7639855504669115e-08,3.5959278288190782e-06,6.6730504443978359e-14,0.0090424954534331133,3.8760417201217597e-06
1892,0.010416626374450882,4.5217008504553265e-06,0.012940721000000001,0.038561320022017731,1.7857605617048374e-05,0.0031050149053830512,3.1018682127148085e-07,1.7057040310223498e-07,2.1835577115764133e-16,0,0
1893,0.010416845791273987,4.5217008516084399e-06,0.012992020999999999,0.038561320022017731,1.7857605617048374e-05,0.0031050149053830512,3.1018682127148085e-07,9.3070088697094474e-07,4.0015195531920299e-15,1.1753680853951075e-07,8.1378935850548041e-16
1894,0.038326624199875529,9.232105216862417e-05,0.012902066,0.038561320022017731,1.7857605617048374e-05,0.0031050149053830512,3.1018682127148085e-07,0.035234152546241279,7.2765419883759325e-05,0.076406009325860683,0.00024476894619767731
1895,0.045987071674470754,0.00028456496435967687,0.012921514,0.038561320022017731,1.7857605617048374e-05,0.0031050149053830512,3.1018682127148085e-07,0.14228101620441289,0.0011507313567779948,9.3556606998057864e-07,5.5017233883187946e-14
1896,0.011137862551598772,4.7250785497344765e-06,0.012943717,0.038561320022017731,1.7857605617048374e-05,0.0059878447916266436,1.2308169179467562e-06,1.2335213843932404e-07,4.3468830174521832e-17,2.1620406129402982e-06,2.266527741266158e-13
1897,0.01576563787824194,9.1366221437083587e-06,0.013105541,0.038561320022017731,1.7857605617048374e-05,0.0059878447916266436,1.2308169179467562e-06,0.00028438071092829132,1.0940226677592041e-09,0.018229005988395285,1.5404866910722966e-05
1898,0.082280346819227926,0.001145253636368418,0.013011448,0.038561320022017731,1.7857605617048374e-05,0.0059878447916266436,1.2308169179467562e-06,0.28454093302533323,0.0046865685654330158,3.1289437935637845e-05,5.8289411536559831e-11
1899,0.012674369986928698,5.5437196724468744e-06,0.012948105999999999,0.038561320022017731,1.7857605617048374e-05,0.011591296700704166,4.9171744444568016e-06,0,0,0.0005448632249927674,1.495684015466391e-08
1900,0.012546092350680653,5.5394408601162394e-06,0.012905282000000001,0.038561320022017731,1.7857605617048374e-05,0.011591296700704166,4.9171744444568016e-06,3.1696332450882019e-05,1.7134390648275296e-11,5.6347550033575723e-08,1.8557385880728104e-16
1901,0.012609263445300004,5.5397029328456943e-06,0.012916133999999999,0.038561320022017731,1.7857605617048374e-05,0.011591296700704166,4.9171744444568016e-06,0.00028438071092829132,1.0940226677592041e-09,5.6347550033575723e-08,1.8557385880728104e-16
1902,0.015139996390174638,8.8463285906760188e-06,0.012981319999999999,0.038561320022017731,1.7857605617048374e-05,0.021998665538680674,1.9886491098706625e-05,0,0,0,0
1903,0.024550349254306714,2.6510020509529712e-05,0.012984547000000001,0.038561320022017731,1.7857605617048374e-05,0.021998665538680674,1.9886491098706625e-05,1.0177739364849487e-08,6.1819868881659968e-18,0.03764140127878858,6.1684359762903619e-05
1904,0.017400852928754554,9.9562567334328333e-06,0.013032319000000001,0.038561320022017731,1.7857605617048374e-05,0.021998665538680674,1.9886491098706625e-05,9.3070088697094474e-07,4.0015195531920299e-15,0.0090424954534331133,3.8760417201217597e-06
1905,0.017702220355947203,9.9702977734034515e-06,0.012962914000000001,0.038561320022017731,1.7857605617048374e-05,0.021998665538680674,1.9886491098706625e-05,0.009244406265603463,4.548019408270464e-06,0.0010044895974866074,5.991881908875963e-08
1906,0.022037436150102639,2.2467398864809596e-05,0.012924629999999999,0.038561320022017731,1.7857605617048374e-05,0.044908377588462341,8.0294984932708011e-05,5.6798372372729349e-06,2.6628353116564885e-13,0.004674367152692818,9.6435347361865966e-07
1907,0.092002687043154993,0.0011627197915045719,0.013066235000000001,0.038561320022017731,1.7857605617048374e-05,0.044908377588462341,8.0294984932708011e-05,0.28454093302533323,0.0046865685654330158,1.1753680853951075e-07,8.1378935850548041e-16
1908,0.031401000509765006,7.4354410488664828e-05,0.012928468,0.038561320022017731,1.7857605617048374e-05,0.087042682017042267,0.00031642210546467976,0,0,0,0
1909,0.031955602824748471,7.4423446368718885e-05,0.012930251,0.038561320022017731,1.7857605617048374e-05,0.087042682017042267,0.00031642210546467976,0,0,0.0022184092599339413,2.4108403166049585e-07
1910,0.031663704000287014,7.4359758039146398e-05,0.012964017,0.038561320022017731,1.7857605617048374e-05,0.087042682017042267,0.00031642210546467976,0.00050595073709442328,4.3744386336726988e-09,0.0005448632249927674,1.495684015466391e-08
1911,0.032105356347636886,7.44252497121785e-05,0.012872659,0.038561320022017731,1.7857605617048374e-05,0.087042682017042267,0.00031642210546467976,0.0025421486116689808,2.8667892863997632e-07,0.00027527473981856643,3.7461066010287721e-09
1912,0.05700307473821907,0.00029209921799631808,0.012944469,0.038561320022017731,1.7857605617048374e-05,0.17146866400531868,0.0012819832070484491,0.017980152884928567,1.825026263439753e-05,2.1620406129402982e-06,2.266527741266158e-13
1913,0.019575685033256327,1.7594367081321189e-05,0.012914781,0.078302740133025309,7.0554856464291986e-05,0,0,0,0,0,0
1914,0.019711900839504519,1.7598650063546869e-05,0.013034514000000001,0.078302740133025309,7.0554856464291986e-05,0,0,0,0,0.0005448632249927674,1.495684015466391e-08
1915,0.058229401768947059,0.00030099354882972559,0.012955329999999999,0.078302740133025309,7.0554856464291986e-05,0,0,0,0,0.15461486694276227,0.00098967402532771959
1916,0.019575722148678004,1.7594367081338645e-05,0.012975038,0.078302740133025309,7.0554856464291986e-05,0,0,1.2335213843932404e-07,4.3468830174521832e-17,2.5109548640956888e-08,3.7020830486700943e-17
1917,0.019645923677520362,1.7595439866549848e-05,0.013073179000000001,0.078302740133025309,7.0554856464291986e-05,0,0,5.6798372372729349e-06,2.6628353116564885e-13,0.00027527473981856643,3.7461066010287721e-09
1918,0.019650944696938663,1.7594637485023382e-05,0.012964017,0.078302740133025309,7.0554856464291986e-05,0,0,0.00028438071092829132,1.0940226677592041e-09,1.6657943801225666e-05,1.4531320971435777e-11
1919,0.021886786599657287,1.8701178145449536e-05,0.01297098,0.078302740133025309,7.0554856464291986e-05,0,0,0.009244406265603463,4.548019408270464e-06,0,0
1920,0.090727541504596457,0.0011581229751929352,0.013023533,0.078302740133025309,7.0554856464291986e-05,0,0,0.28454093302533323,0.0046865685654330158,6.6492860027127882e-05,2.3369350210529902e-10
1921,0.019575748099371355,1.7594367081561126e-05,0.012927625999999999,0.078302740133025309,7.0554856464291986e-05,1.1375513279201216e-08,6.8890466804365844e-18,1.2335213843932404e-07,4.3468830174521832e-17,1.1753680853951075e-07,8.1378935850548041e-16
1922,0.020745178647265067,1.7870515585185917e-05,0.012948006,0.078302740133025309,7.0554856464291986e-05,1.1375513279201216e-08,6.8890466804365844e-18,3.5959278288190782e-06,6.6730504443978359e-14,0.004674367152692818,9.6435347361865966e-07
1923,0.021838658307760835,1.8704295483771686e-05,0.012971751,0.078302740133025309,7.0554856464291986e-05,1.1375513279201216e-08,6.8890466804365844e-18,9.3862690716268412e-06,1.0711203395856254e-12,0.0090424954534331133,3.8760417201217597e-06
1924,0.039312727361516996,8.7755211347985272e-05,0.012969457,0.078302740133025309,7.0554856464291986e-05,1.1375513279201216e-08,6.8890466804365844e-18,0.0025421486116689808,2.8667892863997632e-07,0.076406009325860683,0.00024476894619767731
1925,0.090779739818422731,0.0011581239809938077,0.012973905000000001,0.078302740133025309,7.0554856464291986e-05,1.1375513279201216e-08,6.8890466804365844e-18,0.28454093302533323,0.0046865685654330158,0.00027527473981856643,3.7461066010287721e-09
1926,0.024132948254349744,2.2005644497643947e-05,0.012890384,0.078302740133025309,7.0554856464291986e-05,3.6718238814524115e-08,4.7671550682516093e-17,1.0177739364849487e-08,6.1819868881659968e-18,0.018229005988395285,1.5404866910722966e-05
1927,0.019702181897089579,1.7595431649581936e-05,0.012971872000000001,0.078302740133025309,7.0554856464291986e-05,3.6718238814524115e-08,4.7671550682516093e-17,0.00050595073709442328,4.3744386336726988e-09,0,0
1928,0.020211237643120286,1.7664133584420854e-05,0.012895603,0.078302740133025309,7.0554856464291986e-05,3.6718238814524115e-08,4.7671550682516093e-17,0.0025421486116689808,2.8667892863997632e-07,2.5109548640956888e-08,3.7020830486700943e-17
1929,0.055145950276950774,0.00029763763057483292,0.012939658999999999,0.078302740133025309,7.0554856464291986e-05,3.6718238814524115e-08,4.7671550682516093e-17,0.14228101620441289,0.0011507313567779948,8.0521251023118028e-09,5.2233865048072528e-18
1930,0.019576246860965953,1.7594367146273922e-05,0.012913769,0.078302740133025309,7.0554856464291986e-05,8.5270225523800494e-08,2.3852627615639069e-16,0,0,2.1620406129402982e-06,2.266527741266158e-13
1931,0.019702223419288335,1.7595431649855375e-05,0.012906655,0.078302740133025309,7.0554856464291986e-05,8.5270225523800494e-08,2.3852627615639069e-16,0.00050595073709442328,4.3744386336726988e-09,1.1753680853951075e-07,8.1378935850548041e-16
1932,0.028400867702379855,3.5302707555568425e-05,0.012945841,0.078302740133025309,7.0554856464291986e-05,8.5270225523800494e-08,2.3852627615639069e-16,0.035234152546241279,7.2765419883759325e-05,6.6492860027127882e-05,2.3369350210529902e-10
1933,0.028453063172327819,3.5303713356440959e-05,0.012867719,0.078302740133025309,7.0554856464291986e-05,8.5270225523800494e-08,2.3852627615639069e-16,0.035234152546241279,7.2765419883759325e-05,0.00027527473981856643,3.7461066010287721e-09
1934,0.021894707042671116,1.8701194837941119e-05,0.012984215,0.078302740133025309,7.0554856464291986e-05,3.9233411970282536e-07,4.3772274154343397e-15,0.009244406265603463,4.548019408270464e-06,3.1289437935637845e-05,5.8289411536559831e-11
1935,0.021836514942493217,1.8704295227066754e-05,0.012963105000000001,0.078302740133025309,7.0554856464291986e-05,8.1400577502298111e-07,1.7942025344819159e-14,1.0177739364849487e-08,6.1819868881659968e-18,0.0090424954534331133,3.8760417201217597e-06
1936,0.019581744134942076,1.7594369172999467e-05,0.012942034,0.078302740133025309,7.0554856464291986e-05,8.1400577502298111e-07,1.7942025344819159e-14,1.4923999791672543e-05,4.275948562067562e-12,8.4984011763542629e-06,3.6567069197450944e-12
1937,0.020280244372571931,1.766520630879273e-05,0.012966972,0.078302740133025309,7.0554856464291986e-05,8.1400577502298111e-07,1.7942025344819159e-14,0.0025421486116689808,2.8667892863997632e-07,0.00027527473981856643,3.7461066010287721e-09
1938,0.055146148863190435,0.00029763763057880115,0.012918768000000001,0.078302740133025309,7.0554856464291986e-05,8.1400577502298111e-07,1.7942025344819159e-14,0.14228101620441289,0.0011507313567779948,2.5109548640956888e-08,3.7020830486700943e-17
1939,0.019578261544789612,1.759436814449935e-05,0.012941173,0.078302740133025309,7.0554856464291986e-05,1.6370745535315476e-06,7.2472245124145652e-14,1.7057040310223498e-07,2.1835577115764133e-16,8.4984011763542629e-06,3.6567069197450944e-12
1940,0.02134217157732032,1.7939587866471935e-05,0.012914920999999999,0.078302740133025309,7.0554856464291986e-05,3.0462572474722488e-06,2.9569255723453914e-13,0.0048444906590748918,1.1348766309780777e-06,0.0022184092599339413,2.4108403166049585e-07
1941,0.02410446387423509,2.2036037297522066e-05,0.0130017,0.078302740133025309,7.0554856464291986e-05,3.0462572474722488e-06,2.9569255723453914e-13,0.017980152884928567,1.825026263439753e-05,0.00013191622173854499,9.2866087487863828e-10
1942,0.019578519904194909,1.759436740860029e-05,0.013002612,0.078302740133025309,7.0554856464291986e-05,5.6596465165322227e-06,1.1881667417065484e-12,5.6798372372729349e-06,2.6628353116564885e-13,0,0
1943,0.019929024147999665,1.7603030478161862e-05,0.012894932,0.078302740133025309,7.0554856464291986e-05,5.6596465165322227e-06,1.1881667417065484e-12,0.00086283358746406353,1.7998570474129329e-08,0.0005448632249927674,1.495684015466391e-08
1944,0.019583479247493055,1.7594369444901766e-05,0.012993833999999999,0.078302740133025309,7.0554856464291986e-05,1.3292186698712521e-05,4.7792767311777559e-12,9.3862690716268412e-06,1.0711203395856254e-12,8.4984011763542629e-06,3.6567069197450944e-12
1945,0.028389670816785537,3.5302642738875552e-05,0.013006759999999999,0.078302740133025309,7.0554856464291986e-05,1.3292186698712521e-05,4.7792767311777559e-12,0.035234152546241279,7.2765419883759325e-05,8.4984011763542629e-06,3.6567069197450944e-12
1946,0.019582094656726973,1.7594371259337781e-05,0.013020096,0.078302740133025309,7.0554856464291986e-05,2.5638493882144404e-05,1.8912646304862198e-11,0,0,0,0
1947,0.019719730422284486,1.7598654306364575e-05,0.012964157,0.078302740133025309,7.0554856464291986e-05,2.5638493882144404e-05,1.8912646304862198e-11,5.6798372372729349e-06,2.6628353116564885e-13,0.0005448632249927674,1.495684015466391e-08
1948,0.019588525422825895,1.7594383711287775e-05,0.012923969,0.078302740133025309,7.0554856464291986e-05,5.118185858950802e-05,7.5278650828326678e-11,1.2335213843932404e-07,4.3468830174521832e-17,5.6347550033575723e-08,1.8557385880728104e-16
1949,0.020143981794844407,1.766341960751782e-05,0.012942805999999999,0.078302740133025309,7.0554856464291986e-05,5.118185858950802e-05,7.5278650828326678e-11,3.5959278288190782e-06,6.6730504443978359e-14,0.0022184092599339413,2.4108403166049585e-07
1950,0.024083518719136006,2.2035787934415557e-05,0.012927876,0.078302740133025309,7.0554856464291986e-05,5.118185858950802e-05,7.5278650828326678e-11,0.017980152884928567,1.825026263439753e-05,0,0
1951,0.028404840993948029,3.5302673957394763e-05,0.013010146,0.078302740133025309,7.0554856464291986e-05,5.118185858950802e-05,7.5278650828326678e-11,0.035234152546241279,7.2765419883759325e-05,3.1289437935637845e-05,5.8289411536559831e-11
1952,0.029015898883842556,3.5258126989969762e-05,0.013009856,0.078302740133025309,7.0554856464291986e-05,0.00011006785448470327,3.065896160972491e-10,9.3862690716268412e-06,1.0711203395856254e-12,0.03764140127878858,6.1684359762903619e-05
1953,0.019627538911908861,1.7594642952658194e-05,0.012994416,0.078302740133025309,7.0554856464291986e-05,0.0002024824384512204,1.2476170158873263e-09,6.8499463990509688e-07,9.6425054834388508e-16,4.2480815196427367e-06,9.0220702679766719e-13
1954,0.019630050729704574,1.7594643734723799e-05,0.012977864,0.078302740133025309,7.0554856464291986e-05,0.0002024824384512204,1.2476170158873263e-09,1.4923999791672543e-05,4.275948562067562e-12,5.6347550033575723e-08,1.8557385880728104e-16
1955,0.019673789694043257,1.7594709713583985e-05,0.012942535,0.078302740133025309,7.0554856464291986e-05,0.0002024824384512204,1.2476170158873263e-09,0.00018993620469662744,2.7539120948023132e-10,0,0
1956,0.12941525563489312,0.0014415223656345422,0.012917586,0.078302740133025309,7.0554856464291986e-05,0.0002024824384512204,1.2476170158873263e-09,0.28454093302533323,0.0046865685654330158,0.15461486694276227,0.00098967402532771959
1957,0.019682130183335794,1.7595462608053755e-05,0.01297105,0.078302740133025309,7.0554856464291986e-05,0.00042360838196540306,4.958830087016193e-09,1.0177739364849487e-08,6.1819868881659968e-18,2.1620406129402982e-06,2.266527741266158e-13
1958,0.019808308704538726,1.7596527127156478e-05,0.01297648,0.078302740133025309,7.0554856464291986e-05,0.00042360838196540306,4.958830087016193e-09,0.00050595073709442328,4.3744386336726988e-09,9.3556606998057864e-07,5.5017233883187946e-14
1959,0.090816877031458257,0.0011581240037361622,0.012923939000000001,0.078302740133025309,7.0554856464291986e-05,0.00042360838196540306,4.958830087016193e-09,0.28454093302533323,0.0046865685654330158,2.2658550777503332e-07,3.3865724704100287e-15
1960,0.019815501058621895,1.759873581211804e-05,0.012914119999999999,0.078302740133025309,7.0554856464291986e-05,0.00093960350073700059,1.9757091519064694e-08,3.0026569248976691e-06,1.6340168279266537e-14,1.6657943801225666e-05,1.4531320971435777e-11
1961,0.019811718781915257,1.7598731679003389e-05,0.012982272,0.078302740133025309,7.0554856464291986e-05,0.00093960350073700059,1.9757091519064694e-08,3.5959278288190782e-06,6.6730504443978359e-14,9.3556606998057864e-07,5.5017233883187946e-14
1962,0.029352243283895352,3.5388828041045874e-05,0.013021428999999999,0.078302740133025309,7.0554856464291986e-05,0.0016536711963809558,7.7639855504669115e-08,0.035234152546241279,7.2765419883759325e-05,0.0022184092599339413,2.4108403166049585e-07
1963,0.020352203489154216,1.7662890885479843e-05,0.012979597000000001,0.078302740133025309,7.0554856464291986e-05,0.0031050149053830512,3.1018682127148085e-07,1.2335213843932404e-07,4.3468830174521832e-17,9.3556606998057864e-07,5.5017233883187946e-14
1964,0.020359869120101896,1.7662895039569845e-05,0.012933167000000001,0.078302740133025309,7.0554856464291986e-05,0.0031050149053830512,3.1018682127148085e-07,3.1696332450882019e-05,1.7134390648275296e-11,2.5109548640956888e-08,3.7020830486700943e-17
1965,0.021072655052985029,1.7866268504146493e-05,0.012997692,0.078302740133025309,7.0554856464291986e-05,0.0059878447916266436,1.2308169179467562e-06,1.0177739364849487e-08,6.1819868881659968e-18,2.5109548640956888e-08,3.7020830486700943e-17
1966,0.021176720464329769,1.7866800674402357e-05,0.013027489999999999,0.078302740133025309,7.0554856464291986e-05,0.0059878447916266436,1.2308169179467562e-06,0.00028438071092829132,1.0940226677592041e-09,0.00013191622173854499,9.2866087487863828e-10
1967,0.077476026873164988,0.00037114171898566654,0.012979816999999999,0.078302740133025309,7.0554856464291986e-05,0.0059878447916266436,1.2308169179467562e-06,0.070998655625245252,0.00028712996885817864,0.15461486694276227,0.00098967402532771959
1968,0.093376471275669726,0.0011586709581838394,0.012933398,0.078302740133025309,7.0554856464291986e-05,0.0059878447916266436,1.2308169179467562e-06,0.28454093302533323,0.0046865685654330158,0.004674367152692818,9.6435347361865966e-07
1969,0.027031511369762343,2.3091904129824956e-05,0.012958305,0.078302740133025309,7.0554856464291986e-05,0.011591296700704166,4.9171744444568016e-06,3.0026569248976691e-06,1.6340168279266537e-14,0.018229005988395285,1.5404866910722966e-05
1970,0.025109750432670531,2.1987784602486197e-05,0.01295574,0.078302740133025309,7.0554856464291986e-05,0.021998665538680674,1.9886491098706625e-05,5.6798372372729349e-06,2.6628353116564885e-13,0.00013191622173854499,9.2866087487863828e-10
1971,0.096279403359214241,0.0011625171325224948,0.012937585999999999,0.078302740133025309,7.0554856464291986e-05,0.021998665538680674,1.9886491098706625e-05,0.28454093302533323,0.0046865685654330158,0.00027527473981856643,3.7461066010287721e-09
1972,0.030806744321837373,3.5332441388054287e-05,0.012976771999999999,0.078302740133025309,7.0554856464291986e-05,0.044908377588462341,8.0294984932708011e-05,1.4923999791672543e-05,4.275948562067562e-12,9.3556606998057864e-07,5.5017233883187946e-14
1973,0.030810705526516002,3.5332444501545394e-05,0.012990559,0.078302740133025309,7.0554856464291986e-05,0.044908377588462341,8.0294984932708011e-05,3.1696332450882019e-05,1.7134390648275296e-11,8.0521251023118028e-09,5.2233865048072528e-18
1974,0.043596979400875313,8.8605528649768529e-05,0.013251084999999999,0.078302740133025309,7.0554856464291986e-05,0.087042682017042267,0.00031642210546467976,0,0,0.0090424954534331133,3.8760417201217597e-06
1975,0.063611445367194069,0.00030107515221516651,0.013073199000000001,0.078302740133025309,7.0554856464291986e-05,0.17146866400531868,0.0012819832070484491,1.0177739364849487e-08,6.1819868881659968e-18,0.004674367152692818,9.6435347361865966e-07
1976,0.039468788248241841,7.1488217764793886e-05,0.01294553,0.15787515299296737,0.00028667362230027607,0,0,0,0,0,0
1977,0.039468790261273201,7.148821776479394e-05,0.012923558,0.15787515299296737,0.00028667362230027607,0,0,0,0,8.0521251023118028e-09,5.2233865048072528e-18
1978,0.039468794525628924,7.1488217764800079e-05,0.012903559,0.15787515299296737,0.00028667362230027607,0,0,0,0,2.5109548640956888e-08,3.7020830486700943e-17
1979,0.039470912848535974,7.1488218811914257e-05,0.013036717999999999,0.15787515299296737,0.00028667362230027607,0,0,0,0,8.4984011763542629e-06,3.6567069197450944e-12
1980,0.039472952734192213,7.1488221925926181e-05,0.012983264,0.15787515299296737,0.00028667362230027607,0,0,0,0,1.6657943801225666e-05,1.4531320971435777e-11
1981,0.039485411463248479,7.1488284684350885e-05,0.012909990999999999,0.15787515299296737,0.00028667362230027607,0,0,0,0,6.6492860027127882e-05,2.3369350210529902e-10
1982,0.039537606933196585,7.148929048522342e-05,0.012946483,0.15787515299296737,0.00028667362230027607,0,0,0,0,0.00027527473981856643,3.7461066010287721e-09
1983,0.039468837168229666,7.1488217764853043e-05,0.012936773,0.15787515299296737,0.00028667362230027607,0,0,1.7057040310223498e-07,2.1835577115764133e-16,2.5109548640956888e-08,3.7020830486700943e-17
1984,0.040025737130493261,7.1557253905516532e-05,0.01286293,0.15787515299296737,0.00028667362230027607,0,0,9.3862690716268412e-06,1.0711203395856254e-12,0.0022184092599339413,2.4108403166049585e-07
1985,0.039539883425974087,7.1488484007367406e-05,0.012969778,0.15787515299296737,0.00028667362230027607,0,0,0.00028438071092829132,1.0940226677592041e-09,0,0
1986,0.039595275932515779,7.1489282333047247e-05,0.012977001,0.15787515299296737,0.00028667362230027607,0,0,0.00050595073709442328,4.3744386336726988e-09,0,0
1987,0.039811772763307114,7.1505565567662013e-05,0.012957603999999999,0.15787515299296737,0.00028667362230027607,0,0,0.0013676899787404967,7.1283141000387424e-08,4.2480815196427367e-06,9.0220702679766719e-13
1988,0.039684733380504059,7.1492597932686951e-05,0.01291963,0.15787515299296737,0.00028667362230027607,1.1375513279201216e-08,6.8890466804365844e-18,0.00086283358746406353,1.7998570474129329e-08,9.3556606998057864e-07,5.5017233883187946e-14
1989,0.057235078213438269,0.00014136455341746669,0.012944499,0.15787515299296737,0.00028667362230027607,1.1375513279201216e-08,6.8890466804365844e-18,0.070998655625245252,0.00028712996885817864,6.6492860027127882e-05,2.3369350210529902e-10
1990,0.039468830278867564,7.1488217764806584e-05,0.012942956,0.15787515299296737,0.00028667362230027607,3.6718238814524115e-08,4.7671550682516093e-17,1.2335213843932404e-07,4.3468830174521832e-17,8.0521251023118028e-09,5.2233865048072528e-18
1991,0.039603119609556148,7.1489299024628592e-05,0.012905473000000001,0.15787515299296737,0.00028667362230027607,8.5270225523800494e-08,2.3852627615639069e-16,0.00050595073709442328,4.3744386336726988e-09,3.1289437935637845e-05,5.8289411536559831e-11
1992,0.039473899786891566,7.1488221942398573e-05,0.013121182,0.15787515299296737,0.00028667362230027607,1.922829690185178e-07,1.0503927487885637e-15,3.5959278288190782e-06,6.6730504443978359e-14,1.6657943801225666e-05,1.4531320971435777e-11
1993,0.040680015630129629,7.1764402605776543e-05,0.013105802,0.15787515299296737,0.00028667362230027607,1.922829690185178e-07,1.0503927487885637e-15,0.0048444906590748918,1.1348766309780777e-06,2.2658550777503332e-07,3.3865724704100287e-15
1994,0.061775751722394662,0.00014577576391446126,0.013040716000000001,0.15787515299296737,0.00028667362230027607,1.922829690185178e-07,1.0503927487885637e-15,0.070998655625245252,0.00028712996885817864,0.018229005988395285,1.5404866910722966e-05
1995,0.039477350925038103,7.148822200050941e-05,0.013024765000000001,0.15787515299296737,0.00028667362230027607,3.9233411970282536e-07,4.3772274154343397e-15,3.1696332450882019e-05,1.7134390648275296e-11,2.1620406129402982e-06,2.266527741266158e-13
1996,0.039480974900834971,7.1488226096738232e-05,0.01301239,0.15787515299296737,0.00028667362230027607,3.9233411970282536e-07,4.3772274154343397e-15,3.1696332450882019e-05,1.7134390648275296e-11,1.6657943801225666e-05,1.4531320971435777e-11
1997,0.039468991749685725,7.1488217768757661e-05,0.013222658999999999,0.15787515299296737,0.00028667362230027607,8.1400577502298111e-07,1.7942025344819159e-14,0,0,0,0
1998,0.039473156235636096,7.148822192988982e-05,0.01314076,0.15787515299296737,0.00028667362230027607,8.1400577502298111e-07,1.7942025344819159e-14,0,0,1.6657943801225666e-05,1.4531320971435777e-11
1999,0.058570536723751614,0.00014157929553239751,0.013104559999999999,0.15787515299296737,0.00028667362230027607,8.1400577502298111e-07,1.7942025344819159e-14,1.7057040310223498e-07,2.1835577115764133e-16,0.076406009325860683,0.00024476894619767731
2000,0.039472752133835456,7.1488218809591028e-05,0.013078869999999999,0.15787515299296737,0.00028667362230027607,8.1400577502298111e-07,1.7942025344819159e-14,1.4923999791672543e-05,4.275948562067562e-12,1.1753680853951075e-07,8.1378935850548041e-16
2001,0.03968470014655192,7.1492597920897106e-05,0.013172201,0.15787515299296737,0.00028667362230027607,8.1400577502298111e-07,1.7942025344819159e-14,0.00086283358746406353,1.7998570474129329e-08,0,0
2002,0.039469197516880217,7.1488217780804001e-05,0.013015066,0.15787515299296737,0.00028667362230027607,1.6370745535315476e-06,7.2472245124145652e-14,0,0,0,0
2003,0.040365722326548857,7.1574601205374807e-05,0.012935189999999999,0.15787515299296737,0.00028667362230027607,1.6370745535315476e-06,7.2472245124145652e-14,0.0013676899787404967,7.1283141000387424e-08,0.0022184092599339413,2.4108403166049585e-07
2004,0.043968752519736198,7.5929626214438727e-05,0.012901495000000001,0.15787515299296737,0.00028667362230027607,3.0462572474722488e-06,2.9569255723453914e-13,0.017980152884928567,1.825026263439753e-05,1.6657943801225666e-05,1.4531320971435777e-11
2005,0.039472144145982574,7.1488218820596995e-05,0.012917045,0.15787515299296737,0.00028667362230027607,1.3292186698712521e-05,4.7792767311777559e-12,1.2335213843932404e-07,4.3468830174521832e-17,8.0521251023118028e-09,5.2233865048072528e-18
2006,0.040358770847205468,7.1575143442273947e-05,0.012968065000000001,0.15787515299296737,0.00028667362230027607,1.3292186698712521e-05,4.7792767311777559e-12,0.0025421486116689808,2.8667892863997632e-07,0.0010044895974866074,5.991881908875963e-08
2007,0.039508176927146949,7.1488487870506869e-05,0.012992261,0.15787515299296737,0.00028667362230027607,2.5638493882144404e-05,1.8912646304862198e-11,0,0,0.00013191622173854499,9.2866087487863828e-10
2008,0.040755139221435852,7.1765479503022291e-05,0.012940771,0.15787515299296737,0.00028667362230027607,2.5638493882144404e-05,1.8912646304862198e-11,0.0048444906590748918,1.1348766309780777e-06,0.00027527473981856643,3.7461066010287721e-09
2009,0.11061043314107676,0.0012120167631348724,0.012990879,0.15787515299296737,0.00028667362230027607,2.5638493882144404e-05,1.8912646304862198e-11,0.28454093302533323,0.0046865685654330158,8.0521251023118028e-09,5.2233865048072528e-18
2010,0.040650218143663076,7.1764382882384393e-05,0.013229401999999999,0.15787515299296737,0.00028667362230027607,5.118185858950802e-05,7.5278650828326678e-11,1.7057040310223498e-07,2.1835577115764133e-16,0.004674367152692818,9.6435347361865966e-07
2011,0.040650408176284222,7.1764382883305355e-05,0.013157762999999999,0.15787515299296737,0.00028667362230027607,5.118185858950802e-05,7.5278650828326678e-11,9.3070088697094474e-07,4.0015195531920299e-15,0.004674367152692818,9.6435347361865966e-07
2012,0.039619219478446731,7.1492517441733218e-05,0.012964427000000001,0.15787515299296737,0.00028667362230027607,5.118185858950802e-05,7.5278650828326678e-11,5.6798372372729349e-06,2.6628353116564885e-13,0.0005448632249927674,1.495684015466391e-08
2013,0.040253336672054586,7.1562283880013846e-05,0.012983755,0.15787515299296737,0.00028667362230027607,5.118185858950802e-05,7.5278650828326678e-11,0.0025421486116689808,2.8667892863997632e-07,0.0005448632249927674,1.495684015466391e-08
2014,0.075059660123475883,0.00035153151457975146,0.013031157,0.15787515299296737,0.00028667362230027607,5.118185858950802e-05,7.5278650828326678e-11,0.14228101620441289,0.0011507313567779948,3.1289437935637845e-05,5.8289411536559831e-11
2015,0.079609089261091101,0.00035594277530454061,0.012997000999999999,0.15787515299296737,0.00028667362230027607,5.118185858950802e-05,7.5278650828326678e-11,0.14228101620441289,0.0011507313567779948,0.018229005988395285,1.5404866910722966e-05
2016,0.039496305211863023,7.1488285493919023e-05,0.013062578,0.15787515299296737,0.00028667362230027607,0.00011006785448470327,3.065896160972491e-10,0,0,0,0
2017,0.039500472242248147,7.1488289655051237e-05,0.013281924000000001,0.15787515299296737,0.00028667362230027607,0.00011006785448470327,3.065896160972491e-10,1.0177739364849487e-08,6.1819868881659968e-18,1.6657943801225666e-05,1.4531320971435777e-11
2018,0.039633420000068365,7.1492568492386601e-05,0.012946192,0.15787515299296737,0.00028667362230027607,0.00011006785448470327,3.065896160972491e-10,3.5959278288190782e-06,6.6730504443978359e-14,0.0005448632249927674,1.495684015466391e-08
2019,0.040074182421497975,7.1557529257838164e-05,0.012986770999999999,0.15787515299296737,0.00028667362230027607,0.0002024824384512204,1.2476170158873263e-09,6.8499463990509688e-07,9.6425054834388508e-16,0.0022184092599339413,2.4108403166049585e-07
2020,0.039520885463540892,7.1488493443322556e-05,0.012928887999999999,0.15787515299296737,0.00028667362230027607,0.0002024824384512204,1.2476170158873263e-09,5.6798372372729349e-06,2.6628353116564885e-13,2.2658550777503332e-07,3.3865724704100287e-15
2021,0.039735351146238398,7.1492873545443242e-05,0.012982252,0.15787515299296737,0.00028667362230027607,0.0002024824384512204,1.2476170158873263e-09,0.00086283358746406353,1.7998570474129329e-08,9.3556606998057864e-07,5.5017233883187946e-14
2022,0.040730531522623355,7.1764678217329654e-05,0.013001540000000001,0.15787515299296737,0.00028667362230027607,0.0002024824384512204,1.2476170158873263e-09,0.0048444906590748918,1.1348766309780777e-06,0,0
2023,0.039896907920837082,7.1506737587799963e-05,0.013054982999999999,0.15787515299296737,0.00028667362230027607,0.00042360838196540306,4.958830087016193e-09,0.00028438071092829132,1.0940226677592041e-09,0.0010044895974866074,5.991881908875963e-08
2024,0.048937830795276992,8.9266622661320625e-05,0.013062498000000001,0.15787515299296737,0.00028667362230027607,0.00042360838196540306,4.958830087016193e-09,0.035234152546241279,7.2765419883759325e-05,0.0022184092599339413,2.4108403166049585e-07
2025,0.03970368912342602,7.1492582330487338e-05,0.013120791999999999,0.15787515299296737,0.00028667362230027607,0.00093960350073700059,1.9757091519064694e-08,0,0,0,0
2026,0.041093328712105859,7.1781554129607484e-05,0.013000757999999999,0.15787515299296737,0.00028667362230027607,0.0016536711963809558,7.7639855504669115e-08,0.0048444906590748918,1.1348766309780777e-06,0,0
2027,0.040589089069566868,7.1574090144829877e-05,0.012947985,0.15787515299296737,0.00028667362230027607,0.0031050149053830512,3.1018682127148085e-07,0.0013676899787404967,7.1283141000387424e-08,8.4984011763542629e-06,3.6567069197450944e-12
2028,0.11364089909427925,0.00121319521088705,0.012954838999999999,0.15787515299296737,0.00028667362230027607,0.0031050149053830512,3.1018682127148085e-07,0.28454093302533323,0.0046865685654330158,0.0090424954534331133,3.8760417201217597e-06
2029,0.040975918372900398,7.1760136139809377e-05,0.012936533,0.15787515299296737,0.00028667362230027607,0.0059878447916266436,1.2308169179467562e-06,9.3862690716268412e-06,1.0711203395856254e-12,3.1289437935637845e-05,5.8289411536559831e-11
2030,0.042367705281832556,7.2574477651369385e-05,0.012949047999999999,0.15787515299296737,0.00028667362230027607,0.011591296700704166,4.9171744444568016e-06,1.2335213843932404e-07,4.3468830174521832e-17,4.2480815196427367e-06,9.0220702679766719e-13
2031,0.042366813056279873,7.2574477393478603e-05,0.01298619,0.15787515299296737,0.00028667362230027607,0.011591296700704166,4.9171744444568016e-06,6.8499463990509688e-07,9.6425054834388508e-16,1.1753680853951075e-07,8.1378935850548041e-16
2032,0.042366874482841821,7.2574477394218314e-05,0.012998012999999999,0.15787515299296737,0.00028667362230027607,0.011591296700704166,4.9171744444568016e-06,9.3070088697094474e-07,4.0015195531920299e-15,1.1753680853951075e-07,8.1378935850548041e-16
2033,0.042372196868677603,7.2574481618946574e-05,0.012944429,0.15787515299296737,0.00028667362230027607,0.011591296700704166,4.9171744444568016e-06,5.6798372372729349e-06,2.6628353116564885e-13,1.6657943801225666e-05,1.4531320971435777e-11
2034,0.042406544114114798,7.2574494316698698e-05,0.012941182000000001,0.15787515299296737,0.00028667362230027607,0.011591296700704166,4.9171744444568016e-06,0.00015547868126687659,6.8479859958329124e-11,4.2480815196427367e-06,9.0220702679766719e-13
2035,0.051815832413431816,9.0238185977203241e-05,0.012962203,0.15787515299296737,0.00028667362230027607,0.011591296700704166,4.9171744444568016e-06,0.00015547868126687659,6.8479859958329124e-11,0.03764140127878858,6.1684359762903619e-05
2036,0.047280096709466306,7.6988180422501621e-05,0.012923729,0.15787515299296737,0.00028667362230027607,0.021998665538680674,1.9886491098706625e-05,0.009244406265603463,4.548019408270464e-06,2.1620406129402982e-06,2.266527741266158e-13
2037,0.050695882645357543,8.9226291015174512e-05,0.012954649,0.15787515299296737,0.00028667362230027607,0.044908377588462341,8.0294984932708011e-05,0,0,0,0
2038,0.069797617652044897,0.00015931736877974006,0.012946823999999999,0.15787515299296737,0.00028667362230027607,0.044908377588462341,8.0294984932708011e-05,9.3070088697094474e-07,4.0015195531920299e-15,0.076406009325860683,0.00024476894619767731
2039,0.053027601686447857,9.0336485399535057e-05,0.012981711,0.15787515299296737,0.00028667362230027607,0.044908377588462341,8.0294984932708011e-05,0.00028438071092829132,1.0940226677592041e-09,0.0090424954534331133,3.8760417201217597e-06
2040,0.059504420781918546,0.0001069345645698169,0.012930873000000001,0.15787515299296737,0.00028667362230027607,0.044908377588462341,8.0294984932708011e-05,0.035234152546241279,7.2765419883759325e-05,0,0
2041,0.061229458752502748,0.00014138945119145986,0.012949278,0.15787515299296737,0.00028667362230027607,0.087042682017042267,0.00031642210546467976,0,0,0,0
2042,0.063490082615861212,0.0001424993793332486,0.012933167000000001,0.15787515299296737,0.00028667362230027607,0.087042682017042267,0.00031642210546467976,0,0,0.0090424954534331133,3.8760417201217597e-06
2043,0.061229723482054785,0.00014138945120722088,0.012928016000000001,0.15787515299296737,0.00028667362230027607,0.087042682017042267,0.00031642210546467976,1.2335213843932404e-07,4.3468830174521832e-17,9.3556606998057864e-07,5.5017233883187946e-14
2044,0.061299697396766689,0.00014139052397669824,0.012860095,0.15787515299296737,0.00028667362230027607,0.087042682017042267,0.00031642210546467976,5.6798372372729349e-06,2.6628353116564885e-13,0.00027527473981856643,3.7461066010287721e-09
2045,0.08234388034571534,0.0003546928585808544,0.012883751000000001,0.15787515299296737,0.00028667362230027607,0.17146866400531868,0.0012819832070484491,3.1696332450882019e-05,1.7134390648275296e-11,8.0521251023118028e-09,5.2233865048072528e-18
2046,0.086831112268060881,0.00035913425863816237,0.012901465000000001,0.15787515299296737,0.00028667362230027607,0.17146866400531868,0.0012819832070484491,0.017980152884928567,1.825026263439753e-05,4.7918902984102718e-07,1.3811772537286094e-14
2047,0.11791403066015711,0.00063473613459606693,0.012935953,0.15787515299296737,0.00028667362230027607,0.17146866400531868,0.0012819832070484491,0.14228101620441289,0.0011507313567779948,3.1289437935637845e-05,5.8289411536559831e-11
