config_id,overall_MAPE,overall_NMSE,runtime_sec,s0_MAPE,s0_NMSE,s1_MAPE,s1_NMSE,s2_MAPE,s2_NMSE
0,0,0,0.48974670999999997,0,0,0,0,0,0
1,5.0443812664571499e-05,4.5055924288606615e-09,0.48452522599999998,0,0,0,0,0.00044636213875484773,1.2123420541968759e-08
2,0.00015138852500723855,3.1757325529872609e-08,0.487107758,0,0,0,0,0.0012207741926081306,8.5202409298701866e-08
3,0.00035171643398997939,1.5729642713840137e-07,0.49074886000000001,0,0,0,0,0.0025842092512702274,4.2273380854628752e-07
4,0.00074974255408688148,6.9011309159915343e-07,0.491851013,0,0,0,0,0.0050978705580568481,1.8776802509906289e-06
5,0.001562276537069752,2.9474457727783233e-06,0.49402277700000002,0,0,0,0,0.0096838115197718719,7.8781740840588525e-06
6,0.0031418406878834259,1.1858746030505242e-05,0.49787499899999998,0,0,0,0,0.017895703660261074,3.2209238392155289e-05
7,0.0062549431823633213,4.7175147903370013e-05,0.50389295300000003,0,0,0,0,0.033024180849732458,0.00013050766142434523
8,0.012579918512704761,0.00019073023030139388,0.49982452100000002,0,0,0,0,0.0597191578797443,0.00052211512387918
9,0.025223420668630599,0.00076301359562271087,0.50050091600000002,0,0,0,0,0.10760173572793312,0.0020827036680258959
10,0.050803604695358939,0.0030696640428214059,0.50362821800000002,0,0,0,0,0.19115920506163295,0.0082403358316727199
11,0.00084343536456167839,6.7944292661458802e-07,0.50167340699999996,0,0,0.0015607340272276234,8.699227671129213e-08,0,0
12,0.00089328288805964168,7.5853881782347676e-07,0.50061795399999998,0,0,0.0015607340272276234,8.699227671129213e-08,0.00044636213875484773,1.2123420541968759e-08
13,0.00099343901087200863,9.3495056560455926e-07,0.50092546199999999,0,0,0.0015607340272276234,8.699227671129213e-08,0.0012207741926081306,8.5202409298701866e-08
14,0.001197171013267883,1.3677015007270336e-06,0.50168062099999999,0,0,0.0015607340272276234,8.699227671129213e-08,0.0025842092512702274,4.2273380854628752e-07
15,0.0015958190737279687,2.4953469304693298e-06,0.50662269299999996,0,0,0.0015607340272276234,8.699227671129213e-08,0.0050978705580568481,1.8776802509906289e-06
16,0.0024003966710964019,5.9213920035381815e-06,0.50604950800000004,0,0,0.0015607340272276234,8.699227671129213e-08,0.0096838115197718719,7.8781740840588525e-06
17,0.0040032477863703661,1.7378778049187078e-05,0.50609727100000002,0,0,0.0015607340272276234,8.699227671129213e-08,0.017895703660261074,3.2209238392155289e-05
18,0.0071224126850774512,5.7735186246860147e-05,0.50096501000000004,0,0,0.0015607340272276234,8.699227671129213e-08,0.033024180849732458,0.00013050766142434523
19,0.013433851592832346,0.0002110156629718037,0.50097410899999995,0,0,0.0015607340272276234,8.699227671129213e-08,0.0597191578797443,0.00052211512387918
20,0.026031965403292553,0.00079969156323977898,0.49068588000000002,0,0,0.0015607340272276234,8.699227671129213e-08,0.10760173572793312,0.0020827036680258959
21,0.051612612250623524,0.0031435890535213853,0.48695474500000002,0,0,0.0015607340272276234,8.699227671129213e-08,0.19115920506163295,0.0082403358316727199
22,0.0025401818569314033,5.9950787138868399e-06,0.48874789200000002,0,0,0.0040550529216908859,6.0804941017694669e-07,0,0
23,0.0025899556240460402,6.2270066055652403e-06,0.49012775600000003,0,0,0.0040550529216908859,6.0804941017694669e-07,0.00044636213875484773,1.2123420541968759e-08
24,0.0026885421230740986,6.6987662148365346e-06,0.49018002799999999,0,0,0.0040550529216908859,6.0804941017694669e-07,0.0012207741926081306,8.5202409298701866e-08
25,0.0028866979119645361,7.7247486837536658e-06,0.49076794099999999,0,0,0.0040550529216908859,6.0804941017694669e-07,0.0025842092512702274,4.2273380854628752e-07
26,0.0032844455375788751,1.0057398239376358e-05,0.492298558,0,0,0.0040550529216908859,6.0804941017694669e-07,0.0050978705580568481,1.8776802509906289e-06
27,0.0040744319772104097,1.5869279029950844e-05,0.48736380200000001,0,0,0.0040550529216908859,6.0804941017694669e-07,0.0096838115197718719,7.8781740840588525e-06
28,0.0056852275112017313,3.228460334132922e-05,0.48602805300000002,0,0,0.0040550529216908859,6.0804941017694669e-07,0.017895703660261074,3.2209238392155289e-05
29,0.0089222565784281196,8.4049657324845143e-05,0.48589257000000002,0,0,0.0040550529216908859,6.0804941017694669e-07,0.033024180849732458,0.00013050766142434523
30,0.015268557652371454,0.00025948297732292935,0.48413901100000001,0,0,0.0040550529216908859,6.0804941017694669e-07,0.0597191578797443,0.00052211512387918
31,0.027979461560468898,0.00089776855824753833,0.48347664200000001,0,0,0.0040550529216908859,6.0804941017694669e-07,0.10760173572793312,0.0020827036680258959
32,0.053558512000899998,0.0033355276697158414,0.48381953,0,0,0.0040550529216908859,6.0804941017694669e-07,0.19115920506163295,0.0082403358316727199
33,0.0058373034384339006,3.1438169451102983e-05,0.485435913,0,0,0.0082544373065514005,3.0366291143224199e-06,0,0
34,0.0058864203916338563,3.1954132853431482e-05,0.49169131799999999,0,0,0.0082544373065514005,3.0366291143224199e-06,0.00044636213875484773,1.2123420541968759e-08
35,0.0059856510089319921,3.3016151828627501e-05,0.48893069,0,0,0.0082544373065514005,3.0366291143224199e-06,0.0012207741926081306,8.5202409298701866e-08
36,0.0061872960876633897,3.5240140244229907e-05,0.48666878200000002,0,0,0.0082544373065514005,3.0366291143224199e-06,0.0025842092512702274,4.2273380854628752e-07
37,0.0066056916635501457,4.0165508160670084e-05,0.48918173799999998,0,0,0.0082544373065514005,3.0366291143224199e-06,0.0050978705580568481,1.8776802509906289e-06
38,0.0073903010446441141,5.0584463211586522e-05,0.477697435,0,0,0.0082544373065514005,3.0366291143224199e-06,0.0096838115197718719,7.8781740840588525e-06
39,0.0089696072998914876,7.5897124354909544e-05,0.47699369800000002,0,0,0.0082544373065514005,3.0366291143224199e-06,0.017895703660261074,3.2209238392155289e-05
40,0.012230880016256659,0.00014693987320473745,0.477960155,0,0,0.0082544373065514005,3.0366291143224199e-06,0.033024180849732458,0.00013050766142434523
41,0.018797426215672264,0.00036674632573024002,0.493207799,0,0,0.0082544373065514005,3.0366291143224199e-06,0.0597191578797443,0.00052211512387918
42,0.031537944207482384,0.0010882655165951908,0.49947567799999998,0,0,0.0082544373065514005,3.0366291143224199e-06,0.10760173572793312,0.0020827036680258959
43,0.057083056634956747,0.0036833676713084866,0.49940169400000001,0,0,0.0082544373065514005,3.0366291143224199e-06,0.19115920506163295,0.0082403358316727199
44,0.012356666051327089,0.00014060762633380554,0.499129506,0,0,0.015279397859918326,1.3449920543001751e-05,0,0
45,0.012407418326101797,0.00014173042861188721,0.49912556800000002,0,0,0.015279397859918326,1.3449920543001751e-05,0.00044636213875484773,1.2123420541968759e-08
46,0.012509136424886309,0.00014398082897908721,0.50322407899999999,0,0,0.015279397859918326,1.3449920543001751e-05,0.0012207741926081306,8.5202409298701866e-08
47,0.012706955003047197,0.00014847341302779693,0.50259037600000001,0,0,0.015279397859918326,1.3449920543001751e-05,0.0025842092512702274,4.2273380854628752e-07
48,0.013105493577475088,0.00015782811791932691,0.50417091999999997,0,0,0.015279397859918326,1.3449920543001751e-05,0.0050978705580568481,1.8776802509906289e-06
49,0.013904584731028036,0.00017771644920274942,0.50547703099999997,0,0,0.015279397859918326,1.3449920543001751e-05,0.0096838115197718719,7.8781740840588525e-06
50,0.015489713246728215,0.0002217743508066114,0.50634595100000002,0,0,0.015279397859918326,1.3449920543001751e-05,0.017895703660261074,3.2209238392155289e-05
51,0.01863430004399903,0.00032682515487959173,0.50364245399999996,0,0,0.015279397859918326,1.3449920543001751e-05,0.033024180849732458,0.00013050766142434523
52,0.025199093837222051,0.00061886678012455538,0.506503127,0,0,0.015279397859918326,1.3449920543001751e-05,0.0597191578797443,0.00052211512387918
53,0.037989389343432087,0.0014880304929156885,0.50510373500000005,0,0,0.015279397859918326,1.3449920543001751e-05,0.10760173572793312,0.0020827036680258959
54,0.063368914274300456,0.0043671181665801695,0.50567404500000002,0,0,0.015279397859918326,1.3449920543001751e-05,0.19115920506163295,0.0082403358316727199
55,0.025147556882358816,0.00058178795680319056,0.503418217,0,0,0.027626122532480139,5.6284506996976423e-05,0,0
56,0.025197566418674905,0.00058402849385430142,0.50501907199999996,0,0,0.027626122532480139,5.6284506996976423e-05,0.00044636213875484773,1.2123420541968759e-08
57,0.025298471548346246,0.00058856346216947767,0.50498615700000005,0,0,0.027626122532480139,5.6284506996976423e-05,0.0012207741926081306,8.5202409298701866e-08
58,0.025500539433980549,0.00059778273171070195,0.50290323699999995,0,0,0.027626122532480139,5.6284506996976423e-05,0.0025842092512702274,4.2273380854628752e-07
59,0.025901820115574181,0.00061639518789587751,0.50552216100000003,0,0,0.027626122532480139,5.6284506996976423e-05,0.0050978705580568481,1.8776802509906289e-06
60,0.026710116876406832,0.00065520936206198512,0.50744118299999996,0,0,0.027626122532480139,5.6284506996976423e-05,0.0096838115197718719,7.8781740840588525e-06
61,0.028313217582121668,0.00073578228073864472,0.50837229299999998,0,0,0.027626122532480139,5.6284506996976423e-05,0.017895703660261074,3.2209238392155289e-05
62,0.031514189493164861,0.00091558588954571585,0.50771195899999999,0,0,0.027626122532480139,5.6284506996976423e-05,0.033024180849732458,0.00013050766142434523
63,0.037931114964867056,0.0013521236793942557,0.50841343400000005,0,0,0.027626122532480139,5.6284506996976423e-05,0.0597191578797443,0.00052211512387918
64,0.050960186709365481,0.0025319783581364622,0.51006102799999997,0,0,0.027626122532480139,5.6284506996976423e-05,0.10760173572793312,0.0020827036680258959
65,0.076595933295385166,0.0060464682970319452,0.50836648299999998,0,0,0.027626122532480139,5.6284506996976423e-05,0.19115920506163295,0.0082403358316727199
66,0.049493938184816282,0.0022634869005462416,0.50685561400000001,0,0,0.049095544509439357,0.00023102918783032435,0,0
67,0.049545406172925986,0.0022680353197734888,0.50535203100000003,0,0,0.049095544509439357,0.00023102918783032435,0.00044636213875484773,1.2123420541968759e-08
68,0.049644567056945241,0.0022769400582090759,0.50559339199999997,0,0,0.049095544509439357,0.00023102918783032435,0.0012207741926081306,8.5202409298701866e-08
69,0.049842924455083412,0.0022946198794026452,0.50416978300000004,0,0,0.049095544509439357,0.00023102918783032435,0.0025842092512702274,4.2273380854628752e-07
70,0.050246168906008422,0.0023306183814519308,0.50612090700000001,0,0,0.049095544509439357,0.00023102918783032435,0.0050978705580568481,1.8776802509906289e-06
71,0.051048957774568984,0.0024043940098421265,0.50839509999999999,0,0,0.049095544509439357,0.00023102918783032435,0.0096838115197718719,7.8781740840588525e-06
72,0.052686125153746904,0.0025584364153852274,0.505979823,0,0,0.049095544509439357,0.00023102918783032435,0.017895703660261074,3.2209238392155289e-05
73,0.055855498729884191,0.0028762047305210016,0.50605324600000001,0,0,0.049095544509439357,0.00023102918783032435,0.033024180849732458,0.00013050766142434523
74,0.062304042582390744,0.003592559034611695,0.50785594199999995,0,0,0.049095544509439357,0.00023102918783032435,0.0597191578797443,0.00052211512387918
75,0.075048258226240658,0.0053106958734345251,0.50708294899999995,0,0,0.049095544509439357,0.00023102918783032435,0.10760173572793312,0.0020827036680258959
76,0.10034745744005036,0.009883373210318333,0.50554451700000003,0,0,0.049095544509439357,0.00023102918783032435,0.19115920506163295,0.0082403358316727199
77,0.094538836792557493,0.0083143763096344345,0.50185075400000001,0,0,0.085255560296429084,0.00092764184431067063,0,0
78,0.094589574145711813,0.0083229561720089048,0.50113584300000003,0,0,0.085255560296429084,0.00092764184431067063,0.00044636213875484773,1.2123420541968759e-08
79,0.094689425780651426,0.0083399019171375138,0.50181971400000003,0,0,0.085255560296429084,0.00092764184431067063,0.0012207741926081306,8.5202409298701866e-08
80,0.094895600313321782,0.008375066219760436,0.50313030199999997,0,0,0.085255560296429084,0.00092764184431067063,0.0025842092512702274,4.2273380854628752e-07
81,0.095302329758380058,0.0084446439944770128,0.50275413199999996,0,0,0.085255560296429084,0.00092764184431067063,0.0050978705580568481,1.8776802509906289e-06
82,0.096119153044761416,0.00858485747100882,0.50023046400000004,0,0,0.085255560296429084,0.00092764184431067063,0.0096838115197718719,7.8781740840588525e-06
83,0.097742449433559947,0.0088697489001402386,0.49921818499999998,0,0,0.085255560296429084,0.00092764184431067063,0.017895703660261074,3.2209238392155289e-05
84,0.1009756997313682,0.0094521504799364251,0.51150723499999995,0,0,0.085255560296429084,0.00092764184431067063,0.033024180849732458,0.00013050766142434523
85,0.10749851333645918,0.010706320618378787,0.50866650999999996,0,0,0.085255560296429084,0.00092764184431067063,0.0597191578797443,0.00052211512387918
86,0.12023265531792815,0.013447948113268774,0.506543301,0,0,0.085255560296429084,0.00092764184431067063,0.10760173572793312,0.0020827036680258959
87,0.14607962802310526,0.020160231171257106,0.50637062600000005,0,0,0.085255560296429084,0.00092764184431067063,0.19115920506163295,0.0082403358316727199
88,0.1732910693974484,0.028325774871908536,0.50558471800000004,0,0,0.14750765219397771,0.0037075412252906923,0,0
89,0.17334189788600818,0.02834166422542134,0.50439916200000001,0,0,0.14750765219397771,0.0037075412252906923,0.00044636213875484773,1.2123420541968759e-08
90,0.17344365785094398,0.028373639079060053,0.50404507300000001,0,0,0.14750765219397771,0.0037075412252906923,0.0012207741926081306,8.5202409298701866e-08
91,0.17364129032585091,0.028435691225932144,0.50445805700000002,0,0,0.14750765219397771,0.0037075412252906923,0.0025842092512702274,4.2273380854628752e-07
92,0.17404699314349772,0.028562886705991487,0.49744925600000001,0,0,0.14750765219397771,0.0037075412252906923,0.0050978705580568481,1.8776802509906289e-06
93,0.17485782709687581,0.028818793027133627,0.49948310200000001,0,0,0.14750765219397771,0.0037075412252906923,0.0096838115197718719,7.8781740840588525e-06
94,0.17647333878392021,0.02932905098686053,0.50637975400000002,0,0,0.14750765219397771,0.0037075412252906923,0.017895703660261074,3.2209238392155289e-05
95,0.17966896102291627,0.030361646059998592,0.50697804899999999,0,0,0.14750765219397771,0.0037075412252906923,0.033024180849732458,0.00013050766142434523
96,0.18605657575172133,0.032509135057070232,0.50038595699999999,0,0,0.14750765219397771,0.0037075412252906923,0.0597191578797443,0.00052211512387918
97,0.19884417118027714,0.037075626332871627,0.49696103800000002,0,0,0.14750765219397771,0.0037075412252906923,0.10760173572793312,0.0020827036680258959
98,0.22468516969428723,0.047575580845603246,0.49941843800000002,0,0,0.14750765219397771,0.0037075412252906923,0.19115920506163295,0.0082403358316727199
99,0.29157084698972402,0.082585779320517805,0.49764298499999998,0,0,0.24961599500449363,0.014617581752285617,0,0
100,0.29162113746764823,0.082612568879456755,0.49844487399999998,0,0,0.24961599500449363,0.014617581752285617,0.00044636213875484773,1.2123420541968759e-08
101,0.29171904577311397,0.082664946784575255,0.49869024200000001,0,0,0.24961599500449363,0.014617581752285617,0.0012207741926081306,8.5202409298701866e-08
102,0.29192057086448631,0.082771569709021553,0.49600040099999998,0,0,0.24961599500449363,0.014617581752285617,0.0025842092512702274,4.2273380854628752e-07
103,0.29231948717872019,0.082984739187196219,0.49402204300000002,0,0,0.24961599500449363,0.014617581752285617,0.0050978705580568481,1.8776802509906289e-06
104,0.29312147093406415,0.083412313182209916,0.494439566,0,0,0.24961599500449363,0.014617581752285617,0.0096838115197718719,7.8781740840588525e-06
105,0.29470308032342091,0.084256832502338799,0.50058022800000002,0,0,0.24961599500449363,0.014617581752285617,0.017895703660261074,3.2209238392155289e-05
106,0.29787545200424409,0.08596751366217649,0.49602132199999999,0,0,0.24961599500449363,0.014617581752285617,0.033024180849732458,0.00013050766142434523
107,0.30422655401507248,0.089493839843839781,0.49878836300000001,0,0,0.24961599500449363,0.014617581752285617,0.0597191578797443,0.00052211512387918
108,0.31703978517961107,0.096835330675229064,0.49684239899999999,0,0,0.24961599500449363,0.014617581752285617,0.10760173572793312,0.0020827036680258959
109,0.34343938094580101,0.11325908468040612,0.49947940800000001,0,0,0.24961599500449363,0.014617581752285617,0.19115920506163295,0.0082403358316727199
110,0.0010514133595897429,1.0539587193936385e-06,0.49972617800000002,0.0014804048558605166,8.5770266084834431e-08,0,0,0,0
111,0.0011001481046010724,1.1508155777421522e-06,0.49952576799999998,0.0014804048558605166,8.5770266084834431e-08,0,0,0.00044636213875484773,1.2123420541968759e-08
112,0.0011999410175986679,1.3661207355441351e-06,0.49852600400000002,0.0014804048558605166,8.5770266084834431e-08,0,0,0.0012207741926081306,8.5202409298701866e-08
113,0.0013995564298782386,1.863304318173715e-06,0.49940289999999998,0.0014804048558605166,8.5770266084834431e-08,0,0,0.0025842092512702274,4.2273380854628752e-07
114,0.0018010762992471873,3.140957777251491e-06,0.49822525000000001,0.0014804048558605166,8.5770266084834431e-08,0,0,0.0050978705580568481,1.8776802509906289e-06
115,0.0026008221415034284,6.8334935140706619e-06,0.50011770099999997,0.0014804048558605166,8.5770266084834431e-08,0,0,0.0096838115197718719,7.8781740840588525e-06
116,0.0041929370865845129,1.8791982122698407e-05,0.49948764499999998,0.0014804048558605166,8.5770266084834431e-08,0,0,0.017895703660261074,3.2209238392155289e-05
117,0.0073299533819870602,6.0399829423499516e-05,0.50098391499999995,0.0014804048558605166,8.5770266084834431e-08,0,0,0.033024180849732458,0.00013050766142434523
118,0.013635147617249583,0.00021592446578643141,0.48524091899999999,0.0014804048558605166,8.5770266084834431e-08,0,0,0.0597191578797443,0.00052211512387918
119,0.026271178647491678,0.0008114060870885127,0.48212492899999998,0.0014804048558605166,8.5770266084834431e-08,0,0,0.10760173572793312,0.0020827036680258959
120,0.05191002219580184,0.0031720639036826653,0.480661273,0.0014804048558605166,8.5770266084834431e-08,0,0,0.19115920506163295,0.0082403358316727199
121,0.0018948487241514267,3.3101161181256274e-06,0.480292777,0.0014804048558605166,8.5770266084834431e-08,0.0015607340272276234,8.699227671129213e-08,0,0
122,0.0019457507273633098,3.4855316545154036e-06,0.48100743699999998,0.0014804048558605166,8.5770266084834431e-08,0.0015607340272276234,8.699227671129213e-08,0.00044636213875484773,1.2123420541968759e-08
123,0.0020476953142492837,3.8579006529119506e-06,0.48067096199999998,0.0014804048558605166,8.5770266084834431e-08,0.0015607340272276234,8.699227671129213e-08,0.0012207741926081306,8.5202409298701866e-08
124,0.0022508201167979946,4.6706774177856355e-06,0.48169465299999997,0.0014804048558605166,8.5770266084834431e-08,0.0015607340272276234,8.699227671129213e-08,0.0025842092512702274,4.2273380854628752e-07
125,0.0026460930087584757,6.5461894420788449e-06,0.491183386,0.0014804048558605166,8.5770266084834431e-08,0.0015607340272276234,8.699227671129213e-08,0.0050978705580568481,1.8776802509906289e-06
126,0.0034392773853178121,1.144642977863253e-05,0.48859032400000002,0.0014804048558605166,8.5770266084834431e-08,0.0015607340272276234,8.699227671129213e-08,0.0096838115197718719,7.8781740840588525e-06
127,0.0050614373437309484,2.6090374972141142e-05,0.516541633,0.0014804048558605166,8.5770266084834431e-08,0.0015607340272276234,8.699227671129213e-08,0.017895703660261074,3.2209238392155289e-05
128,0.008241446647656742,7.3355780862536271e-05,0.52641730900000006,0.0014804048558605166,8.5770266084834431e-08,0.0015607340272276234,8.699227671129213e-08,0.033024180849732458,0.00013050766142434523
129,0.014664096855584291,0.00024259197442193041,0.53265199399999996,0.0014804048558605166,8.5770266084834431e-08,0.0015607340272276234,8.699227671129213e-08,0.0597191578797443,0.00052211512387918
130,0.027286110604986091,0.00086175661969419817,0.52942399600000001,0.0014804048558605166,8.5770266084834431e-08,0.0015607340272276234,8.699227671129213e-08,0.10760173572793312,0.0020827036680258959
131,0.052732863794379567,0.003254305846931602,0.53275102699999999,0.0014804048558605166,8.5770266084834431e-08,0.0015607340272276234,8.699227671129213e-08,0.19115920506163295,0.0082403358316727199
132,0.0068887167980236415,4.3420488918178127e-05,0.52739573299999998,0.0014804048558605166,8.5770266084834431e-08,0.0082544373065514005,3.0366291143224199e-06,0,0
133,0.0069390163847919562,4.4043372148880124e-05,0.52571908199999995,0.0014804048558605166,8.5770266084834431e-08,0.0082544373065514005,3.0366291143224199e-06,0.00044636213875484773,1.2123420541968759e-08
134,0.0070414313287321976,4.5330921856655005e-05,0.53126856499999997,0.0014804048558605166,8.5770266084834431e-08,0.0082544373065514005,3.0366291143224199e-06,0.0012207741926081306,8.5202409298701866e-08
135,0.007238082141664908,4.7868478099110923e-05,0.51946739399999997,0.0014804048558605166,8.5770266084834431e-08,0.0082544373065514005,3.0366291143224199e-06,0.0025842092512702274,4.2273380854628752e-07
136,0.0076333371754615867,5.323764584064988e-05,0.501851135,0.0014804048558605166,8.5770266084834431e-08,0.0082544373065514005,3.0366291143224199e-06,0.0050978705580568481,1.8776802509906289e-06
137,0.008454580663019854,6.5539423954830427e-05,0.50077149499999996,0.0014804048558605166,8.5770266084834431e-08,0.0082544373065514005,3.0366291143224199e-06,0.0096838115197718719,7.8781740840588525e-06
138,0.010061545990484878,9.4286956110160158e-05,0.50144999599999995,0.0014804048558605166,8.5770266084834431e-08,0.0082544373065514005,3.0366291143224199e-06,0.017895703660261074,3.2209238392155289e-05
139,0.013341686771565858,0.00017182585947910978,0.50174629100000001,0.0014804048558605166,8.5770266084834431e-08,0.0082544373065514005,3.0366291143224199e-06,0.033024180849732458,0.00013050766142434523
140,0.019863766375168082,0.00040272032591919058,0.50023764699999995,0.0014804048558605166,8.5770266084834431e-08,0.0082544373065514005,3.0366291143224199e-06,0.0597191578797443,0.00052211512387918
141,0.032778555611429019,0.0011576927234280964,0.49973116299999998,0.0014804048558605166,8.5770266084834431e-08,0.0082544373065514005,3.0366291143224199e-06,0.10760173572793312,0.0020827036680258959
142,0.05836310550265246,0.0038121642030372418,0.49829920799999999,0.0014804048558605166,8.5770266084834431e-08,0.0082544373065514005,3.0366291143224199e-06,0.19115920506163295,0.0082403358316727199
143,0.17434248275703881,0.028654488956791884,0.50308363300000003,0.0014804048558605166,8.5770266084834431e-08,0.14750765219397771,0.0037075412252906923,0,0
144,0.17439180606089366,0.028669980122141635,0.51033006599999997,0.0014804048558605166,8.5770266084834431e-08,0.14750765219397771,0.0037075412252906923,0.00044636213875484773,1.2123420541968759e-08
145,0.17449195797152853,0.028701575863830469,0.51488936299999999,0.0014804048558605166,8.5770266084834431e-08,0.14750765219397771,0.0037075412252906923,0.0012207741926081306,8.5202409298701866e-08
146,0.17469600991430873,0.028765646219717219,0.516928418,0.0014804048558605166,8.5770266084834431e-08,0.14750765219397771,0.0037075412252906923,0.0025842092512702274,4.2273380854628752e-07
147,0.17510061476038083,0.028892523998907408,0.516676519,0.0014804048558605166,8.5770266084834431e-08,0.14750765219397771,0.0037075412252906923,0.0050978705580568481,1.8776802509906289e-06
148,0.17591356627106799,0.029149585925263462,0.51489940300000003,0.0014804048558605166,8.5770266084834431e-08,0.14750765219397771,0.0037075412252906923,0.0096838115197718719,7.8781740840588525e-06
149,0.1775415238393909,0.029664875065376236,0.51437748800000005,0.0014804048558605166,8.5770266084834431e-08,0.14750765219397771,0.0037075412252906923,0.017895703660261074,3.2209238392155289e-05
150,0.18073478320603009,0.03070008893950063,0.51890325999999998,0.0014804048558605166,8.5770266084834431e-08,0.14750765219397771,0.0037075412252906923,0.033024180849732458,0.00013050766142434523
151,0.18719497758015516,0.032881935340900843,0.52653430099999998,0.0014804048558605166,8.5770266084834431e-08,0.14750765219397771,0.0037075412252906923,0.0597191578797443,0.00052211512387918
152,0.20004656621817477,0.037503604806176503,0.52516563900000002,0.0014804048558605166,8.5770266084834431e-08,0.14750765219397771,0.0037075412252906923,0.10760173572793312,0.0020827036680258959
153,0.22562670887019123,0.047962741854198764,0.52767562099999998,0.0014804048558605166,8.5770266084834431e-08,0.14750765219397771,0.0037075412252906923,0.19115920506163295,0.0082403358316727199
154,0.29262226034931432,0.083144137737692692,0.51672306999999995,0.0014804048558605166,8.5770266084834431e-08,0.24961599500449363,0.014617581752285617,0,0
155,0.29267339790512087,0.083171099513588476,0.514755674,0.0014804048558605166,8.5770266084834431e-08,0.24961599500449363,0.014617581752285617,0.00044636213875484773,1.2123420541968759e-08
156,0.29277162025267089,0.083223576784618405,0.50731485399999998,0.0014804048558605166,8.5770266084834431e-08,0.24961599500449363,0.014617581752285617,0.0012207741926081306,8.5202409298701866e-08
157,0.29297066091939306,0.083329881151947741,0.495320808,0.0014804048558605166,8.5770266084834431e-08,0.24961599500449363,0.014617581752285617,0.0025842092512702274,4.2273380854628752e-07
158,0.29337710790385718,0.083544087348621524,0.505936253,0.0014804048558605166,8.5770266084834431e-08,0.24961599500449363,0.014617581752285617,0.0050978705580568481,1.8776802509906289e-06
159,0.29418943311018753,0.083977358750680464,0.505801371,0.0014804048558605166,8.5770266084834431e-08,0.24961599500449363,0.014617581752285617,0.0096838115197718719,7.8781740840588525e-06
160,0.29577675215766486,0.084836263033973722,0.50621980499999997,0.0014804048558605166,8.5770266084834431e-08,0.24961599500449363,0.014617581752285617,0.017895703660261074,3.2209238392155289e-05
161,0.29893038946079653,0.086540691740591327,0.51334653500000005,0.0014804048558605166,8.5770266084834431e-08,0.24961599500449363,0.014617581752285617,0.033024180849732458,0.00013050766142434523
162,0.30530659968147489,0.090091089814459804,0.51170275899999995,0.0014804048558605166,8.5770266084834431e-08,0.24961599500449363,0.014617581752285617,0.0597191578797443,0.00052211512387918
163,0.31809468292277127,0.097477783153175804,0.52742485400000005,0.0014804048558605166,8.5770266084834431e-08,0.24961599500449363,0.014617581752285617,0.10760173572793312,0.0020827036680258959
164,0.34451148239441115,0.11394021742853491,0.52421623500000003,0.0014804048558605166,8.5770266084834431e-08,0.24961599500449363,0.014617581752285617,0.19115920506163295,0.0082403358316727199
165,0.0031447637147502183,9.1798512677638021e-06,0.52592713300000005,0.0038671423070350116,6.0167911275101481e-07,0,0,0,0
166,0.0031946221985223512,9.4648088914372534e-06,0.52775955699999999,0.0038671423070350116,6.0167911275101481e-07,0,0,0.00044636213875484773,1.2123420541968759e-08
167,0.0032952521319318936,1.0054286107922526e-05,0.52541774200000002,0.0038671423070350116,6.0167911275101481e-07,0,0,0.0012207741926081306,8.5202409298701866e-08
168,0.0034998438569381822,1.1334162518038754e-05,0.52500154200000004,0.0038671423070350116,6.0167911275101481e-07,0,0,0.0025842092512702274,4.2273380854628752e-07
169,0.0038975773413273004,1.4118120533378989e-05,0.52859573299999996,0.0038671423070350116,6.0167911275101481e-07,0,0,0.0050978705580568481,1.8776802509906289e-06
170,0.0046971130701957695,2.0816810591559578e-05,0.530805631,0.0038671423070350116,6.0167911275101481e-07,0,0,0.0096838115197718719,7.8781740840588525e-06
171,0.0063478124666259926,3.9403842803376786e-05,0.52570511200000003,0.0038671423070350116,6.0167911275101481e-07,0,0,0.017895703660261074,3.2209238392155289e-05
172,0.0095726053310309211,9.4608114903152381e-05,0.53112171600000002,0.0038671423070350116,6.0167911275101481e-07,0,0,0.033024180849732458,0.00013050766142434523
173,0.015990664320595385,0.00027919828068404044,0.52090150000000002,0.0038671423070350116,6.0167911275101481e-07,0,0,0.0597191578797443,0.00052211512387918
174,0.028673408962592354,0.00093171074825473669,0.51634083099999994,0.0038671423070350116,6.0167911275101481e-07,0,0,0.10760173572793312,0.0020827036680258959
175,0.054237151532214471,0.0034014856238940121,0.51781489800000002,0.0038671423070350116,6.0167911275101481e-07,0,0,0.19115920506163295,0.0082403358316727199
176,0.0039881990793118978,1.4587856845547693e-05,0.51694505599999996,0.0038671423070350116,6.0167911275101481e-07,0.0015607340272276234,8.699227671129213e-08,0,0
177,0.0040380683454485046,1.4946070997378102e-05,0.52305384700000002,0.0038671423070350116,6.0167911275101481e-07,0.0015607340272276234,8.699227671129213e-08,0.00044636213875484773,1.2123420541968759e-08
178,0.0041366695681937411,1.5674746114630388e-05,0.52957622100000001,0.0038671423070350116,6.0167911275101481e-07,0.0015607340272276234,8.699227671129213e-08,0.0012207741926081306,8.5202409298701866e-08
179,0.0043387069561725607,1.7239736578307956e-05,0.52351789900000001,0.0038671423070350116,6.0167911275101481e-07,0.0015607340272276234,8.699227671129213e-08,0.0025842092512702274,4.2273380854628752e-07
180,0.0047346349554987198,2.0566259310070154e-05,0.51775142500000004,0.0038671423070350116,6.0167911275101481e-07,0.0015607340272276234,8.699227671129213e-08,0.0050978705580568481,1.8776802509906289e-06
181,0.0055433550491264172,2.8562955179058334e-05,0.51832715500000004,0.0038671423070350116,6.0167911275101481e-07,0.0015607340272276234,8.699227671129213e-08,0.0096838115197718719,7.8781740840588525e-06
182,0.0071442333409139731,4.8999877846162606e-05,0.52109603999999998,0.0038671423070350116,6.0167911275101481e-07,0.0015607340272276234,8.699227671129213e-08,0.017895703660261074,3.2209238392155289e-05
183,0.010339414580566418,0.00010819637241534857,0.52435899600000002,0.0038671423070350116,6.0167911275101481e-07,0.0015607340272276234,8.699227671129213e-08,0.033024180849732458,0.00013050766142434523
184,0.016817751887509905,0.00030338293413893341,0.52815107100000003,0.0038671423070350116,6.0167911275101481e-07,0.0015607340272276234,8.699227671129213e-08,0.0597191578797443,0.00052211512387918
185,0.029515293708133446,0.00097521972914883716,0.52438646899999997,0.0038671423070350116,6.0167911275101481e-07,0.0015607340272276234,8.699227671129213e-08,0.10760173572793312,0.0020827036680258959
186,0.055105042991920844,0.0034797356081344025,0.51210929400000005,0.0038671423070350116,6.0167911275101481e-07,0.0015607340272276234,8.699227671129213e-08,0.19115920506163295,0.0082403358316727199
187,0.0056849455716816233,2.9435844244930138e-05,0.50773707000000001,0.0038671423070350116,6.0167911275101481e-07,0.0040550529216908859,6.0804941017694669e-07,0,0
188,0.0057352694850073679,2.9950965807467218e-05,0.50513476999999996,0.0038671423070350116,6.0167911275101481e-07,0.0040550529216908859,6.0804941017694669e-07,0.00044636213875484773,1.2123420541968759e-08
189,0.0058360753226142977,3.1002388716046621e-05,0.50626947600000005,0.0038671423070350116,6.0167911275101481e-07,0.0040550529216908859,6.0804941017694669e-07,0.0012207741926081306,8.5202409298701866e-08
190,0.0060330493398022701,3.3125866812103058e-05,0.51874406799999995,0.0038671423070350116,6.0167911275101481e-07,0.0040550529216908859,6.0804941017694669e-07,0.0025842092512702274,4.2273380854628752e-07
191,0.006436827062795779,3.7776445047582695e-05,0.51806669000000005,0.0038671423070350116,6.0167911275101481e-07,0.0040550529216908859,6.0804941017694669e-07,0.0050978705580568481,1.8776802509906289e-06
192,0.0072310310032391543,4.8048388936489567e-05,0.50740631899999999,0.0038671423070350116,6.0167911275101481e-07,0.0040550529216908859,6.0804941017694669e-07,0.0096838115197718719,7.8781740840588525e-06
193,0.0087965410634246212,7.2598594339927844e-05,0.51684537500000005,0.0038671423070350116,6.0167911275101481e-07,0.0040550529216908859,6.0804941017694669e-07,0.017895703660261074,3.2209238392155289e-05
194,0.012074973056096068,0.00014273240320958908,0.515416757,0.0038671423070350116,6.0167911275101481e-07,0.0040550529216908859,6.0804941017694669e-07,0.033024180849732458,0.00013050766142434523
195,0.018629396069758161,0.00035965712080666756,0.51682879400000004,0.0038671423070350116,6.0167911275101481e-07,0.0040550529216908859,6.0804941017694669e-07,0.0597191578797443,0.00052211512387918
196,0.031278132222393125,0.0010719330507254826,0.52667617499999997,0.0038671423070350116,6.0167911275101481e-07,0.0040550529216908859,6.0804941017694669e-07,0.10760173572793312,0.0020827036680258959
197,0.056802491537289647,0.0036518113828840101,0.52634533100000003,0.0038671423070350116,6.0167911275101481e-07,0.0040550529216908859,6.0804941017694669e-07,0.19115920506163295,0.0082403358316727199
198,0.052638701899566494,0.0025510172833617885,0.51788242299999998,0.0038671423070350116,6.0167911275101481e-07,0.049095544509439357,0.00023102918783032435,0,0
199,0.052689840793156896,0.0025558276835437811,0.51456911900000002,0.0038671423070350116,6.0167911275101481e-07,0.049095544509439357,0.00023102918783032435,0.00044636213875484773,1.2123420541968759e-08
200,0.052787847680417811,0.0025650786918859432,0.51534855499999999,0.0038671423070350116,6.0167911275101481e-07,0.049095544509439357,0.00023102918783032435,0.0012207741926081306,8.5202409298701866e-08
201,0.052990058201927412,0.0025841198318291561,0.51839854799999996,0.0038671423070350116,6.0167911275101481e-07,0.049095544509439357,0.00023102918783032435,0.0025842092512702274,4.2273380854628752e-07
202,0.053395152740414599,0.0026228276995367136,0.524282209,0.0038671423070350116,6.0167911275101481e-07,0.049095544509439357,0.00023102918783032435,0.0050978705580568481,1.8776802509906289e-06
203,0.054190888156476415,0.0027003922903398852,0.52578612499999999,0.0038671423070350116,6.0167911275101481e-07,0.049095544509439357,0.00023102918783032435,0.0096838115197718719,7.8781740840588525e-06
204,0.055773860997346054,0.0028593967177921046,0.514817784,0.0038671423070350116,6.0167911275101481e-07,0.049095544509439357,0.00023102918783032435,0.017895703660261074,3.2209238392155289e-05
205,0.058926611473550009,0.0031926670701548374,0.50435914500000001,0.0038671423070350116,6.0167911275101481e-07,0.049095544509439357,0.00023102918783032435,0.033024180849732458,0.00013050766142434523
206,0.065488278792586355,0.0039593250108174577,0.506356429,0.0038671423070350116,6.0167911275101481e-07,0.049095544509439357,0.00023102918783032435,0.0597191578797443,0.00052211512387918
207,0.078286315629897088,0.0057560374715083552,0.51474880000000001,0.0038671423070350116,6.0167911275101481e-07,0.049095544509439357,0.00023102918783032435,0.10760173572793312,0.0020827036680258959
208,0.103805862997932,0.010523886616307373,0.51498049999999995,0.0038671423070350116,6.0167911275101481e-07,0.049095544509439357,0.00023102918783032435,0.19115920506163295,0.0082403358316727199
209,0.29471561070447377,0.084266503500230489,0.51238951200000005,0.0038671423070350116,6.0167911275101481e-07,0.24961599500449363,0.014617581752285617,0,0
210,0.29476616793275845,0.084293734197628159,0.50018955600000004,0.0038671423070350116,6.0167911275101481e-07,0.24961599500449363,0.014617581752285617,0.00044636213875484773,1.2123420541968759e-08
211,0.29486480558649819,0.084346933812481456,0.49661772900000001,0.0038671423070350116,6.0167911275101481e-07,0.24961599500449363,0.014617581752285617,0.0012207741926081306,8.5202409298701866e-08
212,0.29506936882792473,0.084456582436751942,0.51188959999999994,0.0038671423070350116,6.0167911275101481e-07,0.24961599500449363,0.014617581752285617,0.0025842092512702274,4.2273380854628752e-07
213,0.29547446709910319,0.084674871453499681,0.51599511499999995,0.0038671423070350116,6.0167911275101481e-07,0.24961599500449363,0.014617581752285617,0.0050978705580568481,1.8776802509906289e-06
214,0.29627969825413608,0.08510763707656531,1.401136495,0.0038671423070350116,6.0167911275101481e-07,0.24961599500449363,0.014617581752285617,0.0096838115197718719,7.8781740840588525e-06
215,0.2978809602314399,0.08597570018159785,1.563868767,0.0038671423070350116,6.0167911275101481e-07,0.24961599500449363,0.014617581752285617,0.017895703660261074,3.2209238392155289e-05
216,0.30105350433324923,0.087721351028811623,1.144358706,0.0038671423070350116,6.0167911275101481e-07,0.24961599500449363,0.014617581752285617,0.033024180849732458,0.00013050766142434523
217,0.30739674838811815,0.091283907821545232,1.1395908589999999,0.0038671423070350116,6.0167911275101481e-07,0.24961599500449363,0.014617581752285617,0.0597191578797443,0.00052211512387918
218,0.32015368407546607,0.098694972344007703,0.62265391699999995,0.0038671423070350116,6.0167911275101481e-07,0.24961599500449363,0.014617581752285617,0.10760173572793312,0.0020827036680258959
219,0.3462240881550171,0.11507293052799272,0.51865331999999997,0.0038671423070350116,6.0167911275101481e-07,0.24961599500449363,0.014617581752285617,0.19115920506163295,0.0082403358316727199
220,0.0073248777364133179,4.9333806257897932e-05,0.51672121000000004,0.007840958711626966,3.0142486114085097e-06,0,0,0,0
221,0.0073747362201854677,4.9993133535902537e-05,0.51746576499999997,0.007840958711626966,3.0142486114085097e-06,0,0,0.00044636213875484773,1.2123420541968759e-08
222,0.0074742672979746039,5.1325134031294446e-05,0.522308781,0.007840958711626966,3.0142486114085097e-06,0,0,0.0012207741926081306,8.5202409298701866e-08
223,0.0076743195264992103,5.4064254300873927e-05,0.52629896300000001,0.007840958711626966,3.0142486114085097e-06,0,0,0.0025842092512702274,4.2273380854628752e-07
224,0.008071519133368045,5.9802102588715993e-05,0.51608334300000003,0.007840958711626966,3.0142486114085097e-06,0,0,0.0050978705580568481,1.8776802509906289e-06
225,0.0088768902427932145,7.2606629896274249e-05,0.500603931,0.007840958711626966,3.0142486114085097e-06,0,0,0.0096838115197718719,7.8781740840588525e-06
226,0.010462646127700898,0.00010235649890799358,0.49692708099999999,0.007840958711626966,3.0142486114085097e-06,0,0,0.017895703660261074,3.2209238392155289e-05
227,0.013766541694170653,0.00018254608202780031,0.497893951,0.007840958711626966,3.0142486114085097e-06,0,0,0.033024180849732458,0.00013050766142434523
228,0.020366971094377101,0.00042144607027580716,0.503625922,0.007840958711626966,3.0142486114085097e-06,0,0,0.0597191578797443,0.00052211512387918
229,0.03304245952158906,0.0011752328938975389,0.50758382099999999,0.007840958711626966,3.0142486114085097e-06,0,0,0.10760173572793312,0.0020827036680258959
230,0.05856137902757836,0.0038395725636217928,0.50335623699999998,0.007840958711626966,3.0142486114085097e-06,0,0,0.19115920506163295,0.0082403358316727199
231,0.0081683131009750182,6.1029255951748953e-05,0.50672163299999995,0.007840958711626966,3.0142486114085097e-06,0.0015607340272276234,8.699227671129213e-08,0,0
232,0.0082181823671116198,6.1757887844953276e-05,0.51453883700000003,0.007840958711626966,3.0142486114085097e-06,0.0015607340272276234,8.699227671129213e-08,0.00044636213875484773,1.2123420541968759e-08
233,0.0083196315896527234,6.3261640124097503e-05,0.520191772,0.007840958711626966,3.0142486114085097e-06,0.0015607340272276234,8.699227671129213e-08,0.0012207741926081306,8.5202409298701866e-08
234,0.0085230560769675671,6.6365538425934825e-05,0.53019715899999997,0.007840958711626966,3.0142486114085097e-06,0.0015607340272276234,8.699227671129213e-08,0.0025842092512702274,4.2273380854628752e-07
235,0.0089263714828434083,7.2741851184628031e-05,0.53152932100000005,0.007840958711626966,3.0142486114085097e-06,0.0015607340272276234,8.699227671129213e-08,0.0050978705580568481,1.8776802509906289e-06
236,0.0097140935327156876,8.643924735966017e-05,0.51671109900000001,0.007840958711626966,3.0142486114085097e-06,0.0015607340272276234,8.699227671129213e-08,0.0096838115197718719,7.8781740840588525e-06
237,0.011337856506351909,0.00011930256512953016,0.51476902599999996,0.007840958711626966,3.0142486114085097e-06,0.0015607340272276234,8.699227671129213e-08,0.017895703660261074,3.2209238392155289e-05
238,0.014618579907453924,0.00020389378890111796,0.51802688200000002,0.007840958711626966,3.0142486114085097e-06,0.0015607340272276234,8.699227671129213e-08,0.033024180849732458,0.00013050766142434523
239,0.021163484019625433,0.0004505110727720357,0.51581311299999999,0.007840958711626966,3.0142486114085097e-06,0.0015607340272276234,8.699227671129213e-08,0.0597191578797443,0.00052211512387918
240,0.03396052526380311,0.001228171666029357,0.51437217000000002,0.007840958711626966,3.0142486114085097e-06,0.0015607340272276234,8.699227671129213e-08,0.10760173572793312,0.0020827036680258959
241,0.059582927984062478,0.0039465039513406942,0.51742082,0.007840958711626966,3.0142486114085097e-06,0.0015607340272276234,8.699227671129213e-08,0.19115920506163295,0.0082403358316727199
242,0.013162181174847225,0.0001570482428881103,0.51489625500000002,0.007840958711626966,3.0142486114085097e-06,0.0082544373065514005,3.0366291143224199e-06,0,0
243,0.013212077093308476,0.00015822462651937064,0.51537220500000003,0.007840958711626966,3.0142486114085097e-06,0.0082544373065514005,3.0366291143224199e-06,0.00044636213875484773,1.2123420541968759e-08
244,0.013312438124487302,0.00016060629626196718,0.51148775700000004,0.007840958711626966,3.0142486114085097e-06,0.0082544373065514005,3.0366291143224199e-06,0.0012207741926081306,8.5202409298701866e-08
245,0.013516806614270556,0.00016552157033406238,0.50772461199999996,0.007840958711626966,3.0142486114085097e-06,0.0082544373065514005,3.0366291143224199e-06,0.0025842092512702274,4.2273380854628752e-07
246,0.013925387031927732,0.00017564320980016198,0.51132602999999999,0.007840958711626966,3.0142486114085097e-06,0.0082544373065514005,3.0366291143224199e-06,0.0050978705580568481,1.8776802509906289e-06
247,0.014730833004391243,0.00019677599847382139,0.51646589499999995,0.007840958711626966,3.0142486114085097e-06,0.0082544373065514005,3.0366291143224199e-06,0.0096838115197718719,7.8781740840588525e-06
248,0.016310090797328643,0.00024281301808667241,0.51824041899999995,0.007840958711626966,3.0142486114085097e-06,0.0082544373065514005,3.0366291143224199e-06,0.017895703660261074,3.2209238392155289e-05
249,0.01948217827887698,0.00035317809124369391,0.51692503700000003,0.007840958711626966,3.0142486114085097e-06,0.0082544373065514005,3.0366291143224199e-06,0.033024180849732458,0.00013050766142434523
250,0.025980914676038969,0.00065222514085753645,0.52836740599999998,0.007840958711626966,3.0142486114085097e-06,0.0082544373065514005,3.0366291143224199e-06,0.0597191578797443,0.00052211512387918
251,0.038790318044544775,0.0015411821414254704,0.527137419,0.007840958711626966,3.0142486114085097e-06,0.0082544373065514005,3.0366291143224199e-06,0.10760173572793312,0.0020827036680258959
252,0.064170183019204283,0.0044582208256009805,0.527326132,0.007840958711626966,3.0142486114085097e-06,0.0082544373065514005,3.0366291143224199e-06,0.19115920506163295,0.0082403358316727199
253,0.056818815921229338,0.0029618454835762102,0.52668453199999998,0.007840958711626966,3.0142486114085097e-06,0.049095544509439357,0.00023102918783032435,0,0
254,0.056869954814819934,0.0029670362059814252,0.52981549800000005,0.007840958711626966,3.0142486114085097e-06,0.049095544509439357,0.00023102918783032435,0.00044636213875484773,1.2123420541968759e-08
255,0.056970698253733784,0.0029773007729661451,0.52635447300000004,0.007840958711626966,3.0142486114085097e-06,0.049095544509439357,0.00023102918783032435,0.0012207741926081306,8.5202409298701866e-08
256,0.057172011651642804,0.0029979855958397967,0.52760657399999999,0.007840958711626966,3.0142486114085097e-06,0.049095544509439357,0.00023102918783032435,0.0025842092512702274,4.2273380854628752e-07
257,0.057578334168578015,0.0030398904623319431,0.52649776599999998,0.007840958711626966,3.0142486114085097e-06,0.049095544509439357,0.00023102918783032435,0.0050978705580568481,1.8776802509906289e-06
258,0.058399646417891117,0.0031259209728025598,0.52582098399999999,0.007840958711626966,3.0142486114085097e-06,0.049095544509439357,0.00023102918783032435,0.0096838115197718719,7.8781740840588525e-06
259,0.059967830483182126,0.0032949473197839245,0.52645141200000001,0.007840958711626966,3.0142486114085097e-06,0.049095544509439357,0.00023102918783032435,0.017895703660261074,3.2209238392155289e-05
260,0.063194574363265185,0.0036569757427365396,0.51392490400000002,0.007840958711626966,3.0142486114085097e-06,0.049095544509439357,0.00023102918783032435,0.033024180849732458,0.00013050766142434523
261,0.069630958883419913,0.0044576443732309498,0.50540554599999998,0.007840958711626966,3.0142486114085097e-06,0.049095544509439357,0.00023102918783032435,0.0597191578797443,0.00052211512387918
262,0.082282499235448378,0.0063224340672885576,0.50654895200000005,0.007840958711626966,3.0142486114085097e-06,0.049095544509439357,0.00023102918783032435,0.10760173572793312,0.0020827036680258959
263,0.10801425452638098,0.011315297758969001,0.50667227400000003,0.007840958711626966,3.0142486114085097e-06,0.049095544509439357,0.00023102918783032435,0.19115920506163295,0.0082403358316727199
264,0.18061594713386228,0.030664758518628207,0.50672654900000003,0.007840958711626966,3.0142486114085097e-06,0.14750765219397771,0.0037075412252906923,0,0
265,0.18066765016612091,0.030681556937676744,0.511623418,0.007840958711626966,3.0142486114085097e-06,0.14750765219397771,0.0037075412252906923,0.00044636213875484773,1.2123420541968759e-08
266,0.18077063280032196,0.030715271662160645,0.51600528099999998,0.007840958711626966,3.0142486114085097e-06,0.14750765219397771,0.0037075412252906923,0.0012207741926081306,8.5202409298701866e-08
267,0.18097097980449786,0.030780308030237187,0.51583637000000004,0.007840958711626966,3.0142486114085097e-06,0.14750765219397771,0.0037075412252906923,0.0025842092512702274,4.2273380854628752e-07
268,0.18136843644049661,0.030910375892364287,0.52476557400000001,0.007840958711626966,3.0142486114085097e-06,0.14750765219397771,0.0037075412252906923,0.0050978705580568481,1.8776802509906289e-06
269,0.18216463332076258,0.031171643576219876,0.52555532999999999,0.007840958711626966,3.0142486114085097e-06,0.14750765219397771,0.0037075412252906923,0.0096838115197718719,7.8781740840588525e-06
270,0.1837656100256812,0.0316990956505716,0.52430119500000005,0.007840958711626966,3.0142486114085097e-06,0.14750765219397771,0.0037075412252906923,0.017895703660261074,3.2209238392155289e-05
271,0.18698904801195235,0.032792116263208548,0.52250960999999996,0.007840958711626966,3.0142486114085097e-06,0.14750765219397771,0.0037075412252906923,0.033024180849732458,0.00013050766142434523
272,0.19335282760462591,0.035001136545024514,0.52574344299999998,0.007840958711626966,3.0142486114085097e-06,0.14750765219397771,0.0037075412252906923,0.0597191578797443,0.00052211512387918
273,0.20626217524711213,0.039782766800688041,0.523826656,0.007840958711626966,3.0142486114085097e-06,0.14750765219397771,0.0037075412252906923,0.10760173572793312,0.0020827036680258959
274,0.23220906269416391,0.050654890345020569,0.52289974299999997,0.007840958711626966,3.0142486114085097e-06,0.14750765219397771,0.0037075412252906923,0.19115920506163295,0.0082403358316727199
275,0.29889572472613662,0.08653065058841912,0.52447180400000004,0.007840958711626966,3.0142486114085097e-06,0.24961599500449363,0.014617581752285617,0,0
276,0.29894628195442158,0.086558260817657412,0.515106536,0.007840958711626966,3.0142486114085097e-06,0.24961599500449363,0.014617581752285617,0.00044636213875484773,1.2123420541968759e-08
277,0.29904698207139024,0.086613254329299297,0.513844419,0.007840958711626966,3.0142486114085097e-06,0.24961599500449363,0.014617581752285617,0.0012207741926081306,8.5202409298701866e-08
278,0.29925070536399134,0.08672473120730162,0.51571333200000002,0.007840958711626966,3.0142486114085097e-06,0.24961599500449363,0.014617581752285617,0.0025842092512702274,4.2273380854628752e-07
279,0.29965540189172413,0.086945055294559301,0.51468994400000001,0.007840958711626966,3.0142486114085097e-06,0.24961599500449363,0.014617581752285617,0.0050978705580568481,1.8776802509906289e-06
280,0.30046597514497114,0.087390268060270726,0.513822479,0.007840958711626966,3.0142486114085097e-06,0.24961599500449363,0.014617581752285617,0.0096838115197718719,7.8781740840588525e-06
281,0.30207886326851718,0.088274421510639134,0.516298912,0.007840958711626966,3.0142486114085097e-06,0.24961599500449363,0.014617581752285617,0.017895703660261074,3.2209238392155289e-05
282,0.30537191879333753,0.09010835598563087,0.51612637900000002,0.007840958711626966,3.0142486114085097e-06,0.24961599500449363,0.014617581752285617,0.033024180849732458,0.00013050766142434523
283,0.31175336205777271,0.093721364479941879,0.52282636900000001,0.007840958711626966,3.0142486114085097e-06,0.24961599500449363,0.014617581752285617,0.0597191578797443,0.00052211512387918
284,0.3245050928014595,0.10125884068639383,0.52498120599999998,0.007840958711626966,3.0142486114085097e-06,0.24961599500449363,0.014617581752285617,0.10760173572793312,0.0020827036680258959
285,0.35053509103103464,0.11779092347571146,0.52395870700000002,0.007840958711626966,3.0142486114085097e-06,0.24961599500449363,0.014617581752285617,0.19115920506163295,0.0082403358316727199
286,0.015537433170682154,0.00022187842608097089,0.51955322100000001,0.014739360027704285,1.3321370955627246e-05,0,0,0,0
287,0.015587291654454294,0.00022327187058969599,0.518547914,0.014739360027704285,1.3321370955627246e-05,0,0,0.00044636213875484773,1.2123420541968759e-08
288,0.01568682273224346,0.00022607971297897159,0.519259731,0.014739360027704285,1.3321370955627246e-05,0,0,0.0012207741926081306,8.5202409298701866e-08
289,0.015890075247152288,0.00023183519667838536,0.51714054300000001,0.014739360027704285,1.3321370955627246e-05,0,0,0.0025842092512702274,4.2273380854628752e-07
290,0.016289607571810458,0.00024336924983540484,0.51878855599999996,0.014739360027704285,1.3321370955627246e-05,0,0,0.0050978705580568481,1.8776802509906289e-06
291,0.017109532152428487,0.000268436299588435,0.511670615,0.014739360027704285,1.3321370955627246e-05,0,0,0.0096838115197718719,7.8781740840588525e-06
292,0.018745223398226304,0.00032307241833539046,0.51160358800000005,0.014739360027704285,1.3321370955627246e-05,0,0,0.017895703660261074,3.2209238392155289e-05
293,0.021975564835566657,0.00044988719744651839,0.51813692499999997,0.014739360027704285,1.3321370955627246e-05,0,0,0.033024180849732458,0.00013050766142434523
294,0.028327688703525256,0.00076997633933165155,0.518720132,0.014739360027704285,1.3321370955627246e-05,0,0,0.0597191578797443,0.00052211512387918
295,0.041121294851414462,0.001716379400489575,0.51940521799999995,0.014739360027704285,1.3321370955627246e-05,0,0,0.10760173572793312,0.0020827036680258959
296,0.066399511390778529,0.0047397150586239167,0.51857585900000003,0.014739360027704285,1.3321370955627246e-05,0,0,0.19115920506163295,0.0082403358316727199
297,0.016380868535243818,0.00024595961557303999,0.52029694299999996,0.014739360027704285,1.3321370955627246e-05,0.0015607340272276234,8.699227671129213e-08,0,0
298,0.016430737801380414,0.00024742132731981351,0.52024280899999997,0.014739360027704285,1.3321370955627246e-05,0.0015607340272276234,8.699227671129213e-08,0.00044636213875484773,1.2123420541968759e-08
299,0.016532187023921518,0.00025042107624892337,0.531655934,0.014739360027704285,1.3321370955627246e-05,0.0015607340272276234,8.699227671129213e-08,0.0012207741926081306,8.5202409298701866e-08
300,0.016733775359686488,0.00025647066460387623,0.53206564300000003,0.014739360027704285,1.3321370955627246e-05,0.0015607340272276234,8.699227671129213e-08,0.0025842092512702274,4.2273380854628752e-07
301,0.017136394334865322,0.00026884663988382908,0.53086096599999999,0.014739360027704285,1.3321370955627246e-05,0.0015607340272276234,8.699227671129213e-08,0.0050978705580568481,1.8776802509906289e-06
302,0.017937586759271158,0.00029450996743689181,0.53236799999999995,0.014739360027704285,1.3321370955627246e-05,0.0015607340272276234,8.699227671129213e-08,0.0096838115197718719,7.8781740840588525e-06
303,0.019562852780870058,0.00035096949882232076,0.53323041400000004,0.014739360027704285,1.3321370955627246e-05,0.0015607340272276234,8.699227671129213e-08,0.017895703660261074,3.2209238392155289e-05
304,0.022800488368843786,0.00048292097439527759,0.52848687699999997,0.014739360027704285,1.3321370955627246e-05,0.0015607340272276234,8.699227671129213e-08,0.033024180849732458,0.00013050766142434523
305,0.029116695517837094,0.00081028374380865472,0.52806888200000002,0.014739360027704285,1.3321370955627246e-05,0.0015607340272276234,8.699227671129213e-08,0.0597191578797443,0.00052211512387918
306,0.041969461965070454,0.0017803982827100568,0.53289206099999997,0.014739360027704285,1.3321370955627246e-05,0.0015607340272276234,8.699227671129213e-08,0.10760173572793312,0.0020827036680258959
307,0.067124501097546529,0.0048274580647093409,0.52939075800000002,0.014739360027704285,1.3321370955627246e-05,0.0015607340272276234,8.699227671129213e-08,0.19115920506163295,0.0082403358316727199
308,0.02137473660911602,0.00041548373892397753,0.52632276,0.014739360027704285,1.3321370955627246e-05,0.0082544373065514005,3.0366291143224199e-06,0,0
309,0.021424632527577318,0.00041739572175331731,0.52980268799999997,0.014739360027704285,1.3321370955627246e-05,0.0082544373065514005,3.0366291143224199e-06,0.00044636213875484773,1.2123420541968759e-08
310,0.021524993558756086,0.00042125827207881801,0.52663629099999998,0.014739360027704285,1.3321370955627246e-05,0.0082544373065514005,3.0366291143224199e-06,0.0012207741926081306,8.5202409298701866e-08
311,0.021728807613298044,0.00042918770309601309,0.52707225400000002,0.014739360027704285,1.3321370955627246e-05,0.0082544373065514005,3.0366291143224199e-06,0.0025842092512702274,4.2273380854628752e-07
312,0.02213509207619746,0.00044526299823002835,0.52860218000000003,0.014739360027704285,1.3321370955627246e-05,0.0082544373065514005,3.0366291143224199e-06,0.0050978705580568481,1.8776802509906289e-06
313,0.022959724882047356,0.00047903453146268954,0.52731376500000005,0.014739360027704285,1.3321370955627246e-05,0.0082544373065514005,3.0366291143224199e-06,0.0096838115197718719,7.8781740840588525e-06
314,0.024549591309430099,0.00054862679652677615,0.52045730999999995,0.014739360027704285,1.3321370955627246e-05,0.0082544373065514005,3.0366291143224199e-06,0.017895703660261074,3.2209238392155289e-05
315,0.027746597345512828,0.00070673413973770046,0.51773364300000002,0.014739360027704285,1.3321370955627246e-05,0.0082544373065514005,3.0366291143224199e-06,0.033024180849732458,0.00013050766142434523
316,0.03411040972451345,0.0010939815634965521,0.51356931299999997,0.014739360027704285,1.3321370955627246e-05,0.0082544373065514005,3.0366291143224199e-06,0.0597191578797443,0.00052211512387918
317,0.046971825491774026,0.0021777815728216544,0.50826872300000003,0.014739360027704285,1.3321370955627246e-05,0.0082544373065514005,3.0366291143224199e-06,0.10760173572793312,0.0020827036680258959
318,0.072356837210820507,0.0054828728171558384,0.50883963099999996,0.014739360027704285,1.3321370955627246e-05,0.0082544373065514005,3.0366291143224199e-06,0.19115920506163295,0.0082403358316727199
319,0.040684990053040819,0.0015032366121353815,0.505763132,0.014739360027704285,1.3321370955627246e-05,0.027626122532480139,5.6284506996976423e-05,0,0
320,0.040734774248764004,0.0015068686197970268,0.50585647899999997,0.014739360027704285,1.3321370955627246e-05,0.027626122532480139,5.6284506996976423e-05,0.00044636213875484773,1.2123420541968759e-08
321,0.040834645510667504,0.0015141263244093138,0.51000962900000002,0.014739360027704285,1.3321370955627246e-05,0.027626122532480139,5.6284506996976423e-05,0.0012207741926081306,8.5202409298701866e-08
322,0.041036801466404947,0.0015289291035710958,0.51625498800000003,0.014739360027704285,1.3321370955627246e-05,0.027626122532480139,5.6284506996976423e-05,0.0025842092512702274,4.2273380854628752e-07
323,0.041426264806325427,0.0015578487415357136,0.51370998400000001,0.014739360027704285,1.3321370955627246e-05,0.027626122532480139,5.6284506996976423e-05,0.0050978705580568481,1.8776802509906289e-06
324,0.042222788605183879,0.0016174395711528169,0.51625482300000003,0.014739360027704285,1.3321370955627246e-05,0.027626122532480139,5.6284506996976423e-05,0.0096838115197718719,7.8781740840588525e-06
325,0.043845473304802582,0.0017450813539154645,0.52157801999999998,0.014739360027704285,1.3321370955627246e-05,0.027626122532480139,5.6284506996976423e-05,0.017895703660261074,3.2209238392155289e-05
326,0.04706156838568841,0.0020160598100200321,0.52674859699999999,0.014739360027704285,1.3321370955627246e-05,0.027626122532480139,5.6284506996976423e-05,0.033024180849732458,0.00013050766142434523
327,0.053481202199141764,0.0026282564423660833,0.52676941200000005,0.014739360027704285,1.3321370955627246e-05,0.027626122532480139,5.6284506996976423e-05,0.0597191578797443,0.00052211512387918
328,0.066302960535827363,0.0041326970130170417,0.527075815,0.014739360027704285,1.3321370955627246e-05,0.027626122532480139,5.6284506996976423e-05,0.10760173572793312,0.0020827036680258959
329,0.091532371290473258,0.0082958128448202013,0.52533759300000005,0.014739360027704285,1.3321370955627246e-05,0.027626122532480139,5.6284506996976423e-05,0.19115920506163295,0.0082403358316727199
330,0.031540184827953226,0.00091397684348571697,0.52908909400000004,0.026556398519985914,5.5750060854557436e-05,0,0,0,0
331,0.031590043311725324,0.00091680572157833791,0.52345882099999996,0.026556398519985914,5.5750060854557436e-05,0,0,0.00044636213875484773,1.2123420541968759e-08
332,0.031689574389514495,0.00092246862348357626,0.51878466400000001,0.026556398519985914,5.5750060854557436e-05,0,0,0.0012207741926081306,8.5202409298701866e-08
333,0.031892826904423278,0.00093402314425645343,0.51795050499999995,0.026556398519985914,5.5750060854557436e-05,0,0,0.0025842092512702274,4.2273380854628752e-07
334,0.032308251520523794,0.00095796791659484158,0.51693878599999998,0.026556398519985914,5.5750060854557436e-05,0,0,0.0050978705580568481,1.8776802509906289e-06
335,0.033117094680364924,0.0010058809092884974,0.51813187100000002,0.026556398519985914,5.5750060854557436e-05,0,0,0.0096838115197718719,7.8781740840588525e-06
336,0.034743158354785107,0.0011067628403828786,0.51827491800000003,0.026556398519985914,5.5750060854557436e-05,0,0,0.017895703660261074,3.2209238392155289e-05
337,0.038028120946151357,0.001329939220817457,0.519438387,0.026556398519985914,5.5750060854557436e-05,0,0,0.033024180849732458,0.00013050766142434523
338,0.044494357311807425,0.0018429976377962959,0.52174761300000005,0.026556398519985914,5.5750060854557436e-05,0,0,0.0597191578797443,0.00052211512387918
339,0.057505682572506524,0.0031690688805828,0.53075988100000004,0.026556398519985914,5.5750060854557436e-05,0,0,0.10760173572793312,0.0020827036680258959
340,0.0831350835480614,0.0069823866696534301,0.53230974099999995,0.026556398519985914,5.5750060854557436e-05,0,0,0.19115920506163295,0.0082403358316727199
341,0.034080366684884525,0.001063173555382514,0.53043836600000005,0.026556398519985914,5.5750060854557436e-05,0.0040550529216908859,6.0804941017694669e-07,0,0
342,0.034130690598210278,0.0010662471947924844,0.52992780799999994,0.026556398519985914,5.5750060854557436e-05,0.0040550529216908859,6.0804941017694669e-07,0.00044636213875484773,1.2123420541968759e-08
343,0.034231787550227467,0.0010724231373310932,0.53163961900000001,0.026556398519985914,5.5750060854557436e-05,0.0040550529216908859,6.0804941017694669e-07,0.0012207741926081306,8.5202409298701866e-08
344,0.034430200551854077,0.0010846127305161998,0.52944039099999995,0.026556398519985914,5.5750060854557436e-05,0.0040550529216908859,6.0804941017694669e-07,0.0025842092512702274,4.2273380854628752e-07
345,0.034838600512973945,0.0011101528571828205,0.52995767900000001,0.026556398519985914,5.5750060854557436e-05,0.0040550529216908859,6.0804941017694669e-07,0.0050978705580568481,1.8776802509906289e-06
346,0.035649650929792082,0.0011619007203449723,0.53084370299999994,0.026556398519985914,5.5750060854557436e-05,0.0040550529216908859,6.0804941017694669e-07,0.0096838115197718719,7.8781740840588525e-06
347,0.037303774973976758,0.0012717623197912406,0.52977763600000005,0.026556398519985914,5.5750060854557436e-05,0.0040550529216908859,6.0804941017694669e-07,0.017895703660261074,3.2209238392155289e-05
348,0.04053007923486112,0.0015053846600152768,0.529775946,0.026556398519985914,5.5750060854557436e-05,0.0040550529216908859,6.0804941017694669e-07,0.033024180849732458,0.00013050766142434523
349,0.046994391101134868,0.002047135545828908,0.52965180899999997,0.026556398519985914,5.5750060854557436e-05,0.0040550529216908859,6.0804941017694669e-07,0.0597191578797443,0.00052211512387918
350,0.059989432921531527,0.0034320344379752546,0.52773659399999995,0.026556398519985914,5.5750060854557436e-05,0.0040550529216908859,6.0804941017694669e-07,0.10760173572793312,0.0020827036680258959
351,0.085445203853547119,0.0073361872098290579,0.53153459700000005,0.026556398519985914,5.5750060854557436e-05,0.0040550529216908859,6.0804941017694669e-07,0.19115920506163295,0.0082403358316727199
352,0.043896850879280344,0.0017524567143863256,0.52863660599999995,0.026556398519985914,5.5750060854557436e-05,0.015279397859918326,1.3449920543001751e-05,0,0
353,0.043946793847338933,0.0017564047454124068,0.52718204099999999,0.026556398519985914,5.5750060854557436e-05,0.015279397859918326,1.3449920543001751e-05,0.00044636213875484773,1.2123420541968759e-08
354,0.044047238739493899,0.0017642983869178828,0.52662634100000005,0.026556398519985914,5.5750060854557436e-05,0.015279397859918326,1.3449920543001751e-05,0.0012207741926081306,8.5202409298701866e-08
355,0.044250153301819445,0.0017803187175291844,0.52867324199999999,0.026556398519985914,5.5750060854557436e-05,0.015279397859918326,1.3449920543001751e-05,0.0025842092512702274,4.2273380854628752e-07
356,0.044646109913710499,0.001811934152917588,0.52544233100000004,0.026556398519985914,5.5750060854557436e-05,0.015279397859918326,1.3449920543001751e-05,0.0050978705580568481,1.8776802509906289e-06
357,0.045477117523263617,0.0018795455874770705,0.52610170199999995,0.026556398519985914,5.5750060854557436e-05,0.015279397859918326,1.3449920543001751e-05,0.0096838115197718719,7.8781740840588525e-06
358,0.04705525579446216,0.0020115053620672375,0.52941044500000001,0.026556398519985914,5.5750060854557436e-05,0.015279397859918326,1.3449920543001751e-05,0.017895703660261074,3.2209238392155289e-05
359,0.050317591725379134,0.00230522233494521,0.52706841100000001,0.026556398519985914,5.5750060854557436e-05,0.015279397859918326,1.3449920543001751e-05,0.033024180849732458,0.00013050766142434523
360,0.056704614240610796,0.0029546517834875261,0.52708381999999998,0.026556398519985914,5.5750060854557436e-05,0.015279397859918326,1.3449920543001751e-05,0.0597191578797443,0.00052211512387918
361,0.069725643872386778,0.0045610590853396304,0.52346579199999999,0.026556398519985914,5.5750060854557436e-05,0.015279397859918326,1.3449920543001751e-05,0.10760173572793312,0.0020827036680258959
362,0.095294138789940946,0.0089387795983731002,0.51442865699999996,0.026556398519985914,5.5750060854557436e-05,0.015279397859918326,1.3449920543001751e-05,0.19115920506163295,0.0082403358316727199
363,0.062075328734658201,0.0035524482131048586,0.51188190499999997,0.047879848267822038,0.00022867577927499082,0,0,0,0
364,0.062125187218430529,0.0035580199163854566,0.51009113900000003,0.047879848267822038,0.00022867577927499082,0,0,0.00044636213875484773,1.2123420541968759e-08
365,0.062224718296219568,0.0035691404100846522,0.50729100699999996,0.047879848267822038,0.00022867577927499082,0,0,0.0012207741926081306,8.5202409298701866e-08
366,0.062427970811128393,0.0035918677791702564,0.50970568699999996,0.047879848267822038,0.00022867577927499082,0,0,0.0025842092512702274,4.2273380854628752e-07
367,0.062843395427228999,0.0036384965318832395,0.51552005400000001,0.047879848267822038,0.00022867577927499082,0,0,0.0050978705580568481,1.8776802509906289e-06
368,0.063646282193675491,0.003729698318054061,0.51418212200000002,0.047879848267822038,0.00022867577927499082,0,0,0.0096838115197718719,7.8781740840588525e-06
369,0.065276572044153339,0.0039191524983027285,0.51373996,0.047879848267822038,0.00022867577927499082,0,0,0.017895703660261074,3.2209238392155289e-05
370,0.06843927921248448,0.0043060879843988212,0.51691644400000003,0.047879848267822038,0.00022867577927499082,0,0,0.033024180849732458,0.00013050766142434523
371,0.074897839074544781,0.0051693944352655874,0.51857879399999995,0.047879848267822038,0.00022867577927499082,0,0,0.0597191578797443,0.00052211512387918
372,0.087717686958951144,0.0071807979923501283,0.51976518699999996,0.047879848267822038,0.00022867577927499082,0,0,0.10760173572793312,0.0020827036680258959
373,0.11327519964460342,0.012370380534138112,0.51917517899999999,0.047879848267822038,0.00022867577927499082,0,0,0.19115920506163295,0.0082403358316727199
374,0.064615510591589834,0.0038407605601139408,0.51887568299999998,0.047879848267822038,0.00022867577927499082,0.0040550529216908859,6.0804941017694669e-07,0,0
375,0.064665834504915573,0.0038466058736764761,0.52458755099999999,0.047879848267822038,0.00022867577927499082,0.0040550529216908859,6.0804941017694669e-07,0.00044636213875484773,1.2123420541968759e-08
376,0.064766931456932769,0.0038583303020070588,0.53416560199999996,0.047879848267822038,0.00022867577927499082,0.0040550529216908859,6.0804941017694669e-07,0.0012207741926081306,8.5202409298701866e-08
377,0.064965344458559268,0.0038814208518934343,0.52976636399999999,0.047879848267822038,0.00022867577927499082,0.0040550529216908859,6.0804941017694669e-07,0.0025842092512702274,4.2273380854628752e-07
378,0.065373744419679108,0.0039294252325742266,0.52769249900000004,0.047879848267822038,0.00022867577927499082,0.0040550529216908859,6.0804941017694669e-07,0.0050978705580568481,1.8776802509906289e-06
379,0.066195361685288695,0.0040265417810029427,0.52987653099999998,0.047879848267822038,0.00022867577927499082,0.0040550529216908859,6.0804941017694669e-07,0.0096838115197718719,7.8781740840588525e-06
380,0.067759357648575505,0.0042166506614981936,0.52784242199999998,0.047879848267822038,0.00022867577927499082,0.0040550529216908859,6.0804941017694669e-07,0.017895703660261074,3.2209238392155289e-05
381,0.070932316377119817,0.0046209606011803888,0.52818404799999996,0.047879848267822038,0.00022867577927499082,0.0040550529216908859,6.0804941017694669e-07,0.033024180849732458,0.00013050766142434523
382,0.077273183779273766,0.0054975001643149269,0.52971228599999998,0.047879848267822038,0.00022867577927499082,0.0040550529216908859,6.0804941017694669e-07,0.0597191578797443,0.00052211512387918
383,0.089991423954013147,0.0075530703006096538,0.53032343299999996,0.047879848267822038,0.00022867577927499082,0.0040550529216908859,6.0804941017694669e-07,0.10760173572793312,0.0020827036680258959
384,0.11544673440299943,0.012817429358609474,0.53008819399999996,0.047879848267822038,0.00022867577927499082,0.0040550529216908859,6.0804941017694669e-07,0.19115920506163295,0.0082403358316727199
385,0.06791263217309218,0.0042327915769118912,0.53068325299999997,0.047879848267822038,0.00022867577927499082,0.0082544373065514005,3.0366291143224199e-06,0,0
386,0.06796252809155344,0.0042388746062719572,0.53007853800000004,0.047879848267822038,0.00022867577927499082,0.0082544373065514005,3.0366291143224199e-06,0.00044636213875484773,1.2123420541968759e-08
387,0.068062889122732159,0.0042510448680161813,0.53027214300000003,0.047879848267822038,0.00022867577927499082,0.0082544373065514005,3.0366291143224199e-06,0.0012207741926081306,8.5202409298701866e-08
388,0.068266703177274332,0.004276049329347751,0.53015611200000001,0.047879848267822038,0.00022867577927499082,0.0082544373065514005,3.0366291143224199e-06,0.0025842092512702274,4.2273380854628752e-07
389,0.068666165302400189,0.0043251333726484625,0.53183045699999998,0.047879848267822038,0.00022867577927499082,0.0082544373065514005,3.0366291143224199e-06,0.0050978705580568481,1.8776802509906289e-06
390,0.069461604026356649,0.0044241529647617416,0.52624501499999998,0.047879848267822038,0.00022867577927499082,0.0082544373065514005,3.0366291143224199e-06,0.0096838115197718719,7.8781740840588525e-06
391,0.071091140305419936,0.0046299346051237042,0.52670677799999999,0.047879848267822038,0.00022867577927499082,0.0082544373065514005,3.0366291143224199e-06,0.017895703660261074,3.2209238392155289e-05
392,0.074362394472623897,0.0050628872195374302,0.52744292199999998,0.047879848267822038,0.00022867577927499082,0.0082544373065514005,3.0366291143224199e-06,0.033024180849732458,0.00013050766142434523
393,0.080813264037142535,0.0059936633630189454,0.52558221000000005,0.047879848267822038,0.00022867577927499082,0.0082544373065514005,3.0366291143224199e-06,0.0597191578797443,0.00052211512387918
394,0.093671924407010429,0.0081507850161934431,0.52780465499999996,0.047879848267822038,0.00022867577927499082,0.0082544373065514005,3.0366291143224199e-06,0.10760173572793312,0.0020827036680258959
395,0.11957407731306371,0.013662152333986084,0.52779974500000004,0.047879848267822038,0.00022867577927499082,0.0082544373065514005,3.0366291143224199e-06,0.19115920506163295,0.0082403358316727199
396,0.087222885617017298,0.0069343673849092402,0.52201319800000001,0.047879848267822038,0.00022867577927499082,0.027626122532480139,5.6284506996976423e-05,0,0
397,0.087272669812740331,0.0069421518651107119,0.522225245,0.047879848267822038,0.00022867577927499082,0.027626122532480139,5.6284506996976423e-05,0.00044636213875484773,1.2123420541968759e-08
398,0.087372541074643872,0.0069576923840900919,0.52515838400000003,0.047879848267822038,0.00022867577927499082,0.027626122532480139,5.6284506996976423e-05,0.0012207741926081306,8.5202409298701866e-08
399,0.087574697030381288,0.0069893496768232343,0.52440084799999998,0.047879848267822038,0.00022867577927499082,0.027626122532480139,5.6284506996976423e-05,0.0025842092512702274,4.2273380854628752e-07
400,0.087988234345118169,0.0070542988393538517,0.52483238899999995,0.047879848267822038,0.00022867577927499082,0.027626122532480139,5.6284506996976423e-05,0.0050978705580568481,1.8776802509906289e-06
401,0.08880050912047513,0.0071834349721360668,0.52499674100000004,0.047879848267822038,0.00022867577927499082,0.027626122532480139,5.6284506996976423e-05,0.0096838115197718719,7.8781740840588525e-06
402,0.090410047272728236,0.0074409392492824702,0.52082660999999997,0.047879848267822038,0.00022867577927499082,0.027626122532480139,5.6284506996976423e-05,0.017895703660261074,3.2209238392155289e-05
403,0.0936588820342837,0.0079857710464375717,0.52353702599999996,0.047879848267822038,0.00022867577927499082,0.027626122532480139,5.6284506996976423e-05,0.033024180849732458,0.00013050766142434523
404,0.10015348828687355,0.0091459588986176083,0.52363113800000005,0.047879848267822038,0.00022867577927499082,0.027626122532480139,5.6284506996976423e-05,0.0597191578797443,0.00052211512387918
405,0.11301435261685774,0.011735614790354091,0.52310747899999999,0.047879848267822038,0.00022867577927499082,0.027626122532480139,5.6284506996976423e-05,0.10760173572793312,0.0020827036680258959
406,0.13853197708652457,0.018048952762230123,0.52502844000000004,0.047879848267822038,0.00022867577927499082,0.027626122532480139,5.6284506996976423e-05,0.19115920506163295,0.0082403358316727199
407,0.35364617572438217,0.1193014715631748,0.51300096799999995,0.047879848267822038,0.00022867577927499082,0.24961599500449363,0.014617581752285617,0,0
408,0.35369673295266685,0.11933404667945911,0.51166602299999997,0.047879848267822038,0.00022867577927499082,0.24961599500449363,0.014617581752285617,0.00044636213875484773,1.2123420541968759e-08
409,0.35379743306963646,0.11939894862486305,0.51032455399999999,0.047879848267822038,0.00022867577927499082,0.24961599500449363,0.014617581752285617,0.0012207741926081306,8.5202409298701866e-08
410,0.35400579247000846,0.11953216082653459,0.51146395499999997,0.047879848267822038,0.00022867577927499082,0.24961599500449363,0.014617581752285617,0.0025842092512702274,4.2273380854628752e-07
411,0.35441777469417768,0.11979490948977091,0.51017330500000002,0.047879848267822038,0.00022867577927499082,0.24961599500449363,0.014617581752285617,0.0050978705580568481,1.8776802509906289e-06
412,0.35523293162565467,0.12031419737300947,0.50678141700000001,0.047879848267822038,0.00022867577927499082,0.24961599500449363,0.014617581752285617,0.0096838115197718719,7.8781740840588525e-06
413,0.35688043232958061,0.12138141792190503,0.50889955799999997,0.047879848267822038,0.00022867577927499082,0.24961599500449363,0.014617581752285617,0.017895703660261074,3.2209238392155289e-05
414,0.36001751063182563,0.1234241756929315,0.50659088100000005,0.047879848267822038,0.00022867577927499082,0.24961599500449363,0.014617581752285617,0.033024180849732458,0.00013050766142434523
415,0.36659719677607921,0.12782723218339473,0.50461451700000004,0.047879848267822038,0.00022867577927499082,0.24961599500449363,0.014617581752285617,0.0597191578797443,0.00052211512387918
416,0.3794105131162398,0.13664907483173452,0.50520969599999999,0.047879848267822038,0.00022867577927499082,0.24961599500449363,0.014617581752285617,0.10760173572793312,0.0020827036680258959
417,0.40508214347318028,0.15546844896397763,0.50131431599999998,0.047879848267822038,0.00022867577927499082,0.24961599500449363,0.014617581752285617,0.19115920506163295,0.0082403358316727199
418,0.11832016921853646,0.013068477568453815,0.52418155200000005,0.084249840471611145,0.00091920644618502599,0,0,0,0
419,0.11837002770230858,0.013079187548961426,0.51857500899999998,0.084249840471611145,0.00091920644618502599,0,0,0.00044636213875484773,1.2123420541968759e-08
420,0.11846955878009757,0.013100413084092299,0.51967796799999999,0.084249840471611145,0.00091920644618502599,0,0,0.0012207741926081306,8.5202409298701866e-08
421,0.11867281129500622,0.013143843734778327,0.51844056199999999,0.084249840471611145,0.00091920644618502599,0,0,0.0025842092512702274,4.2273380854628752e-07
422,0.11908823591110693,0.013232413349323974,0.51889063999999996,0.084249840471611145,0.00091920644618502599,0,0,0.0050978705580568481,1.8776802509906289e-06
423,0.11989112267755357,0.013405068803839194,0.51940149099999999,0.084249840471611145,0.00091920644618502599,0,0,0.0096838115197718719,7.8781740840588525e-06
424,0.12149494216841769,0.013752120793988165,0.51886993199999998,0.084249840471611145,0.00091920644618502599,0,0,0.017895703660261074,3.2209238392155289e-05
425,0.12472603707909968,0.01447312808039472,0.51956108300000003,0.084249840471611145,0.00091920644618502599,0,0,0.033024180849732458,0.00013050766142434523
426,0.1312297898551445,0.016011754278891042,0.53020502400000002,0.084249840471611145,0.00091920644618502599,0,0,0.0597191578797443,0.00052211512387918
427,0.1441543826678808,0.019348558834324538,0.529402822,0.084249840471611145,0.00091920644618502599,0,0,0.10760173572793312,0.0020827036680258959
428,0.17059273370595984,0.027402808255935149,0.53074643200000005,0.084249840471611145,0.00091920644618502599,0,0,0.19115920506163295,0.0082403358316727199
429,0.12086035107546778,0.013614821377797797,0.53003672099999999,0.084249840471611145,0.00091920644618502599,0.0040550529216908859,6.0804941017694669e-07,0,0
430,0.12091067498879325,0.013625834212743229,0.52883534499999996,0.084249840471611145,0.00091920644618502599,0.0040550529216908859,6.0804941017694669e-07,0.00044636213875484773,1.2123420541968759e-08
431,0.12101177194081041,0.013647795676398263,0.52642845599999999,0.084249840471611145,0.00091920644618502599,0.0040550529216908859,6.0804941017694669e-07,0.0012207741926081306,8.5202409298701866e-08
432,0.12121018494243709,0.013691083663026533,0.52912172000000002,0.084249840471611145,0.00091920644618502599,0.0040550529216908859,6.0804941017694669e-07,0.0025842092512702274,4.2273380854628752e-07
433,0.12161858490355688,0.013780425053240123,0.52874301999999995,0.084249840471611145,0.00091920644618502599,0.0040550529216908859,6.0804941017694669e-07,0.0050978705580568481,1.8776802509906289e-06
434,0.12244020216916664,0.013961511848184413,0.53154256799999999,0.084249840471611145,0.00091920644618502599,0.0040550529216908859,6.0804941017694669e-07,0.0096838115197718719,7.8781740840588525e-06
435,0.12406518326660412,0.014323668576577707,0.53097938200000006,0.084249840471611145,0.00091920644618502599,0.0040550529216908859,6.0804941017694669e-07,0.017895703660261074,3.2209238392155289e-05
436,0.12722518047498732,0.015045419876463679,0.52015820599999996,0.084249840471611145,0.00091920644618502599,0.0040550529216908859,6.0804941017694669e-07,0.033024180849732458,0.00013050766142434523
437,0.13374227851704665,0.016608609058215335,0.51942921900000005,0.084249840471611145,0.00091920644618502599,0.0040550529216908859,6.0804941017694669e-07,0.0597191578797443,0.00052211512387918
438,0.14659647903456582,0.019996048683987439,0.52021715400000001,0.084249840471611145,0.00091920644618502599,0.0040550529216908859,6.0804941017694669e-07,0.10760173572793312,0.0020827036680258959
439,0.17267858472356057,0.028073389923389831,0.51845393799999995,0.084249840471611145,0.00091920644618502599,0.0040550529216908859,6.0804941017694669e-07,0.19115920506163295,0.0082403358316727199
440,0.29161123861598515,0.078773062111069117,0.49388013400000003,0.084249840471611145,0.00091920644618502599,0.14750765219397771,0.0037075412252906923,0,0
441,0.29166294164824319,0.078800132786866331,0.49497602899999998,0.084249840471611145,0.00091920644618502599,0.14750765219397771,0.0037075412252906923,0.00044636213875484773,1.2123420541968759e-08
442,0.29176592428244447,0.078854465135237306,0.49438862700000002,0.084249840471611145,0.00091920644618502599,0.14750765219397771,0.0037075412252906923,0.0012207741926081306,8.5202409298701866e-08
443,0.2919644122233892,0.078959277671891578,0.49394802500000001,0.084249840471611145,0.00091920644618502599,0.14750765219397771,0.0037075412252906923,0.0025842092512702274,4.2273380854628752e-07
444,0.29236432978959587,0.079170930570536299,0.50363073800000002,0.084249840471611145,0.00091920644618502599,0.14750765219397771,0.0037075412252906923,0.0050978705580568481,1.8776802509906289e-06
445,0.29317005286939357,0.079595633237325686,0.50364898199999997,0.084249840471611145,0.00091920644618502599,0.14750765219397771,0.0037075412252906923,0.0096838115197718719,7.8781740840588525e-06
446,0.2947684954621998,0.080447367564940614,0.50213958000000003,0.084249840471611145,0.00091920644618502599,0.14750765219397771,0.0037075412252906923,0.017895703660261074,3.2209238392155289e-05
447,0.29801051694805397,0.082174430194368681,0.50165620499999997,0.084249840471611145,0.00091920644618502599,0.14750765219397771,0.0037075412252906923,0.033024180849732458,0.00013050766142434523
448,0.30435823052315308,0.085651688897833089,0.49764706600000003,0.084249840471611145,0.00091920644618502599,0.14750765219397771,0.0037075412252906923,0.0597191578797443,0.00052211512387918
449,0.31712880023528928,0.092921453035970075,0.49366771799999998,0.084249840471611145,0.00091920644618502599,0.14750765219397771,0.0037075412252906923,0.10760173572793312,0.0020827036680258959
450,0.34302670884480307,0.10883210330889971,0.49329782799999999,0.084249840471611145,0.00091920644618502599,0.14750765219397771,0.0037075412252906923,0.19115920506163295,0.0082403358316727199
451,0.40989101620826102,0.15929107123571262,0.498966144,0.084249840471611145,0.00091920644618502599,0.24961599500449363,0.014617581752285617,0,0
452,0.4099415734365463,0.15932879292824115,0.49904338500000001,0.084249840471611145,0.00091920644618502599,0.24961599500449363,0.014617581752285617,0.00044636213875484773,1.2123420541968759e-08
453,0.41004227355351375,0.15940389318022255,0.49562865900000003,0.084249840471611145,0.00091920644618502599,0.24961599500449363,0.014617581752285617,0.0012207741926081306,8.5202409298701866e-08
454,0.41025063295388547,0.15955809636275778,0.48902843499999998,0.084249840471611145,0.00091920644618502599,0.24961599500449363,0.014617581752285617,0.0025842092512702274,4.2273380854628752e-07
455,0.41066261517805525,0.15986250135009386,0.48763699500000002,0.084249840471611145,0.00091920644618502599,0.24961599500449363,0.014617581752285617,0.0050978705580568481,1.8776802509906289e-06
456,0.41147777210953385,0.16046441899097288,0.486687704,0.084249840471611145,0.00091920644618502599,0.24961599500449363,0.014617581752285617,0.0096838115197718719,7.8781740840588525e-06
457,0.41303695954881103,0.16161885378000021,0.48749157599999998,0.084249840471611145,0.00091920644618502599,0.24961599500449363,0.014617581752285617,0.017895703660261074,3.2209238392155289e-05
458,0.41627832901644402,0.16406228309617957,0.48489813799999998,0.084249840471611145,0.00091920644618502599,0.24961599500449363,0.014617581752285617,0.033024180849732458,0.00013050766142434523
459,0.42270582104352838,0.16896089313690796,0.48089409399999999,0.084249840471611145,0.00091920644618502599,0.24961599500449363,0.014617581752285617,0.0597191578797443,0.00052211512387918
460,0.43549935076829621,0.17914007667103887,0.47751679200000002,0.084249840471611145,0.00091920644618502599,0.24961599500449363,0.014617581752285617,0.10760173572793312,0.0020827036680258959
461,0.46100740166498072,0.20056937421235013,0.483267169,0.084249840471611145,0.00091920644618502599,0.24961599500449363,0.014617581752285617,0.19115920506163295,0.0082403358316727199
462,0.21587137260309813,0.044250453970663309,0.52940495300000001,0.14594006909230928,0.0036909972977321871,0,0,0,0
463,0.2159212310868705,0.044270107920575757,0.52876923600000003,0.14594006909230928,0.0036909972977321871,0,0,0.00044636213875484773,1.2123420541968759e-08
464,0.21602076216465932,0.044309038025755094,0.51940683499999996,0.14594006909230928,0.0036909972977321871,0,0,0.0012207741926081306,8.5202409298701866e-08
465,0.21622401467956853,0.044388687168311694,0.51684820300000001,0.14594006909230928,0.0036909972977321871,0,0,0.0025842092512702274,4.2273380854628752e-07
466,0.21663943929566887,0.044551382023813826,0.51241408200000005,0.14594006909230928,0.0036909972977321871,0,0,0.0050978705580568481,1.8776802509906289e-06
467,0.21744232606211508,0.044866306344789914,0.51008741599999996,0.14594006909230928,0.0036909972977321871,0,0,0.0096838115197718719,7.8781740840588525e-06
468,0.21904614555297902,0.045495999149641149,0.50932721199999997,0.14594006909230928,0.0036909972977321871,0,0,0.017895703660261074,3.2209238392155289e-05
469,0.22220986577228535,0.046769508632791959,0.51157466100000004,0.14594006909230928,0.0036909972977321871,0,0,0.033024180849732458,0.00013050766142434523
470,0.22848176194538469,0.049355295865204159,0.51827713099999995,0.14594006909230928,0.0036909972977321871,0,0,0.0597191578797443,0.00052211512387918
471,0.24112135567046877,0.054878399837558094,0.51121529799999998,0.14594006909230928,0.0036909972977321871,0,0,0.10760173572793312,0.0020827036680258959
472,0.26651907602769298,0.067158576268592618,0.51678787599999998,0.14594006909230928,0.0036909972977321871,0,0,0.19115920506163295,0.0082403358316727199
473,0.21671480796765971,0.044579975548686236,1.0552404310000001,0.14594006909230928,0.0036909972977321871,0.0015607340272276234,8.699227671129213e-08,0,0
474,0.2167646772337958,0.044599490685597779,1.364452862,0.14594006909230928,0.0036909972977321871,0.0015607340272276234,8.699227671129213e-08,0.00044636213875484773,1.2123420541968759e-08
475,0.21686612645633774,0.044639132966657773,1.216069155,0.14594006909230928,0.0036909972977321871,0.0015607340272276234,8.699227671129213e-08,0.0012207741926081306,8.5202409298701866e-08
476,0.21706771479210274,0.044718968326646173,1.1467789310000001,0.14594006909230928,0.0036909972977321871,0.0015607340272276234,8.699227671129213e-08,0.0025842092512702274,4.2273380854628752e-07
477,0.21746282790406177,0.044873576547326932,1.0682639940000001,0.14594006909230928,0.0036909972977321871,0.0015607340272276234,8.699227671129213e-08,0.0050978705580568481,1.8776802509906289e-06
478,0.21826122386506672,0.045191108933259158,0.52856249899999996,0.14594006909230928,0.0036909972977321871,0.0015607340272276234,8.699227671129213e-08,0.0096838115197718719,7.8781740840588525e-06
479,0.21987166884511214,0.045827372320323544,0.53280775400000002,0.14594006909230928,0.0036909972977321871,0.0015607340272276234,8.699227671129213e-08,0.017895703660261074,3.2209238392155289e-05
480,0.2230777378932261,0.047117839725434756,0.52881385700000005,0.14594006909230928,0.0036909972977321871,0.0015607340272276234,8.699227671129213e-08,0.033024180849732458,0.00013050766142434523
481,0.22921357014224467,0.049658678426792967,0.52767024200000001,0.14594006909230928,0.0036909972977321871,0.0015607340272276234,8.699227671129213e-08,0.0597191578797443,0.00052211512387918
482,0.24182698667043567,0.055169608399551671,0.52916794300000003,0.14594006909230928,0.0036909972977321871,0.0015607340272276234,8.699227671129213e-08,0.10760173572793312,0.0020827036680258959
483,0.26725304169396524,0.067488606315791261,0.52038652500000004,0.14594006909230928,0.0036909972977321871,0.0015607340272276234,8.699227671129213e-08,0.19115920506163295,0.0082403358316727199
484,0.38916244200054706,0.14136648906441135,0.46442227899999999,0.14594006909230928,0.0036909972977321871,0.14750765219397771,0.0037075412252906923,0,0
485,0.38921414503280544,0.14140272422635641,0.45707040999999998,0.14594006909230928,0.0036909972977321871,0.14750765219397771,0.0037075412252906923,0.00044636213875484773,1.2123420541968759e-08
486,0.38931712766700666,0.14147520850132261,0.45817330699999997,0.14594006909230928,0.0036909972977321871,0.14750765219397771,0.0037075412252906923,0.0012207741926081306,8.5202409298701866e-08
487,0.38951561560795128,0.14161537959358797,0.469098295,0.14594006909230928,0.0036909972977321871,0.14750765219397771,0.0037075412252906923,0.0025842092512702274,4.2273380854628752e-07
488,0.38991553317415945,0.14189774328039409,0.46220843299999997,0.14594006909230928,0.0036909972977321871,0.14750765219397771,0.0037075412252906923,0.0050978705580568481,1.8776802509906289e-06
489,0.39072125625395587,0.14246609324088386,0.46236297300000001,0.14594006909230928,0.0036909972977321871,0.14750765219397771,0.0037075412252906923,0.0096838115197718719,7.8781740840588525e-06
490,0.39231969884676382,0.14360274468506443,0.46070710300000001,0.14594006909230928,0.0036909972977321871,0.14750765219397771,0.0037075412252906923,0.017895703660261074,3.2209238392155289e-05
491,0.39557661544334005,0.1459283693202143,0.46365615999999998,0.14594006909230928,0.0036909972977321871,0.14750765219397771,0.0037075412252906923,0.033024180849732458,0.00013050766142434523
492,0.40189583455286704,0.15050918601702487,0.44781486599999998,0.14594006909230928,0.0036909972977321871,0.14750765219397771,0.0037075412252906923,0.0597191578797443,0.00052211512387918
493,0.41469472084643072,0.16014013278579672,0.44083007299999999,0.14594006909230928,0.0036909972977321871,0.14750765219397771,0.0037075412252906923,0.10760173572793312,0.0020827036680258959
494,0.44076321269772462,0.18092261282956953,0.43682807899999998,0.14594006909230928,0.0036909972977321871,0.14750765219397771,0.0037075412252906923,0.19115920506163295,0.0082403358316727199
495,0.50744221959282165,0.24395546810069507,0.44714036299999999,0.14594006909230928,0.0036909972977321871,0.24961599500449363,0.014617581752285617,0,0
496,0.50749277682110694,0.24400214957028027,0.46111436500000003,0.14594006909230928,0.0036909972977321871,0.24961599500449363,0.014617581752285617,0.00044636213875484773,1.2123420541968759e-08
497,0.50759347693807566,0.24409529899912,0.45379464899999999,0.14594006909230928,0.0036909972977321871,0.24961599500449363,0.014617581752285617,0.0012207741926081306,8.5202409298701866e-08
498,0.50780183633844689,0.24428606211880532,0.45614953200000002,0.14594006909230928,0.0036909972977321871,0.24961599500449363,0.014617581752285617,0.0025842092512702274,4.2273380854628752e-07
499,0.50821381856261749,0.24466300525885423,0.45295024699999997,0.14594006909230928,0.0036909972977321871,0.24961599500449363,0.014617581752285617,0.0050978705580568481,1.8776802509906289e-06
500,0.50902897549409465,0.24540881046974145,0.45209950599999998,0.14594006909230928,0.0036909972977321871,0.24961599500449363,0.014617581752285617,0.0096838115197718719,7.8781740840588525e-06
501,0.51058816293337295,0.24683513687022729,0.45127662400000002,0.14594006909230928,0.0036909972977321871,0.24961599500449363,0.014617581752285617,0.017895703660261074,3.2209238392155289e-05
502,0.51384693540859294,0.24988773881495782,0.44819562200000002,0.14594006909230928,0.0036909972977321871,0.24961599500449363,0.014617581752285617,0.033024180849732458,0.00013050766142434523
503,0.52025575811302383,0.2559097291175042,0.44334591200000001,0.14594006909230928,0.0036909972977321871,0.24961599500449363,0.014617581752285617,0.0597191578797443,0.00052211512387918
504,0.53292717199875628,0.26819634874742421,0.43598968999999999,0.14594006909230928,0.0036909972977321871,0.24961599500449363,0.014617581752285617,0.10760173572793312,0.0020827036680258959
505,0.55834861838641348,0.29400022634827222,0.43097131100000002,0.14594006909230928,0.0036909972977321871,0.24961599500449363,0.014617581752285617,0.19115920506163295,0.0082403358316727199
506,0.36455929673993581,0.12979641038207945,0.50936332900000003,0.24861723122380944,0.014564784100300101,0,0,0,0
507,0.36460915522370774,0.12982992448111555,0.49983476599999999,0.24861723122380944,0.014564784100300101,0,0,0.00044636213875484773,1.2123420541968759e-08
508,0.36470868630149744,0.12989635357741661,0.49691310599999999,0.24861723122380944,0.014564784100300101,0,0,0.0012207741926081306,8.5202409298701866e-08
509,0.36491193881640616,0.13003184799235465,0.49936272599999998,0.24861723122380944,0.014564784100300101,0,0,0.0025842092512702274,4.2273380854628752e-07
510,0.36532736343250571,0.13030981224499374,0.501244825,0.24861723122380944,0.014564784100300101,0,0,0.0050978705580568481,1.8776802509906289e-06
511,0.36613025019895273,0.13084250277756593,0.50064384200000001,0.24861723122380944,0.014564784100300101,0,0,0.0096838115197718719,7.8781740840588525e-06
512,0.36773406968981742,0.13190540111926016,0.49844340399999998,0.24861723122380944,0.014564784100300101,0,0,0.017895703660261074,3.2209238392155289e-05
513,0.37089778990912359,0.13405270701103145,0.49949607499999998,0.24861723122380944,0.014564784100300101,0,0,0.033024180849732458,0.00013050766142434523
514,0.37730745759756218,0.13842326771162985,0.49793016299999998,0.24861723122380944,0.014564784100300101,0,0,0.0597191578797443,0.00052211512387918
515,0.38998905157146857,0.14742646417249938,0.49792077200000001,0.24861723122380944,0.014564784100300101,0,0,0.10760173572793312,0.0020827036680258959
516,0.4157553825442612,0.16692579707126212,0.49933163200000003,0.24861723122380944,0.014564784100300101,0,0,0.19115920506163295,0.0082403358316727199
517,0.36540273210449853,0.13035827124591964,0.501243192,0.24861723122380944,0.014564784100300101,0.0015607340272276234,8.699227671129213e-08,0,0
518,0.36545260137063418,0.13039155958986978,0.49565150200000002,0.24861723122380944,0.014564784100300101,0.0015607340272276234,8.699227671129213e-08,0.00044636213875484773,1.2123420541968759e-08
519,0.36555405059317442,0.13045924464527439,0.49819293999999997,0.24861723122380944,0.014564784100300101,0.0015607340272276234,8.699227671129213e-08,0.0012207741926081306,8.5202409298701866e-08
520,0.36575563892893903,0.1305950201235552,0.49859592200000002,0.24861723122380944,0.014564784100300101,0.0015607340272276234,8.699227671129213e-08,0.0025842092512702274,4.2273380854628752e-07
521,0.36615075204089925,0.13085718360728038,0.50044948099999997,0.24861723122380944,0.014564784100300101,0.0015607340272276234,8.699227671129213e-08,0.0050978705580568481,1.8776802509906289e-06
522,0.36694914800190426,0.13139534022825938,0.50543648900000004,0.24861723122380944,0.014564784100300101,0.0015607340272276234,8.699227671129213e-08,0.0096838115197718719,7.8781740840588525e-06
523,0.36855959298195057,0.13246814772823304,0.50565098200000003,0.24861723122380944,0.014564784100300101,0.0015607340272276234,8.699227671129213e-08,0.017895703660261074,3.2209238392155289e-05
524,0.37176566203006428,0.13464242727016359,0.50884280199999998,0.24861723122380944,0.014564784100300101,0.0015607340272276234,8.699227671129213e-08,0.033024180849732458,0.00013050766142434523
525,0.3781655487451569,0.13901247685668619,0.50809998499999998,0.24861723122380944,0.014564784100300101,0.0015607340272276234,8.699227671129213e-08,0.0597191578797443,0.00052211512387918
526,0.39088890881737726,0.1480721140114894,0.50707614999999995,0.24861723122380944,0.014564784100300101,0.0015607340272276234,8.699227671129213e-08,0.10760173572793312,0.0020827036680258959
527,0.41653969840542826,0.16755465075326209,0.49755654399999999,0.24861723122380944,0.014564784100300101,0.0015607340272276234,8.699227671129213e-08,0.19115920506163295,0.0082403358316727199
528,0.36709947859686737,0.13149425942737555,0.49743891899999998,0.24861723122380944,0.014564784100300101,0.0040550529216908859,6.0804941017694669e-07,0,0
529,0.36714980251019202,0.13152816332293452,0.49772249600000001,0.24861723122380944,0.014564784100300101,0.0040550529216908859,6.0804941017694669e-07,0.00044636213875484773,1.2123420541968759e-08
530,0.36725089946220996,0.1315956903429866,0.49996860799999998,0.24861723122380944,0.014564784100300101,0.0040550529216908859,6.0804941017694669e-07,0.0012207741926081306,8.5202409298701866e-08
531,0.36744931246383766,0.13172966998968813,0.49951404799999999,0.24861723122380944,0.014564784100300101,0.0040550529216908859,6.0804941017694669e-07,0.0025842092512702274,4.2273380854628752e-07
532,0.36785771242495696,0.13200563651739475,0.49906303899999999,0.24861723122380944,0.014564784100300101,0.0040550529216908859,6.0804941017694669e-07,0.0050978705580568481,1.8776802509906289e-06
533,0.36867932969056655,0.13255846869887092,0.49836975700000002,0.24861723122380944,0.014564784100300101,0.0040550529216908859,6.0804941017694669e-07,0.0096838115197718719,7.8781740840588525e-06
534,0.37030431078800324,0.1336630539261251,0.49859308099999999,0.24861723122380944,0.014564784100300101,0.0040550529216908859,6.0804941017694669e-07,0.017895703660261074,3.2209238392155289e-05
535,0.37352200390047374,0.13584742138453115,0.49884261200000002,0.24861723122380944,0.014564784100300101,0.0040550529216908859,6.0804941017694669e-07,0.033024180849732458,0.00013050766142434523
536,0.37992959214742178,0.14021959762714648,0.49999160399999998,0.24861723122380944,0.014564784100300101,0.0040550529216908859,6.0804941017694669e-07,0.0597191578797443,0.00052211512387918
537,0.39265029152031705,0.14929815127197171,0.49966306799999999,0.24861723122380944,0.014564784100300101,0.0040550529216908859,6.0804941017694669e-07,0.10760173572793312,0.0020827036680258959
538,0.41811177697965513,0.16870477334660089,0.49895287700000002,0.24861723122380944,0.014564784100300101,0.0040550529216908859,6.0804941017694669e-07,0.19115920506163295,0.0082403358316727199
539,0.37039660017836989,0.13371988004889451,0.49754115900000001,0.24861723122380944,0.014564784100300101,0.0082544373065514005,3.0366291143224199e-06,0,0
540,0.37044649609683078,0.13375387148755866,0.49940232699999998,0.24861723122380944,0.014564784100300101,0.0082544373065514005,3.0366291143224199e-06,0.00044636213875484773,1.2123420541968759e-08
541,0.37054685712800961,0.1338217668835304,0.49889617800000002,0.24861723122380944,0.014564784100300101,0.0082544373065514005,3.0366291143224199e-06,0.0012207741926081306,8.5202409298701866e-08
542,0.37075067118255284,0.13395944354480344,0.499384834,0.24861723122380944,0.014564784100300101,0.0082544373065514005,3.0366291143224199e-06,0.0025842092512702274,4.2273380854628752e-07
543,0.37115013330767765,0.13423194029293356,0.49677244399999998,0.24861723122380944,0.014564784100300101,0.0082544373065514005,3.0366291143224199e-06,0.0050978705580568481,1.8776802509906289e-06
544,0.37194557203163348,0.13477120298848411,0.4971468,0.24861723122380944,0.014564784100300101,0.0082544373065514005,3.0366291143224199e-06,0.0096838115197718719,7.8781740840588525e-06
545,0.37356646150791617,0.13587360649632502,0.49545007000000002,0.24861723122380944,0.014564784100300101,0.0082544373065514005,3.0366291143224199e-06,0.017895703660261074,3.2209238392155289e-05
546,0.37681949350134641,0.13809674538237204,0.49578890599999997,0.24861723122380944,0.014564784100300101,0.0082544373065514005,3.0366291143224199e-06,0.033024180849732458,0.00013050766142434523
547,0.38313430427691597,0.14250972907818388,0.49296330500000002,0.24861723122380944,0.014564784100300101,0.0082544373065514005,3.0366291143224199e-06,0.0597191578797443,0.00052211512387918
548,0.39603276682172123,0.15182126959562964,0.49140877100000002,0.24861723122380944,0.014564784100300101,0.0082544373065514005,3.0366291143224199e-06,0.10760173572793312,0.0020827036680258959
549,0.42160448843216947,0.17148953781564527,0.49314524599999998,0.24861723122380944,0.014564784100300101,0.0082544373065514005,3.0366291143224199e-06,0.19115920506163295,0.0082403358316727199
550,0.3769159627912641,0.13819001438539477,0.490717546,0.24861723122380944,0.014564784100300101,0.015279397859918326,1.3449920543001751e-05,0,0
551,0.37696590575932265,0.13822463380566899,0.49456158300000003,0.24861723122380944,0.014564784100300101,0.015279397859918326,1.3449920543001751e-05,0.00044636213875484773,1.2123420541968759e-08
552,0.37706635065147781,0.13829314386406918,0.50183165399999996,0.24861723122380944,0.014564784100300101,0.015279397859918326,1.3449920543001751e-05,0.0012207741926081306,8.5202409298701866e-08
553,0.37726926521380216,0.13843220621422175,0.49417119900000001,0.24861723122380944,0.014564784100300101,0.015279397859918326,1.3449920543001751e-05,0.0025842092512702274,4.2273380854628752e-07
554,0.37766522182569323,0.13870540999251255,0.49146657500000002,0.24861723122380944,0.014564784100300101,0.015279397859918326,1.3449920543001751e-05,0.0050978705580568481,1.8776802509906289e-06
555,0.3784882268905207,0.13927387877385189,0.48681439199999998,0.24861723122380944,0.014564784100300101,0.015279397859918326,1.3449920543001751e-05,0.0096838115197718719,7.8781740840588525e-06
556,0.38009975367399557,0.14039341171667555,0.48295310200000002,0.24861723122380944,0.014564784100300101,0.015279397859918326,1.3449920543001751e-05,0.017895703660261074,3.2209238392155289e-05
557,0.38328270879637344,0.14263687265645306,0.4829329,0.24861723122380944,0.014564784100300101,0.015279397859918326,1.3449920543001751e-05,0.033024180849732458,0.00013050766142434523
558,0.38979273935047881,0.14731241196455325,0.48438644199999997,0.24861723122380944,0.014564784100300101,0.015279397859918326,1.3449920543001751e-05,0.0597191578797443,0.00052211512387918
559,0.40266062444580863,0.1567570423719645,0.48257309399999998,0.24861723122380944,0.014564784100300101,0.015279397859918326,1.3449920543001751e-05,0.10760173572793312,0.0020827036680258959
560,0.42805171251557755,0.17656032901546881,0.484805021,0.24861723122380944,0.014564784100300101,0.015279397859918326,1.3449920543001751e-05,0.19115920506163295,0.0082403358316727199
561,0.41405323492475304,0.16522792476936993,0.47699115600000003,0.24861723122380944,0.014564784100300101,0.049095544509439357,0.00023102918783032435,0,0
562,0.4141043738183432,0.16526651631910613,0.47679699399999997,0.24861723122380944,0.014564784100300101,0.049095544509439357,0.00023102918783032435,0.00044636213875484773,1.2123420541968759e-08
563,0.41420511725725651,0.16534202420267591,0.47766707200000003,0.24861723122380944,0.014564784100300101,0.049095544509439357,0.00023102918783032435,0.0012207741926081306,8.5202409298701866e-08
564,0.41441092513506911,0.16549616012035936,0.47921206199999999,0.24861723122380944,0.014564784100300101,0.049095544509439357,0.00023102918783032435,0.0025842092512702274,4.2273380854628752e-07
565,0.41482336366290412,0.16580709264698995,0.47937506200000002,0.24861723122380944,0.014564784100300101,0.049095544509439357,0.00023102918783032435,0.0050978705580568481,1.8776802509906289e-06
566,0.41564107796863675,0.16641933966622621,0.47972859000000001,0.24861723122380944,0.014564784100300101,0.049095544509439357,0.00023102918783032435,0.0096838115197718719,7.8781740840588525e-06
567,0.41724629038941802,0.16764130724674514,0.48374421499999998,0.24861723122380944,0.014564784100300101,0.049095544509439357,0.00023102918783032435,0.017895703660261074,3.2209238392155289e-05
568,0.42048436126839395,0.17010178616926552,0.48267317100000001,0.24861723122380944,0.014564784100300101,0.049095544509439357,0.00023102918783032435,0.033024180849732458,0.00013050766142434523
569,0.42670082651311964,0.17495451397363856,0.481420444,0.24861723122380944,0.014564784100300101,0.049095544509439357,0.00023102918783032435,0.0597191578797443,0.00052211512387918
570,0.43943244078064397,0.18515937756508741,0.47955499400000001,0.24861723122380944,0.014564784100300101,0.049095544509439357,0.00023102918783032435,0.10760173572793312,0.0020827036680258959
571,0.4648837012311805,0.20664557843760917,0.47453958400000001,0.24861723122380944,0.014564784100300101,0.049095544509439357,0.00023102918783032435,0.19115920506163295,0.0082403358316727199
