config_id,overall_MAPE,overall_NMSE,runtime_sec,s0_MAPE,s0_NMSE,s1_MAPE,s1_NMSE,s2_MAPE,s2_NMSE,s3_MAPE,s3_NMSE,s4_MAPE,s4_NMSE,s5_MAPE,s5_NMSE,s6_MAPE,s6_NMSE,s7_MAPE,s7_NMSE,s8_MAPE,s8_NMSE,s9_MAPE,s9_NMSE,s10_MAPE,s10_NMSE,s11_MAPE,s11_NMSE,s12_MAPE,s12_NMSE,s13_MAPE,s13_NMSE,s14_MAPE,s14_NMSE,s15_MAPE,s15_NMSE,s16_MAPE,s16_NMSE,s17_MAPE,s17_NMSE,s18_MAPE,s18_NMSE,s19_MAPE,s19_NMSE,s20_MAPE,s20_NMSE,s21_MAPE,s21_NMSE,s22_MAPE,s22_NMSE,s23_MAPE,s23_NMSE,s24_MAPE,s24_NMSE,s25_MAPE,s25_NMSE,s26_MAPE,s26_NMSE,s27_MAPE,s27_NMSE,s28_MAPE,s28_NMSE,s29_MAPE,s29_NMSE,s30_MAPE,s30_NMSE,s31_MAPE,s31_NMSE
0,0,0,0.070907171000000005,0,0,0,0,0,0,0,0,0,0,0,0,0,0,0,0,0,0,0,0,0,0,0,0,0,0,0,0,0,0,0,0,0,0,0,0,0,0,0,0,0,0,0,0,0,0,0,0,0,0,0,0,0,0,0,0,0,0,0,0,0,0,0,0
1,3.9416450554652559e-06,4.4258626682218864e-11,0.069390539000000001,0,0,0.00012613264177488819,1.4104156342024125e-09,0,0,0,0,0,0,0,0,0,0,0,0,0,0,0,0,0,0,0,0,0,0,0,0,0,0,0,0,0,0,0,0,0,0,0,0,0,0,0,0,0,0,0,0,0,0,0,0,0,0,0,0,0,0,0,0,0,0,0,0
2,1.4977349989043698e-05,3.0998504591792438e-10,0.067803086999999998,0,0,0.00047927519964939834,9.8784754048241572e-09,0,0,0,0,0,0,0,0,0,0,0,0,0,0,0,0,0,0,0,0,0,0,0,0,0,0,0,0,0,0,0,0,0,0,0,0,0,0,0,0,0,0,0,0,0,0,0,0,0,0,0,0,0,0,0,0,0,0,0,0
3,3.7007511445946155e-05,1.5499950932465789e-09,0.067906867999999995,0,0,0.0011842403662702769,4.9394603410283697e-08,0,0,0,0,0,0,0,0,0,0,0,0,0,0,0,0,0,0,0,0,0,0,0,0,0,0,0,0,0,0,0,0,0,0,0,0,0,0,0,0,0,0,0,0,0,0,0,0,0,0,0,0,0,0,0,0,0,0,0,0
4,8.201183210445504e-05,6.7227002543381095e-09,0.067730105999999998,0,0,0.0026243786273425613,2.1423623491201474e-07,0,0,0,0,0,0,0,0,0,0,0,0,0,0,0,0,0,0,0,0,0,0,0,0,0,0,0,0,0,0,0,0,0,0,0,0,0,0,0,0,0,0,0,0,0,0,0,0,0,0,0,0,0,0,0,0,0,0,0,0
5,0.00017485317380127387,2.8291008430083349e-08,0.067714016000000002,0,0,0.0055953015616407639,9.0156617112506725e-07,0,0,0,0,0,0,0,0,0,0,0,0,0,0,0,0,0,0,0,0,0,0,0,0,0,0,0,0,0,0,0,0,0,0,0,0,0,0,0,0,0,0,0,0,0,0,0,0,0,0,0,0,0,0,0,0,0,0,0,0
6,0.0003504239407048017,1.1652321807413678e-07,0.067720146999999994,0,0,0.011213566102553654,3.7133137839852262e-06,0,0,0,0,0,0,0,0,0,0,0,0,0,0,0,0,0,0,0,0,0,0,0,0,0,0,0,0,0,0,0,0,0,0,0,0,0,0,0,0,0,0,0,0,0,0,0,0,0,0,0,0,0,0,0,0,0,0,0,0
7,0.00068611479361741076,4.7168210458041589e-07,0.067547093000000002,0,0,0.021955673395757144,1.5031370481745895e-05,0,0,0,0,0,0,0,0,0,0,0,0,0,0,0,0,0,0,0,0,0,0,0,0,0,0,0,0,0,0,0,0,0,0,0,0,0,0,0,0,0,0,0,0,0,0,0,0,0,0,0,0,0,0,0,0,0,0,0,0
8,0.0013835014438430041,1.9255861651391696e-06,0.067827495000000002,0,0,0.044272046202976131,6.136378455247621e-05,0,0,0,0,0,0,0,0,0,0,0,0,0,0,0,0,0,0,0,0,0,0,0,0,0,0,0,0,0,0,0,0,0,0,0,0,0,0,0,0,0,0,0,0,0,0,0,0,0,0,0,0,0,0,0,0,0,0,0,0
9,0.0027586998216122933,7.6299079251140185e-06,0.067835160000000005,0,0,0.088278394291593384,0.0002431467542446166,0,0,0,0,0,0,0,0,0,0,0,0,0,0,0,0,0,0,0,0,0,0,0,0,0,0,0,0,0,0,0,0,0,0,0,0,0,0,0,0,0,0,0,0,0,0,0,0,0,0,0,0,0,0,0,0,0,0,0,0
10,0.0055462389698482609,3.0648777884069193e-05,0.067771585999999995,0,0,0.17747964703514435,0.00097670259421436595,0,0,0,0,0,0,0,0,0,0,0,0,0,0,0,0,0,0,0,0,0,0,0,0,0,0,0,0,0,0,0,0,0,0,0,0,0,0,0,0,0,0,0,0,0,0,0,0,0,0,0,0,0,0,0,0,0,0,0,0
11,0.011171362143769492,0.00012160617093213619,0.067770284,0,0,0.35748358860062374,0.0038752952261639647,0,0,0,0,0,0,0,0,0,0,0,0,0,0,0,0,0,0,0,0,0,0,0,0,0,0,0,0,0,0,0,0,0,0,0,0,0,0,0,0,0,0,0,0,0,0,0,0,0,0,0,0,0,0,0,0,0,0,0,0
12,0.022448003366489663,0.0004844166503440122,0.067633180000000001,0,0,0.7183361077276692,0.015437189726170355,0,0,0,0,0,0,0,0,0,0,0,0,0,0,0,0,0,0,0,0,0,0,0,0,0,0,0,0,0,0,0,0,0,0,0,0,0,0,0,0,0,0,0,0,0,0,0,0,0,0,0,0,0,0,0,0,0,0,0,0
13,0.045087717394888871,0.0019351035576868282,0.067773691999999996,0,0,1.4428069566364439,0.061667080887051633,0,0,0,0,0,0,0,0,0,0,0,0,0,0,0,0,0,0,0,0,0,0,0,0,0,0,0,0,0,0,0,0,0,0,0,0,0,0,0,0,0,0,0,0,0,0,0,0,0,0,0,0,0,0,0,0,0,0,0,0
14,0.090383583793257144,0.0078895710302843858,0.067621578000000002,0,0,2.8922746813842286,0.25142159082703969,0,0,0,0,0,0,0,0,0,0,0,0,0,0,0,0,0,0,0,0,0,0,0,0,0,0,0,0,0,0,0,0,0,0,0,0,0,0,0,0,0,0,0,0,0,0,0,0,0,0,0,0,0,0,0,0,0,0,0,0
15,0.18069740970883758,0.03140140803835656,0.067749775999999998,0,0,5.7823171106828024,1.0006871010993377,0,0,0,0,0,0,0,0,0,0,0,0,0,0,0,0,0,0,0,0,0,0,0,0,0,0,0,0,0,0,0,0,0,0,0,0,0,0,0,0,0,0,0,0,0,0,0,0,0,0,0,0,0,0,0,0,0,0,0,0
16,0.031246875,0.031379846911046928,0.067719527000000002,0,0,0.99990000000000001,1,0,0,0,0,0,0,0,0,0,0,0,0,0,0,0,0,0,0,0,0,0,0,0,0,0,0,0,0,0,0,0,0,0,0,0,0,0,0,0,0,0,0,0,0,0,0,0,0,0,0,0,0,0,0,0,0,0,0,0,0
17,4.4655195885108551e-06,4.4258626682218864e-11,0.067604844999999997,0.00014289662683234736,1.4101075996142365e-09,0,0,0,0,0,0,0,0,0,0,0,0,0,0,0,0,0,0,0,0,0,0,0,0,0,0,0,0,0,0,0,0,0,0,0,0,0,0,0,0,0,0,0,0,0,0,0,0,0,0,0,0,0,0,0,0,0,0,0,0,0,0
18,8.407164643976083e-06,8.8517253364437728e-11,0.067821133000000006,0.00014289662683234736,1.4101075996142365e-09,0.00012613264177488819,1.4104156342024125e-09,0,0,0,0,0,0,0,0,0,0,0,0,0,0,0,0,0,0,0,0,0,0,0,0,0,0,0,0,0,0,0,0,0,0,0,0,0,0,0,0,0,0,0,0,0,0,0,0,0,0,0,0,0,0,0,0,0,0,0,0
19,4.1473031034456913e-05,1.5942537199287977e-09,0.067980641999999994,0.00014289662683234736,1.4101075996142365e-09,0.0011842403662702769,4.9394603410283697e-08,0,0,0,0,0,0,0,0,0,0,0,0,0,0,0,0,0,0,0,0,0,0,0,0,0,0,0,0,0,0,0,0,0,0,0,0,0,0,0,0,0,0,0,0,0,0,0,0,0,0,0,0,0,0,0,0,0,0,0,0
20,0.0013879669634315147,1.9256304237658518e-06,0.067846813000000006,0.00014289662683234736,1.4101075996142365e-09,0.044272046202976131,6.136378455247621e-05,0,0,0,0,0,0,0,0,0,0,0,0,0,0,0,0,0,0,0,0,0,0,0,0,0,0,0,0,0,0,0,0,0,0,0,0,0,0,0,0,0,0,0,0,0,0,0,0,0,0,0,0,0,0,0,0,0,0,0,0
21,0.0027631653412008151,7.6299521837407012e-06,0.067763511999999998,0.00014289662683234736,1.4101075996142365e-09,0.088278394291593384,0.0002431467542446166,0,0,0,0,0,0,0,0,0,0,0,0,0,0,0,0,0,0,0,0,0,0,0,0,0,0,0,0,0,0,0,0,0,0,0,0,0,0,0,0,0,0,0,0,0,0,0,0,0,0,0,0,0,0,0,0,0,0,0,0
22,0.031251340519588472,0.031379846955305553,0.067876010000000001,0.00014289662683234736,1.4101075996142365e-09,0.99990000000000001,1,0,0,0,0,0,0,0,0,0,0,0,0,0,0,0,0,0,0,0,0,0,0,0,0,0,0,0,0,0,0,0,0,0,0,0,0,0,0,0,0,0,0,0,0,0,0,0,0,0,0,0,0,0,0,0,0,0,0,0,0
23,1.1952840886825559e-05,3.0708570415421156e-10,0.067893893999999996,0.00038249090837841787,9.7839431004015418e-09,0,0,0,0,0,0,0,0,0,0,0,0,0,0,0,0,0,0,0,0,0,0,0,0,0,0,0,0,0,0,0,0,0,0,0,0,0,0,0,0,0,0,0,0,0,0,0,0,0,0,0,0,0,0,0,0,0,0,0,0,0,0
24,1.5894485942290754e-05,3.5134433083643041e-10,0.067618020000000001,0.00038249090837841787,9.7839431004015418e-09,0.00012613264177488819,1.4104156342024125e-09,0,0,0,0,0,0,0,0,0,0,0,0,0,0,0,0,0,0,0,0,0,0,0,0,0,0,0,0,0,0,0,0,0,0,0,0,0,0,0,0,0,0,0,0,0,0,0,0,0,0,0,0,0,0,0,0,0,0,0,0
25,2.6930190875869341e-05,6.1707075007213599e-10,0.067854978999999996,0.00038249090837841787,9.7839431004015418e-09,0.00047927519964939834,9.8784754048241572e-09,0,0,0,0,0,0,0,0,0,0,0,0,0,0,0,0,0,0,0,0,0,0,0,0,0,0,0,0,0,0,0,0,0,0,0,0,0,0,0,0,0,0,0,0,0,0,0,0,0,0,0,0,0,0,0,0,0,0,0,0
26,0.00036237678159162684,1.1683030377829099e-07,0.067920656999999995,0.00038249090837841787,9.7839431004015418e-09,0.011213566102553654,3.7133137839852262e-06,0,0,0,0,0,0,0,0,0,0,0,0,0,0,0,0,0,0,0,0,0,0,0,0,0,0,0,0,0,0,0,0,0,0,0,0,0,0,0,0,0,0,0,0,0,0,0,0,0,0,0,0,0,0,0,0,0,0,0,0
27,0.0027706526624991287,7.6302150108181723e-06,0.067752371000000006,0.00038249090837841787,9.7839431004015418e-09,0.088278394291593384,0.0002431467542446166,0,0,0,0,0,0,0,0,0,0,0,0,0,0,0,0,0,0,0,0,0,0,0,0,0,0,0,0,0,0,0,0,0,0,0,0,0,0,0,0,0,0,0,0,0,0,0,0,0,0,0,0,0,0,0,0,0,0,0,0
28,0.0055581918107350577,3.0649084969773341e-05,0.067769003999999994,0.00038249090837841787,9.7839431004015418e-09,0.17747964703514435,0.00097670259421436595,0,0,0,0,0,0,0,0,0,0,0,0,0,0,0,0,0,0,0,0,0,0,0,0,0,0,0,0,0,0,0,0,0,0,0,0,0,0,0,0,0,0,0,0,0,0,0,0,0,0,0,0,0,0,0,0,0,0,0,0
29,0.011183314984656341,0.00012160647801784035,0.067877032000000004,0.00038249090837841787,9.7839431004015418e-09,0.35748358860062374,0.0038752952261639647,0,0,0,0,0,0,0,0,0,0,0,0,0,0,0,0,0,0,0,0,0,0,0,0,0,0,0,0,0,0,0,0,0,0,0,0,0,0,0,0,0,0,0,0,0,0,0,0,0,0,0,0,0,0,0,0,0,0,0,0
30,0.031258827840886849,0.031379847218132632,0.068082018999999994,0.00038249090837841787,9.7839431004015418e-09,0.99990000000000001,1,0,0,0,0,0,0,0,0,0,0,0,0,0,0,0,0,0,0,0,0,0,0,0,0,0,0,0,0,0,0,0,0,0,0,0,0,0,0,0,0,0,0,0,0,0,0,0,0,0,0,0,0,0,0,0,0,0,0,0,0
31,2.9214363785980101e-05,1.5227133352048954e-09,0.067806947000000006,0.00093485964115136324,4.8514601716483177e-08,0,0,0,0,0,0,0,0,0,0,0,0,0,0,0,0,0,0,0,0,0,0,0,0,0,0,0,0,0,0,0,0,0,0,0,0,0,0,0,0,0,0,0,0,0,0,0,0,0,0,0,0,0,0,0,0,0,0,0,0,0,0
32,3.3156008841445404e-05,1.5669719618871144e-09,0.067839510000000006,0.00093485964115136324,4.8514601716483177e-08,0.00012613264177488819,1.4104156342024125e-09,0,0,0,0,0,0,0,0,0,0,0,0,0,0,0,0,0,0,0,0,0,0,0,0,0,0,0,0,0,0,0,0,0,0,0,0,0,0,0,0,0,0,0,0,0,0,0,0,0,0,0,0,0,0,0,0,0,0,0,0
33,6.6221875231925565e-05,3.0727084284514745e-09,0.067952910000000005,0.00093485964115136324,4.8514601716483177e-08,0.0011842403662702769,4.9394603410283697e-08,0,0,0,0,0,0,0,0,0,0,0,0,0,0,0,0,0,0,0,0,0,0,0,0,0,0,0,0,0,0,0,0,0,0,0,0,0,0,0,0,0,0,0,0,0,0,0,0,0,0,0,0,0,0,0,0,0,0,0,0
34,0.00037963830449078075,1.1804593140934168e-07,0.067645495,0.00093485964115136324,4.8514601716483177e-08,0.011213566102553654,3.7133137839852262e-06,0,0,0,0,0,0,0,0,0,0,0,0,0,0,0,0,0,0,0,0,0,0,0,0,0,0,0,0,0,0,0,0,0,0,0,0,0,0,0,0,0,0,0,0,0,0,0,0,0,0,0,0,0,0,0,0,0,0,0,0
35,0.0014127158076289803,1.9271088784743744e-06,0.067742993000000001,0.00093485964115136324,4.8514601716483177e-08,0.044272046202976131,6.136378455247621e-05,0,0,0,0,0,0,0,0,0,0,0,0,0,0,0,0,0,0,0,0,0,0,0,0,0,0,0,0,0,0,0,0,0,0,0,0,0,0,0,0,0,0,0,0,0,0,0,0,0,0,0,0,0,0,0,0,0,0,0,0
36,0.0027879141853982838,7.6314306384492238e-06,0.067969350999999997,0.00093485964115136324,4.8514601716483177e-08,0.088278394291593384,0.0002431467542446166,0,0,0,0,0,0,0,0,0,0,0,0,0,0,0,0,0,0,0,0,0,0,0,0,0,0,0,0,0,0,0,0,0,0,0,0,0,0,0,0,0,0,0,0,0,0,0,0,0,0,0,0,0,0,0,0,0,0,0,0
37,0.0055754533336342289,3.0650300597404396e-05,0.067786236999999999,0.00093485964115136324,4.8514601716483177e-08,0.17747964703514435,0.00097670259421436595,0,0,0,0,0,0,0,0,0,0,0,0,0,0,0,0,0,0,0,0,0,0,0,0,0,0,0,0,0,0,0,0,0,0,0,0,0,0,0,0,0,0,0,0,0,0,0,0,0,0,0,0,0,0,0,0,0,0,0,0
38,0.011200576507555491,0.00012160769364547139,0.067702504999999996,0.00093485964115136324,4.8514601716483177e-08,0.35748358860062374,0.0038752952261639647,0,0,0,0,0,0,0,0,0,0,0,0,0,0,0,0,0,0,0,0,0,0,0,0,0,0,0,0,0,0,0,0,0,0,0,0,0,0,0,0,0,0,0,0,0,0,0,0,0,0,0,0,0,0,0,0,0,0,0,0
39,0.022477217730275608,0.00048441817305734739,0.067911458999999993,0.00093485964115136324,4.8514601716483177e-08,0.7183361077276692,0.015437189726170355,0,0,0,0,0,0,0,0,0,0,0,0,0,0,0,0,0,0,0,0,0,0,0,0,0,0,0,0,0,0,0,0,0,0,0,0,0,0,0,0,0,0,0,0,0,0,0,0,0,0,0,0,0,0,0,0,0,0,0,0
40,6.578707011592004e-05,6.6690100339667043e-09,0.068016162000000005,0.0021051862437094413,2.1247884165773637e-07,0,0,0,0,0,0,0,0,0,0,0,0,0,0,0,0,0,0,0,0,0,0,0,0,0,0,0,0,0,0,0,0,0,0,0,0,0,0,0,0,0,0,0,0,0,0,0,0,0,0,0,0,0,0,0,0,0,0,0,0,0,0
41,6.972871517138539e-05,6.7132686606489238e-09,0.067766240000000005,0.0021051862437094413,2.1247884165773637e-07,0.00012613264177488819,1.4104156342024125e-09,0,0,0,0,0,0,0,0,0,0,0,0,0,0,0,0,0,0,0,0,0,0,0,0,0,0,0,0,0,0,0,0,0,0,0,0,0,0,0,0,0,0,0,0,0,0,0,0,0,0,0,0,0,0,0,0,0,0,0,0
42,0.00010279458156186565,8.2190051272132833e-09,0.067795486000000002,0.0021051862437094413,2.1247884165773637e-07,0.0011842403662702769,4.9394603410283697e-08,0,0,0,0,0,0,0,0,0,0,0,0,0,0,0,0,0,0,0,0,0,0,0,0,0,0,0,0,0,0,0,0,0,0,0,0,0,0,0,0,0,0,0,0,0,0,0,0,0,0,0,0,0,0,0,0,0,0,0,0
43,0.0002406402439171968,3.4960018464050053e-08,0.067855593000000006,0.0021051862437094413,2.1247884165773637e-07,0.0055953015616407639,9.0156617112506725e-07,0,0,0,0,0,0,0,0,0,0,0,0,0,0,0,0,0,0,0,0,0,0,0,0,0,0,0,0,0,0,0,0,0,0,0,0,0,0,0,0,0,0,0,0,0,0,0,0,0,0,0,0,0,0,0,0,0,0,0,0
44,0.011237149213885382,0.00012161283994217015,0.067760528,0.0021051862437094413,2.1247884165773637e-07,0.35748358860062374,0.0038752952261639647,0,0,0,0,0,0,0,0,0,0,0,0,0,0,0,0,0,0,0,0,0,0,0,0,0,0,0,0,0,0,0,0,0,0,0,0,0,0,0,0,0,0,0,0,0,0,0,0,0,0,0,0,0,0,0,0,0,0,0,0
45,0.090449370863372833,0.0078895776992944193,0.067787670999999994,0.0021051862437094413,2.1247884165773637e-07,2.8922746813842286,0.25142159082703969,0,0,0,0,0,0,0,0,0,0,0,0,0,0,0,0,0,0,0,0,0,0,0,0,0,0,0,0,0,0,0,0,0,0,0,0,0,0,0,0,0,0,0,0,0,0,0,0,0,0,0,0,0,0,0,0,0,0,0,0
46,0.18076319677895322,0.031401414707366591,0.067835904000000002,0.0021051862437094413,2.1247884165773637e-07,5.7823171106828024,1.0006871010993377,0,0,0,0,0,0,0,0,0,0,0,0,0,0,0,0,0,0,0,0,0,0,0,0,0,0,0,0,0,0,0,0,0,0,0,0,0,0,0,0,0,0,0,0,0,0,0,0,0,0,0,0,0,0,0,0,0,0,0,0
47,0.031312662070116112,0.03137985358005696,0.067893465,0.0021051862437094413,2.1247884165773637e-07,0.99990000000000001,1,0,0,0,0,0,0,0,0,0,0,0,0,0,0,0,0,0,0,0,0,0,0,0,0,0,0,0,0,0,0,0,0,0,0,0,0,0,0,0,0,0,0,0,0,0,0,0,0,0,0,0,0,0,0,0,0,0,0,0,0
48,0.00012338853664532095,2.82227865690649e-08,0.067724239000000006,0.0039484331726502703,8.9919567792006836e-07,0,0,0,0,0,0,0,0,0,0,0,0,0,0,0,0,0,0,0,0,0,0,0,0,0,0,0,0,0,0,0,0,0,0,0,0,0,0,0,0,0,0,0,0,0,0,0,0,0,0,0,0,0,0,0,0,0,0,0,0,0,0
49,0.00013836588663436417,2.8532771614982823e-08,0.067718696999999994,0.0039484331726502703,8.9919567792006836e-07,0.00047927519964939834,9.8784754048241572e-09,0,0,0,0,0,0,0,0,0,0,0,0,0,0,0,0,0,0,0,0,0,0,0,0,0,0,0,0,0,0,0,0,0,0,0,0,0,0,0,0,0,0,0,0,0,0,0,0,0,0,0,0,0,0,0,0,0,0,0,0
50,0.00020540036874977771,3.4945486823403007e-08,0.067717745999999995,0.0039484331726502703,8.9919567792006836e-07,0.0026243786273425613,2.1423623491201474e-07,0,0,0,0,0,0,0,0,0,0,0,0,0,0,0,0,0,0,0,0,0,0,0,0,0,0,0,0,0,0,0,0,0,0,0,0,0,0,0,0,0,0,0,0,0,0,0,0,0,0,0,0,0,0,0,0,0,0,0,0
51,0.0056696275064935632,3.0677000670638253e-05,0.067563247000000007,0.0039484331726502703,8.9919567792006836e-07,0.17747964703514435,0.00097670259421436595,0,0,0,0,0,0,0,0,0,0,0,0,0,0,0,0,0,0,0,0,0,0,0,0,0,0,0,0,0,0,0,0,0,0,0,0,0,0,0,0,0,0,0,0,0,0,0,0,0,0,0,0,0,0,0,0,0,0,0,0
52,0.011294750680414811,0.00012163439371870526,0.067800737,0.0039484331726502703,8.9919567792006836e-07,0.35748358860062374,0.0038752952261639647,0,0,0,0,0,0,0,0,0,0,0,0,0,0,0,0,0,0,0,0,0,0,0,0,0,0,0,0,0,0,0,0,0,0,0,0,0,0,0,0,0,0,0,0,0,0,0,0,0,0,0,0,0,0,0,0,0,0,0,0
53,0.045211105931534282,0.0019351317804733972,0.067792910999999997,0.0039484331726502703,8.9919567792006836e-07,1.4428069566364439,0.061667080887051633,0,0,0,0,0,0,0,0,0,0,0,0,0,0,0,0,0,0,0,0,0,0,0,0,0,0,0,0,0,0,0,0,0,0,0,0,0,0,0,0,0,0,0,0,0,0,0,0,0,0,0,0,0,0,0,0,0,0,0,0
54,0.00025761586249084691,1.1615597976134265e-07,0.067837867999999996,0.0082437075997071011,3.7008023538134584e-06,0,0,0,0,0,0,0,0,0,0,0,0,0,0,0,0,0,0,0,0,0,0,0,0,0,0,0,0,0,0,0,0,0,0,0,0,0,0,0,0,0,0,0,0,0,0,0,0,0,0,0,0,0,0,0,0,0,0,0,0,0,0
55,0.00027259321247989068,1.1646596480726058e-07,0.067836546999999997,0.0082437075997071011,3.7008023538134584e-06,0.00047927519964939834,9.8784754048241572e-09,0,0,0,0,0,0,0,0,0,0,0,0,0,0,0,0,0,0,0,0,0,0,0,0,0,0,0,0,0,0,0,0,0,0,0,0,0,0,0,0,0,0,0,0,0,0,0,0,0,0,0,0,0,0,0,0,0,0,0,0
56,0.00029462337393679308,1.1770597485458923e-07,0.067790498000000005,0.0082437075997071011,3.7008023538134584e-06,0.0011842403662702769,4.9394603410283697e-08,0,0,0,0,0,0,0,0,0,0,0,0,0,0,0,0,0,0,0,0,0,0,0,0,0,0,0,0,0,0,0,0,0,0,0,0,0,0,0,0,0,0,0,0,0,0,0,0,0,0,0,0,0,0,0,0,0,0,0,0
57,0.00043246903629211671,1.4444698819142598e-07,0.067938262999999999,0.0082437075997071011,3.7008023538134584e-06,0.0055953015616407639,9.0156617112506725e-07,0,0,0,0,0,0,0,0,0,0,0,0,0,0,0,0,0,0,0,0,0,0,0,0,0,0,0,0,0,0,0,0,0,0,0,0,0,0,0,0,0,0,0,0,0,0,0,0,0,0,0,0,0,0,0,0,0,0,0,0
58,0.0030163156841031421,7.7460639048753609e-06,0.067851735999999996,0.0082437075997071011,3.7008023538134584e-06,0.088278394291593384,0.0002431467542446166,0,0,0,0,0,0,0,0,0,0,0,0,0,0,0,0,0,0,0,0,0,0,0,0,0,0,0,0,0,0,0,0,0,0,0,0,0,0,0,0,0,0,0,0,0,0,0,0,0,0,0,0,0,0,0,0,0,0,0,0
59,0.022705619228980522,0.00048453280632377351,0.067814304000000006,0.0082437075997071011,3.7008023538134584e-06,0.7183361077276692,0.015437189726170355,0,0,0,0,0,0,0,0,0,0,0,0,0,0,0,0,0,0,0,0,0,0,0,0,0,0,0,0,0,0,0,0,0,0,0,0,0,0,0,0,0,0,0,0,0,0,0,0,0,0,0,0,0,0,0,0,0,0,0,0
60,0.00054393841227499235,4.6822074462831299e-07,0.067915369000000003,0.017406029192799755,1.4917806533809067e-05,0,0,0,0,0,0,0,0,0,0,0,0,0,0,0,0,0,0,0,0,0,0,0,0,0,0,0,0,0,0,0,0,0,0,0,0,0,0,0,0,0,0,0,0,0,0,0,0,0,0,0,0,0,0,0,0,0,0,0,0,0,0
61,0.00055891576226403748,4.6853072967423089e-07,0.067847908999999998,0.017406029192799755,1.4917806533809067e-05,0.00047927519964939834,9.8784754048241572e-09,0,0,0,0,0,0,0,0,0,0,0,0,0,0,0,0,0,0,0,0,0,0,0,0,0,0,0,0,0,0,0,0,0,0,0,0,0,0,0,0,0,0,0,0,0,0,0,0,0,0,0,0,0,0,0,0,0,0,0,0
62,0.0019274398561179983,2.3938069097674824e-06,0.067852606999999995,0.017406029192799755,1.4917806533809067e-05,0.044272046202976131,6.136378455247621e-05,0,0,0,0,0,0,0,0,0,0,0,0,0,0,0,0,0,0,0,0,0,0,0,0,0,0,0,0,0,0,0,0,0,0,0,0,0,0,0,0,0,0,0,0,0,0,0,0,0,0,0,0,0,0,0,0,0,0,0,0
63,0.0033026382338872851,8.0981286697423322e-06,0.067932150999999996,0.017406029192799755,1.4917806533809067e-05,0.088278394291593384,0.0002431467542446166,0,0,0,0,0,0,0,0,0,0,0,0,0,0,0,0,0,0,0,0,0,0,0,0,0,0,0,0,0,0,0,0,0,0,0,0,0,0,0,0,0,0,0,0,0,0,0,0,0,0,0,0,0,0,0,0,0,0,0,0
64,0.045631655807163815,0.0019355717784314565,0.067941940000000006,0.017406029192799755,1.4917806533809067e-05,1.4428069566364439,0.061667080887051633,0,0,0,0,0,0,0,0,0,0,0,0,0,0,0,0,0,0,0,0,0,0,0,0,0,0,0,0,0,0,0,0,0,0,0,0,0,0,0,0,0,0,0,0,0,0,0,0,0,0,0,0,0,0,0,0,0,0,0,0
65,0.090927522205531783,0.0078900392510290133,0.067603766999999995,0.017406029192799755,1.4917806533809067e-05,2.8922746813842286,0.25142159082703969,0,0,0,0,0,0,0,0,0,0,0,0,0,0,0,0,0,0,0,0,0,0,0,0,0,0,0,0,0,0,0,0,0,0,0,0,0,0,0,0,0,0,0,0,0,0,0,0,0,0,0,0,0,0,0,0,0,0,0,0
66,0.031790813412274986,0.031380315131791556,0.067696776,0.017406029192799755,1.4917806533809067e-05,0.99990000000000001,1,0,0,0,0,0,0,0,0,0,0,0,0,0,0,0,0,0,0,0,0,0,0,0,0,0,0,0,0,0,0,0,0,0,0,0,0,0,0,0,0,0,0,0,0,0,0,0,0,0,0,0,0,0,0,0,0,0,0,0,0
67,0.001100875473147369,1.8905397253314638e-06,0.067972458999999999,0.035228015140715808,6.0233781160985131e-05,0,0,0,0,0,0,0,0,0,0,0,0,0,0,0,0,0,0,0,0,0,0,0,0,0,0,0,0,0,0,0,0,0,0,0,0,0,0,0,0,0,0,0,0,0,0,0,0,0,0,0,0,0,0,0,0,0,0,0,0,0,0
68,0.0011048171182028322,1.8905839839581461e-06,0.067692919000000004,0.035228015140715808,6.0233781160985131e-05,0.00012613264177488819,1.4104156342024125e-09,0,0,0,0,0,0,0,0,0,0,0,0,0,0,0,0,0,0,0,0,0,0,0,0,0,0,0,0,0,0,0,0,0,0,0,0,0,0,0,0,0,0,0,0,0,0,0,0,0,0,0,0,0,0,0,0,0,0,0,0
69,0.0024843769169903634,3.816125890470633e-06,0.067773816000000001,0.035228015140715808,6.0233781160985131e-05,0.044272046202976131,6.136378455247621e-05,0,0,0,0,0,0,0,0,0,0,0,0,0,0,0,0,0,0,0,0,0,0,0,0,0,0,0,0,0,0,0,0,0,0,0,0,0,0,0,0,0,0,0,0,0,0,0,0,0,0,0,0,0,0,0,0,0,0,0,0
70,0.0038595752947596642,9.5204476504454819e-06,0.067782613000000005,0.035228015140715808,6.0233781160985131e-05,0.088278394291593384,0.0002431467542446166,0,0,0,0,0,0,0,0,0,0,0,0,0,0,0,0,0,0,0,0,0,0,0,0,0,0,0,0,0,0,0,0,0,0,0,0,0,0,0,0,0,0,0,0,0,0,0,0,0,0,0,0,0,0,0,0,0,0,0,0
71,0.012272237616916872,0.00012349671065746764,0.067788904999999997,0.035228015140715808,6.0233781160985131e-05,0.35748358860062374,0.0038752952261639647,0,0,0,0,0,0,0,0,0,0,0,0,0,0,0,0,0,0,0,0,0,0,0,0,0,0,0,0,0,0,0,0,0,0,0,0,0,0,0,0,0,0,0,0,0,0,0,0,0,0,0,0,0,0,0,0,0,0,0,0
72,0.09148445926640407,0.0078914615700097172,0.067721594999999996,0.035228015140715808,6.0233781160985131e-05,2.8922746813842286,0.25142159082703969,0,0,0,0,0,0,0,0,0,0,0,0,0,0,0,0,0,0,0,0,0,0,0,0,0,0,0,0,0,0,0,0,0,0,0,0,0,0,0,0,0,0,0,0,0,0,0,0,0,0,0,0,0,0,0,0,0,0,0,0
73,0.0022073946132970803,7.5771597113611919e-06,0.067848029000000004,0.070636627625506571,0.000241413059858313,0,0,0,0,0,0,0,0,0,0,0,0,0,0,0,0,0,0,0,0,0,0,0,0,0,0,0,0,0,0,0,0,0,0,0,0,0,0,0,0,0,0,0,0,0,0,0,0,0,0,0,0,0,0,0,0,0,0,0,0,0,0
74,0.0022113362583525442,7.5772039699878746e-06,0.067860294000000002,0.070636627625506571,0.000241413059858313,0.00012613264177488819,1.4104156342024125e-09,0,0,0,0,0,0,0,0,0,0,0,0,0,0,0,0,0,0,0,0,0,0,0,0,0,0,0,0,0,0,0,0,0,0,0,0,0,0,0,0,0,0,0,0,0,0,0,0,0,0,0,0,0,0,0,0,0,0,0,0
75,0.0022223719632861231,7.5774696964071104e-06,0.067801179000000003,0.070636627625506571,0.000241413059858313,0.00047927519964939834,9.8784754048241572e-09,0,0,0,0,0,0,0,0,0,0,0,0,0,0,0,0,0,0,0,0,0,0,0,0,0,0,0,0,0,0,0,0,0,0,0,0,0,0,0,0,0,0,0,0,0,0,0,0,0,0,0,0,0,0,0,0,0,0,0,0
76,0.0022444021247430297,7.5787097064544385e-06,0.067962781999999999,0.070636627625506571,0.000241413059858313,0.0011842403662702769,4.9394603410283697e-08,0,0,0,0,0,0,0,0,0,0,0,0,0,0,0,0,0,0,0,0,0,0,0,0,0,0,0,0,0,0,0,0,0,0,0,0,0,0,0,0,0,0,0,0,0,0,0,0,0,0,0,0,0,0,0,0,0,0,0,0
77,0.0022894064454015333,7.5838824116155306e-06,0.067894839999999998,0.070636627625506571,0.000241413059858313,0.0026243786273425613,2.1423623491201474e-07,0,0,0,0,0,0,0,0,0,0,0,0,0,0,0,0,0,0,0,0,0,0,0,0,0,0,0,0,0,0,0,0,0,0,0,0,0,0,0,0,0,0,0,0,0,0,0,0,0,0,0,0,0,0,0,0,0,0,0,0
78,0.0025578185540018742,7.6936829294353291e-06,0.067740601999999997,0.070636627625506571,0.000241413059858313,0.011213566102553654,3.7133137839852262e-06,0,0,0,0,0,0,0,0,0,0,0,0,0,0,0,0,0,0,0,0,0,0,0,0,0,0,0,0,0,0,0,0,0,0,0,0,0,0,0,0,0,0,0,0,0,0,0,0,0,0,0,0,0,0,0,0,0,0,0,0
79,0.0044386446390960455,3.0500272865363421e-05,0.067762693999999998,0.14203662845107345,0.00097175781947693831,0,0,0,0,0,0,0,0,0,0,0,0,0,0,0,0,0,0,0,0,0,0,0,0,0,0,0,0,0,0,0,0,0,0,0,0,0,0,0,0,0,0,0,0,0,0,0,0,0,0,0,0,0,0,0,0,0,0,0,0,0,0
80,0.0046134978128973183,3.0528563873793506e-05,0.067740773000000004,0.14203662845107345,0.00097175781947693831,0.0055953015616407639,9.0156617112506725e-07,0,0,0,0,0,0,0,0,0,0,0,0,0,0,0,0,0,0,0,0,0,0,0,0,0,0,0,0,0,0,0,0,0,0,0,0,0,0,0,0,0,0,0,0,0,0,0,0,0,0,0,0,0,0,0,0,0,0,0,0
81,0.0047890685798008311,3.061679608343756e-05,0.067989332999999999,0.14203662845107345,0.00097175781947693831,0.011213566102553654,3.7133137839852262e-06,0,0,0,0,0,0,0,0,0,0,0,0,0,0,0,0,0,0,0,0,0,0,0,0,0,0,0,0,0,0,0,0,0,0,0,0,0,0,0,0,0,0,0,0,0,0,0,0,0,0,0,0,0,0,0,0,0,0,0,0
82,0.0099848836089443636,6.1149050749432617e-05,0.067740242000000006,0.14203662845107345,0.00097175781947693831,0.17747964703514435,0.00097670259421436595,0,0,0,0,0,0,0,0,0,0,0,0,0,0,0,0,0,0,0,0,0,0,0,0,0,0,0,0,0,0,0,0,0,0,0,0,0,0,0,0,0,0,0,0,0,0,0,0,0,0,0,0,0,0,0,0,0,0,0,0
83,0.026886648005585601,0.00051491692320937562,0.067774238000000001,0.14203662845107345,0.00097175781947693831,0.7183361077276692,0.015437189726170355,0,0,0,0,0,0,0,0,0,0,0,0,0,0,0,0,0,0,0,0,0,0,0,0,0,0,0,0,0,0,0,0,0,0,0,0,0,0,0,0,0,0,0,0,0,0,0,0,0,0,0,0,0,0,0,0,0,0,0,0
84,0.0088844199768335196,0.00012217805970250392,0.067899761000000003,0.28430143925867263,0.0038926695970401357,0,0,0,0,0,0,0,0,0,0,0,0,0,0,0,0,0,0,0,0,0,0,0,0,0,0,0,0,0,0,0,0,0,0,0,0,0,0,0,0,0,0,0,0,0,0,0,0,0,0,0,0,0,0,0,0,0,0,0,0,0,0
85,0.0089214274882794577,0.00012217960969759719,0.067767815999999995,0.28430143925867263,0.0038926695970401357,0.0011842403662702769,4.9394603410283697e-08,0,0,0,0,0,0,0,0,0,0,0,0,0,0,0,0,0,0,0,0,0,0,0,0,0,0,0,0,0,0,0,0,0,0,0,0,0,0,0,0,0,0,0,0,0,0,0,0,0,0,0,0,0,0,0,0,0,0,0,0
86,0.0090592731506347994,0.00012220635071093401,0.067821940999999997,0.28430143925867263,0.0038926695970401357,0.0055953015616407639,9.0156617112506725e-07,0,0,0,0,0,0,0,0,0,0,0,0,0,0,0,0,0,0,0,0,0,0,0,0,0,0,0,0,0,0,0,0,0,0,0,0,0,0,0,0,0,0,0,0,0,0,0,0,0,0,0,0,0,0,0,0,0,0,0,0
87,0.0092348439175383348,0.00012229458292057808,0.067891945999999995,0.28430143925867263,0.0038926695970401357,0.011213566102553654,3.7133137839852262e-06,0,0,0,0,0,0,0,0,0,0,0,0,0,0,0,0,0,0,0,0,0,0,0,0,0,0,0,0,0,0,0,0,0,0,0,0,0,0,0,0,0,0,0,0,0,0,0,0,0,0,0,0,0,0,0,0,0,0,0,0
88,0.010267921420676569,0.00012410364586764311,0.067891515,0.28430143925867263,0.0038926695970401357,0.044272046202976131,6.136378455247621e-05,0,0,0,0,0,0,0,0,0,0,0,0,0,0,0,0,0,0,0,0,0,0,0,0,0,0,0,0,0,0,0,0,0,0,0,0,0,0,0,0,0,0,0,0,0,0,0,0,0,0,0,0,0,0,0,0,0,0,0,0
89,0.011643119798445883,0.00012980796762761796,0.067711717000000005,0.28430143925867263,0.0038926695970401357,0.088278394291593384,0.0002431467542446166,0,0,0,0,0,0,0,0,0,0,0,0,0,0,0,0,0,0,0,0,0,0,0,0,0,0,0,0,0,0,0,0,0,0,0,0,0,0,0,0,0,0,0,0,0,0,0,0,0,0,0,0,0,0,0,0,0,0,0,0
90,0.014430658946681765,0.00015282683758657313,0.067770120000000003,0.28430143925867263,0.0038926695970401357,0.17747964703514435,0.00097670259421436595,0,0,0,0,0,0,0,0,0,0,0,0,0,0,0,0,0,0,0,0,0,0,0,0,0,0,0,0,0,0,0,0,0,0,0,0,0,0,0,0,0,0,0,0,0,0,0,0,0,0,0,0,0,0,0,0,0,0,0,0
91,0.020055782120602814,0.00024378423063464011,0.067891224999999999,0.28430143925867263,0.0038926695970401357,0.35748358860062374,0.0038752952261639647,0,0,0,0,0,0,0,0,0,0,0,0,0,0,0,0,0,0,0,0,0,0,0,0,0,0,0,0,0,0,0,0,0,0,0,0,0,0,0,0,0,0,0,0,0,0,0,0,0,0,0,0,0,0,0,0,0,0,0,0
92,0.18958182968567022,0.03152358609805906,0.067646601000000001,0.28430143925867263,0.0038926695970401357,5.7823171106828024,1.0006871010993377,0,0,0,0,0,0,0,0,0,0,0,0,0,0,0,0,0,0,0,0,0,0,0,0,0,0,0,0,0,0,0,0,0,0,0,0,0,0,0,0,0,0,0,0,0,0,0,0,0,0,0,0,0,0,0,0,0,0,0,0
93,0.017664369851750676,0.00048551307321517559,0.067864411999999999,0.56525983525602164,0.015468750966189248,0,0,0,0,0,0,0,0,0,0,0,0,0,0,0,0,0,0,0,0,0,0,0,0,0,0,0,0,0,0,0,0,0,0,0,0,0,0,0,0,0,0,0,0,0,0,0,0,0,0,0,0,0,0,0,0,0,0,0,0,0,0
94,0.017679347201739748,0.00048551338320022153,0.067982841000000002,0.56525983525602164,0.015468750966189248,0.00047927519964939834,9.8784754048241572e-09,0,0,0,0,0,0,0,0,0,0,0,0,0,0,0,0,0,0,0,0,0,0,0,0,0,0,0,0,0,0,0,0,0,0,0,0,0,0,0,0,0,0,0,0,0,0,0,0,0,0,0,0,0,0,0,0,0,0,0,0
95,0.017746381683855141,0.00048551979591542993,0.067605050999999999,0.56525983525602164,0.015468750966189248,0.0026243786273425613,2.1423623491201474e-07,0,0,0,0,0,0,0,0,0,0,0,0,0,0,0,0,0,0,0,0,0,0,0,0,0,0,0,0,0,0,0,0,0,0,0,0,0,0,0,0,0,0,0,0,0,0,0,0,0,0,0,0,0,0,0,0,0,0,0,0
96,0.017839223025551958,0.00048554136422360568,0.067778986999999999,0.56525983525602164,0.015468750966189248,0.0055953015616407639,9.0156617112506725e-07,0,0,0,0,0,0,0,0,0,0,0,0,0,0,0,0,0,0,0,0,0,0,0,0,0,0,0,0,0,0,0,0,0,0,0,0,0,0,0,0,0,0,0,0,0,0,0,0,0,0,0,0,0,0,0,0,0,0,0,0
97,0.04011237321824019,0.00096992972355918773,0.067882607999999997,0.56525983525602164,0.015468750966189248,0.7183361077276692,0.015437189726170355,0,0,0,0,0,0,0,0,0,0,0,0,0,0,0,0,0,0,0,0,0,0,0,0,0,0,0,0,0,0,0,0,0,0,0,0,0,0,0,0,0,0,0,0,0,0,0,0,0,0,0,0,0,0,0,0,0,0,0,0
98,0.19836177956058815,0.03188692111157173,0.067791102000000006,0.56525983525602164,0.015468750966189248,5.7823171106828024,1.0006871010993377,0,0,0,0,0,0,0,0,0,0,0,0,0,0,0,0,0,0,0,0,0,0,0,0,0,0,0,0,0,0,0,0,0,0,0,0,0,0,0,0,0,0,0,0,0,0,0,0,0,0,0,0,0,0,0,0,0,0,0,0
99,0.035391084756744455,0.0019412125291540566,0.067596614999999999,1.1325147122158226,0.061848248466467665,0,0,0,0,0,0,0,0,0,0,0,0,0,0,0,0,0,0,0,0,0,0,0,0,0,0,0,0,0,0,0,0,0,0,0,0,0,0,0,0,0,0,0,0,0,0,0,0,0,0,0,0,0,0,0,0,0,0,0,0,0,0
100,0.035395026401799916,0.0019412125734126831,0.067762596999999994,1.1325147122158226,0.061848248466467665,0.00012613264177488819,1.4104156342024125e-09,0,0,0,0,0,0,0,0,0,0,0,0,0,0,0,0,0,0,0,0,0,0,0,0,0,0,0,0,0,0,0,0,0,0,0,0,0,0,0,0,0,0,0,0,0,0,0,0,0,0,0,0,0,0,0,0,0,0,0,0
101,0.035406062106733575,0.0019412128391391025,0.067847791000000005,1.1325147122158226,0.061848248466467665,0.00047927519964939834,9.8784754048241572e-09,0,0,0,0,0,0,0,0,0,0,0,0,0,0,0,0,0,0,0,0,0,0,0,0,0,0,0,0,0,0,0,0,0,0,0,0,0,0,0,0,0,0,0,0,0,0,0,0,0,0,0,0,0,0,0,0,0,0,0,0
102,0.036774586200587371,0.0019431381153191957,0.068171929000000006,1.1325147122158226,0.061848248466467665,0.044272046202976131,6.136378455247621e-05,0,0,0,0,0,0,0,0,0,0,0,0,0,0,0,0,0,0,0,0,0,0,0,0,0,0,0,0,0,0,0,0,0,0,0,0,0,0,0,0,0,0,0,0,0,0,0,0,0,0,0,0,0,0,0,0,0,0,0,0
103,0.040937323726592513,0.0019718613070381255,0.067796833000000001,1.1325147122158226,0.061848248466467665,0.17747964703514435,0.00097670259421436595,0,0,0,0,0,0,0,0,0,0,0,0,0,0,0,0,0,0,0,0,0,0,0,0,0,0,0,0,0,0,0,0,0,0,0,0,0,0,0,0,0,0,0,0,0,0,0,0,0,0,0,0,0,0,0,0,0,0,0,0
104,0.046562446900513969,0.0020628187000861927,0.067988603999999994,1.1325147122158226,0.061848248466467665,0.35748358860062374,0.0038752952261639647,0,0,0,0,0,0,0,0,0,0,0,0,0,0,0,0,0,0,0,0,0,0,0,0,0,0,0,0,0,0,0,0,0,0,0,0,0,0,0,0,0,0,0,0,0,0,0,0,0,0,0,0,0,0,0,0,0,0,0,0
105,0.057839088123234225,0.0024256291794980686,0.067921654999999997,1.1325147122158226,0.061848248466467665,0.7183361077276692,0.015437189726170355,0,0,0,0,0,0,0,0,0,0,0,0,0,0,0,0,0,0,0,0,0,0,0,0,0,0,0,0,0,0,0,0,0,0,0,0,0,0,0,0,0,0,0,0,0,0,0,0,0,0,0,0,0,0,0,0,0,0,0,0
106,0.080478802151633347,0.0038763160868408846,0.067839524999999998,1.1325147122158226,0.061848248466467665,1.4428069566364439,0.061667080887051633,0,0,0,0,0,0,0,0,0,0,0,0,0,0,0,0,0,0,0,0,0,0,0,0,0,0,0,0,0,0,0,0,0,0,0,0,0,0,0,0,0,0,0,0,0,0,0,0,0,0,0,0,0,0,0,0,0,0,0,0
107,0.071169383952689486,0.0078984779461981659,0.067747899,2.2774202864860635,0.25165046031114452,0,0,0,0,0,0,0,0,0,0,0,0,0,0,0,0,0,0,0,0,0,0,0,0,0,0,0,0,0,0,0,0,0,0,0,0,0,0,0,0,0,0,0,0,0,0,0,0,0,0,0,0,0,0,0,0,0,0,0,0,0,0
108,0.071173325597744946,0.0078984779904567922,0.067990757999999998,2.2774202864860635,0.25165046031114452,0.00012613264177488819,1.4104156342024125e-09,0,0,0,0,0,0,0,0,0,0,0,0,0,0,0,0,0,0,0,0,0,0,0,0,0,0,0,0,0,0,0,0,0,0,0,0,0,0,0,0,0,0,0,0,0,0,0,0,0,0,0,0,0,0,0,0,0,0,0,0
109,0.071184361302678481,0.0078984782561832122,0.067902607000000004,2.2774202864860635,0.25165046031114452,0.00047927519964939834,9.8784754048241572e-09,0,0,0,0,0,0,0,0,0,0,0,0,0,0,0,0,0,0,0,0,0,0,0,0,0,0,0,0,0,0,0,0,0,0,0,0,0,0,0,0,0,0,0,0,0,0,0,0,0,0,0,0,0,0,0,0,0,0,0,0
110,0.071206391464135321,0.0078984794961932583,0.067961331,2.2774202864860635,0.25165046031114452,0.0011842403662702769,4.9394603410283697e-08,0,0,0,0,0,0,0,0,0,0,0,0,0,0,0,0,0,0,0,0,0,0,0,0,0,0,0,0,0,0,0,0,0,0,0,0,0,0,0,0,0,0,0,0,0,0,0,0,0,0,0,0,0,0,0,0,0,0,0,0
111,0.07125139578479385,0.00789848466889842,0.067946904000000002,2.2774202864860635,0.25165046031114452,0.0026243786273425613,2.1423623491201474e-07,0,0,0,0,0,0,0,0,0,0,0,0,0,0,0,0,0,0,0,0,0,0,0,0,0,0,0,0,0,0,0,0,0,0,0,0,0,0,0,0,0,0,0,0,0,0,0,0,0,0,0,0,0,0,0,0,0,0,0,0
112,0.071519807893393961,0.0078985944694162404,0.067944198999999997,2.2774202864860635,0.25165046031114452,0.011213566102553654,3.7133137839852262e-06,0,0,0,0,0,0,0,0,0,0,0,0,0,0,0,0,0,0,0,0,0,0,0,0,0,0,0,0,0,0,0,0,0,0,0,0,0,0,0,0,0,0,0,0,0,0,0,0,0,0,0,0,0,0,0,0,0,0,0,0
113,0.076715622922538057,0.007929126724082235,0.067914110999999999,2.2774202864860635,0.25165046031114452,0.17747964703514435,0.00097670259421436595,0,0,0,0,0,0,0,0,0,0,0,0,0,0,0,0,0,0,0,0,0,0,0,0,0,0,0,0,0,0,0,0,0,0,0,0,0,0,0,0,0,0,0,0,0,0,0,0,0,0,0,0,0,0,0,0,0,0,0,0
114,0.09361738731917936,0.0083828945965421786,0.067961180999999996,2.2774202864860635,0.25165046031114452,0.7183361077276692,0.015437189726170355,0,0,0,0,0,0,0,0,0,0,0,0,0,0,0,0,0,0,0,0,0,0,0,0,0,0,0,0,0,0,0,0,0,0,0,0,0,0,0,0,0,0,0,0,0,0,0,0,0,0,0,0,0,0,0,0,0,0,0,0
115,0.25186679366152687,0.039299885984554722,0.068002050999999994,2.2774202864860635,0.25165046031114452,5.7823171106828024,1.0006871010993377,0,0,0,0,0,0,0,0,0,0,0,0,0,0,0,0,0,0,0,0,0,0,0,0,0,0,0,0,0,0,0,0,0,0,0,0,0,0,0,0,0,0,0,0,0,0,0,0,0,0,0,0,0,0,0,0,0,0,0,0
116,0.10241625895268958,0.039278324857245091,0.067861008,2.2774202864860635,0.25165046031114452,0.99990000000000001,1,0,0,0,0,0,0,0,0,0,0,0,0,0,0,0,0,0,0,0,0,0,0,0,0,0,0,0,0,0,0,0,0,0,0,0,0,0,0,0,0,0,0,0,0,0,0,0,0,0,0,0,0,0,0,0,0,0,0,0,0
117,0.14222967599465375,0.031397894684997651,0.067962294000000006,4.5513496318289199,1.000356613527507,0,0,0,0,0,0,0,0,0,0,0,0,0,0,0,0,0,0,0,0,0,0,0,0,0,0,0,0,0,0,0,0,0,0,0,0,0,0,0,0,0,0,0,0,0,0,0,0,0,0,0,0,0,0,0,0,0,0,0,0,0,0
118,0.14258009993535928,0.031398011208215726,0.067942315000000003,4.5513496318289199,1.000356613527507,0.011213566102553654,3.7133137839852262e-06,0,0,0,0,0,0,0,0,0,0,0,0,0,0,0,0,0,0,0,0,0,0,0,0,0,0,0,0,0,0,0,0,0,0,0,0,0,0,0,0,0,0,0,0,0,0,0,0,0,0,0,0,0,0,0,0,0,0,0,0
119,0.14291579078827135,0.031398366367102234,0.067752458000000002,4.5513496318289199,1.000356613527507,0.021955673395757144,1.5031370481745895e-05,0,0,0,0,0,0,0,0,0,0,0,0,0,0,0,0,0,0,0,0,0,0,0,0,0,0,0,0,0,0,0,0,0,0,0,0,0,0,0,0,0,0,0,0,0,0,0,0,0,0,0,0,0,0,0,0,0,0,0,0
120,0.14777591496450199,0.031428543462881722,0.067920193000000004,4.5513496318289199,1.000356613527507,0.17747964703514435,0.00097670259421436595,0,0,0,0,0,0,0,0,0,0,0,0,0,0,0,0,0,0,0,0,0,0,0,0,0,0,0,0,0,0,0,0,0,0,0,0,0,0,0,0,0,0,0,0,0,0,0,0,0,0,0,0,0,0,0,0,0,0,0,0
121,0.16467767936114322,0.031882311335341661,0.067914392000000004,4.5513496318289199,1.000356613527507,0.7183361077276692,0.015437189726170355,0,0,0,0,0,0,0,0,0,0,0,0,0,0,0,0,0,0,0,0,0,0,0,0,0,0,0,0,0,0,0,0,0,0,0,0,0,0,0,0,0,0,0,0,0,0,0,0,0,0,0,0,0,0,0,0,0,0,0,0
122,0.17347655099465359,0.062777741596044573,0.067990037000000003,4.5513496318289199,1.000356613527507,0.99990000000000001,1,0,0,0,0,0,0,0,0,0,0,0,0,0,0,0,0,0,0,0,0,0,0,0,0,0,0,0,0,0,0,0,0,0,0,0,0,0,0,0,0,0,0,0,0,0,0,0,0,0,0,0,0,0,0,0,0,0,0,0,0
123,0.03125,0.031386701762565285,0.067756596000000002,1,1,0,0,0,0,0,0,0,0,0,0,0,0,0,0,0,0,0,0,0,0,0,0,0,0,0,0,0,0,0,0,0,0,0,0,0,0,0,0,0,0,0,0,0,0,0,0,0,0,0,0,0,0,0,0,0,0,0,0,0,0,0,0
124,0.031600423940704732,0.031386818285783359,0.067910724000000006,1,1,0.011213566102553654,3.7133137839852262e-06,0,0,0,0,0,0,0,0,0,0,0,0,0,0,0,0,0,0,0,0,0,0,0,0,0,0,0,0,0,0,0,0,0,0,0,0,0,0,0,0,0,0,0,0,0,0,0,0,0,0,0,0,0,0,0,0,0,0,0,0
125,0.031936114793617285,0.031387173444669868,0.067914071000000006,1,1,0.021955673395757144,1.5031370481745895e-05,0,0,0,0,0,0,0,0,0,0,0,0,0,0,0,0,0,0,0,0,0,0,0,0,0,0,0,0,0,0,0,0,0,0,0,0,0,0,0,0,0,0,0,0,0,0,0,0,0,0,0,0,0,0,0,0,0,0,0,0
126,0.036796238969848134,0.031417350540449356,0.067801975,1,1,0.17747964703514435,0.00097670259421436595,0,0,0,0,0,0,0,0,0,0,0,0,0,0,0,0,0,0,0,0,0,0,0,0,0,0,0,0,0,0,0,0,0,0,0,0,0,0,0,0,0,0,0,0,0,0,0,0,0,0,0,0,0,0,0,0,0,0,0,0
127,0.042421362143769549,0.031508307933497424,0.067898271999999996,1,1,0.35748358860062374,0.0038752952261639647,0,0,0,0,0,0,0,0,0,0,0,0,0,0,0,0,0,0,0,0,0,0,0,0,0,0,0,0,0,0,0,0,0,0,0,0,0,0,0,0,0,0,0,0,0,0,0,0,0,0,0,0,0,0,0,0,0,0,0,0
128,4.5138975938687646e-06,4.4022836839989209e-11,0.067870827999999994,0,0,0,0,0,0,0.00014444472300380047,1.3960390315975791e-09,0,0,0,0,0,0,0,0,0,0,0,0,0,0,0,0,0,0,0,0,0,0,0,0,0,0,0,0,0,0,0,0,0,0,0,0,0,0,0,0,0,0,0,0,0,0,0,0,0,0,0,0,0,0,0,0
129,1.2490843377729813e-05,3.0660539151263264e-10,0.067976984000000004,0,0,0,0,0,0,0.00039970698808735401,9.7229784487917879e-09,0,0,0,0,0,0,0,0,0,0,0,0,0,0,0,0,0,0,0,0,0,0,0,0,0,0,0,0,0,0,0,0,0,0,0,0,0,0,0,0,0,0,0,0,0,0,0,0,0,0,0,0,0,0,0,0
130,3.0143556629073322e-05,1.5136397927576134e-09,0.067763160000000003,0,0,0,0,0,0,0.00096459381213034629,4.8000092273685857e-08,0,0,0,0,0,0,0,0,0,0,0,0,0,0,0,0,0,0,0,0,0,0,0,0,0,0,0,0,0,0,0,0,0,0,0,0,0,0,0,0,0,0,0,0,0,0,0,0,0,0,0,0,0,0,0,0
131,6.5102159341215543e-05,6.7879267110645291e-09,0.067910545000000003,0,0,0,0,0,0,0.0020832690989188974,2.1525670112340241e-07,0,0,0,0,0,0,0,0,0,0,0,0,0,0,0,0,0,0,0,0,0,0,0,0,0,0,0,0,0,0,0,0,0,0,0,0,0,0,0,0,0,0,0,0,0,0,0,0,0,0,0,0,0,0,0,0
132,0.0001189502878506133,2.8497638928490606e-08,0.067901237000000003,0,0,0,0,0,0,0.0038064092112196257,9.0370860008750971e-07,0,0,0,0,0,0,0,0,0,0,0,0,0,0,0,0,0,0,0,0,0,0,0,0,0,0,0,0,0,0,0,0,0,0,0,0,0,0,0,0,0,0,0,0,0,0,0,0,0,0,0,0,0,0,0,0
133,0.00024325072415890467,1.153051888798782e-07,0.067950472999999997,0,0,0,0,0,0,0.0077840231730849493,3.6565236540099485e-06,0,0,0,0,0,0,0,0,0,0,0,0,0,0,0,0,0,0,0,0,0,0,0,0,0,0,0,0,0,0,0,0,0,0,0,0,0,0,0,0,0,0,0,0,0,0,0,0,0,0,0,0,0,0,0,0
134,0.00048817102979044124,4.705926245149581e-07,0.06778903,0,0,0,0,0,0,0.01562147295329412,1.4923292521849811e-05,0,0,0,0,0,0,0,0,0,0,0,0,0,0,0,0,0,0,0,0,0,0,0,0,0,0,0,0,0,0,0,0,0,0,0,0,0,0,0,0,0,0,0,0,0,0,0,0,0,0,0,0,0,0,0,0
135,0.00095419975896559011,1.893584531961918e-06,0.067957614999999999,0,0,0,0,0,0,0.030534392286898884,6.0048786175609834e-05,0,0,0,0,0,0,0,0,0,0,0,0,0,0,0,0,0,0,0,0,0,0,0,0,0,0,0,0,0,0,0,0,0,0,0,0,0,0,0,0,0,0,0,0,0,0,0,0,0,0,0,0,0,0,0,0
136,0.0018985404500199965,7.5982908215046582e-06,0.067861580000000005,0,0,0,0,0,0,0.060753294400639889,0.00024095472535778405,0,0,0,0,0,0,0,0,0,0,0,0,0,0,0,0,0,0,0,0,0,0,0,0,0,0,0,0,0,0,0,0,0,0,0,0,0,0,0,0,0,0,0,0,0,0,0,0,0,0,0,0,0,0,0,0
137,0.0037398358118325204,3.0288316459528323e-05,0.067891268000000005,0,0,0,0,0,0,0.11967474597864065,0.00096049403023640539,0,0,0,0,0,0,0,0,0,0,0,0,0,0,0,0,0,0,0,0,0,0,0,0,0,0,0,0,0,0,0,0,0,0,0,0,0,0,0,0,0,0,0,0,0,0,0,0,0,0,0,0,0,0,0,0
138,0.0073106549105059343,0.00012103657907795117,0.067847091999999998,0,0,0,0,0,0,0.2339409571361899,0.0038382757853164329,0,0,0,0,0,0,0,0,0,0,0,0,0,0,0,0,0,0,0,0,0,0,0,0,0,0,0,0,0,0,0,0,0,0,0,0,0,0,0,0,0,0,0,0,0,0,0,0,0,0,0,0,0,0,0,0
139,0.014481649505999516,0.00048115649616074595,0.067803116999999996,0,0,0,0,0,0,0.46341278419198451,0.015258290859097138,0,0,0,0,0,0,0,0,0,0,0,0,0,0,0,0,0,0,0,0,0,0,0,0,0,0,0,0,0,0,0,0,0,0,0,0,0,0,0,0,0,0,0,0,0,0,0,0,0,0,0,0,0,0,0,0
140,0.028949418735196623,0.0019487116961964567,0.067749634000000003,0,0,0,0,0,0,0.92638139952629195,0.061796962315471812,0,0,0,0,0,0,0,0,0,0,0,0,0,0,0,0,0,0,0,0,0,0,0,0,0,0,0,0,0,0,0,0,0,0,0,0,0,0,0,0,0,0,0,0,0,0,0,0,0,0,0,0,0,0,0,0
141,0.057676548552481652,0.007706167537241326,0.067830641999999997,0,0,0,0,0,0,1.8456495536794129,0.24437567949384609,0,0,0,0,0,0,0,0,0,0,0,0,0,0,0,0,0,0,0,0,0,0,0,0,0,0,0,0,0,0,0,0,0,0,0,0,0,0,0,0,0,0,0,0,0,0,0,0,0,0,0,0,0,0,0,0
142,0.11530951709629142,0.031207987460644456,0.067865690000000006,0,0,0,0,0,0,3.6899045470813254,0.98965836188666123,0,0,0,0,0,0,0,0,0,0,0,0,0,0,0,0,0,0,0,0,0,0,0,0,0,0,0,0,0,0,0,0,0,0,0,0,0,0,0,0,0,0,0,0,0,0,0,0,0,0,0,0,0,0,0,0
143,0.03125,0.031534101728954517,0.067800823999999996,0,0,0,0,0,0,1,1,0,0,0,0,0,0,0,0,0,0,0,0,0,0,0,0,0,0,0,0,0,0,0,0,0,0,0,0,0,0,0,0,0,0,0,0,0,0,0,0,0,0,0,0,0,0,0,0,0,0,0,0,0,0,0,0
144,8.6589719714444912e-06,4.4022836839989209e-11,0.067886037999999996,0,0,0,0,0.00027708710308622372,1.4032559020420936e-09,0,0,0,0,0,0,0,0,0,0,0,0,0,0,0,0,0,0,0,0,0,0,0,0,0,0,0,0,0,0,0,0,0,0,0,0,0,0,0,0,0,0,0,0,0,0,0,0,0,0,0,0,0,0,0,0,0,0
145,3.880252860051774e-05,1.5576626295976026e-09,0.067917358999999997,0,0,0,0,0.00027708710308622372,1.4032559020420936e-09,0.00096459381213034629,4.8000092273685857e-08,0,0,0,0,0,0,0,0,0,0,0,0,0,0,0,0,0,0,0,0,0,0,0,0,0,0,0,0,0,0,0,0,0,0,0,0,0,0,0,0,0,0,0,0,0,0,0,0,0,0,0,0,0,0,0,0
146,7.376113131265983e-05,6.8319495479045183e-09,0.067867952999999995,0,0,0,0,0.00027708710308622372,1.4032559020420936e-09,0.0020832690989188974,2.1525670112340241e-07,0,0,0,0,0,0,0,0,0,0,0,0,0,0,0,0,0,0,0,0,0,0,0,0,0,0,0,0,0,0,0,0,0,0,0,0,0,0,0,0,0,0,0,0,0,0,0,0,0,0,0,0,0,0,0,0
147,0.0004968300017618864,4.7063664735179809e-07,0.067933591000000002,0,0,0,0,0.00027708710308622372,1.4032559020420936e-09,0.01562147295329412,1.4923292521849811e-05,0,0,0,0,0,0,0,0,0,0,0,0,0,0,0,0,0,0,0,0,0,0,0,0,0,0,0,0,0,0,0,0,0,0,0,0,0,0,0,0,0,0,0,0,0,0,0,0,0,0,0,0,0,0,0,0
148,0.0019071994219914412,7.5983348443414978e-06,0.067703876999999996,0,0,0,0,0.00027708710308622372,1.4032559020420936e-09,0.060753294400639889,0.00024095472535778405,0,0,0,0,0,0,0,0,0,0,0,0,0,0,0,0,0,0,0,0,0,0,0,0,0,0,0,0,0,0,0,0,0,0,0,0,0,0,0,0,0,0,0,0,0,0,0,0,0,0,0,0,0,0,0,0
149,0.0037484947838039573,3.0288360482365162e-05,0.068032922999999995,0,0,0,0,0.00027708710308622372,1.4032559020420936e-09,0.11967474597864065,0.00096049403023640539,0,0,0,0,0,0,0,0,0,0,0,0,0,0,0,0,0,0,0,0,0,0,0,0,0,0,0,0,0,0,0,0,0,0,0,0,0,0,0,0,0,0,0,0,0,0,0,0,0,0,0,0,0,0,0,0
150,0.014490308477970988,0.00048115654018358276,0.067760846999999999,0,0,0,0,0.00027708710308622372,1.4032559020420936e-09,0.46341278419198451,0.015258290859097138,0,0,0,0,0,0,0,0,0,0,0,0,0,0,0,0,0,0,0,0,0,0,0,0,0,0,0,0,0,0,0,0,0,0,0,0,0,0,0,0,0,0,0,0,0,0,0,0,0,0,0,0,0,0,0,0
151,0.057685207524453094,0.0077061675812641634,0.067886389000000005,0,0,0,0,0.00027708710308622372,1.4032559020420936e-09,1.8456495536794129,0.24437567949384609,0,0,0,0,0,0,0,0,0,0,0,0,0,0,0,0,0,0,0,0,0,0,0,0,0,0,0,0,0,0,0,0,0,0,0,0,0,0,0,0,0,0,0,0,0,0,0,0,0,0,0,0,0,0,0,0
152,2.4234461623607831e-05,3.0562730031523551e-10,0.067839809000000001,0,0,0,0,0.00077550277195545059,9.7420644324076869e-09,0,0,0,0,0,0,0,0,0,0,0,0,0,0,0,0,0,0,0,0,0,0,0,0,0,0,0,0,0,0,0,0,0,0,0,0,0,0,0,0,0,0,0,0,0,0,0,0,0,0,0,0,0,0,0,0,0,0
153,3.6725305001337573e-05,6.122326918278681e-10,0.067800984999999994,0,0,0,0,0.00077550277195545059,9.7420644324076869e-09,0.00039970698808735401,9.7229784487917879e-09,0,0,0,0,0,0,0,0,0,0,0,0,0,0,0,0,0,0,0,0,0,0,0,0,0,0,0,0,0,0,0,0,0,0,0,0,0,0,0,0,0,0,0,0,0,0,0,0,0,0,0,0,0,0,0,0
154,0.00051240549141404797,4.7089825181527331e-07,0.067709177999999995,0,0,0,0,0.00077550277195545059,9.7420644324076869e-09,0.01562147295329412,1.4923292521849811e-05,0,0,0,0,0,0,0,0,0,0,0,0,0,0,0,0,0,0,0,0,0,0,0,0,0,0,0,0,0,0,0,0,0,0,0,0,0,0,0,0,0,0,0,0,0,0,0,0,0,0,0,0,0,0,0,0
155,0.0037640702734561332,3.0288622086828636e-05,0.067939262,0,0,0,0,0.00077550277195545059,9.7420644324076869e-09,0.11967474597864065,0.00096049403023640539,0,0,0,0,0,0,0,0,0,0,0,0,0,0,0,0,0,0,0,0,0,0,0,0,0,0,0,0,0,0,0,0,0,0,0,0,0,0,0,0,0,0,0,0,0,0,0,0,0,0,0,0,0,0,0,0
156,0.057700783014105056,0.0077061678428686263,0.067763782999999994,0,0,0,0,0.00077550277195545059,9.7420644324076869e-09,1.8456495536794129,0.24437567949384609,0,0,0,0,0,0,0,0,0,0,0,0,0,0,0,0,0,0,0,0,0,0,0,0,0,0,0,0,0,0,0,0,0,0,0,0,0,0,0,0,0,0,0,0,0,0,0,0,0,0,0,0,0,0,0,0
157,5.6437278884239915e-05,1.5313851616246751e-09,0.067813429999999994,0,0,0,0,0.0018059929242956773,4.8813875265700338e-08,0,0,0,0,0,0,0,0,0,0,0,0,0,0,0,0,0,0,0,0,0,0,0,0,0,0,0,0,0,0,0,0,0,0,0,0,0,0,0,0,0,0,0,0,0,0,0,0,0,0,0,0,0,0,0,0,0,0
158,0.00017538756673485484,3.0029024090115278e-08,0.067878796000000005,0,0,0,0,0.0018059929242956773,4.8813875265700338e-08,0.0038064092112196257,9.0370860008750971e-07,0,0,0,0,0,0,0,0,0,0,0,0,0,0,0,0,0,0,0,0,0,0,0,0,0,0,0,0,0,0,0,0,0,0,0,0,0,0,0,0,0,0,0,0,0,0,0,0,0,0,0,0,0,0,0,0
159,0.007367092189390168,0.00012103811046311279,0.067721010999999998,0,0,0,0,0.0018059929242956773,4.8813875265700338e-08,0.2339409571361899,0.0038382757853164329,0,0,0,0,0,0,0,0,0,0,0,0,0,0,0,0,0,0,0,0,0,0,0,0,0,0,0,0,0,0,0,0,0,0,0,0,0,0,0,0,0,0,0,0,0,0,0,0,0,0,0,0,0,0,0,0
160,0.057732985831365623,0.0077061690686264879,0.067814421,0,0,0,0,0.0018059929242956773,4.8813875265700338e-08,1.8456495536794129,0.24437567949384609,0,0,0,0,0,0,0,0,0,0,0,0,0,0,0,0,0,0,0,0,0,0,0,0,0,0,0,0,0,0,0,0,0,0,0,0,0,0,0,0,0,0,0,0,0,0,0,0,0,0,0,0,0,0,0,0
161,0.00011998123790789799,6.7507592455634388e-09,0.067809370999999993,0,0,0,0,0.0038393996130527356,2.1518474125222798e-07,0,0,0,0,0,0,0,0,0,0,0,0,0,0,0,0,0,0,0,0,0,0,0,0,0,0,0,0,0,0,0,0,0,0,0,0,0,0,0,0,0,0,0,0,0,0,0,0,0,0,0,0,0,0,0,0,0,0
162,0.00060815226769833771,4.7734338376052156e-07,0.067947669000000002,0,0,0,0,0.0038393996130527356,2.1518474125222798e-07,0.01562147295329412,1.4923292521849811e-05,0,0,0,0,0,0,0,0,0,0,0,0,0,0,0,0,0,0,0,0,0,0,0,0,0,0,0,0,0,0,0,0,0,0,0,0,0,0,0,0,0,0,0,0,0,0,0,0,0,0,0,0,0,0,0,0
163,0.003859817049740422,3.0295067218773886e-05,0.067741931000000005,0,0,0,0,0.0038393996130527356,2.1518474125222798e-07,0.11967474597864065,0.00096049403023640539,0,0,0,0,0,0,0,0,0,0,0,0,0,0,0,0,0,0,0,0,0,0,0,0,0,0,0,0,0,0,0,0,0,0,0,0,0,0,0,0,0,0,0,0,0,0,0,0,0,0,0,0,0,0,0,0
164,0.05779652979038926,0.0077061742880005718,0.067826504999999995,0,0,0,0,0.0038393996130527356,2.1518474125222798e-07,1.8456495536794129,0.24437567949384609,0,0,0,0,0,0,0,0,0,0,0,0,0,0,0,0,0,0,0,0,0,0,0,0,0,0,0,0,0,0,0,0,0,0,0,0,0,0,0,0,0,0,0,0,0,0,0,0,0,0,0,0,0,0,0,0
165,0.031369981237907879,0.03153410847971376,0.067865861,0,0,0,0,0.0038393996130527356,2.1518474125222798e-07,1,1,0,0,0,0,0,0,0,0,0,0,0,0,0,0,0,0,0,0,0,0,0,0,0,0,0,0,0,0,0,0,0,0,0,0,0,0,0,0,0,0,0,0,0,0,0,0,0,0,0,0,0,0,0,0,0,0
166,0.00024959747918908354,2.8179619562022632e-08,0.067823298000000004,0,0,0,0,0.0079871193340506734,8.9824328249080628e-07,0,0,0,0,0,0,0,0,0,0,0,0,0,0,0,0,0,0,0,0,0,0,0,0,0,0,0,0,0,0,0,0,0,0,0,0,0,0,0,0,0,0,0,0,0,0,0,0,0,0,0,0,0,0,0,0,0,0
167,0.0002620883225668137,2.8486224953535267e-08,0.067840492000000002,0,0,0,0,0.0079871193340506734,8.9824328249080628e-07,0.00039970698808735401,9.7229784487917879e-09,0,0,0,0,0,0,0,0,0,0,0,0,0,0,0,0,0,0,0,0,0,0,0,0,0,0,0,0,0,0,0,0,0,0,0,0,0,0,0,0,0,0,0,0,0,0,0,0,0,0,0,0,0,0,0,0
168,0.00036854776703969841,5.6677258490513241e-08,0.067716322999999995,0,0,0,0,0.0079871193340506734,8.9824328249080628e-07,0.0038064092112196257,9.0370860008750971e-07,0,0,0,0,0,0,0,0,0,0,0,0,0,0,0,0,0,0,0,0,0,0,0,0,0,0,0,0,0,0,0,0,0,0,0,0,0,0,0,0,0,0,0,0,0,0,0,0,0,0,0,0,0,0,0,0
169,0.00073776850897952343,4.9877224407698068e-07,0.067996184000000001,0,0,0,0,0.0079871193340506734,8.9824328249080628e-07,0.01562147295329412,1.4923292521849811e-05,0,0,0,0,0,0,0,0,0,0,0,0,0,0,0,0,0,0,0,0,0,0,0,0,0,0,0,0,0,0,0,0,0,0,0,0,0,0,0,0,0,0,0,0,0,0,0,0,0,0,0,0,0,0,0,0
170,0.057926146031670692,0.0077061957168608882,0.067727794999999993,0,0,0,0,0.0079871193340506734,8.9824328249080628e-07,1.8456495536794129,0.24437567949384609,0,0,0,0,0,0,0,0,0,0,0,0,0,0,0,0,0,0,0,0,0,0,0,0,0,0,0,0,0,0,0,0,0,0,0,0,0,0,0,0,0,0,0,0,0,0,0,0,0,0,0,0,0,0,0,0
171,0.11555911457548029,0.031208015640264018,0.067869408000000006,0,0,0,0,0.0079871193340506734,8.9824328249080628e-07,3.6899045470813254,0.98965836188666123,0,0,0,0,0,0,0,0,0,0,0,0,0,0,0,0,0,0,0,0,0,0,0,0,0,0,0,0,0,0,0,0,0,0,0,0,0,0,0,0,0,0,0,0,0,0,0,0,0,0,0,0,0,0,0,0
172,0.0004899019375336764,1.1596526071080733e-07,0.067854149000000002,0,0,0,0,0.015676862001077645,3.6964663843851096e-06,0,0,0,0,0,0,0,0,0,0,0,0,0,0,0,0,0,0,0,0,0,0,0,0,0,0,0,0,0,0,0,0,0,0,0,0,0,0,0,0,0,0,0,0,0,0,0,0,0,0,0,0,0,0,0,0,0,0
173,0.00052004549416275099,1.1747890050356495e-07,0.067971625999999993,0,0,0,0,0.015676862001077645,3.6964663843851096e-06,0.00096459381213034629,4.8000092273685857e-08,0,0,0,0,0,0,0,0,0,0,0,0,0,0,0,0,0,0,0,0,0,0,0,0,0,0,0,0,0,0,0,0,0,0,0,0,0,0,0,0,0,0,0,0,0,0,0,0,0,0,0,0,0,0,0,0
174,0.00060885222538429023,1.4446289963929792e-07,0.067683159000000007,0,0,0,0,0.015676862001077645,3.6964663843851096e-06,0.0038064092112196257,9.0370860008750971e-07,0,0,0,0,0,0,0,0,0,0,0,0,0,0,0,0,0,0,0,0,0,0,0,0,0,0,0,0,0,0,0,0,0,0,0,0,0,0,0,0,0,0,0,0,0,0,0,0,0,0,0,0,0,0,0,0
175,0.0042297377493661966,3.0404281720239129e-05,0.067774134,0,0,0,0,0.015676862001077645,3.6964663843851096e-06,0.11967474597864065,0.00096049403023640539,0,0,0,0,0,0,0,0,0,0,0,0,0,0,0,0,0,0,0,0,0,0,0,0,0,0,0,0,0,0,0,0,0,0,0,0,0,0,0,0,0,0,0,0,0,0,0,0,0,0,0,0,0,0,0,0
176,0.014971551443533232,0.00048127246142145674,0.067954052000000001,0,0,0,0,0.015676862001077645,3.6964663843851096e-06,0.46341278419198451,0.015258290859097138,0,0,0,0,0,0,0,0,0,0,0,0,0,0,0,0,0,0,0,0,0,0,0,0,0,0,0,0,0,0,0,0,0,0,0,0,0,0,0,0,0,0,0,0,0,0,0,0,0,0,0,0,0,0,0,0
177,0.029439320672730251,0.0019488276614571674,0.067768783999999999,0,0,0,0,0.015676862001077645,3.6964663843851096e-06,0.92638139952629195,0.061796962315471812,0,0,0,0,0,0,0,0,0,0,0,0,0,0,0,0,0,0,0,0,0,0,0,0,0,0,0,0,0,0,0,0,0,0,0,0,0,0,0,0,0,0,0,0,0,0,0,0,0,0,0,0,0,0,0,0
178,0.1157994190338246,0.031208103425905166,0.067815724999999993,0,0,0,0,0.015676862001077645,3.6964663843851096e-06,3.6899045470813254,0.98965836188666123,0,0,0,0,0,0,0,0,0,0,0,0,0,0,0,0,0,0,0,0,0,0,0,0,0,0,0,0,0,0,0,0,0,0,0,0,0,0,0,0,0,0,0,0,0,0,0,0,0,0,0,0,0,0,0,0
179,0.031739901937533663,0.031534217694215223,0.067816466000000006,0,0,0,0,0.015676862001077645,3.6964663843851096e-06,1,1,0,0,0,0,0,0,0,0,0,0,0,0,0,0,0,0,0,0,0,0,0,0,0,0,0,0,0,0,0,0,0,0,0,0,0,0,0,0,0,0,0,0,0,0,0,0,0,0,0,0,0,0,0,0,0,0
180,0.00098115808485923182,4.6563118705250433e-07,0.067901379999999997,0,0,0,0,0.031397058715495418,1.4842290009188172e-05,0,0,0,0,0,0,0,0,0,0,0,0,0,0,0,0,0,0,0,0,0,0,0,0,0,0,0,0,0,0,0,0,0,0,0,0,0,0,0,0,0,0,0,0,0,0,0,0,0,0,0,0,0,0,0,0,0,0
181,0.0010113016414883078,4.6714482684526193e-07,0.067864177999999997,0,0,0,0,0.031397058715495418,1.4842290009188172e-05,0.00096459381213034629,4.8000092273685857e-08,0,0,0,0,0,0,0,0,0,0,0,0,0,0,0,0,0,0,0,0,0,0,0,0,0,0,0,0,0,0,0,0,0,0,0,0,0,0,0,0,0,0,0,0,0,0,0,0,0,0,0,0,0,0,0,0
182,0.0011001083727098431,4.9412882598099493e-07,0.067802730000000005,0,0,0,0,0.031397058715495418,1.4842290009188172e-05,0.0038064092112196257,9.0370860008750971e-07,0,0,0,0,0,0,0,0,0,0,0,0,0,0,0,0,0,0,0,0,0,0,0,0,0,0,0,0,0,0,0,0,0,0,0,0,0,0,0,0,0,0,0,0,0,0,0,0,0,0,0,0,0,0,0,0
183,0.0047209938966917588,3.0753947646580824e-05,0.067851194000000004,0,0,0,0,0.031397058715495418,1.4842290009188172e-05,0.11967474597864065,0.00096049403023640539,0,0,0,0,0,0,0,0,0,0,0,0,0,0,0,0,0,0,0,0,0,0,0,0,0,0,0,0,0,0,0,0,0,0,0,0,0,0,0,0,0,0,0,0,0,0,0,0,0,0,0,0,0,0,0,0
184,0.0082918129953651765,0.00012150221026500368,0.067703147000000005,0,0,0,0,0.031397058715495418,1.4842290009188172e-05,0.2339409571361899,0.0038382757853164329,0,0,0,0,0,0,0,0,0,0,0,0,0,0,0,0,0,0,0,0,0,0,0,0,0,0,0,0,0,0,0,0,0,0,0,0,0,0,0,0,0,0,0,0,0,0,0,0,0,0,0,0,0,0,0,0
185,0.029930576820055774,0.0019491773273835093,0.067879149,0,0,0,0,0.031397058715495418,1.4842290009188172e-05,0.92638139952629195,0.061796962315471812,0,0,0,0,0,0,0,0,0,0,0,0,0,0,0,0,0,0,0,0,0,0,0,0,0,0,0,0,0,0,0,0,0,0,0,0,0,0,0,0,0,0,0,0,0,0,0,0,0,0,0,0,0,0,0,0
186,0.1162906751811504,0.031208453091831508,0.067779916999999995,0,0,0,0,0.031397058715495418,1.4842290009188172e-05,3.6899045470813254,0.98965836188666123,0,0,0,0,0,0,0,0,0,0,0,0,0,0,0,0,0,0,0,0,0,0,0,0,0,0,0,0,0,0,0,0,0,0,0,0,0,0,0,0,0,0,0,0,0,0,0,0,0,0,0,0,0,0,0,0
187,0.0019749986207054405,1.9073018418234708e-06,0.067926248999999994,0,0,0,0,0.063199955862574098,6.0796458352800625e-05,0,0,0,0,0,0,0,0,0,0,0,0,0,0,0,0,0,0,0,0,0,0,0,0,0,0,0,0,0,0,0,0,0,0,0,0,0,0,0,0,0,0,0,0,0,0,0,0,0,0,0,0,0,0,0,0,0,0
188,0.0019795125182993029,1.9073458646603107e-06,0.067835263000000007,0,0,0,0,0.063199955862574098,6.0796458352800625e-05,0.00014444472300380047,1.3960390315975791e-09,0,0,0,0,0,0,0,0,0,0,0,0,0,0,0,0,0,0,0,0,0,0,0,0,0,0,0,0,0,0,0,0,0,0,0,0,0,0,0,0,0,0,0,0,0,0,0,0,0,0,0,0,0,0,0,0
189,0.0019874894640831637,1.9076084472149833e-06,0.067889698999999998,0,0,0,0,0.063199955862574098,6.0796458352800625e-05,0.00039970698808735401,9.7229784487917879e-09,0,0,0,0,0,0,0,0,0,0,0,0,0,0,0,0,0,0,0,0,0,0,0,0,0,0,0,0,0,0,0,0,0,0,0,0,0,0,0,0,0,0,0,0,0,0,0,0,0,0,0,0,0,0,0,0
190,0.0020401007800466488,1.9140897685345351e-06,0.067859459999999996,0,0,0,0,0.063199955862574098,6.0796458352800625e-05,0.0020832690989188974,2.1525670112340241e-07,0,0,0,0,0,0,0,0,0,0,0,0,0,0,0,0,0,0,0,0,0,0,0,0,0,0,0,0,0,0,0,0,0,0,0,0,0,0,0,0,0,0,0,0,0,0,0,0,0,0,0,0,0,0,0,0
191,0.0022182493448643418,2.0226070307033488e-06,0.067748185000000002,0,0,0,0,0.063199955862574098,6.0796458352800625e-05,0.0077840231730849493,3.6565236540099485e-06,0,0,0,0,0,0,0,0,0,0,0,0,0,0,0,0,0,0,0,0,0,0,0,0,0,0,0,0,0,0,0,0,0,0,0,0,0,0,0,0,0,0,0,0,0,0,0,0,0,0,0,0,0,0,0,0
192,0.0038735390707254356,9.505592663328129e-06,0.067890791000000006,0,0,0,0,0.063199955862574098,6.0796458352800625e-05,0.060753294400639889,0.00024095472535778405,0,0,0,0,0,0,0,0,0,0,0,0,0,0,0,0,0,0,0,0,0,0,0,0,0,0,0,0,0,0,0,0,0,0,0,0,0,0,0,0,0,0,0,0,0,0,0,0,0,0,0,0,0,0,0,0
193,0.0057148344325379519,3.2195618301351795e-05,0.068003157999999994,0,0,0,0,0.063199955862574098,6.0796458352800625e-05,0.11967474597864065,0.00096049403023640539,0,0,0,0,0,0,0,0,0,0,0,0,0,0,0,0,0,0,0,0,0,0,0,0,0,0,0,0,0,0,0,0,0,0,0,0,0,0,0,0,0,0,0,0,0,0,0,0,0,0,0,0,0,0,0,0
194,0.0092856535312113818,0.00012294388091977463,0.067727734999999997,0,0,0,0,0.063199955862574098,6.0796458352800625e-05,0.2339409571361899,0.0038382757853164329,0,0,0,0,0,0,0,0,0,0,0,0,0,0,0,0,0,0,0,0,0,0,0,0,0,0,0,0,0,0,0,0,0,0,0,0,0,0,0,0,0,0,0,0,0,0,0,0,0,0,0,0,0,0,0,0
195,0.030924417355901953,0.0019506189980382802,0.067965596000000003,0,0,0,0,0.063199955862574098,6.0796458352800625e-05,0.92638139952629195,0.061796962315471812,0,0,0,0,0,0,0,0,0,0,0,0,0,0,0,0,0,0,0,0,0,0,0,0,0,0,0,0,0,0,0,0,0,0,0,0,0,0,0,0,0,0,0,0,0,0,0,0,0,0,0,0,0,0,0,0
196,0.059651547173187089,0.0077080748390831498,0.067821627999999995,0,0,0,0,0.063199955862574098,6.0796458352800625e-05,1.8456495536794129,0.24437567949384609,0,0,0,0,0,0,0,0,0,0,0,0,0,0,0,0,0,0,0,0,0,0,0,0,0,0,0,0,0,0,0,0,0,0,0,0,0,0,0,0,0,0,0,0,0,0,0,0,0,0,0,0,0,0,0,0
197,0.1172845157169965,0.031209894762486281,0.067921050999999996,0,0,0,0,0.063199955862574098,6.0796458352800625e-05,3.6899045470813254,0.98965836188666123,0,0,0,0,0,0,0,0,0,0,0,0,0,0,0,0,0,0,0,0,0,0,0,0,0,0,0,0,0,0,0,0,0,0,0,0,0,0,0,0,0,0,0,0,0,0,0,0,0,0,0,0,0,0,0,0
198,0.033224998620705389,0.031536009030796341,0.067774627000000004,0,0,0,0,0.063199955862574098,6.0796458352800625e-05,1,1,0,0,0,0,0,0,0,0,0,0,0,0,0,0,0,0,0,0,0,0,0,0,0,0,0,0,0,0,0,0,0,0,0,0,0,0,0,0,0,0,0,0,0,0,0,0,0,0,0,0,0,0,0,0,0,0
199,0.0039198512917781852,7.5509215853600888e-06,0.067861926000000003,0,0,0,0,0.12543524133690193,0.00024069042435921731,0,0,0,0,0,0,0,0,0,0,0,0,0,0,0,0,0,0,0,0,0,0,0,0,0,0,0,0,0,0,0,0,0,0,0,0,0,0,0,0,0,0,0,0,0,0,0,0,0,0,0,0,0,0,0,0,0,0
200,0.0044080223215686234,8.0215142098750464e-06,0.067913114999999996,0,0,0,0,0.12543524133690193,0.00024069042435921731,0.01562147295329412,1.4923292521849811e-05,0,0,0,0,0,0,0,0,0,0,0,0,0,0,0,0,0,0,0,0,0,0,0,0,0,0,0,0,0,0,0,0,0,0,0,0,0,0,0,0,0,0,0,0,0,0,0,0,0,0,0,0,0,0,0,0
201,0.0076596871036106965,3.7839238044888409e-05,0.067859981999999999,0,0,0,0,0.12543524133690193,0.00024069042435921731,0.11967474597864065,0.00096049403023640539,0,0,0,0,0,0,0,0,0,0,0,0,0,0,0,0,0,0,0,0,0,0,0,0,0,0,0,0,0,0,0,0,0,0,0,0,0,0,0,0,0,0,0,0,0,0,0,0,0,0,0,0,0,0,0,0
202,0.032869270026974602,0.0019562626177818169,0.067836596999999998,0,0,0,0,0.12543524133690193,0.00024069042435921731,0.92638139952629195,0.061796962315471812,0,0,0,0,0,0,0,0,0,0,0,0,0,0,0,0,0,0,0,0,0,0,0,0,0,0,0,0,0,0,0,0,0,0,0,0,0,0,0,0,0,0,0,0,0,0,0,0,0,0,0,0,0,0,0,0
203,0.11922936838806954,0.031215538382229818,0.067835114000000002,0,0,0,0,0.12543524133690193,0.00024069042435921731,3.6899045470813254,0.98965836188666123,0,0,0,0,0,0,0,0,0,0,0,0,0,0,0,0,0,0,0,0,0,0,0,0,0,0,0,0,0,0,0,0,0,0,0,0,0,0,0,0,0,0,0,0,0,0,0,0,0,0,0,0,0,0,0,0
204,0.0078760830919748816,3.0330936084818332e-05,0.067859731000000006,0,0,0,0,0.25203465894319621,0.00096681786387788071,0,0,0,0,0,0,0,0,0,0,0,0,0,0,0,0,0,0,0,0,0,0,0,0,0,0,0,0,0,0,0,0,0,0,0,0,0,0,0,0,0,0,0,0,0,0,0,0,0,0,0,0,0,0,0,0,0,0
205,0.0078805969895687465,3.033098010765517e-05,0.067676767999999998,0,0,0,0,0.25203465894319621,0.00096681786387788071,0.00014444472300380047,1.3960390315975791e-09,0,0,0,0,0,0,0,0,0,0,0,0,0,0,0,0,0,0,0,0,0,0,0,0,0,0,0,0,0,0,0,0,0,0,0,0,0,0,0,0,0,0,0,0,0,0,0,0,0,0,0,0,0,0,0,0
206,0.0078885739353526125,3.0331242690209846e-05,0.067849111000000004,0,0,0,0,0.25203465894319621,0.00096681786387788071,0.00039970698808735401,9.7229784487917879e-09,0,0,0,0,0,0,0,0,0,0,0,0,0,0,0,0,0,0,0,0,0,0,0,0,0,0,0,0,0,0,0,0,0,0,0,0,0,0,0,0,0,0,0,0,0,0,0,0,0,0,0,0,0,0,0,0
207,0.0079062266486039316,3.0332449724611088e-05,0.068011916000000006,0,0,0,0,0.25203465894319621,0.00096681786387788071,0.00096459381213034629,4.8000092273685857e-08,0,0,0,0,0,0,0,0,0,0,0,0,0,0,0,0,0,0,0,0,0,0,0,0,0,0,0,0,0,0,0,0,0,0,0,0,0,0,0,0,0,0,0,0,0,0,0,0,0,0,0,0,0,0,0,0
208,0.0079950333798254752,3.035943372374682e-05,0.067811037000000005,0,0,0,0,0.25203465894319621,0.00096681786387788071,0.0038064092112196257,9.0370860008750971e-07,0,0,0,0,0,0,0,0,0,0,0,0,0,0,0,0,0,0,0,0,0,0,0,0,0,0,0,0,0,0,0,0,0,0,0,0,0,0,0,0,0,0,0,0,0,0,0,0,0,0,0,0,0,0,0,0
209,0.0081193338161337728,3.0446241273698211e-05,0.067896653000000001,0,0,0,0,0.25203465894319621,0.00096681786387788071,0.0077840231730849493,3.6565236540099485e-06,0,0,0,0,0,0,0,0,0,0,0,0,0,0,0,0,0,0,0,0,0,0,0,0,0,0,0,0,0,0,0,0,0,0,0,0,0,0,0,0,0,0,0,0,0,0,0,0,0,0,0,0,0,0,0,0
210,0.0083642541217653302,3.0801528709333291e-05,0.067868991000000004,0,0,0,0,0.25203465894319621,0.00096681786387788071,0.01562147295329412,1.4923292521849811e-05,0,0,0,0,0,0,0,0,0,0,0,0,0,0,0,0,0,0,0,0,0,0,0,0,0,0,0,0,0,0,0,0,0,0,0,0,0,0,0,0,0,0,0,0,0,0,0,0,0,0,0,0,0,0,0,0
211,0.015186738002480823,0.0001513675151627695,0.067791100000000007,0,0,0,0,0.25203465894319621,0.00096681786387788071,0.2339409571361899,0.0038382757853164329,0,0,0,0,0,0,0,0,0,0,0,0,0,0,0,0,0,0,0,0,0,0,0,0,0,0,0,0,0,0,0,0,0,0,0,0,0,0,0,0,0,0,0,0,0,0,0,0,0,0,0,0,0,0,0,0
212,0.022357732597974425,0.00051148743224556424,0.06783786,0,0,0,0,0.25203465894319621,0.00096681786387788071,0.46341278419198451,0.015258290859097138,0,0,0,0,0,0,0,0,0,0,0,0,0,0,0,0,0,0,0,0,0,0,0,0,0,0,0,0,0,0,0,0,0,0,0,0,0,0,0,0,0,0,0,0,0,0,0,0,0,0,0,0,0,0,0,0
213,0.039126083091974892,0.031564432665039333,0.067841136999999996,0,0,0,0,0.25203465894319621,0.00096681786387788071,1,1,0,0,0,0,0,0,0,0,0,0,0,0,0,0,0,0,0,0,0,0,0,0,0,0,0,0,0,0,0,0,0,0,0,0,0,0,0,0,0,0,0,0,0,0,0,0,0,0,0,0,0,0,0,0,0,0
214,0.015635682270534915,0.00012122542724961684,0.067772423999999998,0,0,0,0,0.50034183265711729,0.0038641375357954095,0,0,0,0,0,0,0,0,0,0,0,0,0,0,0,0,0,0,0,0,0,0,0,0,0,0,0,0,0,0,0,0,0,0,0,0,0,0,0,0,0,0,0,0,0,0,0,0,0,0,0,0,0,0,0,0,0,0
215,0.015648173113912638,0.00012122573385500836,0.067798645000000005,0,0,0,0,0.50034183265711729,0.0038641375357954095,0.00039970698808735401,9.7229784487917879e-09,0,0,0,0,0,0,0,0,0,0,0,0,0,0,0,0,0,0,0,0,0,0,0,0,0,0,0,0,0,0,0,0,0,0,0,0,0,0,0,0,0,0,0,0,0,0,0,0,0,0,0,0,0,0,0,0
216,0.015700784429876137,0.00012123221517632791,0.067790217999999999,0,0,0,0,0.50034183265711729,0.0038641375357954095,0.0020832690989188974,2.1525670112340241e-07,0,0,0,0,0,0,0,0,0,0,0,0,0,0,0,0,0,0,0,0,0,0,0,0,0,0,0,0,0,0,0,0,0,0,0,0,0,0,0,0,0,0,0,0,0,0,0,0,0,0,0,0,0,0,0,0
217,0.015878932994693822,0.00012134073243849672,0.067871316000000001,0,0,0,0,0.50034183265711729,0.0038641375357954095,0.0077840231730849493,3.6565236540099485e-06,0,0,0,0,0,0,0,0,0,0,0,0,0,0,0,0,0,0,0,0,0,0,0,0,0,0,0,0,0,0,0,0,0,0,0,0,0,0,0,0,0,0,0,0,0,0,0,0,0,0,0,0,0,0,0,0
218,0.016123853300325338,0.00012169601987413179,0.067846848000000001,0,0,0,0,0.50034183265711729,0.0038641375357954095,0.01562147295329412,1.4923292521849811e-05,0,0,0,0,0,0,0,0,0,0,0,0,0,0,0,0,0,0,0,0,0,0,0,0,0,0,0,0,0,0,0,0,0,0,0,0,0,0,0,0,0,0,0,0,0,0,0,0,0,0,0,0,0,0,0,0
219,0.019375518082367461,0.00015151374370914517,0.067853390999999999,0,0,0,0,0.50034183265711729,0.0038641375357954095,0.11967474597864065,0.00096049403023640539,0,0,0,0,0,0,0,0,0,0,0,0,0,0,0,0,0,0,0,0,0,0,0,0,0,0,0,0,0,0,0,0,0,0,0,0,0,0,0,0,0,0,0,0,0,0,0,0,0,0,0,0,0,0,0,0
220,0.022946337181040954,0.00024226200632756801,0.067925640999999995,0,0,0,0,0.50034183265711729,0.0038641375357954095,0.2339409571361899,0.0038382757853164329,0,0,0,0,0,0,0,0,0,0,0,0,0,0,0,0,0,0,0,0,0,0,0,0,0,0,0,0,0,0,0,0,0,0,0,0,0,0,0,0,0,0,0,0,0,0,0,0,0,0,0,0,0,0,0,0
221,0.073312230823016578,0.0078273929644909427,0.067872035999999997,0,0,0,0,0.50034183265711729,0.0038641375357954095,1.8456495536794129,0.24437567949384609,0,0,0,0,0,0,0,0,0,0,0,0,0,0,0,0,0,0,0,0,0,0,0,0,0,0,0,0,0,0,0,0,0,0,0,0,0,0,0,0,0,0,0,0,0,0,0,0,0,0,0,0,0,0,0,0
222,0.031288319217191642,0.0004865828158980485,0.067680855999999998,0,0,0,0,1.0012262149501325,0.015510136493997132,0,0,0,0,0,0,0,0,0,0,0,0,0,0,0,0,0,0,0,0,0,0,0,0,0,0,0,0,0,0,0,0,0,0,0,0,0,0,0,0,0,0,0,0,0,0,0,0,0,0,0,0,0,0,0,0,0,0
223,0.032242518976157195,0.00048847640043001039,0.067916292000000003,0,0,0,0,1.0012262149501325,0.015510136493997132,0.030534392286898884,6.0048786175609834e-05,0,0,0,0,0,0,0,0,0,0,0,0,0,0,0,0,0,0,0,0,0,0,0,0,0,0,0,0,0,0,0,0,0,0,0,0,0,0,0,0,0,0,0,0,0,0,0,0,0,0,0,0,0,0,0,0
224,0.033186859667211591,0.00049418110671955312,0.067842059999999996,0,0,0,0,1.0012262149501325,0.015510136493997132,0.060753294400639889,0.00024095472535778405,0,0,0,0,0,0,0,0,0,0,0,0,0,0,0,0,0,0,0,0,0,0,0,0,0,0,0,0,0,0,0,0,0,0,0,0,0,0,0,0,0,0,0,0,0,0,0,0,0,0,0,0,0,0,0,0
225,0.045769968723191029,0.0009677393120587944,0.067882277000000005,0,0,0,0,1.0012262149501325,0.015510136493997132,0.46341278419198451,0.015258290859097138,0,0,0,0,0,0,0,0,0,0,0,0,0,0,0,0,0,0,0,0,0,0,0,0,0,0,0,0,0,0,0,0,0,0,0,0,0,0,0,0,0,0,0,0,0,0,0,0,0,0,0,0,0,0,0,0
226,0.062538319217191635,0.032020684544852566,0.067766062000000002,0,0,0,0,1.0012262149501325,0.015510136493997132,1,1,0,0,0,0,0,0,0,0,0,0,0,0,0,0,0,0,0,0,0,0,0,0,0,0,0,0,0,0,0,0,0,0,0,0,0,0,0,0,0,0,0,0,0,0,0,0,0,0,0,0,0,0,0,0,0,0
227,0.06231677376000367,0.0019429990349514783,0.067947273000000002,0,0,0,0,1.9941367603201174,0.061934329070339446,0,0,0,0,0,0,0,0,0,0,0,0,0,0,0,0,0,0,0,0,0,0,0,0,0,0,0,0,0,0,0,0,0,0,0,0,0,0,0,0,0,0,0,0,0,0,0,0,0,0,0,0,0,0,0,0,0,0
228,0.062321287657597535,0.0019429990789743151,0.067733680000000004,0,0,0,0,1.9941367603201174,0.061934329070339446,0.00014444472300380047,1.3960390315975791e-09,0,0,0,0,0,0,0,0,0,0,0,0,0,0,0,0,0,0,0,0,0,0,0,0,0,0,0,0,0,0,0,0,0,0,0,0,0,0,0,0,0,0,0,0,0,0,0,0,0,0,0,0,0,0,0,0
229,0.062560024484162438,0.0019431143401403581,0.067795058000000005,0,0,0,0,1.9941367603201174,0.061934329070339446,0.0077840231730849493,3.6565236540099485e-06,0,0,0,0,0,0,0,0,0,0,0,0,0,0,0,0,0,0,0,0,0,0,0,0,0,0,0,0,0,0,0,0,0,0,0,0,0,0,0,0,0,0,0,0,0,0,0,0,0,0,0,0,0,0,0,0
230,0.064215314210023591,0.0019505973257729829,0.067891655999999995,0,0,0,0,1.9941367603201174,0.061934329070339446,0.060753294400639889,0.00024095472535778405,0,0,0,0,0,0,0,0,0,0,0,0,0,0,0,0,0,0,0,0,0,0,0,0,0,0,0,0,0,0,0,0,0,0,0,0,0,0,0,0,0,0,0,0,0,0,0,0,0,0,0,0,0,0,0,0
231,0.066056609571836275,0.0019732873514110064,0.067810329000000003,0,0,0,0,1.9941367603201174,0.061934329070339446,0.11967474597864065,0.00096049403023640539,0,0,0,0,0,0,0,0,0,0,0,0,0,0,0,0,0,0,0,0,0,0,0,0,0,0,0,0,0,0,0,0,0,0,0,0,0,0,0,0,0,0,0,0,0,0,0,0,0,0,0,0,0,0,0,0
232,0.076798423266003377,0.002424155531112224,0.067668143,0,0,0,0,1.9941367603201174,0.061934329070339446,0.46341278419198451,0.015258290859097138,0,0,0,0,0,0,0,0,0,0,0,0,0,0,0,0,0,0,0,0,0,0,0,0,0,0,0,0,0,0,0,0,0,0,0,0,0,0,0,0,0,0,0,0,0,0,0,0,0,0,0,0,0,0,0,0
233,0.09126619249520064,0.0038917107311479348,0.068009103000000001,0,0,0,0,1.9941367603201174,0.061934329070339446,0.92638139952629195,0.061796962315471812,0,0,0,0,0,0,0,0,0,0,0,0,0,0,0,0,0,0,0,0,0,0,0,0,0,0,0,0,0,0,0,0,0,0,0,0,0,0,0,0,0,0,0,0,0,0,0,0,0,0,0,0,0,0,0,0
234,0.093566773760003621,0.033477100763905997,0.067849194000000002,0,0,0,0,1.9941367603201174,0.061934329070339446,1,1,0,0,0,0,0,0,0,0,0,0,0,0,0,0,0,0,0,0,0,0,0,0,0,0,0,0,0,0,0,0,0,0,0,0,0,0,0,0,0,0,0,0,0,0,0,0,0,0,0,0,0,0,0,0,0,0
235,0.12477176683692985,0.0079072505136446453,0.067678672999999995,0,0,0,0,3.9926965387817552,0.25204863540547667,0,0,0,0,0,0,0,0,0,0,0,0,0,0,0,0,0,0,0,0,0,0,0,0,0,0,0,0,0,0,0,0,0,0,0,0,0,0,0,0,0,0,0,0,0,0,0,0,0,0,0,0,0,0,0,0,0,0
236,0.12477628073452351,0.0079072505576674827,0.067846938999999995,0,0,0,0,3.9926965387817552,0.25204863540547667,0.00014444472300380047,1.3960390315975791e-09,0,0,0,0,0,0,0,0,0,0,0,0,0,0,0,0,0,0,0,0,0,0,0,0,0,0,0,0,0,0,0,0,0,0,0,0,0,0,0,0,0,0,0,0,0,0,0,0,0,0,0,0,0,0,0,0
237,0.12478425768030754,0.0079072508202500374,0.067827281000000003,0,0,0,0,3.9926965387817552,0.25204863540547667,0.00039970698808735401,9.7229784487917879e-09,0,0,0,0,0,0,0,0,0,0,0,0,0,0,0,0,0,0,0,0,0,0,0,0,0,0,0,0,0,0,0,0,0,0,0,0,0,0,0,0,0,0,0,0,0,0,0,0,0,0,0,0,0,0,0,0
238,0.12483686899627075,0.0079072573015713573,0.067705106000000001,0,0,0,0,3.9926965387817552,0.25204863540547667,0.0020832690989188974,2.1525670112340241e-07,0,0,0,0,0,0,0,0,0,0,0,0,0,0,0,0,0,0,0,0,0,0,0,0,0,0,0,0,0,0,0,0,0,0,0,0,0,0,0,0,0,0,0,0,0,0,0,0,0,0,0,0,0,0,0,0
239,0.12501501756108857,0.0079073658188335266,0.067869594000000005,0,0,0,0,3.9926965387817552,0.25204863540547667,0.0077840231730849493,3.6565236540099485e-06,0,0,0,0,0,0,0,0,0,0,0,0,0,0,0,0,0,0,0,0,0,0,0,0,0,0,0,0,0,0,0,0,0,0,0,0,0,0,0,0,0,0,0,0,0,0,0,0,0,0,0,0,0,0,0,0
240,0.12667030728694995,0.0079148488044661503,0.067891907000000001,0,0,0,0,3.9926965387817552,0.25204863540547667,0.060753294400639889,0.00024095472535778405,0,0,0,0,0,0,0,0,0,0,0,0,0,0,0,0,0,0,0,0,0,0,0,0,0,0,0,0,0,0,0,0,0,0,0,0,0,0,0,0,0,0,0,0,0,0,0,0,0,0,0,0,0,0,0,0
241,0.24008128393322048,0.039115237974289105,0.067849195000000001,0,0,0,0,3.9926965387817552,0.25204863540547667,3.6899045470813254,0.98965836188666123,0,0,0,0,0,0,0,0,0,0,0,0,0,0,0,0,0,0,0,0,0,0,0,0,0,0,0,0,0,0,0,0,0,0,0,0,0,0,0,0,0,0,0,0,0,0,0,0,0,0,0,0,0,0,0,0
242,0.24936226645041065,0.031380548430304508,0.067706638999999999,0,0,0,0,7.9795925264131409,1.0002749244488116,0,0,0,0,0,0,0,0,0,0,0,0,0,0,0,0,0,0,0,0,0,0,0,0,0,0,0,0,0,0,0,0,0,0,0,0,0,0,0,0,0,0,0,0,0,0,0,0,0,0,0,0,0,0,0,0,0,0
243,0.25031646620937636,0.031382442014836476,0.067954889000000004,0,0,0,0,7.9795925264131409,1.0002749244488116,0.030534392286898884,6.0048786175609834e-05,0,0,0,0,0,0,0,0,0,0,0,0,0,0,0,0,0,0,0,0,0,0,0,0,0,0,0,0,0,0,0,0,0,0,0,0,0,0,0,0,0,0,0,0,0,0,0,0,0,0,0,0,0,0,0,0
244,0.25310210226224322,0.031410836746764037,0.067823924999999993,0,0,0,0,7.9795925264131409,1.0002749244488116,0.11967474597864065,0.00096049403023640539,0,0,0,0,0,0,0,0,0,0,0,0,0,0,0,0,0,0,0,0,0,0,0,0,0,0,0,0,0,0,0,0,0,0,0,0,0,0,0,0,0,0,0,0,0,0,0,0,0,0,0,0,0,0,0,0
245,0.2566729213609158,0.031501585009382466,0.067874032000000001,0,0,0,0,7.9795925264131409,1.0002749244488116,0.2339409571361899,0.0038382757853164329,0,0,0,0,0,0,0,0,0,0,0,0,0,0,0,0,0,0,0,0,0,0,0,0,0,0,0,0,0,0,0,0,0,0,0,0,0,0,0,0,0,0,0,0,0,0,0,0,0,0,0,0,0,0,0,0
246,0.27831168518560728,0.033329260126500969,0.067857460999999994,0,0,0,0,7.9795925264131409,1.0002749244488116,0.92638139952629195,0.061796962315471812,0,0,0,0,0,0,0,0,0,0,0,0,0,0,0,0,0,0,0,0,0,0,0,0,0,0,0,0,0,0,0,0,0,0,0,0,0,0,0,0,0,0,0,0,0,0,0,0,0,0,0,0,0,0,0,0
247,0.30703881500289243,0.039086715967545836,0.067925902999999996,0,0,0,0,7.9795925264131409,1.0002749244488116,1.8456495536794129,0.24437567949384609,0,0,0,0,0,0,0,0,0,0,0,0,0,0,0,0,0,0,0,0,0,0,0,0,0,0,0,0,0,0,0,0,0,0,0,0,0,0,0,0,0,0,0,0,0,0,0,0,0,0,0,0,0,0,0,0
248,0.28061226645041049,0.062914650159259025,0.067866256999999999,0,0,0,0,7.9795925264131409,1.0002749244488116,1,1,0,0,0,0,0,0,0,0,0,0,0,0,0,0,0,0,0,0,0,0,0,0,0,0,0,0,0,0,0,0,0,0,0,0,0,0,0,0,0,0,0,0,0,0,0,0,0,0,0,0,0,0,0,0,0,0
249,0.031246875,0.031371923521522196,0.067864844999999993,0,0,0,0,0.99990000000000001,1,0,0,0,0,0,0,0,0,0,0,0,0,0,0,0,0,0,0,0,0,0,0,0,0,0,0,0,0,0,0,0,0,0,0,0,0,0,0,0,0,0,0,0,0,0,0,0,0,0,0,0,0,0,0,0,0,0,0
250,0.031259365843377754,0.03137192382812759,0.067823565000000002,0,0,0,0,0.99990000000000001,1,0.00039970698808735401,9.7229784487917879e-09,0,0,0,0,0,0,0,0,0,0,0,0,0,0,0,0,0,0,0,0,0,0,0,0,0,0,0,0,0,0,0,0,0,0,0,0,0,0,0,0,0,0,0,0,0,0,0,0,0,0,0,0,0,0,0,0
251,0.03136582528785066,0.031371952019161126,0.067947094,0,0,0,0,0.99990000000000001,1,0.0038064092112196257,9.0370860008750971e-07,0,0,0,0,0,0,0,0,0,0,0,0,0,0,0,0,0,0,0,0,0,0,0,0,0,0,0,0,0,0,0,0,0,0,0,0,0,0,0,0,0,0,0,0,0,0,0,0,0,0,0,0,0,0,0,0
252,0.0314901257241589,0.031372038826711079,0.067773217999999996,0,0,0,0,0.99990000000000001,1,0.0077840231730849493,3.6565236540099485e-06,0,0,0,0,0,0,0,0,0,0,0,0,0,0,0,0,0,0,0,0,0,0,0,0,0,0,0,0,0,0,0,0,0,0,0,0,0,0,0,0,0,0,0,0,0,0,0,0,0,0,0,0,0,0,0,0
253,0.088923423552481728,0.039078091058763524,0.067824076999999997,0,0,0,0,0.99990000000000001,1,1.8456495536794129,0.24437567949384609,0,0,0,0,0,0,0,0,0,0,0,0,0,0,0,0,0,0,0,0,0,0,0,0,0,0,0,0,0,0,0,0,0,0,0,0,0,0,0,0,0,0,0,0,0,0,0,0,0,0,0,0,0,0,0,0
254,0.062496875,0.062906025250476713,0.067708363999999993,0,0,0,0,0.99990000000000001,1,1,1,0,0,0,0,0,0,0,0,0,0,0,0,0,0,0,0,0,0,0,0,0,0,0,0,0,0,0,0,0,0,0,0,0,0,0,0,0,0,0,0,0,0,0,0,0,0,0,0,0,0,0,0,0,0,0,0
255,4.0090736708142772e-06,4.3690984469443763e-11,0.067909833000000003,0,0,0,0,0,0,0,0,0,0,0.00012829035746605687,1.3872566314650588e-09,0,0,0,0,0,0,0,0,0,0,0,0,0,0,0,0,0,0,0,0,0,0,0,0,0,0,0,0,0,0,0,0,0,0,0,0,0,0,0,0,0,0,0,0,0,0,0,0,0,0,0,0
256,1.6762572060502894e-05,3.1001124478928325e-10,0.067791302999999997,0,0,0,0,0,0,0,0,0,0,0.0005364023059360926,9.8433386288982855e-09,0,0,0,0,0,0,0,0,0,0,0,0,0,0,0,0,0,0,0,0,0,0,0,0,0,0,0,0,0,0,0,0,0,0,0,0,0,0,0,0,0,0,0,0,0,0,0,0,0,0,0,0
257,3.3903509579462865e-05,1.5392622889465695e-09,0.067961063000000002,0,0,0,0,0,0,0,0,0,0,0.0010849123065428117,4.8873968939716127e-08,0,0,0,0,0,0,0,0,0,0,0,0,0,0,0,0,0,0,0,0,0,0,0,0,0,0,0,0,0,0,0,0,0,0,0,0,0,0,0,0,0,0,0,0,0,0,0,0,0,0,0,0
258,7.3070786798049838e-05,6.8187191178682985e-09,0.067982764000000001,0,0,0,0,0,0,0,0,0,0,0.0023382651775375948,2.1650492496858131e-07,0,0,0,0,0,0,0,0,0,0,0,0,0,0,0,0,0,0,0,0,0,0,0,0,0,0,0,0,0,0,0,0,0,0,0,0,0,0,0,0,0,0,0,0,0,0,0,0,0,0,0,0
259,0.00013004727921912579,2.8366068196526456e-08,0.067816451999999999,0,0,0,0,0,0,0,0,0,0,0.0041615129350120253,9.0066673232649206e-07,0,0,0,0,0,0,0,0,0,0,0,0,0,0,0,0,0,0,0,0,0,0,0,0,0,0,0,0,0,0,0,0,0,0,0,0,0,0,0,0,0,0,0,0,0,0,0,0,0,0,0,0
260,0.00026130365270602833,1.142676262444965e-07,0.067931535000000001,0,0,0,0,0,0,0,0,0,0,0.0083617168865929067,3.6281746496307936e-06,0,0,0,0,0,0,0,0,0,0,0,0,0,0,0,0,0,0,0,0,0,0,0,0,0,0,0,0,0,0,0,0,0,0,0,0,0,0,0,0,0,0,0,0,0,0,0,0,0,0,0,0
261,0.00051934517263498372,4.6845401064593507e-07,0.067960360999999997,0,0,0,0,0,0,0,0,0,0,0.016619045524319479,1.4874142587917068e-05,0,0,0,0,0,0,0,0,0,0,0,0,0,0,0,0,0,0,0,0,0,0,0,0,0,0,0,0,0,0,0,0,0,0,0,0,0,0,0,0,0,0,0,0,0,0,0,0,0,0,0,0
262,0.0010335921316528766,1.8975402646165625e-06,0.067923899999999995,0,0,0,0,0,0,0,0,0,0,0.033074948212892051,6.0249851257123715e-05,0,0,0,0,0,0,0,0,0,0,0,0,0,0,0,0,0,0,0,0,0,0,0,0,0,0,0,0,0,0,0,0,0,0,0,0,0,0,0,0,0,0,0,0,0,0,0,0,0,0,0,0
263,0.002076281289947289,7.6035611087286045e-06,0.067995899999999998,0,0,0,0,0,0,0,0,0,0,0.066441001278313247,0.00024142487744149155,0,0,0,0,0,0,0,0,0,0,0,0,0,0,0,0,0,0,0,0,0,0,0,0,0,0,0,0,0,0,0,0,0,0,0,0,0,0,0,0,0,0,0,0,0,0,0,0,0,0,0,0
264,0.0041474819560423561,3.0337485715328473e-05,0.067917096999999996,0,0,0,0,0,0,0,0,0,0,0.1327194225933554,0.00096326230117335968,0,0,0,0,0,0,0,0,0,0,0,0,0,0,0,0,0,0,0,0,0,0,0,0,0,0,0,0,0,0,0,0,0,0,0,0,0,0,0,0,0,0,0,0,0,0,0,0,0,0,0,0
265,0.0083591362636697333,0.00012061728400948303,0.067996900999999998,0,0,0,0,0,0,0,0,0,0,0.26749236043743146,0.0038297861479519553,0,0,0,0,0,0,0,0,0,0,0,0,0,0,0,0,0,0,0,0,0,0,0,0,0,0,0,0,0,0,0,0,0,0,0,0,0,0,0,0,0,0,0,0,0,0,0,0,0,0,0,0
266,0.016730626461701731,0.00048607779812249416,0.067929111,0,0,0,0,0,0,0,0,0,0,0.53538004677445539,0.015433725219100081,0,0,0,0,0,0,0,0,0,0,0,0,0,0,0,0,0,0,0,0,0,0,0,0,0,0,0,0,0,0,0,0,0,0,0,0,0,0,0,0,0,0,0,0,0,0,0,0,0,0,0,0
267,0.033449881891725118,0.0019515449489492683,0.067952887000000003,0,0,0,0,0,0,0,0,0,0,1.0703962205352038,0.06196458388172546,0,0,0,0,0,0,0,0,0,0,0,0,0,0,0,0,0,0,0,0,0,0,0,0,0,0,0,0,0,0,0,0,0,0,0,0,0,0,0,0,0,0,0,0,0,0,0,0,0,0,0,0
268,0.06708627061257616,0.0078172011863851878,0.068129799000000005,0,0,0,0,0,0,0,0,0,0,2.1467606596024371,0.24820828179996007,0,0,0,0,0,0,0,0,0,0,0,0,0,0,0,0,0,0,0,0,0,0,0,0,0,0,0,0,0,0,0,0,0,0,0,0,0,0,0,0,0,0,0,0,0,0,0,0,0,0,0,0
269,0.13432777392988446,0.031265478855053257,0.067897639999999995,0,0,0,0,0,0,0,0,0,0,4.2984887657563027,0.99272752501004458,0,0,0,0,0,0,0,0,0,0,0,0,0,0,0,0,0,0,0,0,0,0,0,0,0,0,0,0,0,0,0,0,0,0,0,0,0,0,0,0,0,0,0,0,0,0,0,0,0,0,0,0
270,0.03125,0.031494521978462225,0.067805622999999995,0,0,0,0,0,0,0,0,0,0,1,1,0,0,0,0,0,0,0,0,0,0,0,0,0,0,0,0,0,0,0,0,0,0,0,0,0,0,0,0,0,0,0,0,0,0,0,0,0,0,0,0,0,0,0,0,0,0,0,0,0,0,0,0
271,4.6829787437247472e-06,4.3690984469443763e-11,0.067929813000000006,0,0,0,0,0,0,0,0,0.00014985531979919191,1.3902829151551507e-09,0,0,0,0,0,0,0,0,0,0,0,0,0,0,0,0,0,0,0,0,0,0,0,0,0,0,0,0,0,0,0,0,0,0,0,0,0,0,0,0,0,0,0,0,0,0,0,0,0,0,0,0,0,0
272,7.7753765541774394e-05,6.862410102337742e-09,0.068072007000000004,0,0,0,0,0,0,0,0,0.00014985531979919191,1.3902829151551507e-09,0.0023382651775375948,2.1650492496858131e-07,0,0,0,0,0,0,0,0,0,0,0,0,0,0,0,0,0,0,0,0,0,0,0,0,0,0,0,0,0,0,0,0,0,0,0,0,0,0,0,0,0,0,0,0,0,0,0,0,0,0,0,0
273,0.00013473025796285087,2.84097591809959e-08,0.067877620999999999,0,0,0,0,0,0,0,0,0.00014985531979919191,1.3902829151551507e-09,0.0041615129350120253,9.0066673232649206e-07,0,0,0,0,0,0,0,0,0,0,0,0,0,0,0,0,0,0,0,0,0,0,0,0,0,0,0,0,0,0,0,0,0,0,0,0,0,0,0,0,0,0,0,0,0,0,0,0,0,0,0,0
274,0.0041521649347860791,3.0337529406312941e-05,0.068025237000000002,0,0,0,0,0,0,0,0,0.00014985531979919191,1.3902829151551507e-09,0.1327194225933554,0.00096326230117335968,0,0,0,0,0,0,0,0,0,0,0,0,0,0,0,0,0,0,0,0,0,0,0,0,0,0,0,0,0,0,0,0,0,0,0,0,0,0,0,0,0,0,0,0,0,0,0,0,0,0,0,0
275,0.0334545648704688,0.0019515449926402529,0.067974578999999993,0,0,0,0,0,0,0,0,0.00014985531979919191,1.3902829151551507e-09,1.0703962205352038,0.06196458388172546,0,0,0,0,0,0,0,0,0,0,0,0,0,0,0,0,0,0,0,0,0,0,0,0,0,0,0,0,0,0,0,0,0,0,0,0,0,0,0,0,0,0,0,0,0,0,0,0,0,0,0,0
276,0.13433245690862808,0.031265478898744238,0.068028403000000001,0,0,0,0,0,0,0,0,0.00014985531979919191,1.3902829151551507e-09,4.2984887657563027,0.99272752501004458,0,0,0,0,0,0,0,0,0,0,0,0,0,0,0,0,0,0,0,0,0,0,0,0,0,0,0,0,0,0,0,0,0,0,0,0,0,0,0,0,0,0,0,0,0,0,0,0,0,0,0,0
277,0.031254682978743661,0.031494522022153207,0.068036179000000002,0,0,0,0,0,0,0,0,0.00014985531979919191,1.3902829151551507e-09,1,1,0,0,0,0,0,0,0,0,0,0,0,0,0,0,0,0,0,0,0,0,0,0,0,0,0,0,0,0,0,0,0,0,0,0,0,0,0,0,0,0,0,0,0,0,0,0,0,0,0,0,0,0
278,1.3105925929709048e-05,3.0323447006446048e-10,0.067975831,0,0,0,0,0,0,0,0,0.00041938962975068952,9.6491692310478308e-09,0,0,0,0,0,0,0,0,0,0,0,0,0,0,0,0,0,0,0,0,0,0,0,0,0,0,0,0,0,0,0,0,0,0,0,0,0,0,0,0,0,0,0,0,0,0,0,0,0,0,0,0,0,0
279,1.7114999600523315e-05,3.4692545453390423e-10,0.068080133000000001,0,0,0,0,0,0,0,0,0.00041938962975068952,9.6491692310478308e-09,0.00012829035746605687,1.3872566314650588e-09,0,0,0,0,0,0,0,0,0,0,0,0,0,0,0,0,0,0,0,0,0,0,0,0,0,0,0,0,0,0,0,0,0,0,0,0,0,0,0,0,0,0,0,0,0,0,0,0,0,0,0,0
280,4.7009435509171969e-05,1.8424967590110301e-09,0.068182160000000006,0,0,0,0,0,0,0,0,0.00041938962975068952,9.6491692310478308e-09,0.0010849123065428117,4.8873968939716127e-08,0,0,0,0,0,0,0,0,0,0,0,0,0,0,0,0,0,0,0,0,0,0,0,0,0,0,0,0,0,0,0,0,0,0,0,0,0,0,0,0,0,0,0,0,0,0,0,0,0,0,0,0
281,8.6176712727758373e-05,7.1219535879327593e-09,0.068145610999999995,0,0,0,0,0,0,0,0,0.00041938962975068952,9.6491692310478308e-09,0.0023382651775375948,2.1650492496858131e-07,0,0,0,0,0,0,0,0,0,0,0,0,0,0,0,0,0,0,0,0,0,0,0,0,0,0,0,0,0,0,0,0,0,0,0,0,0,0,0,0,0,0,0,0,0,0,0,0,0,0,0,0
282,0.00027440957863573669,1.1457086071456097e-07,0.068067731000000006,0,0,0,0,0,0,0,0,0.00041938962975068952,9.6491692310478308e-09,0.0083617168865929067,3.6281746496307936e-06,0,0,0,0,0,0,0,0,0,0,0,0,0,0,0,0,0,0,0,0,0,0,0,0,0,0,0,0,0,0,0,0,0,0,0,0,0,0,0,0,0,0,0,0,0,0,0,0,0,0,0,0
283,0.00053245109856469468,4.6875724511599956e-07,0.067936025999999997,0,0,0,0,0,0,0,0,0.00041938962975068952,9.6491692310478308e-09,0.016619045524319479,1.4874142587917068e-05,0,0,0,0,0,0,0,0,0,0,0,0,0,0,0,0,0,0,0,0,0,0,0,0,0,0,0,0,0,0,0,0,0,0,0,0,0,0,0,0,0,0,0,0,0,0,0,0,0,0,0,0
284,0.0010466980575825821,1.8978434990866269e-06,0.068014496999999993,0,0,0,0,0,0,0,0,0.00041938962975068952,9.6491692310478308e-09,0.033074948212892051,6.0249851257123715e-05,0,0,0,0,0,0,0,0,0,0,0,0,0,0,0,0,0,0,0,0,0,0,0,0,0,0,0,0,0,0,0,0,0,0,0,0,0,0,0,0,0,0,0,0,0,0,0,0,0,0,0,0
285,0.0020893872158770067,7.6038643431986683e-06,0.068028433999999999,0,0,0,0,0,0,0,0,0.00041938962975068952,9.6491692310478308e-09,0.066441001278313247,0.00024142487744149155,0,0,0,0,0,0,0,0,0,0,0,0,0,0,0,0,0,0,0,0,0,0,0,0,0,0,0,0,0,0,0,0,0,0,0,0,0,0,0,0,0,0,0,0,0,0,0,0,0,0,0,0
286,0.016743732387631459,0.00048607810135696425,0.067976874000000007,0,0,0,0,0,0,0,0,0.00041938962975068952,9.6491692310478308e-09,0.53538004677445539,0.015433725219100081,0,0,0,0,0,0,0,0,0,0,0,0,0,0,0,0,0,0,0,0,0,0,0,0,0,0,0,0,0,0,0,0,0,0,0,0,0,0,0,0,0,0,0,0,0,0,0,0,0,0,0,0
287,0.06709937653850595,0.0078172014896196584,0.068057039999999999,0,0,0,0,0,0,0,0,0.00041938962975068952,9.6491692310478308e-09,2.1467606596024371,0.24820828179996007,0,0,0,0,0,0,0,0,0,0,0,0,0,0,0,0,0,0,0,0,0,0,0,0,0,0,0,0,0,0,0,0,0,0,0,0,0,0,0,0,0,0,0,0,0,0,0,0,0,0,0,0
288,2.7363571534726066e-05,1.5080332342868194e-09,0.068006872999999995,0,0,0,0,0,0,0,0,0.00087563428911123411,4.7986852815857864e-08,0,0,0,0,0,0,0,0,0,0,0,0,0,0,0,0,0,0,0,0,0,0,0,0,0,0,0,0,0,0,0,0,0,0,0,0,0,0,0,0,0,0,0,0,0,0,0,0,0,0,0,0,0,0
289,0.00015741085075385156,2.9874101430813274e-08,0.068058964,0,0,0,0,0,0,0,0,0.00087563428911123411,4.7986852815857864e-08,0.0041615129350120253,9.0066673232649206e-07,0,0,0,0,0,0,0,0,0,0,0,0,0,0,0,0,0,0,0,0,0,0,0,0,0,0,0,0,0,0,0,0,0,0,0,0,0,0,0,0,0,0,0,0,0,0,0,0,0,0,0,0
290,0.0010609557031875964,1.8990482978508494e-06,0.068055275999999998,0,0,0,0,0,0,0,0,0.00087563428911123411,4.7986852815857864e-08,0.033074948212892051,6.0249851257123715e-05,0,0,0,0,0,0,0,0,0,0,0,0,0,0,0,0,0,0,0,0,0,0,0,0,0,0,0,0,0,0,0,0,0,0,0,0,0,0,0,0,0,0,0,0,0,0,0,0,0,0,0,0
291,0.0021036448614820211,7.605069141962891e-06,0.068013725999999997,0,0,0,0,0,0,0,0,0.00087563428911123411,4.7986852815857864e-08,0.066441001278313247,0.00024142487744149155,0,0,0,0,0,0,0,0,0,0,0,0,0,0,0,0,0,0,0,0,0,0,0,0,0,0,0,0,0,0,0,0,0,0,0,0,0,0,0,0,0,0,0,0,0,0,0,0,0,0,0,0
292,0.004174845527577074,3.0338993748562761e-05,0.068157244000000006,0,0,0,0,0,0,0,0,0.00087563428911123411,4.7986852815857864e-08,0.1327194225933554,0.00096326230117335968,0,0,0,0,0,0,0,0,0,0,0,0,0,0,0,0,0,0,0,0,0,0,0,0,0,0,0,0,0,0,0,0,0,0,0,0,0,0,0,0,0,0,0,0,0,0,0,0,0,0,0,0
293,0.0083864998352044598,0.00012061879204271732,0.067920815999999995,0,0,0,0,0,0,0,0,0.00087563428911123411,4.7986852815857864e-08,0.26749236043743146,0.0038297861479519553,0,0,0,0,0,0,0,0,0,0,0,0,0,0,0,0,0,0,0,0,0,0,0,0,0,0,0,0,0,0,0,0,0,0,0,0,0,0,0,0,0,0,0,0,0,0,0,0,0,0,0,0
294,0.016757990033236494,0.00048607930615572847,0.068041449000000004,0,0,0,0,0,0,0,0,0.00087563428911123411,4.7986852815857864e-08,0.53538004677445539,0.015433725219100081,0,0,0,0,0,0,0,0,0,0,0,0,0,0,0,0,0,0,0,0,0,0,0,0,0,0,0,0,0,0,0,0,0,0,0,0,0,0,0,0,0,0,0,0,0,0,0,0,0,0,0,0
295,0.067113634184110885,0.0078172026944184226,0.067991342999999996,0,0,0,0,0,0,0,0,0.00087563428911123411,4.7986852815857864e-08,2.1467606596024371,0.24820828179996007,0,0,0,0,0,0,0,0,0,0,0,0,0,0,0,0,0,0,0,0,0,0,0,0,0,0,0,0,0,0,0,0,0,0,0,0,0,0,0,0,0,0,0,0,0,0,0,0,0,0,0,0
296,0.031277363571534662,0.031494523486495458,0.068031570999999999,0,0,0,0,0,0,0,0,0.00087563428911123411,4.7986852815857864e-08,1,1,0,0,0,0,0,0,0,0,0,0,0,0,0,0,0,0,0,0,0,0,0,0,0,0,0,0,0,0,0,0,0,0,0,0,0,0,0,0,0,0,0,0,0,0,0,0,0,0,0,0,0,0
297,6.6322115933208881e-05,6.7208401344716309e-09,0.067862073999999994,0,0,0,0,0,0,0,0,0.0021223077098626842,2.1386263843470482e-07,0,0,0,0,0,0,0,0,0,0,0,0,0,0,0,0,0,0,0,0,0,0,0,0,0,0,0,0,0,0,0,0,0,0,0,0,0,0,0,0,0,0,0,0,0,0,0,0,0,0,0,0,0,0
298,0.00032762576863923777,1.2098846637896815e-07,0.068009389000000003,0,0,0,0,0,0,0,0,0.0021223077098626842,2.1386263843470482e-07,0.0083617168865929067,3.6281746496307936e-06,0,0,0,0,0,0,0,0,0,0,0,0,0,0,0,0,0,0,0,0,0,0,0,0,0,0,0,0,0,0,0,0,0,0,0,0,0,0,0,0,0,0,0,0,0,0,0,0,0,0,0,0
299,0.00058566728856819278,4.7517485078040672e-07,0.068085696000000001,0,0,0,0,0,0,0,0,0.0021223077098626842,2.1386263843470482e-07,0.016619045524319479,1.4874142587917068e-05,0,0,0,0,0,0,0,0,0,0,0,0,0,0,0,0,0,0,0,0,0,0,0,0,0,0,0,0,0,0,0,0,0,0,0,0,0,0,0,0,0,0,0,0,0,0,0,0,0,0,0,0
300,0.0021426034058805005,7.6102819488630757e-06,0.068124522000000007,0,0,0,0,0,0,0,0,0.0021223077098626842,2.1386263843470482e-07,0.066441001278313247,0.00024142487744149155,0,0,0,0,0,0,0,0,0,0,0,0,0,0,0,0,0,0,0,0,0,0,0,0,0,0,0,0,0,0,0,0,0,0,0,0,0,0,0,0,0,0,0,0,0,0,0,0,0,0,0,0
301,0.004213804071975533,3.0344206555462946e-05,0.067985743000000001,0,0,0,0,0,0,0,0,0.0021223077098626842,2.1386263843470482e-07,0.1327194225933554,0.00096326230117335968,0,0,0,0,0,0,0,0,0,0,0,0,0,0,0,0,0,0,0,0,0,0,0,0,0,0,0,0,0,0,0,0,0,0,0,0,0,0,0,0,0,0,0,0,0,0,0,0,0,0,0,0
302,0.067152592728509472,0.0078172079072253223,0.068112307999999996,0,0,0,0,0,0,0,0,0.0021223077098626842,2.1386263843470482e-07,2.1467606596024371,0.24820828179996007,0,0,0,0,0,0,0,0,0,0,0,0,0,0,0,0,0,0,0,0,0,0,0,0,0,0,0,0,0,0,0,0,0,0,0,0,0,0,0,0,0,0,0,0,0,0,0,0,0,0,0,0
303,0.0001464343259119975,2.8682899880826161e-08,0.067903884999999997,0,0,0,0,0,0,0,0,0.0046858984291839201,9.1271336971835474e-07,0,0,0,0,0,0,0,0,0,0,0,0,0,0,0,0,0,0,0,0,0,0,0,0,0,0,0,0,0,0,0,0,0,0,0,0,0,0,0,0,0,0,0,0,0,0,0,0,0,0,0,0,0,0
304,0.0001631968979725017,2.8992911125615444e-08,0.068035558999999995,0,0,0,0,0,0,0,0,0.0046858984291839201,9.1271336971835474e-07,0.0005364023059360926,9.8433386288982855e-09,0,0,0,0,0,0,0,0,0,0,0,0,0,0,0,0,0,0,0,0,0,0,0,0,0,0,0,0,0,0,0,0,0,0,0,0,0,0,0,0,0,0,0,0,0,0,0,0,0,0,0,0
305,0.00018033783549146196,3.0222162169772729e-08,0.068001243000000003,0,0,0,0,0,0,0,0,0.0046858984291839201,9.1271336971835474e-07,0.0010849123065428117,4.8873968939716127e-08,0,0,0,0,0,0,0,0,0,0,0,0,0,0,0,0,0,0,0,0,0,0,0,0,0,0,0,0,0,0,0,0,0,0,0,0,0,0,0,0,0,0,0,0,0,0,0,0,0,0,0,0
306,0.0022227156158592769,7.6322440086094308e-06,0.068102578999999996,0,0,0,0,0,0,0,0,0.0046858984291839201,9.1271336971835474e-07,0.066441001278313247,0.00024142487744149155,0,0,0,0,0,0,0,0,0,0,0,0,0,0,0,0,0,0,0,0,0,0,0,0,0,0,0,0,0,0,0,0,0,0,0,0,0,0,0,0,0,0,0,0,0,0,0,0,0,0,0,0
307,0.067232704938488416,0.0078172298692850677,0.067882573000000002,0,0,0,0,0,0,0,0,0.0046858984291839201,9.1271336971835474e-07,2.1467606596024371,0.24820828179996007,0,0,0,0,0,0,0,0,0,0,0,0,0,0,0,0,0,0,0,0,0,0,0,0,0,0,0,0,0,0,0,0,0,0,0,0,0,0,0,0,0,0,0,0,0,0,0,0,0,0,0,0
308,0.00029549012906417951,1.1514169045668474e-07,0.068034607999999996,0,0,0,0,0,0,0,0,0.0094556841300537445,3.663902908298318e-06,0,0,0,0,0,0,0,0,0,0,0,0,0,0,0,0,0,0,0,0,0,0,0,0,0,0,0,0,0,0,0,0,0,0,0,0,0,0,0,0,0,0,0,0,0,0,0,0,0,0,0,0,0,0
309,0.00029949920273499502,1.1518538144115418e-07,0.068042493999999995,0,0,0,0,0,0,0,0,0.0094556841300537445,3.663902908298318e-06,0.00012829035746605687,1.3872566314650588e-09,0,0,0,0,0,0,0,0,0,0,0,0,0,0,0,0,0,0,0,0,0,0,0,0,0,0,0,0,0,0,0,0,0,0,0,0,0,0,0,0,0,0,0,0,0,0,0,0,0,0,0,0
310,0.00031225270112468284,1.1545170170147401e-07,0.068096968999999993,0,0,0,0,0,0,0,0,0.0094556841300537445,3.663902908298318e-06,0.0005364023059360926,9.8433386288982855e-09,0,0,0,0,0,0,0,0,0,0,0,0,0,0,0,0,0,0,0,0,0,0,0,0,0,0,0,0,0,0,0,0,0,0,0,0,0,0,0,0,0,0,0,0,0,0,0,0,0,0,0,0
311,0.00036856091586223136,1.2196040957455303e-07,0.068064496000000002,0,0,0,0,0,0,0,0,0.0094556841300537445,3.663902908298318e-06,0.0023382651775375948,2.1650492496858131e-07,0,0,0,0,0,0,0,0,0,0,0,0,0,0,0,0,0,0,0,0,0,0,0,0,0,0,0,0,0,0,0,0,0,0,0,0,0,0,0,0,0,0,0,0,0,0,0,0,0,0,0,0
312,0.00055679378177020302,2.2940931670118123e-07,0.068049257000000002,0,0,0,0,0,0,0,0,0.0094556841300537445,3.663902908298318e-06,0.0083617168865929067,3.6281746496307936e-06,0,0,0,0,0,0,0,0,0,0,0,0,0,0,0,0,0,0,0,0,0,0,0,0,0,0,0,0,0,0,0,0,0,0,0,0,0,0,0,0,0,0,0,0,0,0,0,0,0,0,0,0
313,0.0013290822607170572,2.0126819550732473e-06,0.068114433000000002,0,0,0,0,0,0,0,0,0.0094556841300537445,3.663902908298318e-06,0.033074948212892051,6.0249851257123715e-05,0,0,0,0,0,0,0,0,0,0,0,0,0,0,0,0,0,0,0,0,0,0,0,0,0,0,0,0,0,0,0,0,0,0,0,0,0,0,0,0,0,0,0,0,0,0,0,0,0,0,0,0
314,0.0044429720851065129,3.0452627405785158e-05,0.067990362999999998,0,0,0,0,0,0,0,0,0.0094556841300537445,3.663902908298318e-06,0.1327194225933554,0.00096326230117335968,0,0,0,0,0,0,0,0,0,0,0,0,0,0,0,0,0,0,0,0,0,0,0,0,0,0,0,0,0,0,0,0,0,0,0,0,0,0,0,0,0,0,0,0,0,0,0,0,0,0,0,0
315,0.033745372020789442,0.0019516600906397251,0.068044496999999995,0,0,0,0,0,0,0,0,0.0094556841300537445,3.663902908298318e-06,1.0703962205352038,0.06196458388172546,0,0,0,0,0,0,0,0,0,0,0,0,0,0,0,0,0,0,0,0,0,0,0,0,0,0,0,0,0,0,0,0,0,0,0,0,0,0,0,0,0,0,0,0,0,0,0,0,0,0,0,0
316,0.031545490129064185,0.031494637120152678,0.068110746,0,0,0,0,0,0,0,0,0.0094556841300537445,3.663902908298318e-06,1,1,0,0,0,0,0,0,0,0,0,0,0,0,0,0,0,0,0,0,0,0,0,0,0,0,0,0,0,0,0,0,0,0,0,0,0,0,0,0,0,0,0,0,0,0,0,0,0,0,0,0,0,0
317,0.00058342317863781397,4.6661848278670549e-07,0.067902052000000004,0,0,0,0,0,0,0,0,0.018669541716410047,1.4848182351388283e-05,0,0,0,0,0,0,0,0,0,0,0,0,0,0,0,0,0,0,0,0,0,0,0,0,0,0,0,0,0,0,0,0,0,0,0,0,0,0,0,0,0,0,0,0,0,0,0,0,0,0,0,0,0,0
318,0.00058743225230862683,4.6666217377117497e-07,0.068099814999999994,0,0,0,0,0,0,0,0,0.018669541716410047,1.4848182351388283e-05,0.00012829035746605687,1.3872566314650588e-09,0,0,0,0,0,0,0,0,0,0,0,0,0,0,0,0,0,0,0,0,0,0,0,0,0,0,0,0,0,0,0,0,0,0,0,0,0,0,0,0,0,0,0,0,0,0,0,0,0,0,0,0
319,0.00060018575069831529,4.6692849403149481e-07,0.068207823000000001,0,0,0,0,0,0,0,0,0.018669541716410047,1.4848182351388283e-05,0.0005364023059360926,9.8433386288982855e-09,0,0,0,0,0,0,0,0,0,0,0,0,0,0,0,0,0,0,0,0,0,0,0,0,0,0,0,0,0,0,0,0,0,0,0,0,0,0,0,0,0,0,0,0,0,0,0,0,0,0,0,0
320,0.00065649396543586349,4.734372019045738e-07,0.068035920999999999,0,0,0,0,0,0,0,0,0.018669541716410047,1.4848182351388283e-05,0.0023382651775375948,2.1650492496858131e-07,0,0,0,0,0,0,0,0,0,0,0,0,0,0,0,0,0,0,0,0,0,0,0,0,0,0,0,0,0,0,0,0,0,0,0,0,0,0,0,0,0,0,0,0,0,0,0,0,0,0,0,0
321,0.00084472683134384193,5.8088610903120197e-07,0.068150813000000005,0,0,0,0,0,0,0,0,0.018669541716410047,1.4848182351388283e-05,0.0083617168865929067,3.6281746496307936e-06,0,0,0,0,0,0,0,0,0,0,0,0,0,0,0,0,0,0,0,0,0,0,0,0,0,0,0,0,0,0,0,0,0,0,0,0,0,0,0,0,0,0,0,0,0,0,0,0,0,0,0,0
322,0.0026597044685851088,8.0701795915153099e-06,0.068050689999999997,0,0,0,0,0,0,0,0,0.018669541716410047,1.4848182351388283e-05,0.066441001278313247,0.00024142487744149155,0,0,0,0,0,0,0,0,0,0,0,0,0,0,0,0,0,0,0,0,0,0,0,0,0,0,0,0,0,0,0,0,0,0,0,0,0,0,0,0,0,0,0,0,0,0,0,0,0,0,0,0
323,0.0047309051346801582,3.0804104198115175e-05,0.068000844000000005,0,0,0,0,0,0,0,0,0.018669541716410047,1.4848182351388283e-05,0.1327194225933554,0.00096326230117335968,0,0,0,0,0,0,0,0,0,0,0,0,0,0,0,0,0,0,0,0,0,0,0,0,0,0,0,0,0,0,0,0,0,0,0,0,0,0,0,0,0,0,0,0,0,0,0,0,0,0,0,0
324,0.017314049640339453,0.00048654441660528087,0.067935106999999995,0,0,0,0,0,0,0,0,0.018669541716410047,1.4848182351388283e-05,0.53538004677445539,0.015433725219100081,0,0,0,0,0,0,0,0,0,0,0,0,0,0,0,0,0,0,0,0,0,0,0,0,0,0,0,0,0,0,0,0,0,0,0,0,0,0,0,0,0,0,0,0,0,0,0,0,0,0,0,0
325,0.034033305070363076,0.0019520115674320551,0.068146295999999995,0,0,0,0,0,0,0,0,0.018669541716410047,1.4848182351388283e-05,1.0703962205352038,0.06196458388172546,0,0,0,0,0,0,0,0,0,0,0,0,0,0,0,0,0,0,0,0,0,0,0,0,0,0,0,0,0,0,0,0,0,0,0,0,0,0,0,0,0,0,0,0,0,0,0,0,0,0,0,0
326,0.067669693791213806,0.0078176678048679747,0.068048997,0,0,0,0,0,0,0,0,0.018669541716410047,1.4848182351388283e-05,2.1467606596024371,0.24820828179996007,0,0,0,0,0,0,0,0,0,0,0,0,0,0,0,0,0,0,0,0,0,0,0,0,0,0,0,0,0,0,0,0,0,0,0,0,0,0,0,0,0,0,0,0,0,0,0,0,0,0,0,0
327,0.001179074749741317,1.9171534383523677e-06,0.067911411000000005,0,0,0,0,0,0,0,0,0.037730391991722144,6.1005392838798264e-05,0,0,0,0,0,0,0,0,0,0,0,0,0,0,0,0,0,0,0,0,0,0,0,0,0,0,0,0,0,0,0,0,0,0,0,0,0,0,0,0,0,0,0,0,0,0,0,0,0,0,0,0,0,0
328,0.0011830838234121312,1.9171971293368372e-06,0.067954223999999994,0,0,0,0,0,0,0,0,0.037730391991722144,6.1005392838798264e-05,0.00012829035746605687,1.3872566314650588e-09,0,0,0,0,0,0,0,0,0,0,0,0,0,0,0,0,0,0,0,0,0,0,0,0,0,0,0,0,0,0,0,0,0,0,0,0,0,0,0,0,0,0,0,0,0,0,0,0,0,0,0,0
329,0.0011958373218018206,1.9174634495971571e-06,0.067974453000000004,0,0,0,0,0,0,0,0,0.037730391991722144,6.1005392838798264e-05,0.0005364023059360926,9.8433386288982855e-09,0,0,0,0,0,0,0,0,0,0,0,0,0,0,0,0,0,0,0,0,0,0,0,0,0,0,0,0,0,0,0,0,0,0,0,0,0,0,0,0,0,0,0,0,0,0,0,0,0,0,0,0
330,0.0013091220289604398,1.9455195065488944e-06,0.067890220000000001,0,0,0,0,0,0,0,0,0.037730391991722144,6.1005392838798264e-05,0.0041615129350120253,9.0066673232649206e-07,0,0,0,0,0,0,0,0,0,0,0,0,0,0,0,0,0,0,0,0,0,0,0,0,0,0,0,0,0,0,0,0,0,0,0,0,0,0,0,0,0,0,0,0,0,0,0,0,0,0,0,0
331,0.0014403784024473491,2.0314210645968642e-06,0.067949665000000006,0,0,0,0,0,0,0,0,0.037730391991722144,6.1005392838798264e-05,0.0083617168865929067,3.6281746496307936e-06,0,0,0,0,0,0,0,0,0,0,0,0,0,0,0,0,0,0,0,0,0,0,0,0,0,0,0,0,0,0,0,0,0,0,0,0,0,0,0,0,0,0,0,0,0,0,0,0,0,0,0,0
332,0.0053265567057836751,3.2254639153680841e-05,0.067841907000000007,0,0,0,0,0,0,0,0,0.037730391991722144,6.1005392838798264e-05,0.1327194225933554,0.00096326230117335968,0,0,0,0,0,0,0,0,0,0,0,0,0,0,0,0,0,0,0,0,0,0,0,0,0,0,0,0,0,0,0,0,0,0,0,0,0,0,0,0,0,0,0,0,0,0,0,0,0,0,0,0
333,0.0095382110134110288,0.0001225344374478354,0.067957320000000002,0,0,0,0,0,0,0,0,0.037730391991722144,6.1005392838798264e-05,0.26749236043743146,0.0038297861479519553,0,0,0,0,0,0,0,0,0,0,0,0,0,0,0,0,0,0,0,0,0,0,0,0,0,0,0,0,0,0,0,0,0,0,0,0,0,0,0,0,0,0,0,0,0,0,0,0,0,0,0,0
334,0.034628956641466521,0.0019534621023876209,0.067985896000000004,0,0,0,0,0,0,0,0,0.037730391991722144,6.1005392838798264e-05,1.0703962205352038,0.06196458388172546,0,0,0,0,0,0,0,0,0,0,0,0,0,0,0,0,0,0,0,0,0,0,0,0,0,0,0,0,0,0,0,0,0,0,0,0,0,0,0,0,0,0,0,0,0,0,0,0,0,0,0,0
335,0.068265345362317417,0.007819118339823539,0.067903847000000003,0,0,0,0,0,0,0,0,0.037730391991722144,6.1005392838798264e-05,2.1467606596024371,0.24820828179996007,0,0,0,0,0,0,0,0,0,0,0,0,0,0,0,0,0,0,0,0,0,0,0,0,0,0,0,0,0,0,0,0,0,0,0,0,0,0,0,0,0,0,0,0,0,0,0,0,0,0,0,0
336,0.13550684867962554,0.031267396008491606,0.068009160999999999,0,0,0,0,0,0,0,0,0.037730391991722144,6.1005392838798264e-05,4.2984887657563027,0.99272752501004458,0,0,0,0,0,0,0,0,0,0,0,0,0,0,0,0,0,0,0,0,0,0,0,0,0,0,0,0,0,0,0,0,0,0,0,0,0,0,0,0,0,0,0,0,0,0,0,0,0,0,0,0
337,0.0023317179178473533,7.6210817262112354e-06,0.067991266999999994,0,0,0,0,0,0,0,0,0.074614973371115306,0.00024250906331402922,0,0,0,0,0,0,0,0,0,0,0,0,0,0,0,0,0,0,0,0,0,0,0,0,0,0,0,0,0,0,0,0,0,0,0,0,0,0,0,0,0,0,0,0,0,0,0,0,0,0,0,0,0,0
338,0.0023484804899078495,7.6213917374560243e-06,0.067911472000000001,0,0,0,0,0,0,0,0,0.074614973371115306,0.00024250906331402922,0.0005364023059360926,9.8433386288982855e-09,0,0,0,0,0,0,0,0,0,0,0,0,0,0,0,0,0,0,0,0,0,0,0,0,0,0,0,0,0,0,0,0,0,0,0,0,0,0,0,0,0,0,0,0,0,0,0,0,0,0,0,0
339,0.0064791998738897251,3.7958567441539711e-05,0.068140034000000002,0,0,0,0,0,0,0,0,0.074614973371115306,0.00024250906331402922,0.1327194225933554,0.00096326230117335968,0,0,0,0,0,0,0,0,0,0,0,0,0,0,0,0,0,0,0,0,0,0,0,0,0,0,0,0,0,0,0,0,0,0,0,0,0,0,0,0,0,0,0,0,0,0,0,0,0,0,0,0
340,0.019062344379549095,0.00049369887984870538,0.068052916000000005,0,0,0,0,0,0,0,0,0.074614973371115306,0.00024250906331402922,0.53538004677445539,0.015433725219100081,0,0,0,0,0,0,0,0,0,0,0,0,0,0,0,0,0,0,0,0,0,0,0,0,0,0,0,0,0,0,0,0,0,0,0,0,0,0,0,0,0,0,0,0,0,0,0,0,0,0,0,0
341,0.0046506251190337961,3.0181789176298354e-05,0.067921692000000006,0,0,0,0,0,0,0,0,0.14882000380908147,0.00096040925491090148,0,0,0,0,0,0,0,0,0,0,0,0,0,0,0,0,0,0,0,0,0,0,0,0,0,0,0,0,0,0,0,0,0,0,0,0,0,0,0,0,0,0,0,0,0,0,0,0,0,0,0,0,0,0
342,0.0046546341927045905,3.0181832867282825e-05,0.067859582000000002,0,0,0,0,0,0,0,0,0.14882000380908147,0.00096040925491090148,0.00012829035746605687,1.3872566314650588e-09,0,0,0,0,0,0,0,0,0,0,0,0,0,0,0,0,0,0,0,0,0,0,0,0,0,0,0,0,0,0,0,0,0,0,0,0,0,0,0,0,0,0,0,0,0,0,0,0,0,0,0,0
343,0.0051699702916687806,3.0650243186944289e-05,0.068121308000000005,0,0,0,0,0,0,0,0,0.14882000380908147,0.00096040925491090148,0.016619045524319479,1.4874142587917068e-05,0,0,0,0,0,0,0,0,0,0,0,0,0,0,0,0,0,0,0,0,0,0,0,0,0,0,0,0,0,0,0,0,0,0,0,0,0,0,0,0,0,0,0,0,0,0,0,0,0,0,0,0
344,0.0056842172506866651,3.2079329440914919e-05,0.068066010999999996,0,0,0,0,0,0,0,0,0.14882000380908147,0.00096040925491090148,0.033074948212892051,6.0249851257123715e-05,0,0,0,0,0,0,0,0,0,0,0,0,0,0,0,0,0,0,0,0,0,0,0,0,0,0,0,0,0,0,0,0,0,0,0,0,0,0,0,0,0,0,0,0,0,0,0,0,0,0,0,0
345,0.0087981070750761219,6.051927489162683e-05,0.067877326000000002,0,0,0,0,0,0,0,0,0.14882000380908147,0.00096040925491090148,0.1327194225933554,0.00096326230117335968,0,0,0,0,0,0,0,0,0,0,0,0,0,0,0,0,0,0,0,0,0,0,0,0,0,0,0,0,0,0,0,0,0,0,0,0,0,0,0,0,0,0,0,0,0,0,0,0,0,0,0,0
346,0.021381251580735641,0.00051625958729879253,0.067872557,0,0,0,0,0,0,0,0,0.14882000380908147,0.00096040925491090148,0.53538004677445539,0.015433725219100081,0,0,0,0,0,0,0,0,0,0,0,0,0,0,0,0,0,0,0,0,0,0,0,0,0,0,0,0,0,0,0,0,0,0,0,0,0,0,0,0,0,0,0,0,0,0,0,0,0,0,0,0
347,0.071736895731610073,0.0078473829755614857,0.068054798999999999,0,0,0,0,0,0,0,0,0.14882000380908147,0.00096040925491090148,2.1467606596024371,0.24820828179996007,0,0,0,0,0,0,0,0,0,0,0,0,0,0,0,0,0,0,0,0,0,0,0,0,0,0,0,0,0,0,0,0,0,0,0,0,0,0,0,0,0,0,0,0,0,0,0,0,0,0,0,0
348,0.0091988535654011529,0.00011913993251796736,0.067870623000000005,0,0,0,0,0,0,0,0,0.29436331409283689,0.0037911302458361927,0,0,0,0,0,0,0,0,0,0,0,0,0,0,0,0,0,0,0,0,0,0,0,0,0,0,0,0,0,0,0,0,0,0,0,0,0,0,0,0,0,0,0,0,0,0,0,0,0,0,0,0,0,0
349,0.0094601572181071385,0.00011925420014421185,0.067823242000000006,0,0,0,0,0,0,0,0,0.29436331409283689,0.0037911302458361927,0.0083617168865929067,3.6281746496307936e-06,0,0,0,0,0,0,0,0,0,0,0,0,0,0,0,0,0,0,0,0,0,0,0,0,0,0,0,0,0,0,0,0,0,0,0,0,0,0,0,0,0,0,0,0,0,0,0,0,0,0,0,0
350,0.0097181987380361382,0.0001196083865286133,0.067905330999999999,0,0,0,0,0,0,0,0,0.29436331409283689,0.0037911302458361927,0.016619045524319479,1.4874142587917068e-05,0,0,0,0,0,0,0,0,0,0,0,0,0,0,0,0,0,0,0,0,0,0,0,0,0,0,0,0,0,0,0,0,0,0,0,0,0,0,0,0,0,0,0,0,0,0,0,0,0,0,0,0
351,0.010232445697054046,0.00012103747278258393,0.068163038999999995,0,0,0,0,0,0,0,0,0.29436331409283689,0.0037911302458361927,0.033074948212892051,6.0249851257123715e-05,0,0,0,0,0,0,0,0,0,0,0,0,0,0,0,0,0,0,0,0,0,0,0,0,0,0,0,0,0,0,0,0,0,0,0,0,0,0,0,0,0,0,0,0,0,0,0,0,0,0,0,0
352,0.013346335521443393,0.00014947741823329583,0.067946501000000006,0,0,0,0,0,0,0,0,0.29436331409283689,0.0037911302458361927,0.1327194225933554,0.00096326230117335968,0,0,0,0,0,0,0,0,0,0,0,0,0,0,0,0,0,0,0,0,0,0,0,0,0,0,0,0,0,0,0,0,0,0,0,0,0,0,0,0,0,0,0,0,0,0,0,0,0,0,0,0
353,0.14352662749528436,0.03138461878757122,0.068025705000000006,0,0,0,0,0,0,0,0,0.29436331409283689,0.0037911302458361927,4.2984887657563027,0.99272752501004458,0,0,0,0,0,0,0,0,0,0,0,0,0,0,0,0,0,0,0,0,0,0,0,0,0,0,0,0,0,0,0,0,0,0,0,0,0,0,0,0,0,0,0,0,0,0,0,0,0,0,0,0
354,0.01837122423531978,0.0004809418355860058,0.067938916000000002,0,0,0,0,0,0,0,0,0.58787917553023294,0.015303963170393033,0,0,0,0,0,0,0,0,0,0,0,0,0,0,0,0,0,0,0,0,0,0,0,0,0,0,0,0,0,0,0,0,0,0,0,0,0,0,0,0,0,0,0,0,0,0,0,0,0,0,0,0,0,0
355,0.018375233308990626,0.00048094187927699028,0.067947513000000001,0,0,0,0,0,0,0,0,0.58787917553023294,0.015303963170393033,0.00012829035746605687,1.3872566314650588e-09,0,0,0,0,0,0,0,0,0,0,0,0,0,0,0,0,0,0,0,0,0,0,0,0,0,0,0,0,0,0,0,0,0,0,0,0,0,0,0,0,0,0,0,0,0,0,0,0,0,0,0,0
356,0.018444295022117904,0.00048094865430512368,0.067872297999999998,0,0,0,0,0,0,0,0,0.58787917553023294,0.015303963170393033,0.0023382651775375948,2.1650492496858131e-07,0,0,0,0,0,0,0,0,0,0,0,0,0,0,0,0,0,0,0,0,0,0,0,0,0,0,0,0,0,0,0,0,0,0,0,0,0,0,0,0,0,0,0,0,0,0,0,0,0,0,0,0
357,0.020447505525267105,0.00048854539669473441,0.068118743999999995,0,0,0,0,0,0,0,0,0.58787917553023294,0.015303963170393033,0.066441001278313247,0.00024142487744149155,0,0,0,0,0,0,0,0,0,0,0,0,0,0,0,0,0,0,0,0,0,0,0,0,0,0,0,0,0,0,0,0,0,0,0,0,0,0,0,0,0,0,0,0,0,0,0,0,0,0,0,0
358,0.022518706191362148,0.00051127932130133429,0.068033139000000006,0,0,0,0,0,0,0,0,0.58787917553023294,0.015303963170393033,0.1327194225933554,0.00096326230117335968,0,0,0,0,0,0,0,0,0,0,0,0,0,0,0,0,0,0,0,0,0,0,0,0,0,0,0,0,0,0,0,0,0,0,0,0,0,0,0,0,0,0,0,0,0,0,0,0,0,0,0,0
359,0.026730360498989518,0.00060155911959548878,0.068061674000000003,0,0,0,0,0,0,0,0,0.58787917553023294,0.015303963170393033,0.26749236043743146,0.0038297861479519553,0,0,0,0,0,0,0,0,0,0,0,0,0,0,0,0,0,0,0,0,0,0,0,0,0,0,0,0,0,0,0,0,0,0,0,0,0,0,0,0,0,0,0,0,0,0,0,0,0,0,0,0
360,0.035101850697021757,0.00096701963370850001,0.067997960999999996,0,0,0,0,0,0,0,0,0.58787917553023294,0.015303963170393033,0.53538004677445539,0.015433725219100081,0,0,0,0,0,0,0,0,0,0,0,0,0,0,0,0,0,0,0,0,0,0,0,0,0,0,0,0,0,0,0,0,0,0,0,0,0,0,0,0,0,0,0,0,0,0,0,0,0,0,0,0
361,0.051821106127045026,0.0024324867845352742,0.068002568999999999,0,0,0,0,0,0,0,0,0.58787917553023294,0.015303963170393033,1.0703962205352038,0.06196458388172546,0,0,0,0,0,0,0,0,0,0,0,0,0,0,0,0,0,0,0,0,0,0,0,0,0,0,0,0,0,0,0,0,0,0,0,0,0,0,0,0,0,0,0,0,0,0,0,0,0,0,0,0
362,0.036745803251443741,0.0019318864313945972,0.067901284000000006,0,0,0,0,0,0,0,0,1.1758657040461997,0.061474208745888582,0,0,0,0,0,0,0,0,0,0,0,0,0,0,0,0,0,0,0,0,0,0,0,0,0,0,0,0,0,0,0,0,0,0,0,0,0,0,0,0,0,0,0,0,0,0,0,0,0,0,0,0,0,0
363,0.036749812325114463,0.0019318864750855818,0.068047265999999995,0,0,0,0,0,0,0,0,1.1758657040461997,0.061474208745888582,0.00012829035746605687,1.3872566314650588e-09,0,0,0,0,0,0,0,0,0,0,0,0,0,0,0,0,0,0,0,0,0,0,0,0,0,0,0,0,0,0,0,0,0,0,0,0,0,0,0,0,0,0,0,0,0,0,0,0,0,0,0,0
364,0.037265148424078839,0.0019323548854052431,0.068123844000000003,0,0,0,0,0,0,0,0,1.1758657040461997,0.061474208745888582,0.016619045524319479,1.4874142587917068e-05,0,0,0,0,0,0,0,0,0,0,0,0,0,0,0,0,0,0,0,0,0,0,0,0,0,0,0,0,0,0,0,0,0,0,0,0,0,0,0,0,0,0,0,0,0,0,0,0,0,0,0,0
365,0.10383207386402023,0.009749087617779784,0.068050632999999999,0,0,0,0,0,0,0,0,1.1758657040461997,0.061474208745888582,2.1467606596024371,0.24820828179996007,0,0,0,0,0,0,0,0,0,0,0,0,0,0,0,0,0,0,0,0,0,0,0,0,0,0,0,0,0,0,0,0,0,0,0,0,0,0,0,0,0,0,0,0,0,0,0,0,0,0,0,0
366,0.073481977070423921,0.0077604911881781601,0.067996048000000003,0,0,0,0,0,0,0,0,2.3514232662535655,0.24694518659065481,0,0,0,0,0,0,0,0,0,0,0,0,0,0,0,0,0,0,0,0,0,0,0,0,0,0,0,0,0,0,0,0,0,0,0,0,0,0,0,0,0,0,0,0,0,0,0,0,0,0,0,0,0,0
367,0.073612024349642799,0.0077605195542463567,0.068037697999999994,0,0,0,0,0,0,0,0,2.3514232662535655,0.24694518659065481,0.0041615129350120253,9.0066673232649206e-07,0,0,0,0,0,0,0,0,0,0,0,0,0,0,0,0,0,0,0,0,0,0,0,0,0,0,0,0,0,0,0,0,0,0,0,0,0,0,0,0,0,0,0,0,0,0,0,0,0,0,0,0
368,0.074001322243058637,0.007760959642188806,0.067837170000000002,0,0,0,0,0,0,0,0,2.3514232662535655,0.24694518659065481,0.016619045524319479,1.4874142587917068e-05,0,0,0,0,0,0,0,0,0,0,0,0,0,0,0,0,0,0,0,0,0,0,0,0,0,0,0,0,0,0,0,0,0,0,0,0,0,0,0,0,0,0,0,0,0,0,0,0,0,0,0,0
369,0.077629459026466285,0.0077908286738934884,0.067879303000000002,0,0,0,0,0,0,0,0,2.3514232662535655,0.24694518659065481,0.1327194225933554,0.00096326230117335968,0,0,0,0,0,0,0,0,0,0,0,0,0,0,0,0,0,0,0,0,0,0,0,0,0,0,0,0,0,0,0,0,0,0,0,0,0,0,0,0,0,0,0,0,0,0,0,0,0,0,0,0
370,0.14056824768299991,0.015577692374563348,0.067912776999999994,0,0,0,0,0,0,0,0,2.3514232662535655,0.24694518659065481,2.1467606596024371,0.24820828179996007,0,0,0,0,0,0,0,0,0,0,0,0,0,0,0,0,0,0,0,0,0,0,0,0,0,0,0,0,0,0,0,0,0,0,0,0,0,0,0,0,0,0,0,0,0,0,0,0,0,0,0,0
371,0.14680070595668981,0.031106771727214589,0.067682211000000006,0,0,0,0,0,0,0,0,4.6976225906140741,0.98984295737770789,0,0,0,0,0,0,0,0,0,0,0,0,0,0,0,0,0,0,0,0,0,0,0,0,0,0,0,0,0,0,0,0,0,0,0,0,0,0,0,0,0,0,0,0,0,0,0,0,0,0,0,0,0,0
372,0.14680471503036077,0.03110677177090557,0.067824937000000002,0,0,0,0,0,0,0,0,4.6976225906140741,0.98984295737770789,0.00012829035746605687,1.3872566314650588e-09,0,0,0,0,0,0,0,0,0,0,0,0,0,0,0,0,0,0,0,0,0,0,0,0,0,0,0,0,0,0,0,0,0,0,0,0,0,0,0,0,0,0,0,0,0,0,0,0,0,0,0,0
373,0.14683460946627003,0.031106773266476876,0.067810990000000002,0,0,0,0,0,0,0,0,4.6976225906140741,0.98984295737770789,0.0010849123065428117,4.8873968939716127e-08,0,0,0,0,0,0,0,0,0,0,0,0,0,0,0,0,0,0,0,0,0,0,0,0,0,0,0,0,0,0,0,0,0,0,0,0,0,0,0,0,0,0,0,0,0,0,0,0,0,0,0,0
374,0.14887698724663695,0.031114375288323316,0.067855356000000006,0,0,0,0,0,0,0,0,4.6976225906140741,0.98984295737770789,0.066441001278313247,0.00024142487744149155,0,0,0,0,0,0,0,0,0,0,0,0,0,0,0,0,0,0,0,0,0,0,0,0,0,0,0,0,0,0,0,0,0,0,0,0,0,0,0,0,0,0,0,0,0,0,0,0,0,0,0,0
375,0.18025058784841508,0.033058316676163858,0.067771983999999993,0,0,0,0,0,0,0,0,4.6976225906140741,0.98984295737770789,1.0703962205352038,0.06196458388172546,0,0,0,0,0,0,0,0,0,0,0,0,0,0,0,0,0,0,0,0,0,0,0,0,0,0,0,0,0,0,0,0,0,0,0,0,0,0,0,0,0,0,0,0,0,0,0,0,0,0,0,0
376,0.21388697656926561,0.038923972913599773,0.068158863,0,0,0,0,0,0,0,0,4.6976225906140741,0.98984295737770789,2.1467606596024371,0.24820828179996007,0,0,0,0,0,0,0,0,0,0,0,0,0,0,0,0,0,0,0,0,0,0,0,0,0,0,0,0,0,0,0,0,0,0,0,0,0,0,0,0,0,0,0,0,0,0,0,0,0,0,0,0
377,0.03125,0.031425966609514147,0.067714082999999994,0,0,0,0,0,0,0,0,1,1,0,0,0,0,0,0,0,0,0,0,0,0,0,0,0,0,0,0,0,0,0,0,0,0,0,0,0,0,0,0,0,0,0,0,0,0,0,0,0,0,0,0,0,0,0,0,0,0,0,0,0,0,0,0
378,0.031254009073670715,0.031425966653205135,0.067893017999999999,0,0,0,0,0,0,0,0,1,1,0.00012829035746605687,1.3872566314650588e-09,0,0,0,0,0,0,0,0,0,0,0,0,0,0,0,0,0,0,0,0,0,0,0,0,0,0,0,0,0,0,0,0,0,0,0,0,0,0,0,0,0,0,0,0,0,0,0,0,0,0,0,0
379,0.039609136263669881,0.031546583893523633,0.067862068999999997,0,0,0,0,0,0,0,0,1,1,0.26749236043743146,0.0038297861479519553,0,0,0,0,0,0,0,0,0,0,0,0,0,0,0,0,0,0,0,0,0,0,0,0,0,0,0,0,0,0,0,0,0,0,0,0,0,0,0,0,0,0,0,0,0,0,0,0,0,0,0,0
380,0.047980626461701793,0.031912044407636647,0.067692341000000003,0,0,0,0,0,0,0,0,1,1,0.53538004677445539,0.015433725219100081,0,0,0,0,0,0,0,0,0,0,0,0,0,0,0,0,0,0,0,0,0,0,0,0,0,0,0,0,0,0,0,0,0,0,0,0,0,0,0,0,0,0,0,0,0,0,0,0,0,0,0,0
381,0.1655777739298846,0.062691445464567411,0.067820419000000007,0,0,0,0,0,0,0,0,1,1,4.2984887657563027,0.99272752501004458,0,0,0,0,0,0,0,0,0,0,0,0,0,0,0,0,0,0,0,0,0,0,0,0,0,0,0,0,0,0,0,0,0,0,0,0,0,0,0,0,0,0,0,0,0,0,0,0,0,0,0,0
382,4.9739470968620615e-06,4.3385330970257168e-11,0.067573100999999997,0,0,0,0,0,0,0,0,0,0,0,0,0,0,0.00015916630709958597,1.3979200485948272e-09,0,0,0,0,0,0,0,0,0,0,0,0,0,0,0,0,0,0,0,0,0,0,0,0,0,0,0,0,0,0,0,0,0,0,0,0,0,0,0,0,0,0,0,0,0,0,0,0
383,1.4665837998401015e-05,3.014616797691782e-10,0.06769696,0,0,0,0,0,0,0,0,0,0,0,0,0,0,0.00046930681594883249,9.7134058126999663e-09,0,0,0,0,0,0,0,0,0,0,0,0,0,0,0,0,0,0,0,0,0,0,0,0,0,0,0,0,0,0,0,0,0,0,0,0,0,0,0,0,0,0,0,0,0,0,0,0
384,3.7298011645796084e-05,1.5117098092341781e-09,0.067726817999999994,0,0,0,0,0,0,0,0,0,0,0,0,0,0,0.0011935363726654747,4.8708847039444237e-08,0,0,0,0,0,0,0,0,0,0,0,0,0,0,0,0,0,0,0,0,0,0,0,0,0,0,0,0,0,0,0,0,0,0,0,0,0,0,0,0,0,0,0,0,0,0,0,0
385,7.9445963942192759e-05,6.6581462353099012e-09,0.067792195,0,0,0,0,0,0,0,0,0,0,0,0,0,0,0.0025422708461501683,2.1453232926116621e-07,0,0,0,0,0,0,0,0,0,0,0,0,0,0,0,0,0,0,0,0,0,0,0,0,0,0,0,0,0,0,0,0,0,0,0,0,0,0,0,0,0,0,0,0,0,0,0,0
386,0.00014976234627135887,2.8022452532740885e-08,0.067788598000000005,0,0,0,0,0,0,0,0,0,0,0,0,0,0,0.0047923950806834838,9.0291228233733071e-07,0,0,0,0,0,0,0,0,0,0,0,0,0,0,0,0,0,0,0,0,0,0,0,0,0,0,0,0,0,0,0,0,0,0,0,0,0,0,0,0,0,0,0,0,0,0,0,0
387,0.00027606958167788922,1.1579020858534461e-07,0.067697932000000002,0,0,0,0,0,0,0,0,0,0,0,0,0,0,0.0088342266136924551,3.7308797787758503e-06,0,0,0,0,0,0,0,0,0,0,0,0,0,0,0,0,0,0,0,0,0,0,0,0,0,0,0,0,0,0,0,0,0,0,0,0,0,0,0,0,0,0,0,0,0,0,0,0
388,0.0005324357008378032,4.7577248196793057e-07,0.067739382000000001,0,0,0,0,0,0,0,0,0,0,0,0,0,0,0.017037942426809703,1.5329879391000732e-05,0,0,0,0,0,0,0,0,0,0,0,0,0,0,0,0,0,0,0,0,0,0,0,0,0,0,0,0,0,0,0,0,0,0,0,0,0,0,0,0,0,0,0,0,0,0,0,0
389,0.0010831096059532596,1.9038929407447854e-06,0.067679255999999993,0,0,0,0,0,0,0,0,0,0,0,0,0,0,0.034659507390504309,6.134539146583634e-05,0,0,0,0,0,0,0,0,0,0,0,0,0,0,0,0,0,0,0,0,0,0,0,0,0,0,0,0,0,0,0,0,0,0,0,0,0,0,0,0,0,0,0,0,0,0,0,0
390,0.0022089529054358501,7.6975909976100146e-06,0.067761875999999999,0,0,0,0,0,0,0,0,0,0,0,0,0,0,0.070686492973947204,0.00024802431007888451,0,0,0,0,0,0,0,0,0,0,0,0,0,0,0,0,0,0,0,0,0,0,0,0,0,0,0,0,0,0,0,0,0,0,0,0,0,0,0,0,0,0,0,0,0,0,0,0
391,0.0044262974604703338,3.0459112307617129e-05,0.067583420000000005,0,0,0,0,0,0,0,0,0,0,0,0,0,0,0.14164151873505068,0.00098142396992222472,0,0,0,0,0,0,0,0,0,0,0,0,0,0,0,0,0,0,0,0,0,0,0,0,0,0,0,0,0,0,0,0,0,0,0,0,0,0,0,0,0,0,0,0,0,0,0,0
392,0.0088876775676662838,0.00012172770602923311,0.067620543000000005,0,0,0,0,0,0,0,0,0,0,0,0,0,0,0.28440568216532108,0.0039221920617450046,0,0,0,0,0,0,0,0,0,0,0,0,0,0,0,0,0,0,0,0,0,0,0,0,0,0,0,0,0,0,0,0,0,0,0,0,0,0,0,0,0,0,0,0,0,0,0,0
393,0.017854578859775858,0.00049128966616865789,0.067733059999999998,0,0,0,0,0,0,0,0,0,0,0,0,0,0,0.57134652351282744,0.015829859047876149,0,0,0,0,0,0,0,0,0,0,0,0,0,0,0,0,0,0,0,0,0,0,0,0,0,0,0,0,0,0,0,0,0,0,0,0,0,0,0,0,0,0,0,0,0,0,0,0
394,0.035853942236473833,0.0019539396281853896,0.067574583999999993,0,0,0,0,0,0,0,0,0,0,0,0,0,0,1.1473261515671627,0.062957947280771601,0,0,0,0,0,0,0,0,0,0,0,0,0,0,0,0,0,0,0,0,0,0,0,0,0,0,0,0,0,0,0,0,0,0,0,0,0,0,0,0,0,0,0,0,0,0,0,0
395,0.071817850572294867,0.0078139825208743321,0.067780192000000003,0,0,0,0,0,0,0,0,0,0,0,0,0,0,2.2981712183134357,0.25177456483594113,0,0,0,0,0,0,0,0,0,0,0,0,0,0,0,0,0,0,0,0,0,0,0,0,0,0,0,0,0,0,0,0,0,0,0,0,0,0,0,0,0,0,0,0,0,0,0,0
396,0.14363918076750187,0.031227832667120946,0.067666862999999994,0,0,0,0,0,0,0,0,0,0,0,0,0,0,4.5964537845600599,1.006192931649176,0,0,0,0,0,0,0,0,0,0,0,0,0,0,0,0,0,0,0,0,0,0,0,0,0,0,0,0,0,0,0,0,0,0,0,0,0,0,0,0,0,0,0,0,0,0,0,0
397,0.03125,0.031035631124875555,0.067738452000000005,0,0,0,0,0,0,0,0,0,0,0,0,0,0,1,1,0,0,0,0,0,0,0,0,0,0,0,0,0,0,0,0,0,0,0,0,0,0,0,0,0,0,0,0,0,0,0,0,0,0,0,0,0,0,0,0,0,0,0,0,0,0,0,0
398,4.0956220753481254e-06,4.3385330970257168e-11,0.067577740999999997,0,0,0,0,0,0,0,0,0,0,0,0,0.00013105990641114001,1.407246165258622e-09,0,0,0,0,0,0,0,0,0,0,0,0,0,0,0,0,0,0,0,0,0,0,0,0,0,0,0,0,0,0,0,0,0,0,0,0,0,0,0,0,0,0,0,0,0,0,0,0,0,0
399,1.876146007374912e-05,3.4484701073943538e-10,0.067739804000000001,0,0,0,0,0,0,0,0,0,0,0,0,0.00013105990641114001,1.407246165258622e-09,0.00046930681594883249,9.7134058126999663e-09,0,0,0,0,0,0,0,0,0,0,0,0,0,0,0,0,0,0,0,0,0,0,0,0,0,0,0,0,0,0,0,0,0,0,0,0,0,0,0,0,0,0,0,0,0,0,0,0
400,0.00053653132291315295,4.7581586729890085e-07,0.067731267999999997,0,0,0,0,0,0,0,0,0,0,0,0,0.00013105990641114001,1.407246165258622e-09,0.017037942426809703,1.5329879391000732e-05,0,0,0,0,0,0,0,0,0,0,0,0,0,0,0,0,0,0,0,0,0,0,0,0,0,0,0,0,0,0,0,0,0,0,0,0,0,0,0,0,0,0,0,0,0,0,0,0
401,0.0088917731897416342,0.00012172774941456408,0.067798619000000004,0,0,0,0,0,0,0,0,0,0,0,0,0.00013105990641114001,1.407246165258622e-09,0.28440568216532108,0.0039221920617450046,0,0,0,0,0,0,0,0,0,0,0,0,0,0,0,0,0,0,0,0,0,0,0,0,0,0,0,0,0,0,0,0,0,0,0,0,0,0,0,0,0,0,0,0,0,0,0,0
402,0.071821946194370045,0.0078139825642596639,0.067729385000000003,0,0,0,0,0,0,0,0,0,0,0,0,0.00013105990641114001,1.407246165258622e-09,2.2981712183134357,0.25177456483594113,0,0,0,0,0,0,0,0,0,0,0,0,0,0,0,0,0,0,0,0,0,0,0,0,0,0,0,0,0,0,0,0,0,0,0,0,0,0,0,0,0,0,0,0,0,0,0,0
403,0.14364327638957736,0.031227832710506276,0.068606551000000002,0,0,0,0,0,0,0,0,0,0,0,0,0.00013105990641114001,1.407246165258622e-09,4.5964537845600599,1.006192931649176,0,0,0,0,0,0,0,0,0,0,0,0,0,0,0,0,0,0,0,0,0,0,0,0,0,0,0,0,0,0,0,0,0,0,0,0,0,0,0,0,0,0,0,0,0,0,0,0
404,0.031254095622075311,0.031035631168260885,0.067553032999999998,0,0,0,0,0,0,0,0,0,0,0,0,0.00013105990641114001,1.407246165258622e-09,1,1,0,0,0,0,0,0,0,0,0,0,0,0,0,0,0,0,0,0,0,0,0,0,0,0,0,0,0,0,0,0,0,0,0,0,0,0,0,0,0,0,0,0,0,0,0,0,0,0
405,1.2101825731010604e-05,3.053041809018097e-10,0.067751075999999993,0,0,0,0,0,0,0,0,0,0,0,0,0.00038725842339233933,9.9028433851532652e-09,0,0,0,0,0,0,0,0,0,0,0,0,0,0,0,0,0,0,0,0,0,0,0,0,0,0,0,0,0,0,0,0,0,0,0,0,0,0,0,0,0,0,0,0,0,0,0,0,0,0
406,2.6767663729411523e-05,6.0676586067098795e-10,0.067845899000000001,0,0,0,0,0,0,0,0,0,0,0,0,0.00038725842339233933,9.9028433851532652e-09,0.00046930681594883249,9.7134058126999663e-09,0,0,0,0,0,0,0,0,0,0,0,0,0,0,0,0,0,0,0,0,0,0,0,0,0,0,0,0,0,0,0,0,0,0,0,0,0,0,0,0,0,0,0,0,0,0,0,0
407,9.1547789673202814e-05,6.9634504162117107e-09,0.067604602999999999,0,0,0,0,0,0,0,0,0,0,0,0,0.00038725842339233933,9.9028433851532652e-09,0.0025422708461501683,2.1453232926116621e-07,0,0,0,0,0,0,0,0,0,0,0,0,0,0,0,0,0,0,0,0,0,0,0,0,0,0,0,0,0,0,0,0,0,0,0,0,0,0,0,0,0,0,0,0,0,0,0,0
408,0.00028817140740889957,1.1609551276624642e-07,0.067744544000000004,0,0,0,0,0,0,0,0,0,0,0,0,0.00038725842339233933,9.9028433851532652e-09,0.0088342266136924551,3.7308797787758503e-06,0,0,0,0,0,0,0,0,0,0,0,0,0,0,0,0,0,0,0,0,0,0,0,0,0,0,0,0,0,0,0,0,0,0,0,0,0,0,0,0,0,0,0,0,0,0,0,0
409,0.035866044062204838,0.0019539399334895704,0.067820582000000004,0,0,0,0,0,0,0,0,0,0,0,0,0.00038725842339233933,9.9028433851532652e-09,1.1473261515671627,0.062957947280771601,0,0,0,0,0,0,0,0,0,0,0,0,0,0,0,0,0,0,0,0,0,0,0,0,0,0,0,0,0,0,0,0,0,0,0,0,0,0,0,0,0,0,0,0,0,0,0,0
410,0.071829952398025559,0.0078139828261785133,0.067782778000000002,0,0,0,0,0,0,0,0,0,0,0,0,0.00038725842339233933,9.9028433851532652e-09,2.2981712183134357,0.25177456483594113,0,0,0,0,0,0,0,0,0,0,0,0,0,0,0,0,0,0,0,0,0,0,0,0,0,0,0,0,0,0,0,0,0,0,0,0,0,0,0,0,0,0,0,0,0,0,0,0
411,2.992540014269963e-05,1.5228879943472879e-09,0.067719476000000001,0,0,0,0,0,0,0,0,0,0,0,0,0.00095761280456638817,4.9396379887773657e-08,0,0,0,0,0,0,0,0,0,0,0,0,0,0,0,0,0,0,0,0,0,0,0,0,0,0,0,0,0,0,0,0,0,0,0,0,0,0,0,0,0,0,0,0,0,0,0,0,0,0
412,4.4591238141100691e-05,1.824349674116466e-09,0.067954200000000006,0,0,0,0,0,0,0,0,0,0,0,0,0.00095761280456638817,4.9396379887773657e-08,0.00046930681594883249,9.7134058126999663e-09,0,0,0,0,0,0,0,0,0,0,0,0,0,0,0,0,0,0,0,0,0,0,0,0,0,0,0,0,0,0,0,0,0,0,0,0,0,0,0,0,0,0,0,0,0,0,0,0
413,6.7223411788495626e-05,3.0345978035814658e-09,0.067719746999999997,0,0,0,0,0,0,0,0,0,0,0,0,0.00095761280456638817,4.9396379887773657e-08,0.0011935363726654747,4.8708847039444237e-08,0,0,0,0,0,0,0,0,0,0,0,0,0,0,0,0,0,0,0,0,0,0,0,0,0,0,0,0,0,0,0,0,0,0,0,0,0,0,0,0,0,0,0,0,0,0,0,0
414,0.00017968774641405965,2.9545340527088175e-08,0.067633761000000001,0,0,0,0,0,0,0,0,0,0,0,0,0.00095761280456638817,4.9396379887773657e-08,0.0047923950806834838,9.0291228233733071e-07,0,0,0,0,0,0,0,0,0,0,0,0,0,0,0,0,0,0,0,0,0,0,0,0,0,0,0,0,0,0,0,0,0,0,0,0,0,0,0,0,0,0,0,0,0,0,0,0
415,0.0003059949818205884,1.173130965796919e-07,0.067777869000000004,0,0,0,0,0,0,0,0,0,0,0,0,0.00095761280456638817,4.9396379887773657e-08,0.0088342266136924551,3.7308797787758503e-06,0,0,0,0,0,0,0,0,0,0,0,0,0,0,0,0,0,0,0,0,0,0,0,0,0,0,0,0,0,0,0,0,0,0,0,0,0,0,0,0,0,0,0,0,0,0,0,0
416,0.0089176029678089668,0.00012172922891722745,0.068136944000000005,0,0,0,0,0,0,0,0,0,0,0,0,0.00095761280456638817,4.9396379887773657e-08,0.28440568216532108,0.0039221920617450046,0,0,0,0,0,0,0,0,0,0,0,0,0,0,0,0,0,0,0,0,0,0,0,0,0,0,0,0,0,0,0,0,0,0,0,0,0,0,0,0,0,0,0,0,0,0,0,0
417,0.071847775972437106,0.0078139840437623266,0.067719535999999997,0,0,0,0,0,0,0,0,0,0,0,0,0.00095761280456638817,4.9396379887773657e-08,2.2981712183134357,0.25177456483594113,0,0,0,0,0,0,0,0,0,0,0,0,0,0,0,0,0,0,0,0,0,0,0,0,0,0,0,0,0,0,0,0,0,0,0,0,0,0,0,0,0,0,0,0,0,0,0,0
418,0.14366910616764525,0.031227834190008942,0.067666603000000006,0,0,0,0,0,0,0,0,0,0,0,0,0.00095761280456638817,4.9396379887773657e-08,4.5964537845600599,1.006192931649176,0,0,0,0,0,0,0,0,0,0,0,0,0,0,0,0,0,0,0,0,0,0,0,0,0,0,0,0,0,0,0,0,0,0,0,0,0,0,0,0,0,0,0,0,0,0,0,0
419,0.031279925400142704,0.031035632647763548,0.067863665000000004,0,0,0,0,0,0,0,0,0,0,0,0,0.00095761280456638817,4.9396379887773657e-08,1,1,0,0,0,0,0,0,0,0,0,0,0,0,0,0,0,0,0,0,0,0,0,0,0,0,0,0,0,0,0,0,0,0,0,0,0,0,0,0,0,0,0,0,0,0,0,0,0,0
420,6.0789251478108361e-05,6.8138024630099543e-09,0.067717030999999997,0,0,0,0,0,0,0,0,0,0,0,0,0.0019452560472994675,2.2101242914279129e-07,0,0,0,0,0,0,0,0,0,0,0,0,0,0,0,0,0,0,0,0,0,0,0,0,0,0,0,0,0,0,0,0,0,0,0,0,0,0,0,0,0,0,0,0,0,0,0,0,0,0
421,7.5455089476509604e-05,7.115264142779132e-09,0.067718584999999998,0,0,0,0,0,0,0,0,0,0,0,0,0.0019452560472994675,2.2101242914279129e-07,0.00046930681594883249,9.7134058126999663e-09,0,0,0,0,0,0,0,0,0,0,0,0,0,0,0,0,0,0,0,0,0,0,0,0,0,0,0,0,0,0,0,0,0,0,0,0,0,0,0,0,0,0,0,0,0,0,0,0
422,9.8087263123903929e-05,8.3255122722441328e-09,0.067686593000000003,0,0,0,0,0,0,0,0,0,0,0,0,0.0019452560472994675,2.2101242914279129e-07,0.0011935363726654747,4.8708847039444237e-08,0,0,0,0,0,0,0,0,0,0,0,0,0,0,0,0,0,0,0,0,0,0,0,0,0,0,0,0,0,0,0,0,0,0,0,0,0,0,0,0,0,0,0,0,0,0,0,0
423,0.00014023521542030223,1.3471948698319856e-08,0.067803068999999994,0,0,0,0,0,0,0,0,0,0,0,0,0.0019452560472994675,2.2101242914279129e-07,0.0025422708461501683,2.1453232926116621e-07,0,0,0,0,0,0,0,0,0,0,0,0,0,0,0,0,0,0,0,0,0,0,0,0,0,0,0,0,0,0,0,0,0,0,0,0,0,0,0,0,0,0,0,0,0,0,0,0
424,0.00033685883315599726,1.2260401104835456e-07,0.067576671000000005,0,0,0,0,0,0,0,0,0,0,0,0,0.0019452560472994675,2.2101242914279129e-07,0.0088342266136924551,3.7308797787758503e-06,0,0,0,0,0,0,0,0,0,0,0,0,0,0,0,0,0,0,0,0,0,0,0,0,0,0,0,0,0,0,0,0,0,0,0,0,0,0,0,0,0,0,0,0,0,0,0,0
425,0.017915368111253993,0.00049129647997112091,0.067679450000000002,0,0,0,0,0,0,0,0,0,0,0,0,0.0019452560472994675,2.2101242914279129e-07,0.57134652351282744,0.015829859047876149,0,0,0,0,0,0,0,0,0,0,0,0,0,0,0,0,0,0,0,0,0,0,0,0,0,0,0,0,0,0,0,0,0,0,0,0,0,0,0,0,0,0,0,0,0,0,0,0
426,0.14369997001898019,0.031227839480923409,0.067875339000000007,0,0,0,0,0,0,0,0,0,0,0,0,0.0019452560472994675,2.2101242914279129e-07,4.5964537845600599,1.006192931649176,0,0,0,0,0,0,0,0,0,0,0,0,0,0,0,0,0,0,0,0,0,0,0,0,0,0,0,0,0,0,0,0,0,0,0,0,0,0,0,0,0,0,0,0,0,0,0,0
427,0.00012373338927817415,2.8226174956427312e-08,0.067596499000000004,0,0,0,0,0,0,0,0,0,0,0,0,0.0039594684569015728,9.1554393107159088e-07,0,0,0,0,0,0,0,0,0,0,0,0,0,0,0,0,0,0,0,0,0,0,0,0,0,0,0,0,0,0,0,0,0,0,0,0,0,0,0,0,0,0,0,0,0,0,0,0,0,0
428,0.00020317935322036816,3.4884321191737213e-08,0.067717052,0,0,0,0,0,0,0,0,0,0,0,0,0.0039594684569015728,9.1554393107159088e-07,0.0025422708461501683,2.1453232926116621e-07,0,0,0,0,0,0,0,0,0,0,0,0,0,0,0,0,0,0,0,0,0,0,0,0,0,0,0,0,0,0,0,0,0,0,0,0,0,0,0,0,0,0,0,0,0,0,0,0
429,0.00039980297095606261,1.4401638354177193e-07,0.067878944999999996,0,0,0,0,0,0,0,0,0,0,0,0,0.0039594684569015728,9.1554393107159088e-07,0.0088342266136924551,3.7308797787758503e-06,0,0,0,0,0,0,0,0,0,0,0,0,0,0,0,0,0,0,0,0,0,0,0,0,0,0,0,0,0,0,0,0,0,0,0,0,0,0,0,0,0,0,0,0,0,0,0,0
430,0.0090114109569444413,0.00012175593220418954,0.068226147000000001,0,0,0,0,0,0,0,0,0,0,0,0,0.0039594684569015728,9.1554393107159088e-07,0.28440568216532108,0.0039221920617450046,0,0,0,0,0,0,0,0,0,0,0,0,0,0,0,0,0,0,0,0,0,0,0,0,0,0,0,0,0,0,0,0,0,0,0,0,0,0,0,0,0,0,0,0,0,0,0,0
431,0.017978312249054041,0.00049131789234361438,0.067675291999999998,0,0,0,0,0,0,0,0,0,0,0,0,0.0039594684569015728,9.1554393107159088e-07,0.57134652351282744,0.015829859047876149,0,0,0,0,0,0,0,0,0,0,0,0,0,0,0,0,0,0,0,0,0,0,0,0,0,0,0,0,0,0,0,0,0,0,0,0,0,0,0,0,0,0,0,0,0,0,0,0
432,0.00025149143216861666,1.1625829508695608e-07,0.067758683,0,0,0,0,0,0,0,0,0,0,0,0,0.008047725829395733,3.770952906934905e-06,0,0,0,0,0,0,0,0,0,0,0,0,0,0,0,0,0,0,0,0,0,0,0,0,0,0,0,0,0,0,0,0,0,0,0,0,0,0,0,0,0,0,0,0,0,0,0,0,0,0
433,0.0024604443376044565,7.8138492926969702e-06,0.067887081000000002,0,0,0,0,0,0,0,0,0,0,0,0,0.008047725829395733,3.770952906934905e-06,0.070686492973947204,0.00024802431007888451,0,0,0,0,0,0,0,0,0,0,0,0,0,0,0,0,0,0,0,0,0,0,0,0,0,0,0,0,0,0,0,0,0,0,0,0,0,0,0,0,0,0,0,0,0,0,0,0
434,0.072069342004463272,0.0078140987791694202,0.067650563999999996,0,0,0,0,0,0,0,0,0,0,0,0,0.008047725829395733,3.770952906934905e-06,2.2981712183134357,0.25177456483594113,0,0,0,0,0,0,0,0,0,0,0,0,0,0,0,0,0,0,0,0,0,0,0,0,0,0,0,0,0,0,0,0,0,0,0,0,0,0,0,0,0,0,0,0,0,0,0,0
435,0.14389067219967075,0.031227948925416034,0.067672296000000007,0,0,0,0,0,0,0,0,0,0,0,0,0.008047725829395733,3.770952906934905e-06,4.5964537845600599,1.006192931649176,0,0,0,0,0,0,0,0,0,0,0,0,0,0,0,0,0,0,0,0,0,0,0,0,0,0,0,0,0,0,0,0,0,0,0,0,0,0,0,0,0,0,0,0,0,0,0,0
436,0.00050881941732591643,4.7093316617783752e-07,0.067888765000000004,0,0,0,0,0,0,0,0,0,0,0,0,0.016282221354429326,1.5275183509633486e-05,0,0,0,0,0,0,0,0,0,0,0,0,0,0,0,0,0,0,0,0,0,0,0,0,0,0,0,0,0,0,0,0,0,0,0,0,0,0,0,0,0,0,0,0,0,0,0,0,0,0
437,0.00051379336442277995,4.709765515088078e-07,0.067767069999999999,0,0,0,0,0,0,0,0,0,0,0,0,0.016282221354429326,1.5275183509633486e-05,0.00015916630709958597,1.3979200485948272e-09,0,0,0,0,0,0,0,0,0,0,0,0,0,0,0,0,0,0,0,0,0,0,0,0,0,0,0,0,0,0,0,0,0,0,0,0,0,0,0,0,0,0,0,0,0,0,0,0
438,0.00078488899900380348,5.867233747631822e-07,0.067537806000000006,0,0,0,0,0,0,0,0,0,0,0,0,0.016282221354429326,1.5275183509633486e-05,0.0088342266136924551,3.7308797787758503e-06,0,0,0,0,0,0,0,0,0,0,0,0,0,0,0,0,0,0,0,0,0,0,0,0,0,0,0,0,0,0,0,0,0,0,0,0,0,0,0,0,0,0,0,0,0,0,0,0
439,0.0049351168777962522,3.0930045473794967e-05,0.067767722000000002,0,0,0,0,0,0,0,0,0,0,0,0,0.016282221354429326,1.5275183509633486e-05,0.14164151873505068,0.00098142396992222472,0,0,0,0,0,0,0,0,0,0,0,0,0,0,0,0,0,0,0,0,0,0,0,0,0,0,0,0,0,0,0,0,0,0,0,0,0,0,0,0,0,0,0,0,0,0,0,0
440,0.0093964969849922308,0.00012219863919541094,0.067826714999999996,0,0,0,0,0,0,0,0,0,0,0,0,0.016282221354429326,1.5275183509633486e-05,0.28440568216532108,0.0039221920617450046,0,0,0,0,0,0,0,0,0,0,0,0,0,0,0,0,0,0,0,0,0,0,0,0,0,0,0,0,0,0,0,0,0,0,0,0,0,0,0,0,0,0,0,0,0,0,0,0
441,0.018363398277101761,0.00049176059933483582,0.067636317000000001,0,0,0,0,0,0,0,0,0,0,0,0,0.016282221354429326,1.5275183509633486e-05,0.57134652351282744,0.015829859047876149,0,0,0,0,0,0,0,0,0,0,0,0,0,0,0,0,0,0,0,0,0,0,0,0,0,0,0,0,0,0,0,0,0,0,0,0,0,0,0,0,0,0,0,0,0,0,0,0
442,0.0010468459706028852,1.9181817353202458e-06,0.067753633999999993,0,0,0,0,0,0,0,0,0,0,0,0,0.033499071059292326,6.2218123751299443e-05,0,0,0,0,0,0,0,0,0,0,0,0,0,0,0,0,0,0,0,0,0,0,0,0,0,0,0,0,0,0,0,0,0,0,0,0,0,0,0,0,0,0,0,0,0,0,0,0,0,0
443,0.001061511808601284,1.9184831970000147e-06,0.067848436999999998,0,0,0,0,0,0,0,0,0,0,0,0,0.033499071059292326,6.2218123751299443e-05,0.00046930681594883249,9.7134058126999663e-09,0,0,0,0,0,0,0,0,0,0,0,0,0,0,0,0,0,0,0,0,0,0,0,0,0,0,0,0,0,0,0,0,0,0,0,0,0,0,0,0,0,0,0,0,0,0,0,0
444,0.0010841439822486748,1.9196934451294798e-06,0.068078413000000004,0,0,0,0,0,0,0,0,0,0,0,0,0.033499071059292326,6.2218123751299443e-05,0.0011935363726654747,4.8708847039444237e-08,0,0,0,0,0,0,0,0,0,0,0,0,0,0,0,0,0,0,0,0,0,0,0,0,0,0,0,0,0,0,0,0,0,0,0,0,0,0,0,0,0,0,0,0,0,0,0,0
445,0.0011966083168742365,1.9462041878529865e-06,0.067718796999999997,0,0,0,0,0,0,0,0,0,0,0,0,0.033499071059292326,6.2218123751299443e-05,0.0047923950806834838,9.0291228233733071e-07,0,0,0,0,0,0,0,0,0,0,0,0,0,0,0,0,0,0,0,0,0,0,0,0,0,0,0,0,0,0,0,0,0,0,0,0,0,0,0,0,0,0,0,0,0,0,0,0
446,0.0015792816714406777,2.3939542172881764e-06,0.067698626999999997,0,0,0,0,0,0,0,0,0,0,0,0,0.033499071059292326,6.2218123751299443e-05,0.017037942426809703,1.5329879391000732e-05,0,0,0,0,0,0,0,0,0,0,0,0,0,0,0,0,0,0,0,0,0,0,0,0,0,0,0,0,0,0,0,0,0,0,0,0,0,0,0,0,0,0,0,0,0,0,0,0
447,0.0021299555765561312,3.8220746760650312e-06,0.067752482000000003,0,0,0,0,0,0,0,0,0,0,0,0,0.033499071059292326,6.2218123751299443e-05,0.034659507390504309,6.134539146583634e-05,0,0,0,0,0,0,0,0,0,0,0,0,0,0,0,0,0,0,0,0,0,0,0,0,0,0,0,0,0,0,0,0,0,0,0,0,0,0,0,0,0,0,0,0,0,0,0,0
448,0.018901424830378676,0.00049320784790397821,0.067564948999999999,0,0,0,0,0,0,0,0,0,0,0,0,0.033499071059292326,6.2218123751299443e-05,0.57134652351282744,0.015829859047876149,0,0,0,0,0,0,0,0,0,0,0,0,0,0,0,0,0,0,0,0,0,0,0,0,0,0,0,0,0,0,0,0,0,0,0,0,0,0,0,0,0,0,0,0,0,0,0,0
449,0.036900788207076554,0.00195585780992071,0.067769485000000004,0,0,0,0,0,0,0,0,0,0,0,0,0.033499071059292326,6.2218123751299443e-05,1.1473261515671627,0.062957947280771601,0,0,0,0,0,0,0,0,0,0,0,0,0,0,0,0,0,0,0,0,0,0,0,0,0,0,0,0,0,0,0,0,0,0,0,0,0,0,0,0,0,0,0,0,0,0,0,0
450,0.0021022038298327958,7.616319723290522e-06,0.067808280999999998,0,0,0,0,0,0,0,0,0,0,0,0,0.067270522554649465,0.00024704287104164197,0,0,0,0,0,0,0,0,0,0,0,0,0,0,0,0,0,0,0,0,0,0,0,0,0,0,0,0,0,0,0,0,0,0,0,0,0,0,0,0,0,0,0,0,0,0,0,0,0,0
451,0.0021168696678311965,7.6166211849702913e-06,0.067609396000000002,0,0,0,0,0,0,0,0,0,0,0,0,0.067270522554649465,0.00024704287104164197,0.00046930681594883249,9.7134058126999663e-09,0,0,0,0,0,0,0,0,0,0,0,0,0,0,0,0,0,0,0,0,0,0,0,0,0,0,0,0,0,0,0,0,0,0,0,0,0,0,0,0,0,0,0,0,0,0,0,0
452,0.0021395018414785932,7.6178314330997569e-06,0.067708727999999996,0,0,0,0,0,0,0,0,0,0,0,0,0.067270522554649465,0.00024704287104164197,0.0011935363726654747,4.8708847039444237e-08,0,0,0,0,0,0,0,0,0,0,0,0,0,0,0,0,0,0,0,0,0,0,0,0,0,0,0,0,0,0,0,0,0,0,0,0,0,0,0,0,0,0,0,0,0,0,0,0
453,0.002378273411510692,7.7321099318758666e-06,0.067863798000000003,0,0,0,0,0,0,0,0,0,0,0,0,0.067270522554649465,0.00024704287104164197,0.0088342266136924551,3.7308797787758503e-06,0,0,0,0,0,0,0,0,0,0,0,0,0,0,0,0,0,0,0,0,0,0,0,0,0,0,0,0,0,0,0,0,0,0,0,0,0,0,0,0,0,0,0,0,0,0,0,0
454,0.0065285012903031148,3.8075432030907648e-05,0.067744817999999998,0,0,0,0,0,0,0,0,0,0,0,0,0.067270522554649465,0.00024704287104164197,0.14164151873505068,0.00098142396992222472,0,0,0,0,0,0,0,0,0,0,0,0,0,0,0,0,0,0,0,0,0,0,0,0,0,0,0,0,0,0,0,0,0,0,0,0,0,0,0,0,0,0,0,0,0,0,0,0
455,0.019956782689608567,0.00049890598589194849,0.067592884000000006,0,0,0,0,0,0,0,0,0,0,0,0,0.067270522554649465,0.00024704287104164197,0.57134652351282744,0.015829859047876149,0,0,0,0,0,0,0,0,0,0,0,0,0,0,0,0,0,0,0,0,0,0,0,0,0,0,0,0,0,0,0,0,0,0,0,0,0,0,0,0,0,0,0,0,0,0,0,0
456,0.14574138459733404,0.031235448986844237,0.067748303999999995,0,0,0,0,0,0,0,0,0,0,0,0,0.067270522554649465,0.00024704287104164197,4.5964537845600599,1.006192931649176,0,0,0,0,0,0,0,0,0,0,0,0,0,0,0,0,0,0,0,0,0,0,0,0,0,0,0,0,0,0,0,0,0,0,0,0,0,0,0,0,0,0,0,0,0,0,0,0
457,0.033352203829832755,0.031043247444598847,0.067767562000000003,0,0,0,0,0,0,0,0,0,0,0,0,0.067270522554649465,0.00024704287104164197,1,1,0,0,0,0,0,0,0,0,0,0,0,0,0,0,0,0,0,0,0,0,0,0,0,0,0,0,0,0,0,0,0,0,0,0,0,0,0,0,0,0,0,0,0,0,0,0,0,0
458,0.0042381067351384867,3.059539534324302e-05,0.067963109999999993,0,0,0,0,0,0,0,0,0,0,0,0,0.13561941552443157,0.00099239194005150714,0,0,0,0,0,0,0,0,0,0,0,0,0,0,0,0,0,0,0,0,0,0,0,0,0,0,0,0,0,0,0,0,0,0,0,0,0,0,0,0,0,0,0,0,0,0,0,0,0,0
459,0.00424308068223534,3.0595438728573993e-05,0.067704930999999996,0,0,0,0,0,0,0,0,0,0,0,0,0.13561941552443157,0.00099239194005150714,0.00015916630709958597,1.3979200485948272e-09,0,0,0,0,0,0,0,0,0,0,0,0,0,0,0,0,0,0,0,0,0,0,0,0,0,0,0,0,0,0,0,0,0,0,0,0,0,0,0,0,0,0,0,0,0,0,0,0
460,0.0042527725731368775,3.0595696804922791e-05,0.067801777999999993,0,0,0,0,0,0,0,0,0,0,0,0,0.13561941552443157,0.00099239194005150714,0.00046930681594883249,9.7134058126999663e-09,0,0,0,0,0,0,0,0,0,0,0,0,0,0,0,0,0,0,0,0,0,0,0,0,0,0,0,0,0,0,0,0,0,0,0,0,0,0,0,0,0,0,0,0,0,0,0,0
461,0.0043175526990806611,3.0602053489478332e-05,0.067635657000000002,0,0,0,0,0,0,0,0,0,0,0,0,0.13561941552443157,0.00099239194005150714,0.0025422708461501683,2.1453232926116621e-07,0,0,0,0,0,0,0,0,0,0,0,0,0,0,0,0,0,0,0,0,0,0,0,0,0,0,0,0,0,0,0,0,0,0,0,0,0,0,0,0,0,0,0,0,0,0,0,0
462,0.0045141763168163457,3.0711185551828369e-05,0.067630507000000006,0,0,0,0,0,0,0,0,0,0,0,0,0.13561941552443157,0.00099239194005150714,0.0088342266136924551,3.7308797787758503e-06,0,0,0,0,0,0,0,0,0,0,0,0,0,0,0,0,0,0,0,0,0,0,0,0,0,0,0,0,0,0,0,0,0,0,0,0,0,0,0,0,0,0,0,0,0,0,0,0
463,0.008664404195608752,6.1054507650860153e-05,0.067698387999999998,0,0,0,0,0,0,0,0,0,0,0,0,0.13561941552443157,0.00099239194005150714,0.14164151873505068,0.00098142396992222472,0,0,0,0,0,0,0,0,0,0,0,0,0,0,0,0,0,0,0,0,0,0,0,0,0,0,0,0,0,0,0,0,0,0,0,0,0,0,0,0,0,0,0,0,0,0,0,0
464,0.040092048971612511,0.0019845350235286325,0.067849301000000001,0,0,0,0,0,0,0,0,0,0,0,0,0.13561941552443157,0.00099239194005150714,1.1473261515671627,0.062957947280771601,0,0,0,0,0,0,0,0,0,0,0,0,0,0,0,0,0,0,0,0,0,0,0,0,0,0,0,0,0,0,0,0,0,0,0,0,0,0,0,0,0,0,0,0,0,0,0,0
465,0.14787728750263948,0.031258428062464191,0.067753426000000005,0,0,0,0,0,0,0,0,0,0,0,0,0.13561941552443157,0.00099239194005150714,4.5964537845600599,1.006192931649176,0,0,0,0,0,0,0,0,0,0,0,0,0,0,0,0,0,0,0,0,0,0,0,0,0,0,0,0,0,0,0,0,0,0,0,0,0,0,0,0,0,0,0,0,0,0,0,0
466,0.0085114913883303622,0.00012241250707963335,0.067797120000000002,0,0,0,0,0,0,0,0,0,0,0,0,0.27236772442657159,0.0039705708661207156,0,0,0,0,0,0,0,0,0,0,0,0,0,0,0,0,0,0,0,0,0,0,0,0,0,0,0,0,0,0,0,0,0,0,0,0,0,0,0,0,0,0,0,0,0,0,0,0,0,0
467,0.0085164653354272406,0.00012241255046496429,0.067838039000000003,0,0,0,0,0,0,0,0,0,0,0,0,0.27236772442657159,0.0039705708661207156,0.00015916630709958597,1.3979200485948272e-09,0,0,0,0,0,0,0,0,0,0,0,0,0,0,0,0,0,0,0,0,0,0,0,0,0,0,0,0,0,0,0,0,0,0,0,0,0,0,0,0,0,0,0,0,0,0,0,0
468,0.0085909373522725374,0.00012241916522586865,0.067747414000000006,0,0,0,0,0,0,0,0,0,0,0,0,0.27236772442657159,0.0039705708661207156,0.0025422708461501683,2.1453232926116621e-07,0,0,0,0,0,0,0,0,0,0,0,0,0,0,0,0,0,0,0,0,0,0,0,0,0,0,0,0,0,0,0,0,0,0,0,0,0,0,0,0,0,0,0,0,0,0,0,0
469,0.0090439270891681505,0.00012288827956160128,0.067768746000000005,0,0,0,0,0,0,0,0,0,0,0,0,0.27236772442657159,0.0039705708661207156,0.017037942426809703,1.5329879391000732e-05,0,0,0,0,0,0,0,0,0,0,0,0,0,0,0,0,0,0,0,0,0,0,0,0,0,0,0,0,0,0,0,0,0,0,0,0,0,0,0,0,0,0,0,0,0,0,0,0
470,0.012937788848800636,0.00015287161938725045,0.067677718999999997,0,0,0,0,0,0,0,0,0,0,0,0,0.27236772442657159,0.0039705708661207156,0.14164151873505068,0.00098142396992222472,0,0,0,0,0,0,0,0,0,0,0,0,0,0,0,0,0,0,0,0,0,0,0,0,0,0,0,0,0,0,0,0,0,0,0,0,0,0,0,0,0,0,0,0,0,0,0,0
471,0.017075834937377438,0.00048799853879764258,0.067815236000000001,0,0,0,0,0,0,0,0,0,0,0,0,0.546426717996078,0.015828715766754993,0,0,0,0,0,0,0,0,0,0,0,0,0,0,0,0,0,0,0,0,0,0,0,0,0,0,0,0,0,0,0,0,0,0,0,0,0,0,0,0,0,0,0,0,0,0,0,0,0,0
472,0.017113132949023252,0.00048800005050745183,0.067857646999999993,0,0,0,0,0,0,0,0,0,0,0,0,0.546426717996078,0.015828715766754993,0.0011935363726654747,4.8708847039444237e-08,0,0,0,0,0,0,0,0,0,0,0,0,0,0,0,0,0,0,0,0,0,0,0,0,0,0,0,0,0,0,0,0,0,0,0,0,0,0,0,0,0,0,0,0,0,0,0,0
473,0.017225597283648815,0.00048802656125017532,0.067820284999999994,0,0,0,0,0,0,0,0,0,0,0,0,0.546426717996078,0.015828715766754993,0.0047923950806834838,9.0291228233733071e-07,0,0,0,0,0,0,0,0,0,0,0,0,0,0,0,0,0,0,0,0,0,0,0,0,0,0,0,0,0,0,0,0,0,0,0,0,0,0,0,0,0,0,0,0,0,0,0,0
474,0.017351904519055321,0.00048811432900622791,0.067827779000000005,0,0,0,0,0,0,0,0,0,0,0,0,0.546426717996078,0.015828715766754993,0.0088342266136924551,3.7308797787758503e-06,0,0,0,0,0,0,0,0,0,0,0,0,0,0,0,0,0,0,0,0,0,0,0,0,0,0,0,0,0,0,0,0,0,0,0,0,0,0,0,0,0,0,0,0,0,0,0,0
475,0.017608270638215219,0.00048847431127961051,0.067546776000000003,0,0,0,0,0,0,0,0,0,0,0,0,0.546426717996078,0.015828715766754993,0.017037942426809703,1.5329879391000732e-05,0,0,0,0,0,0,0,0,0,0,0,0,0,0,0,0,0,0,0,0,0,0,0,0,0,0,0,0,0,0,0,0,0,0,0,0,0,0,0,0,0,0,0,0,0,0,0,0
476,0.025963512505043689,0.00060972624482687567,0.067779335999999996,0,0,0,0,0,0,0,0,0,0,0,0,0.546426717996078,0.015828715766754993,0.28440568216532108,0.0039221920617450046,0,0,0,0,0,0,0,0,0,0,0,0,0,0,0,0,0,0,0,0,0,0,0,0,0,0,0,0,0,0,0,0,0,0,0,0,0,0,0,0,0,0,0,0,0,0,0,0
477,0.034930413797153316,0.00097928820496630048,0.067801278000000006,0,0,0,0,0,0,0,0,0,0,0,0,0.546426717996078,0.015828715766754993,0.57134652351282744,0.015829859047876149,0,0,0,0,0,0,0,0,0,0,0,0,0,0,0,0,0,0,0,0,0,0,0,0,0,0,0,0,0,0,0,0,0,0,0,0,0,0,0,0,0,0,0,0,0,0,0,0
478,0.08889368550967254,0.0083019810596719756,0.067797221000000005,0,0,0,0,0,0,0,0,0,0,0,0,0.546426717996078,0.015828715766754993,2.2981712183134357,0.25177456483594113,0,0,0,0,0,0,0,0,0,0,0,0,0,0,0,0,0,0,0,0,0,0,0,0,0,0,0,0,0,0,0,0,0,0,0,0,0,0,0,0,0,0,0,0,0,0,0,0
479,0.16071501570487884,0.031715831205918588,0.067619578,0,0,0,0,0,0,0,0,0,0,0,0,0.546426717996078,0.015828715766754993,4.5964537845600599,1.006192931649176,0,0,0,0,0,0,0,0,0,0,0,0,0,0,0,0,0,0,0,0,0,0,0,0,0,0,0,0,0,0,0,0,0,0,0,0,0,0,0,0,0,0,0,0,0,0,0,0
480,0.034029577807164785,0.0019428578244583259,0.067819104000000005,0,0,0,0,0,0,0,0,0,0,0,0,1.0889464898292731,0.06301851713396027,0,0,0,0,0,0,0,0,0,0,0,0,0,0,0,0,0,0,0,0,0,0,0,0,0,0,0,0,0,0,0,0,0,0,0,0,0,0,0,0,0,0,0,0,0,0,0,0,0,0
481,0.034034551754261635,0.0019428578678436571,0.067913005999999998,0,0,0,0,0,0,0,0,0,0,0,0,1.0889464898292731,0.06301851713396027,0.00015916630709958597,1.3979200485948272e-09,0,0,0,0,0,0,0,0,0,0,0,0,0,0,0,0,0,0,0,0,0,0,0,0,0,0,0,0,0,0,0,0,0,0,0,0,0,0,0,0,0,0,0,0,0,0,0,0
482,0.034044243645163286,0.0019428581259200058,0.067576744999999994,0,0,0,0,0,0,0,0,0,0,0,0,1.0889464898292731,0.06301851713396027,0.00046930681594883249,9.7134058126999663e-09,0,0,0,0,0,0,0,0,0,0,0,0,0,0,0,0,0,0,0,0,0,0,0,0,0,0,0,0,0,0,0,0,0,0,0,0,0,0,0,0,0,0,0,0,0,0,0,0
483,0.034305647388842779,0.0019429736146669113,0.067741062000000005,0,0,0,0,0,0,0,0,0,0,0,0,1.0889464898292731,0.06301851713396027,0.0088342266136924551,3.7308797787758503e-06,0,0,0,0,0,0,0,0,0,0,0,0,0,0,0,0,0,0,0,0,0,0,0,0,0,0,0,0,0,0,0,0,0,0,0,0,0,0,0,0,0,0,0,0,0,0,0,0
484,0.035112687413118099,0.0019447617173990709,0.067889910999999997,0,0,0,0,0,0,0,0,0,0,0,0,1.0889464898292731,0.06301851713396027,0.034659507390504309,6.134539146583634e-05,0,0,0,0,0,0,0,0,0,0,0,0,0,0,0,0,0,0,0,0,0,0,0,0,0,0,0,0,0,0,0,0,0,0,0,0,0,0,0,0,0,0,0,0,0,0,0,0
485,0.036238530712600525,0.001950555415455936,0.067686568000000003,0,0,0,0,0,0,0,0,0,0,0,0,1.0889464898292731,0.06301851713396027,0.070686492973947204,0.00024802431007888451,0,0,0,0,0,0,0,0,0,0,0,0,0,0,0,0,0,0,0,0,0,0,0,0,0,0,0,0,0,0,0,0,0,0,0,0,0,0,0,0,0,0,0,0,0,0,0,0
486,0.038455875267634984,0.0019733169367659432,0.067670816999999994,0,0,0,0,0,0,0,0,0,0,0,0,1.0889464898292731,0.06301851713396027,0.14164151873505068,0.00098142396992222472,0,0,0,0,0,0,0,0,0,0,0,0,0,0,0,0,0,0,0,0,0,0,0,0,0,0,0,0,0,0,0,0,0,0,0,0,0,0,0,0,0,0,0,0,0,0,0,0
487,0.051884156666940552,0.0024341474906269841,0.068149423000000001,0,0,0,0,0,0,0,0,0,0,0,0,1.0889464898292731,0.06301851713396027,0.57134652351282744,0.015829859047876149,0,0,0,0,0,0,0,0,0,0,0,0,0,0,0,0,0,0,0,0,0,0,0,0,0,0,0,0,0,0,0,0,0,0,0,0,0,0,0,0,0,0,0,0,0,0,0,0
488,0.06988352004363961,0.0038967974526437155,0.067785168000000007,0,0,0,0,0,0,0,0,0,0,0,0,1.0889464898292731,0.06301851713396027,1.1473261515671627,0.062957947280771601,0,0,0,0,0,0,0,0,0,0,0,0,0,0,0,0,0,0,0,0,0,0,0,0,0,0,0,0,0,0,0,0,0,0,0,0,0,0,0,0,0,0,0,0,0,0,0,0
489,0.10584742837945992,0.0097568403453326576,0.067663713,0,0,0,0,0,0,0,0,0,0,0,0,1.0889464898292731,0.06301851713396027,2.2981712183134357,0.25177456483594113,0,0,0,0,0,0,0,0,0,0,0,0,0,0,0,0,0,0,0,0,0,0,0,0,0,0,0,0,0,0,0,0,0,0,0,0,0,0,0,0,0,0,0,0,0,0,0,0
490,0.067908976574790239,0.0077399986907980079,0.067714952999999994,0,0,0,0,0,0,0,0,0,0,0,0,2.1730872503932877,0.25105452080564566,0,0,0,0,0,0,0,0,0,0,0,0,0,0,0,0,0,0,0,0,0,0,0,0,0,0,0,0,0,0,0,0,0,0,0,0,0,0,0,0,0,0,0,0,0,0,0,0,0,0
491,0.067913950521886771,0.0077399987341833388,0.067831226999999994,0,0,0,0,0,0,0,0,0,0,0,0,2.1730872503932877,0.25105452080564566,0.00015916630709958597,1.3979200485948272e-09,0,0,0,0,0,0,0,0,0,0,0,0,0,0,0,0,0,0,0,0,0,0,0,0,0,0,0,0,0,0,0,0,0,0,0,0,0,0,0,0,0,0,0,0,0,0,0,0
492,0.067946274586435706,0.0077400002025078173,0.067560143000000003,0,0,0,0,0,0,0,0,0,0,0,0,2.1730872503932877,0.25105452080564566,0.0011935363726654747,4.8708847039444237e-08,0,0,0,0,0,0,0,0,0,0,0,0,0,0,0,0,0,0,0,0,0,0,0,0,0,0,0,0,0,0,0,0,0,0,0,0,0,0,0,0,0,0,0,0,0,0,0,0
493,0.06798842253873176,0.0077400053489442436,0.067660969000000001,0,0,0,0,0,0,0,0,0,0,0,0,2.1730872503932877,0.25105452080564566,0.0025422708461501683,2.1453232926116621e-07,0,0,0,0,0,0,0,0,0,0,0,0,0,0,0,0,0,0,0,0,0,0,0,0,0,0,0,0,0,0,0,0,0,0,0,0,0,0,0,0,0,0,0,0,0,0,0,0
494,0.068441412275628041,0.0077404744632799758,0.067799446999999999,0,0,0,0,0,0,0,0,0,0,0,0,2.1730872503932877,0.25105452080564566,0.017037942426809703,1.5329879391000732e-05,0,0,0,0,0,0,0,0,0,0,0,0,0,0,0,0,0,0,0,0,0,0,0,0,0,0,0,0,0,0,0,0,0,0,0,0,0,0,0,0,0,0,0,0,0,0,0,0
495,0.070117929480226035,0.0077476962817956182,0.067805799,0,0,0,0,0,0,0,0,0,0,0,0,2.1730872503932877,0.25105452080564566,0.070686492973947204,0.00024802431007888451,0,0,0,0,0,0,0,0,0,0,0,0,0,0,0,0,0,0,0,0,0,0,0,0,0,0,0,0,0,0,0,0,0,0,0,0,0,0,0,0,0,0,0,0,0,0,0,0
496,0.21154815734228977,0.038967831357918953,0.06765641,0,0,0,0,0,0,0,0,0,0,0,0,2.1730872503932877,0.25105452080564566,4.5964537845600599,1.006192931649176,0,0,0,0,0,0,0,0,0,0,0,0,0,0,0,0,0,0,0,0,0,0,0,0,0,0,0,0,0,0,0,0,0,0,0,0,0,0,0,0,0,0,0,0,0,0,0,0
497,0.13566813396538135,0.031076008033718856,0.067655909,0,0,0,0,0,0,0,0,0,0,0,0,4.3413802868922033,1.0079810885153142,0,0,0,0,0,0,0,0,0,0,0,0,0,0,0,0,0,0,0,0,0,0,0,0,0,0,0,0,0,0,0,0,0,0,0,0,0,0,0,0,0,0,0,0,0,0,0,0,0,0
498,0.13567310791247814,0.031076008077104186,0.067750942999999994,0,0,0,0,0,0,0,0,0,0,0,0,4.3413802868922033,1.0079810885153142,0.00015916630709958597,1.3979200485948272e-09,0,0,0,0,0,0,0,0,0,0,0,0,0,0,0,0,0,0,0,0,0,0,0,0,0,0,0,0,0,0,0,0,0,0,0,0,0,0,0,0,0,0,0,0,0,0,0,0
499,0.13620056966621874,0.031076483806200823,0.067676267999999998,0,0,0,0,0,0,0,0,0,0,0,0,4.3413802868922033,1.0079810885153142,0.017037942426809703,1.5329879391000732e-05,0,0,0,0,0,0,0,0,0,0,0,0,0,0,0,0,0,0,0,0,0,0,0,0,0,0,0,0,0,0,0,0,0,0,0,0,0,0,0,0,0,0,0,0,0,0,0,0
500,0.14009443142585168,0.031106467146026471,0.068031835999999998,0,0,0,0,0,0,0,0,0,0,0,0,4.3413802868922033,1.0079810885153142,0.14164151873505068,0.00098142396992222472,0,0,0,0,0,0,0,0,0,0,0,0,0,0,0,0,0,0,0,0,0,0,0,0,0,0,0,0,0,0,0,0,0,0,0,0,0,0,0,0,0,0,0,0,0,0,0,0
501,0.2074859845376758,0.03888999055459319,0.067893088000000004,0,0,0,0,0,0,0,0,0,0,0,0,4.3413802868922033,1.0079810885153142,2.2981712183134357,0.25177456483594113,0,0,0,0,0,0,0,0,0,0,0,0,0,0,0,0,0,0,0,0,0,0,0,0,0,0,0,0,0,0,0,0,0,0,0,0,0,0,0,0,0,0,0,0,0,0,0,0
502,0.031246875,0.030829951462176389,0.067651410999999995,0,0,0,0,0,0,0,0,0,0,0,0,0.99990000000000001,1,0,0,0,0,0,0,0,0,0,0,0,0,0,0,0,0,0,0,0,0,0,0,0,0,0,0,0,0,0,0,0,0,0,0,0,0,0,0,0,0,0,0,0,0,0,0,0,0,0,0
503,0.031284173011645836,0.030829952973886198,0.067501830999999998,0,0,0,0,0,0,0,0,0,0,0,0,0.99990000000000001,1,0.0011935363726654747,4.8708847039444237e-08,0,0,0,0,0,0,0,0,0,0,0,0,0,0,0,0,0,0,0,0,0,0,0,0,0,0,0,0,0,0,0,0,0,0,0,0,0,0,0,0,0,0,0,0,0,0,0,0
504,0.031326320963942361,0.030829958120322624,0.067798244999999993,0,0,0,0,0,0,0,0,0,0,0,0,0.99990000000000001,1,0.0025422708461501683,2.1453232926116621e-07,0,0,0,0,0,0,0,0,0,0,0,0,0,0,0,0,0,0,0,0,0,0,0,0,0,0,0,0,0,0,0,0,0,0,0,0,0,0,0,0,0,0,0,0,0,0,0,0
505,0.031396637346271392,0.030829979484628921,0.067680868000000005,0,0,0,0,0,0,0,0,0,0,0,0,0.99990000000000001,1,0.0047923950806834838,9.0291228233733071e-07,0,0,0,0,0,0,0,0,0,0,0,0,0,0,0,0,0,0,0,0,0,0,0,0,0,0,0,0,0,0,0,0,0,0,0,0,0,0,0,0,0,0,0,0,0,0,0,0
506,0.031522944581677981,0.030830067252384973,0.067594770999999998,0,0,0,0,0,0,0,0,0,0,0,0,0.99990000000000001,1,0.0088342266136924551,3.7308797787758503e-06,0,0,0,0,0,0,0,0,0,0,0,0,0,0,0,0,0,0,0,0,0,0,0,0,0,0,0,0,0,0,0,0,0,0,0,0,0,0,0,0,0,0,0,0,0,0,0,0
507,0.032329984605953474,0.030831855355117132,0.067726296000000005,0,0,0,0,0,0,0,0,0,0,0,0,0.99990000000000001,1,0.034659507390504309,6.134539146583634e-05,0,0,0,0,0,0,0,0,0,0,0,0,0,0,0,0,0,0,0,0,0,0,0,0,0,0,0,0,0,0,0,0,0,0,0,0,0,0,0,0,0,0,0,0,0,0,0,0
508,0.067100817236474319,0.032783891090361776,0.067806552000000006,0,0,0,0,0,0,0,0,0,0,0,0,0.99990000000000001,1,1.1473261515671627,0.062957947280771601,0,0,0,0,0,0,0,0,0,0,0,0,0,0,0,0,0,0,0,0,0,0,0,0,0,0,0,0,0,0,0,0,0,0,0,0,0,0,0,0,0,0,0,0,0,0,0,0
509,4.1591706101303294e-06,4.442455286749159e-11,0.067616384000000002,0,0,0,0,0,0,0,0,0,0,0,0,0,0,0,0,0,0,0.00013309345952417054,1.4432907506586352e-09,0,0,0,0,0,0,0,0,0,0,0,0,0,0,0,0,0,0,0,0,0,0,0,0,0,0,0,0,0,0,0,0,0,0,0,0,0,0,0,0,0,0,0,0
510,1.3415248266478782e-05,3.0449201588968531e-10,0.067794929000000004,0,0,0,0,0,0,0,0,0,0,0,0,0,0,0,0,0,0,0.00042928794452732103,9.8925139774355488e-09,0,0,0,0,0,0,0,0,0,0,0,0,0,0,0,0,0,0,0,0,0,0,0,0,0,0,0,0,0,0,0,0,0,0,0,0,0,0,0,0,0,0,0,0
511,3.2135107845721811e-05,1.5277347855486753e-09,0.067896986000000006,0,0,0,0,0,0,0,0,0,0,0,0,0,0,0,0,0,0,0.0010283234510630979,4.9633937611454883e-08,0,0,0,0,0,0,0,0,0,0,0,0,0,0,0,0,0,0,0,0,0,0,0,0,0,0,0,0,0,0,0,0,0,0,0,0,0,0,0,0,0,0,0,0
512,7.0228222922003901e-05,6.8340192587418678e-09,0.067834956000000002,0,0,0,0,0,0,0,0,0,0,0,0,0,0,0,0,0,0,0.0022473031335041248,2.2202759846307615e-07,0,0,0,0,0,0,0,0,0,0,0,0,0,0,0,0,0,0,0,0,0,0,0,0,0,0,0,0,0,0,0,0,0,0,0,0,0,0,0,0,0,0,0,0
513,0.00013972454789502712,2.8701343886262792e-08,0.067683573999999996,0,0,0,0,0,0,0,0,0,0,0,0,0,0,0,0,0,0,0.004471185532640868,9.324659785789052e-07,0,0,0,0,0,0,0,0,0,0,0,0,0,0,0,0,0,0,0,0,0,0,0,0,0,0,0,0,0,0,0,0,0,0,0,0,0,0,0,0,0,0,0,0
514,0.00027069973002225202,1.1796026983295535e-07,0.067810880000000004,0,0,0,0,0,0,0,0,0,0,0,0,0,0,0,0,0,0,0.0086623913607120646,3.8323619576525956e-06,0,0,0,0,0,0,0,0,0,0,0,0,0,0,0,0,0,0,0,0,0,0,0,0,0,0,0,0,0,0,0,0,0,0,0,0,0,0,0,0,0,0,0,0
515,0.00052405514382773992,4.7136641691349887e-07,0.068156047999999997,0,0,0,0,0,0,0,0,0,0,0,0,0,0,0,0,0,0,0.016769764602487677,1.5314026721475225e-05,0,0,0,0,0,0,0,0,0,0,0,0,0,0,0,0,0,0,0,0,0,0,0,0,0,0,0,0,0,0,0,0,0,0,0,0,0,0,0,0,0,0,0,0
516,0.0010268264370816265,1.8897081993534053e-06,0.067604790999999997,0,0,0,0,0,0,0,0,0,0,0,0,0,0,0,0,0,0,0.032858445986612049,6.139394072700671e-05,0,0,0,0,0,0,0,0,0,0,0,0,0,0,0,0,0,0,0,0,0,0,0,0,0,0,0,0,0,0,0,0,0,0,0,0,0,0,0,0,0,0,0,0
517,0.0020443878838997402,7.6607816095497008e-06,0.067686308000000001,0,0,0,0,0,0,0,0,0,0,0,0,0,0,0,0,0,0,0.065420412284791687,0.00024888793530142219,0,0,0,0,0,0,0,0,0,0,0,0,0,0,0,0,0,0,0,0,0,0,0,0,0,0,0,0,0,0,0,0,0,0,0,0,0,0,0,0,0,0,0,0
518,0.0040699988016461436,3.0457652812158514e-05,0.067854293999999996,0,0,0,0,0,0,0,0,0,0,0,0,0,0,0,0,0,0,0.13023996165267659,0.00098952596600534993,0,0,0,0,0,0,0,0,0,0,0,0,0,0,0,0,0,0,0,0,0,0,0,0,0,0,0,0,0,0,0,0,0,0,0,0,0,0,0,0,0,0,0,0
519,0.0081100235267069949,0.0001231543535787292,0.067844003999999999,0,0,0,0,0,0,0,0,0,0,0,0,0,0,0,0,0,0,0.25952075285462384,0.0040011103759154051,0,0,0,0,0,0,0,0,0,0,0,0,0,0,0,0,0,0,0,0,0,0,0,0,0,0,0,0,0,0,0,0,0,0,0,0,0,0,0,0,0,0,0,0
520,0.016092131108009364,0.00048854339884740121,0.067644758999999999,0,0,0,0,0,0,0,0,0,0,0,0,0,0,0,0,0,0,0.51494819545629966,0.015872082516057533,0,0,0,0,0,0,0,0,0,0,0,0,0,0,0,0,0,0,0,0,0,0,0,0,0,0,0,0,0,0,0,0,0,0,0,0,0,0,0,0,0,0,0,0
521,0.032107068187870014,0.0019532367688730018,0.067716178000000002,0,0,0,0,0,0,0,0,0,0,0,0,0,0,0,0,0,0,1.0274261820118404,0.063457893898661549,0,0,0,0,0,0,0,0,0,0,0,0,0,0,0,0,0,0,0,0,0,0,0,0,0,0,0,0,0,0,0,0,0,0,0,0,0,0,0,0,0,0,0,0
522,0.064223276958145836,0.0078363770470931335,0.067833815000000006,0,0,0,0,0,0,0,0,0,0,0,0,0,0,0,0,0,0,2.0551448626606668,0.2545927821598753,0,0,0,0,0,0,0,0,0,0,0,0,0,0,0,0,0,0,0,0,0,0,0,0,0,0,0,0,0,0,0,0,0,0,0,0,0,0,0,0,0,0,0,0
523,0.12843632660772003,0.031357741803602832,0.067567329999999995,0,0,0,0,0,0,0,0,0,0,0,0,0,0,0,0,0,0,4.109962451447041,1.0187685814571281,0,0,0,0,0,0,0,0,0,0,0,0,0,0,0,0,0,0,0,0,0,0,0,0,0,0,0,0,0,0,0,0,0,0,0,0,0,0,0,0,0,0,0,0
524,0.03125,0.030780044039788079,0.067701599000000001,0,0,0,0,0,0,0,0,0,0,0,0,0,0,0,0,0,0,1,1,0,0,0,0,0,0,0,0,0,0,0,0,0,0,0,0,0,0,0,0,0,0,0,0,0,0,0,0,0,0,0,0,0,0,0,0,0,0,0,0,0,0,0,0
525,1.1020175334228564e-05,4.442455286749159e-11,0.067924892000000001,0,0,0,0,0,0,0,0,0,0,0,0,0,0,0,0,0.00035264561069531404,1.4181115104099034e-09,0,0,0,0,0,0,0,0,0,0,0,0,0,0,0,0,0,0,0,0,0,0,0,0,0,0,0,0,0,0,0,0,0,0,0,0,0,0,0,0,0,0,0,0,0,0
526,2.4435423600707343e-05,3.4891656875717689e-10,0.067820809999999995,0,0,0,0,0,0,0,0,0,0,0,0,0,0,0,0,0.00035264561069531404,1.4181115104099034e-09,0.00042928794452732103,9.8925139774355488e-09,0,0,0,0,0,0,0,0,0,0,0,0,0,0,0,0,0,0,0,0,0,0,0,0,0,0,0,0,0,0,0,0,0,0,0,0,0,0,0,0,0,0,0,0
527,0.000535075319161968,4.7141084146636638e-07,0.067919630999999994,0,0,0,0,0,0,0,0,0,0,0,0,0,0,0,0,0.00035264561069531404,1.4181115104099034e-09,0.016769764602487677,1.5314026721475225e-05,0,0,0,0,0,0,0,0,0,0,0,0,0,0,0,0,0,0,0,0,0,0,0,0,0,0,0,0,0,0,0,0,0,0,0,0,0,0,0,0,0,0,0,0
528,0.0040810189769803669,3.045769723671138e-05,0.068088097,0,0,0,0,0,0,0,0,0,0,0,0,0,0,0,0,0.00035264561069531404,1.4181115104099034e-09,0.13023996165267659,0.00098952596600534993,0,0,0,0,0,0,0,0,0,0,0,0,0,0,0,0,0,0,0,0,0,0,0,0,0,0,0,0,0,0,0,0,0,0,0,0,0,0,0,0,0,0,0,0
529,0.0081210437020412165,0.00012315439800328207,0.068188802000000007,0,0,0,0,0,0,0,0,0,0,0,0,0,0,0,0,0.00035264561069531404,1.4181115104099034e-09,0.25952075285462384,0.0040011103759154051,0,0,0,0,0,0,0,0,0,0,0,0,0,0,0,0,0,0,0,0,0,0,0,0,0,0,0,0,0,0,0,0,0,0,0,0,0,0,0,0,0,0,0,0
530,0.064234297133479987,0.0078363770915176878,0.067846680000000006,0,0,0,0,0,0,0,0,0,0,0,0,0,0,0,0,0.00035264561069531404,1.4181115104099034e-09,2.0551448626606668,0.2545927821598753,0,0,0,0,0,0,0,0,0,0,0,0,0,0,0,0,0,0,0,0,0,0,0,0,0,0,0,0,0,0,0,0,0,0,0,0,0,0,0,0,0,0,0,0
531,0.12844734678305381,0.031357741848027386,0.067898760000000002,0,0,0,0,0,0,0,0,0,0,0,0,0,0,0,0,0.00035264561069531404,1.4181115104099034e-09,4.109962451447041,1.0187685814571281,0,0,0,0,0,0,0,0,0,0,0,0,0,0,0,0,0,0,0,0,0,0,0,0,0,0,0,0,0,0,0,0,0,0,0,0,0,0,0,0,0,0,0,0
532,2.9894994020515126e-05,3.111290633005942e-10,0.067891086000000003,0,0,0,0,0,0,0,0,0,0,0,0,0,0,0,0,0.00095663980865648402,9.9317984630182101e-09,0,0,0,0,0,0,0,0,0,0,0,0,0,0,0,0,0,0,0,0,0,0,0,0,0,0,0,0,0,0,0,0,0,0,0,0,0,0,0,0,0,0,0,0,0,0
533,4.3310242286993938e-05,6.1562107919027956e-10,0.067831410999999994,0,0,0,0,0,0,0,0,0,0,0,0,0,0,0,0,0.00095663980865648402,9.9317984630182101e-09,0.00042928794452732103,9.8925139774355488e-09,0,0,0,0,0,0,0,0,0,0,0,0,0,0,0,0,0,0,0,0,0,0,0,0,0,0,0,0,0,0,0,0,0,0,0,0,0,0,0,0,0,0,0,0
534,0.0001001232169425188,7.1451483220424614e-09,0.067961772000000004,0,0,0,0,0,0,0,0,0,0,0,0,0,0,0,0,0.00095663980865648402,9.9317984630182101e-09,0.0022473031335041248,2.2202759846307615e-07,0,0,0,0,0,0,0,0,0,0,0,0,0,0,0,0,0,0,0,0,0,0,0,0,0,0,0,0,0,0,0,0,0,0,0,0,0,0,0,0,0,0,0,0
535,0.00016961954191554315,2.9012472949563384e-08,0.068038491000000006,0,0,0,0,0,0,0,0,0,0,0,0,0,0,0,0,0.00095663980865648402,9.9317984630182101e-09,0.004471185532640868,9.324659785789052e-07,0,0,0,0,0,0,0,0,0,0,0,0,0,0,0,0,0,0,0,0,0,0,0,0,0,0,0,0,0,0,0,0,0,0,0,0,0,0,0,0,0,0,0,0
536,0.0003005947240427671,1.1827139889625595e-07,0.067875316000000005,0,0,0,0,0,0,0,0,0,0,0,0,0,0,0,0,0.00095663980865648402,9.9317984630182101e-09,0.0086623913607120646,3.8323619576525956e-06,0,0,0,0,0,0,0,0,0,0,0,0,0,0,0,0,0,0,0,0,0,0,0,0,0,0,0,0,0,0,0,0,0,0,0,0,0,0,0,0,0,0,0,0
537,0.00055395013784825386,4.7167754597679944e-07,0.067825119000000003,0,0,0,0,0,0,0,0,0,0,0,0,0,0,0,0,0.00095663980865648402,9.9317984630182101e-09,0.016769764602487677,1.5314026721475225e-05,0,0,0,0,0,0,0,0,0,0,0,0,0,0,0,0,0,0,0,0,0,0,0,0,0,0,0,0,0,0,0,0,0,0,0,0,0,0,0,0,0,0,0,0
538,0.0010567214311021432,1.8900193284167058e-06,0.067994115999999993,0,0,0,0,0,0,0,0,0,0,0,0,0,0,0,0,0.00095663980865648402,9.9317984630182101e-09,0.032858445986612049,6.139394072700671e-05,0,0,0,0,0,0,0,0,0,0,0,0,0,0,0,0,0,0,0,0,0,0,0,0,0,0,0,0,0,0,0,0,0,0,0,0,0,0,0,0,0,0,0,0
539,6.5459752202723514e-05,1.5352101968430674e-09,0.067930683000000006,0,0,0,0,0,0,0,0,0,0,0,0,0,0,0,0,0.0020947120704871524,4.9006666595735989e-08,0,0,0,0,0,0,0,0,0,0,0,0,0,0,0,0,0,0,0,0,0,0,0,0,0,0,0,0,0,0,0,0,0,0,0,0,0,0,0,0,0,0,0,0,0,0
540,0.00013568797512472907,8.3692294555849348e-09,0.067827262999999999,0,0,0,0,0,0,0,0,0,0,0,0,0,0,0,0,0.0020947120704871524,4.9006666595735989e-08,0.0022473031335041248,2.2202759846307615e-07,0,0,0,0,0,0,0,0,0,0,0,0,0,0,0,0,0,0,0,0,0,0,0,0,0,0,0,0,0,0,0,0,0,0,0,0,0,0,0,0,0,0,0,0
541,0.00020518430009775068,3.0236554083105855e-08,0.068003194000000003,0,0,0,0,0,0,0,0,0,0,0,0,0,0,0,0,0.0020947120704871524,4.9006666595735989e-08,0.004471185532640868,9.324659785789052e-07,0,0,0,0,0,0,0,0,0,0,0,0,0,0,0,0,0,0,0,0,0,0,0,0,0,0,0,0,0,0,0,0,0,0,0,0,0,0,0,0,0,0,0,0
542,0.00058951489603046399,4.7290162711034195e-07,0.067999747999999999,0,0,0,0,0,0,0,0,0,0,0,0,0,0,0,0,0.0020947120704871524,4.9006666595735989e-08,0.016769764602487677,1.5314026721475225e-05,0,0,0,0,0,0,0,0,0,0,0,0,0,0,0,0,0,0,0,0,0,0,0,0,0,0,0,0,0,0,0,0,0,0,0,0,0,0,0,0,0,0,0,0
543,0.0021098476361024747,7.6623168197465431e-06,0.068530072999999997,0,0,0,0,0,0,0,0,0,0,0,0,0,0,0,0,0.0020947120704871524,4.9006666595735989e-08,0.065420412284791687,0.00024888793530142219,0,0,0,0,0,0,0,0,0,0,0,0,0,0,0,0,0,0,0,0,0,0,0,0,0,0,0,0,0,0,0,0,0,0,0,0,0,0,0,0,0,0,0,0
544,0.031315459752202707,0.030780045574998274,0.067876648999999997,0,0,0,0,0,0,0,0,0,0,0,0,0,0,0,0,0.0020947120704871524,4.9006666595735989e-08,1,1,0,0,0,0,0,0,0,0,0,0,0,0,0,0,0,0,0,0,0,0,0,0,0,0,0,0,0,0,0,0,0,0,0,0,0,0,0,0,0,0,0,0,0,0
545,0.00014320890376129367,6.7752639232410844e-09,0.067842493000000004,0,0,0,0,0,0,0,0,0,0,0,0,0,0,0,0,0.0045826849203613974,2.162785922521691e-07,0,0,0,0,0,0,0,0,0,0,0,0,0,0,0,0,0,0,0,0,0,0,0,0,0,0,0,0,0,0,0,0,0,0,0,0,0,0,0,0,0,0,0,0,0,0
546,0.00015662415202777243,7.0797559391307693e-09,0.068017301000000002,0,0,0,0,0,0,0,0,0,0,0,0,0,0,0,0,0.0045826849203613974,2.162785922521691e-07,0.00042928794452732103,9.8925139774355488e-09,0,0,0,0,0,0,0,0,0,0,0,0,0,0,0,0,0,0,0,0,0,0,0,0,0,0,0,0,0,0,0,0,0,0,0,0,0,0,0,0,0,0,0,0
547,0.00017534401160701612,8.3029987087897597e-09,0.067774862000000005,0,0,0,0,0,0,0,0,0,0,0,0,0,0,0,0,0.0045826849203613974,2.162785922521691e-07,0.0010283234510630979,4.9633937611454883e-08,0,0,0,0,0,0,0,0,0,0,0,0,0,0,0,0,0,0,0,0,0,0,0,0,0,0,0,0,0,0,0,0,0,0,0,0,0,0,0,0,0,0,0,0
548,0.00021343712668329861,1.3609283181982951e-08,0.068019184999999996,0,0,0,0,0,0,0,0,0,0,0,0,0,0,0,0,0.0045826849203613974,2.162785922521691e-07,0.0022473031335041248,2.2202759846307615e-07,0,0,0,0,0,0,0,0,0,0,0,0,0,0,0,0,0,0,0,0,0,0,0,0,0,0,0,0,0,0,0,0,0,0,0,0,0,0,0,0,0,0,0,0
549,0.0042132077054074235,3.0464428076081752e-05,0.068069853,0,0,0,0,0,0,0,0,0,0,0,0,0,0,0,0,0.0045826849203613974,2.162785922521691e-07,0.13023996165267659,0.00098952596600534993,0,0,0,0,0,0,0,0,0,0,0,0,0,0,0,0,0,0,0,0,0,0,0,0,0,0,0,0,0,0,0,0,0,0,0,0,0,0,0,0,0,0,0,0
550,0.0082532324304682731,0.00012316112884265244,0.067880867999999997,0,0,0,0,0,0,0,0,0,0,0,0,0,0,0,0,0.0045826849203613974,2.162785922521691e-07,0.25952075285462384,0.0040011103759154051,0,0,0,0,0,0,0,0,0,0,0,0,0,0,0,0,0,0,0,0,0,0,0,0,0,0,0,0,0,0,0,0,0,0,0,0,0,0,0,0,0,0,0,0
551,0.031393208903761322,0.030780050815052001,0.067786104999999999,0,0,0,0,0,0,0,0,0,0,0,0,0,0,0,0,0.0045826849203613974,2.162785922521691e-07,1,1,0,0,0,0,0,0,0,0,0,0,0,0,0,0,0,0,0,0,0,0,0,0,0,0,0,0,0,0,0,0,0,0,0,0,0,0,0,0,0,0,0,0,0,0
552,0.00028749690427913572,2.8290755174326878e-08,0.067840521000000001,0,0,0,0,0,0,0,0,0,0,0,0,0,0,0,0,0.0091999009369323429,9.0309171305716307e-07,0,0,0,0,0,0,0,0,0,0,0,0,0,0,0,0,0,0,0,0,0,0,0,0,0,0,0,0,0,0,0,0,0,0,0,0,0,0,0,0,0,0,0,0,0,0
553,0.00081155204810687796,4.996571720878257e-07,0.068068952000000002,0,0,0,0,0,0,0,0,0,0,0,0,0,0,0,0,0.0091999009369323429,9.0309171305716307e-07,0.016769764602487677,1.5314026721475225e-05,0,0,0,0,0,0,0,0,0,0,0,0,0,0,0,0,0,0,0,0,0,0,0,0,0,0,0,0,0,0,0,0,0,0,0,0,0,0,0,0,0,0,0,0
554,0.001314323341360768,1.9179989545277319e-06,0.067926787000000002,0,0,0,0,0,0,0,0,0,0,0,0,0,0,0,0,0.0091999009369323429,9.0309171305716307e-07,0.032858445986612049,6.139394072700671e-05,0,0,0,0,0,0,0,0,0,0,0,0,0,0,0,0,0,0,0,0,0,0,0,0,0,0,0,0,0,0,0,0,0,0,0,0,0,0,0,0,0,0,0,0
555,0.0023318847881788813,7.6890723647240276e-06,0.067865438,0,0,0,0,0,0,0,0,0,0,0,0,0,0,0,0,0.0091999009369323429,9.0309171305716307e-07,0.065420412284791687,0.00024888793530142219,0,0,0,0,0,0,0,0,0,0,0,0,0,0,0,0,0,0,0,0,0,0,0,0,0,0,0,0,0,0,0,0,0,0,0,0,0,0,0,0,0,0,0,0
556,0.0043574957059252708,3.0485943567332839e-05,0.067890927000000004,0,0,0,0,0,0,0,0,0,0,0,0,0,0,0,0,0.0091999009369323429,9.0309171305716307e-07,0.13023996165267659,0.00098952596600534993,0,0,0,0,0,0,0,0,0,0,0,0,0,0,0,0,0,0,0,0,0,0,0,0,0,0,0,0,0,0,0,0,0,0,0,0,0,0,0,0,0,0,0,0
557,0.032394565092149288,0.0019532650596281761,0.068141131999999993,0,0,0,0,0,0,0,0,0,0,0,0,0,0,0,0,0.0091999009369323429,9.0309171305716307e-07,1.0274261820118404,0.063457893898661549,0,0,0,0,0,0,0,0,0,0,0,0,0,0,0,0,0,0,0,0,0,0,0,0,0,0,0,0,0,0,0,0,0,0,0,0,0,0,0,0,0,0,0,0
558,0.12872382351199971,0.031357770094358008,0.067998305999999994,0,0,0,0,0,0,0,0,0,0,0,0,0,0,0,0,0.0091999009369323429,9.0309171305716307e-07,4.109962451447041,1.0187685814571281,0,0,0,0,0,0,0,0,0,0,0,0,0,0,0,0,0,0,0,0,0,0,0,0,0,0,0,0,0,0,0,0,0,0,0,0,0,0,0,0,0,0,0,0
559,0.031537496904279205,0.030780072330543251,0.068103008000000007,0,0,0,0,0,0,0,0,0,0,0,0,0,0,0,0,0.0091999009369323429,9.0309171305716307e-07,1,1,0,0,0,0,0,0,0,0,0,0,0,0,0,0,0,0,0,0,0,0,0,0,0,0,0,0,0,0,0,0,0,0,0,0,0,0,0,0,0,0,0,0,0,0
560,0.00057284082462177649,1.1705728206678695e-07,0.067820842000000006,0,0,0,0,0,0,0,0,0,0,0,0,0,0,0,0,0.018330906387896848,3.7366786689187557e-06,0,0,0,0,0,0,0,0,0,0,0,0,0,0,0,0,0,0,0,0,0,0,0,0,0,0,0,0,0,0,0,0,0,0,0,0,0,0,0,0,0,0,0,0,0,0
561,0.00060497593246749894,1.1858501685233563e-07,0.067830290000000001,0,0,0,0,0,0,0,0,0,0,0,0,0,0,0,0,0.018330906387896848,3.7366786689187557e-06,0.0010283234510630979,4.9633937611454883e-08,0,0,0,0,0,0,0,0,0,0,0,0,0,0,0,0,0,0,0,0,0,0,0,0,0,0,0,0,0,0,0,0,0,0,0,0,0,0,0,0,0,0,0,0
562,0.00071256537251680383,1.4575862595304975e-07,0.067967064999999993,0,0,0,0,0,0,0,0,0,0,0,0,0,0,0,0,0.018330906387896848,3.7366786689187557e-06,0.004471185532640868,9.324659785789052e-07,0,0,0,0,0,0,0,0,0,0,0,0,0,0,0,0,0,0,0,0,0,0,0,0,0,0,0,0,0,0,0,0,0,0,0,0,0,0,0,0,0,0,0,0
563,0.00084354055464402672,2.3501755189974231e-07,0.068026290000000003,0,0,0,0,0,0,0,0,0,0,0,0,0,0,0,0,0.018330906387896848,3.7366786689187557e-06,0.0086623913607120646,3.8323619576525956e-06,0,0,0,0,0,0,0,0,0,0,0,0,0,0,0,0,0,0,0,0,0,0,0,0,0,0,0,0,0,0,0,0,0,0,0,0,0,0,0,0,0,0,0,0
564,0.0010968959684495177,5.8842369898028578e-07,0.067785503999999996,0,0,0,0,0,0,0,0,0,0,0,0,0,0,0,0,0.018330906387896848,3.7366786689187557e-06,0.016769764602487677,1.5314026721475225e-05,0,0,0,0,0,0,0,0,0,0,0,0,0,0,0,0,0,0,0,0,0,0,0,0,0,0,0,0,0,0,0,0,0,0,0,0,0,0,0,0,0,0,0,0
565,0.008682864351328758,0.00012327141086079598,0.067967307000000005,0,0,0,0,0,0,0,0,0,0,0,0,0,0,0,0,0.018330906387896848,3.7366786689187557e-06,0.25952075285462384,0.0040011103759154051,0,0,0,0,0,0,0,0,0,0,0,0,0,0,0,0,0,0,0,0,0,0,0,0,0,0,0,0,0,0,0,0,0,0,0,0,0,0,0,0,0,0,0,0
566,0.016664971932631042,0.00048866045612946799,0.068089933000000005,0,0,0,0,0,0,0,0,0,0,0,0,0,0,0,0,0.018330906387896848,3.7366786689187557e-06,0.51494819545629966,0.015872082516057533,0,0,0,0,0,0,0,0,0,0,0,0,0,0,0,0,0,0,0,0,0,0,0,0,0,0,0,0,0,0,0,0,0,0,0,0,0,0,0,0,0,0,0,0
567,0.032679909012491751,0.0019533538261550685,0.067780394999999993,0,0,0,0,0,0,0,0,0,0,0,0,0,0,0,0,0.018330906387896848,3.7366786689187557e-06,1.0274261820118404,0.063457893898661549,0,0,0,0,0,0,0,0,0,0,0,0,0,0,0,0,0,0,0,0,0,0,0,0,0,0,0,0,0,0,0,0,0,0,0,0,0,0,0,0,0,0,0,0
568,0.06479611778276774,0.0078364941043752006,0.067895097000000001,0,0,0,0,0,0,0,0,0,0,0,0,0,0,0,0,0.018330906387896848,3.7366786689187557e-06,2.0551448626606668,0.2545927821598753,0,0,0,0,0,0,0,0,0,0,0,0,0,0,0,0,0,0,0,0,0,0,0,0,0,0,0,0,0,0,0,0,0,0,0,0,0,0,0,0,0,0,0,0
569,0.0011635206423412493,4.7337534636929554e-07,0.067817176000000007,0,0,0,0,0,0,0,0,0,0,0,0,0,0,0,0,0.037232660554919979,1.5110991199684247e-05,0,0,0,0,0,0,0,0,0,0,0,0,0,0,0,0,0,0,0,0,0,0,0,0,0,0,0,0,0,0,0,0,0,0,0,0,0,0,0,0,0,0,0,0,0,0
570,0.0014342203723634967,5.9133561620225091e-07,0.067961234999999995,0,0,0,0,0,0,0,0,0,0,0,0,0,0,0,0,0.037232660554919979,1.5110991199684247e-05,0.0086623913607120646,3.8323619576525956e-06,0,0,0,0,0,0,0,0,0,0,0,0,0,0,0,0,0,0,0,0,0,0,0,0,0,0,0,0,0,0,0,0,0,0,0,0,0,0,0,0,0,0,0,0
571,0.0023226137253435368,1.8835481111285413e-06,0.068020689999999995,0,0,0,0,0,0,0,0,0,0,0,0,0,0,0,0,0.074323639210993178,6.0126238406258114e-05,0,0,0,0,0,0,0,0,0,0,0,0,0,0,0,0,0,0,0,0,0,0,0,0,0,0,0,0,0,0,0,0,0,0,0,0,0,0,0,0,0,0,0,0,0,0
572,0.0023267728959536684,1.8835925356814088e-06,0.06805187,0,0,0,0,0,0,0,0,0,0,0,0,0,0,0,0,0.074323639210993178,6.0126238406258114e-05,0.00013309345952417054,1.4432907506586352e-09,0,0,0,0,0,0,0,0,0,0,0,0,0,0,0,0,0,0,0,0,0,0,0,0,0,0,0,0,0,0,0,0,0,0,0,0,0,0,0,0,0,0,0,0
573,0.0023547488331892579,1.8850758459140899e-06,0.067989430000000003,0,0,0,0,0,0,0,0,0,0,0,0,0,0,0,0,0.074323639210993178,6.0126238406258114e-05,0.0010283234510630979,4.9633937611454883e-08,0,0,0,0,0,0,0,0,0,0,0,0,0,0,0,0,0,0,0,0,0,0,0,0,0,0,0,0,0,0,0,0,0,0,0,0,0,0,0,0,0,0,0,0
574,0.0028466688691712845,2.3549145280420402e-06,0.067787818999999999,0,0,0,0,0,0,0,0,0,0,0,0,0,0,0,0,0.074323639210993178,6.0126238406258114e-05,0.016769764602487677,1.5314026721475225e-05,0,0,0,0,0,0,0,0,0,0,0,0,0,0,0,0,0,0,0,0,0,0,0,0,0,0,0,0,0,0,0,0,0,0,0,0,0,0,0,0,0,0,0,0
575,0.0033494401624251623,3.7732563104819466e-06,0.067877311999999995,0,0,0,0,0,0,0,0,0,0,0,0,0,0,0,0,0.074323639210993178,6.0126238406258114e-05,0.032858445986612049,6.139394072700671e-05,0,0,0,0,0,0,0,0,0,0,0,0,0,0,0,0,0,0,0,0,0,0,0,0,0,0,0,0,0,0,0,0,0,0,0,0,0,0,0,0,0,0,0,0
576,0.018414744833352936,0.00049042694695852968,0.068022111999999996,0,0,0,0,0,0,0,0,0,0,0,0,0,0,0,0,0.074323639210993178,6.0126238406258114e-05,0.51494819545629966,0.015872082516057533,0,0,0,0,0,0,0,0,0,0,0,0,0,0,0,0,0,0,0,0,0,0,0,0,0,0,0,0,0,0,0,0,0,0,0,0,0,0,0,0,0,0,0,0
577,0.066545890683489359,0.0078382605952042623,0.067968549000000003,0,0,0,0,0,0,0,0,0,0,0,0,0,0,0,0,0.074323639210993178,6.0126238406258114e-05,2.0551448626606668,0.2545927821598753,0,0,0,0,0,0,0,0,0,0,0,0,0,0,0,0,0,0,0,0,0,0,0,0,0,0,0,0,0,0,0,0,0,0,0,0,0,0,0,0,0,0,0,0
578,0.004677712667642487,7.6008589222048238e-06,0.067702374999999995,0,0,0,0,0,0,0,0,0,0,0,0,0,0,0,0,0.14968680536455958,0.00024263306732048371,0,0,0,0,0,0,0,0,0,0,0,0,0,0,0,0,0,0,0,0,0,0,0,0,0,0,0,0,0,0,0,0,0,0,0,0,0,0,0,0,0,0,0,0,0,0
579,0.0046911279159089422,7.6011634142207137e-06,0.067985343000000004,0,0,0,0,0,0,0,0,0,0,0,0,0,0,0,0,0.14968680536455958,0.00024263306732048371,0.00042928794452732103,9.8925139774355488e-09,0,0,0,0,0,0,0,0,0,0,0,0,0,0,0,0,0,0,0,0,0,0,0,0,0,0,0,0,0,0,0,0,0,0,0,0,0,0,0,0,0,0,0,0
580,0.0047479408905644824,7.6076929414635656e-06,0.067952398999999997,0,0,0,0,0,0,0,0,0,0,0,0,0,0,0,0,0.14968680536455958,0.00024263306732048371,0.0022473031335041248,2.2202759846307615e-07,0,0,0,0,0,0,0,0,0,0,0,0,0,0,0,0,0,0,0,0,0,0,0,0,0,0,0,0,0,0,0,0,0,0,0,0,0,0,0,0,0,0,0,0
581,0.0067221005515422649,1.5261640531754524e-05,0.067907191000000006,0,0,0,0,0,0,0,0,0,0,0,0,0,0,0,0,0.14968680536455958,0.00024263306732048371,0.065420412284791687,0.00024888793530142219,0,0,0,0,0,0,0,0,0,0,0,0,0,0,0,0,0,0,0,0,0,0,0,0,0,0,0,0,0,0,0,0,0,0,0,0,0,0,0,0,0,0,0,0
582,0.020769843775651664,0.00049614425776960602,0.067934434000000002,0,0,0,0,0,0,0,0,0,0,0,0,0,0,0,0,0.14968680536455958,0.00024263306732048371,0.51494819545629966,0.015872082516057533,0,0,0,0,0,0,0,0,0,0,0,0,0,0,0,0,0,0,0,0,0,0,0,0,0,0,0,0,0,0,0,0,0,0,0,0,0,0,0,0,0,0,0,0
583,0.13311403927536261,0.031365342662525039,0.068085767000000005,0,0,0,0,0,0,0,0,0,0,0,0,0,0,0,0,0.14968680536455958,0.00024263306732048371,4.109962451447041,1.0187685814571281,0,0,0,0,0,0,0,0,0,0,0,0,0,0,0,0,0,0,0,0,0,0,0,0,0,0,0,0,0,0,0,0,0,0,0,0,0,0,0,0,0,0,0,0
584,0.0093542553468349988,3.0381347376711861e-05,0.067758092000000006,0,0,0,0,0,0,0,0,0,0,0,0,0,0,0,0,0.29933617109871996,0.00096982717069065566,0,0,0,0,0,0,0,0,0,0,0,0,0,0,0,0,0,0,0,0,0,0,0,0,0,0,0,0,0,0,0,0,0,0,0,0,0,0,0,0,0,0,0,0,0,0
585,0.0093584145174451534,3.038139180126473e-05,0.068448118000000002,0,0,0,0,0,0,0,0,0,0,0,0,0,0,0,0,0.29933617109871996,0.00096982717069065566,0.00013309345952417054,1.4432907506586352e-09,0,0,0,0,0,0,0,0,0,0,0,0,0,0,0,0,0,0,0,0,0,0,0,0,0,0,0,0,0,0,0,0,0,0,0,0,0,0,0,0,0,0,0,0
586,0.0093676705951014974,3.0381651868727752e-05,0.067969101000000004,0,0,0,0,0,0,0,0,0,0,0,0,0,0,0,0,0.29933617109871996,0.00096982717069065566,0.00042928794452732103,9.8925139774355488e-09,0,0,0,0,0,0,0,0,0,0,0,0,0,0,0,0,0,0,0,0,0,0,0,0,0,0,0,0,0,0,0,0,0,0,0,0,0,0,0,0,0,0,0,0
587,0.025446386454844098,0.00051892474622411303,0.068056720000000001,0,0,0,0,0,0,0,0,0,0,0,0,0,0,0,0,0.29933617109871996,0.00096982717069065566,0.51494819545629966,0.015872082516057533,0,0,0,0,0,0,0,0,0,0,0,0,0,0,0,0,0,0,0,0,0,0,0,0,0,0,0,0,0,0,0,0,0,0,0,0,0,0,0,0,0,0,0,0
588,0.073577532304980819,0.0078667583944698454,0.067920867999999995,0,0,0,0,0,0,0,0,0,0,0,0,0,0,0,0,0.29933617109871996,0.00096982717069065566,2.0551448626606668,0.2545927821598753,0,0,0,0,0,0,0,0,0,0,0,0,0,0,0,0,0,0,0,0,0,0,0,0,0,0,0,0,0,0,0,0,0,0,0,0,0,0,0,0,0,0,0,0
589,0.040604255346834775,0.030810425387164789,0.067856543000000005,0,0,0,0,0,0,0,0,0,0,0,0,0,0,0,0,0.29933617109871996,0.00096982717069065566,1,1,0,0,0,0,0,0,0,0,0,0,0,0,0,0,0,0,0,0,0,0,0,0,0,0,0,0,0,0,0,0,0,0,0,0,0,0,0,0,0,0,0,0,0,0
590,0.01870058698869688,0.00012078632345903707,0.067805845000000003,0,0,0,0,0,0,0,0,0,0,0,0,0,0,0,0,0.59841878363830014,0.0038557163672140737,0,0,0,0,0,0,0,0,0,0,0,0,0,0,0,0,0,0,0,0,0,0,0,0,0,0,0,0,0,0,0,0,0,0,0,0,0,0,0,0,0,0,0,0,0,0
591,0.018704746159306999,0.00012078636788358993,0.067833508000000001,0,0,0,0,0,0,0,0,0,0,0,0,0,0,0,0,0.59841878363830014,0.0038557163672140737,0.00013309345952417054,1.4432907506586352e-09,0,0,0,0,0,0,0,0,0,0,0,0,0,0,0,0,0,0,0,0,0,0,0,0,0,0,0,0,0,0,0,0,0,0,0,0,0,0,0,0,0,0,0,0
592,0.018770815211618958,0.00012079315747829581,0.067798071000000001,0,0,0,0,0,0,0,0,0,0,0,0,0,0,0,0,0.59841878363830014,0.0038557163672140737,0.0022473031335041248,2.2202759846307615e-07,0,0,0,0,0,0,0,0,0,0,0,0,0,0,0,0,0,0,0,0,0,0,0,0,0,0,0,0,0,0,0,0,0,0,0,0,0,0,0,0,0,0,0,0
593,0.019224642132524589,0.00012125768987595056,0.068089535000000007,0,0,0,0,0,0,0,0,0,0,0,0,0,0,0,0,0.59841878363830014,0.0038557163672140737,0.016769764602487677,1.5314026721475225e-05,0,0,0,0,0,0,0,0,0,0,0,0,0,0,0,0,0,0,0,0,0,0,0,0,0,0,0,0,0,0,0,0,0,0,0,0,0,0,0,0,0,0,0,0
594,0.019727413425778405,0.00012267603165839048,0.068094785000000005,0,0,0,0,0,0,0,0,0,0,0,0,0,0,0,0,0.59841878363830014,0.0038557163672140737,0.032858445986612049,6.139394072700671e-05,0,0,0,0,0,0,0,0,0,0,0,0,0,0,0,0,0,0,0,0,0,0,0,0,0,0,0,0,0,0,0,0,0,0,0,0,0,0,0,0,0,0,0,0
595,0.026810610515403722,0.00024394067703776626,0.067853527999999996,0,0,0,0,0,0,0,0,0,0,0,0,0,0,0,0,0.59841878363830014,0.0038557163672140737,0.25952075285462384,0.0040011103759154051,0,0,0,0,0,0,0,0,0,0,0,0,0,0,0,0,0,0,0,0,0,0,0,0,0,0,0,0,0,0,0,0,0,0,0,0,0,0,0,0,0,0,0,0
596,0.037444523078866504,0.00048969554912824099,0.067783203,0,0,0,0,0,0,0,0,0,0,0,0,0,0,0,0,1.1982247385237281,0.015631961381505029,0,0,0,0,0,0,0,0,0,0,0,0,0,0,0,0,0,0,0,0,0,0,0,0,0,0,0,0,0,0,0,0,0,0,0,0,0,0,0,0,0,0,0,0,0,0
597,0.037457938327132907,0.0004896958536202569,0.068076220000000007,0,0,0,0,0,0,0,0,0,0,0,0,0,0,0,0,1.1982247385237281,0.015631961381505029,0.00042928794452732103,9.8925139774355488e-09,0,0,0,0,0,0,0,0,0,0,0,0,0,0,0,0,0,0,0,0,0,0,0,0,0,0,0,0,0,0,0,0,0,0,0,0,0,0,0,0,0,0,0,0
598,0.037476658186712072,0.00048969707686302656,0.067824552999999996,0,0,0,0,0,0,0,0,0,0,0,0,0,0,0,0,1.1982247385237281,0.015631961381505029,0.0010283234510630979,4.9633937611454883e-08,0,0,0,0,0,0,0,0,0,0,0,0,0,0,0,0,0,0,0,0,0,0,0,0,0,0,0,0,0,0,0,0,0,0,0,0,0,0,0,0,0,0,0,0
599,0.037968578222694248,0.00049016691554515455,0.067853638999999993,0,0,0,0,0,0,0,0,0,0,0,0,0,0,0,0,1.1982247385237281,0.015631961381505029,0.016769764602487677,1.5314026721475225e-05,0,0,0,0,0,0,0,0,0,0,0,0,0,0,0,0,0,0,0,0,0,0,0,0,0,0,0,0,0,0,0,0,0,0,0,0,0,0,0,0,0,0,0,0
600,0.038471349515948126,0.00049158525732759446,0.068419392999999995,0,0,0,0,0,0,0,0,0,0,0,0,0,0,0,0,1.1982247385237281,0.015631961381505029,0.032858445986612049,6.139394072700671e-05,0,0,0,0,0,0,0,0,0,0,0,0,0,0,0,0,0,0,0,0,0,0,0,0,0,0,0,0,0,0,0,0,0,0,0,0,0,0,0,0,0,0,0,0
601,0.041514521880512592,0.00052015320194039949,0.067982498000000002,0,0,0,0,0,0,0,0,0,0,0,0,0,0,0,0,1.1982247385237281,0.015631961381505029,0.13023996165267659,0.00098952596600534993,0,0,0,0,0,0,0,0,0,0,0,0,0,0,0,0,0,0,0,0,0,0,0,0,0,0,0,0,0,0,0,0,0,0,0,0,0,0,0,0,0,0,0,0
602,0.069551591266737517,0.0024429323180012426,0.067815954999999997,0,0,0,0,0,0,0,0,0,0,0,0,0,0,0,0,1.1982247385237281,0.015631961381505029,1.0274261820118404,0.063457893898661549,0,0,0,0,0,0,0,0,0,0,0,0,0,0,0,0,0,0,0,0,0,0,0,0,0,0,0,0,0,0,0,0,0,0,0,0,0,0,0,0,0,0,0,0
603,0.10166780003701266,0.0083260725962213747,0.068030802000000001,0,0,0,0,0,0,0,0,0,0,0,0,0,0,0,0,1.1982247385237281,0.015631961381505029,2.0551448626606668,0.2545927821598753,0,0,0,0,0,0,0,0,0,0,0,0,0,0,0,0,0,0,0,0,0,0,0,0,0,0,0,0,0,0,0,0,0,0,0,0,0,0,0,0,0,0,0,0
604,0.074898707013273613,0.0019715647639606641,0.067871081999999999,0,0,0,0,0,0,0,0,0,0,0,0,0,0,0,0,2.3967586244247556,0.062935888035400997,0,0,0,0,0,0,0,0,0,0,0,0,0,0,0,0,0,0,0,0,0,0,0,0,0,0,0,0,0,0,0,0,0,0,0,0,0,0,0,0,0,0,0,0,0,0
605,0.074902866183883574,0.0019715648083852171,0.067854150000000002,0,0,0,0,0,0,0,0,0,0,0,0,0,0,0,0,2.3967586244247556,0.062935888035400997,0.00013309345952417054,1.4432907506586352e-09,0,0,0,0,0,0,0,0,0,0,0,0,0,0,0,0,0,0,0,0,0,0,0,0,0,0,0,0,0,0,0,0,0,0,0,0,0,0,0,0,0,0,0,0
606,0.07493084212111932,0.00197156629169545,0.067936941000000001,0,0,0,0,0,0,0,0,0,0,0,0,0,0,0,0,2.3967586244247556,0.062935888035400997,0.0010283234510630979,4.9633937611454883e-08,0,0,0,0,0,0,0,0,0,0,0,0,0,0,0,0,0,0,0,0,0,0,0,0,0,0,0,0,0,0,0,0,0,0,0,0,0,0,0,0,0,0,0,0
607,0.074968935236195119,0.001971571597979923,0.068019901999999993,0,0,0,0,0,0,0,0,0,0,0,0,0,0,0,0,2.3967586244247556,0.062935888035400997,0.0022473031335041248,2.2202759846307615e-07,0,0,0,0,0,0,0,0,0,0,0,0,0,0,0,0,0,0,0,0,0,0,0,0,0,0,0,0,0,0,0,0,0,0,0,0,0,0,0,0,0,0,0,0
608,0.075169406743295503,0.0019716827242304974,0.068023147000000006,0,0,0,0,0,0,0,0,0,0,0,0,0,0,0,0,2.3967586244247556,0.062935888035400997,0.0086623913607120646,3.8323619576525956e-06,0,0,0,0,0,0,0,0,0,0,0,0,0,0,0,0,0,0,0,0,0,0,0,0,0,0,0,0,0,0,0,0,0,0,0,0,0,0,0,0,0,0,0,0
609,0.076943094897173173,0.0019792255455702138,0.067855814,0,0,0,0,0,0,0,0,0,0,0,0,0,0,0,0,2.3967586244247556,0.062935888035400997,0.065420412284791687,0.00024888793530142219,0,0,0,0,0,0,0,0,0,0,0,0,0,0,0,0,0,0,0,0,0,0,0,0,0,0,0,0,0,0,0,0,0,0,0,0,0,0,0,0,0,0,0,0
610,0.078968705814919646,0.0020020224167728229,0.068011113999999998,0,0,0,0,0,0,0,0,0,0,0,0,0,0,0,0,2.3967586244247556,0.062935888035400997,0.13023996165267659,0.00098952596600534993,0,0,0,0,0,0,0,0,0,0,0,0,0,0,0,0,0,0,0,0,0,0,0,0,0,0,0,0,0,0,0,0,0,0,0,0,0,0,0,0,0,0,0,0
611,0.10700577520114404,0.0039248015328336655,0.068046081999999994,0,0,0,0,0,0,0,0,0,0,0,0,0,0,0,0,2.3967586244247556,0.062935888035400997,1.0274261820118404,0.063457893898661549,0,0,0,0,0,0,0,0,0,0,0,0,0,0,0,0,0,0,0,0,0,0,0,0,0,0,0,0,0,0,0,0,0,0,0,0,0,0,0,0,0,0,0,0
612,0.14968654457754438,0.0078132870226064327,0.067831095999999994,0,0,0,0,0,0,0,0,0,0,0,0,0,0,0,0,4.7899694264814201,0.24941415378887391,0,0,0,0,0,0,0,0,0,0,0,0,0,0,0,0,0,0,0,0,0,0,0,0,0,0,0,0,0,0,0,0,0,0,0,0,0,0,0,0,0,0,0,0,0,0
613,0.14971867968538999,0.0078132885503412186,0.068288409999999994,0,0,0,0,0,0,0,0,0,0,0,0,0,0,0,0,4.7899694264814201,0.24941415378887391,0.0010283234510630979,4.9633937611454883e-08,0,0,0,0,0,0,0,0,0,0,0,0,0,0,0,0,0,0,0,0,0,0,0,0,0,0,0,0,0,0,0,0,0,0,0,0,0,0,0,0,0,0,0,0
614,0.14982626912543937,0.0078133157239503193,0.068143629999999997,0,0,0,0,0,0,0,0,0,0,0,0,0,0,0,0,4.7899694264814201,0.24941415378887391,0.004471185532640868,9.324659785789052e-07,0,0,0,0,0,0,0,0,0,0,0,0,0,0,0,0,0,0,0,0,0,0,0,0,0,0,0,0,0,0,0,0,0,0,0,0,0,0,0,0,0,0,0,0
615,0.14995724430756677,0.007813404982876266,0.067966758000000002,0,0,0,0,0,0,0,0,0,0,0,0,0,0,0,0,4.7899694264814201,0.24941415378887391,0.0086623913607120646,3.8323619576525956e-06,0,0,0,0,0,0,0,0,0,0,0,0,0,0,0,0,0,0,0,0,0,0,0,0,0,0,0,0,0,0,0,0,0,0,0,0,0,0,0,0,0,0,0,0
616,0.15021059972137196,0.0078137583890233453,0.067872455999999998,0,0,0,0,0,0,0,0,0,0,0,0,0,0,0,0,4.7899694264814201,0.24941415378887391,0.016769764602487677,1.5314026721475225e-05,0,0,0,0,0,0,0,0,0,0,0,0,0,0,0,0,0,0,0,0,0,0,0,0,0,0,0,0,0,0,0,0,0,0,0,0,0,0,0,0,0,0,0,0
617,0.1517309324614442,0.007820947804215982,0.067889027000000005,0,0,0,0,0,0,0,0,0,0,0,0,0,0,0,0,4.7899694264814201,0.24941415378887391,0.065420412284791687,0.00024888793530142219,0,0,0,0,0,0,0,0,0,0,0,0,0,0,0,0,0,0,0,0,0,0,0,0,0,0,0,0,0,0,0,0,0,0,0,0,0,0,0,0,0,0,0,0
618,0.15375654337919081,0.0078437446754185906,0.068040581000000003,0,0,0,0,0,0,0,0,0,0,0,0,0,0,0,0,4.7899694264814201,0.24941415378887391,0.13023996165267659,0.00098952596600534993,0,0,0,0,0,0,0,0,0,0,0,0,0,0,0,0,0,0,0,0,0,0,0,0,0,0,0,0,0,0,0,0,0,0,0,0,0,0,0,0,0,0,0,0
619,0.15779656810425127,0.0079364413761851618,0.067914987999999996,0,0,0,0,0,0,0,0,0,0,0,0,0,0,0,0,4.7899694264814201,0.24941415378887391,0.25952075285462384,0.0040011103759154051,0,0,0,0,0,0,0,0,0,0,0,0,0,0,0,0,0,0,0,0,0,0,0,0,0,0,0,0,0,0,0,0,0,0,0,0,0,0,0,0,0,0,0,0
620,0.1657786756855528,0.0083018304214538333,0.068062785000000001,0,0,0,0,0,0,0,0,0,0,0,0,0,0,0,0,4.7899694264814201,0.24941415378887391,0.51494819545629966,0.015872082516057533,0,0,0,0,0,0,0,0,0,0,0,0,0,0,0,0,0,0,0,0,0,0,0,0,0,0,0,0,0,0,0,0,0,0,0,0,0,0,0,0,0,0,0,0
621,0.18093654457754446,0.038593331062394508,0.068000304999999997,0,0,0,0,0,0,0,0,0,0,0,0,0,0,0,0,4.7899694264814201,0.24941415378887391,1,1,0,0,0,0,0,0,0,0,0,0,0,0,0,0,0,0,0,0,0,0,0,0,0,0,0,0,0,0,0,0,0,0,0,0,0,0,0,0,0,0,0,0,0,0
622,0.29923905223433422,0.031297268494159425,0.067575923999999996,0,0,0,0,0,0,0,0,0,0,0,0,0,0,0,0,9.5756496714986952,0.99906501767932776,0,0,0,0,0,0,0,0,0,0,0,0,0,0,0,0,0,0,0,0,0,0,0,0,0,0,0,0,0,0,0,0,0,0,0,0,0,0,0,0,0,0,0,0,0,0
623,0.2992432114049447,0.031297268538583979,0.067967391000000002,0,0,0,0,0,0,0,0,0,0,0,0,0,0,0,0,9.5756496714986952,0.99906501767932776,0.00013309345952417054,1.4432907506586352e-09,0,0,0,0,0,0,0,0,0,0,0,0,0,0,0,0,0,0,0,0,0,0,0,0,0,0,0,0,0,0,0,0,0,0,0,0,0,0,0,0,0,0,0,0
624,0.29925246748260004,0.03129726879865144,0.068026505000000001,0,0,0,0,0,0,0,0,0,0,0,0,0,0,0,0,9.5756496714986952,0.99906501767932776,0.00042928794452732103,9.8925139774355488e-09,0,0,0,0,0,0,0,0,0,0,0,0,0,0,0,0,0,0,0,0,0,0,0,0,0,0,0,0,0,0,0,0,0,0,0,0,0,0,0,0,0,0,0,0
625,0.29937877678222963,0.031297297195503317,0.067962120000000001,0,0,0,0,0,0,0,0,0,0,0,0,0,0,0,0,9.5756496714986952,0.99906501767932776,0.004471185532640868,9.324659785789052e-07,0,0,0,0,0,0,0,0,0,0,0,0,0,0,0,0,0,0,0,0,0,0,0,0,0,0,0,0,0,0,0,0,0,0,0,0,0,0,0,0,0,0,0,0
626,0.29950975196435597,0.031297386454429262,0.067888597999999994,0,0,0,0,0,0,0,0,0,0,0,0,0,0,0,0,9.5756496714986952,0.99906501767932776,0.0086623913607120646,3.8323619576525956e-06,0,0,0,0,0,0,0,0,0,0,0,0,0,0,0,0,0,0,0,0,0,0,0,0,0,0,0,0,0,0,0,0,0,0,0,0,0,0,0,0,0,0,0,0
627,0.3073490757610407,0.031420422847738154,0.067977941,0,0,0,0,0,0,0,0,0,0,0,0,0,0,0,0,9.5756496714986952,0.99906501767932776,0.25952075285462384,0.0040011103759154051,0,0,0,0,0,0,0,0,0,0,0,0,0,0,0,0,0,0,0,0,0,0,0,0,0,0,0,0,0,0,0,0,0,0,0,0,0,0,0,0,0,0,0,0
628,0.36346232919247923,0.039133645541252558,0.068777627999999993,0,0,0,0,0,0,0,0,0,0,0,0,0,0,0,0,9.5756496714986952,0.99906501767932776,2.0551448626606668,0.2545927821598753,0,0,0,0,0,0,0,0,0,0,0,0,0,0,0,0,0,0,0,0,0,0,0,0,0,0,0,0,0,0,0,0,0,0,0,0,0,0,0,0,0,0,0,0
629,0.33048905223433406,0.062077312533947507,0.067873388000000007,0,0,0,0,0,0,0,0,0,0,0,0,0,0,0,0,9.5756496714986952,0.99906501767932776,1,1,0,0,0,0,0,0,0,0,0,0,0,0,0,0,0,0,0,0,0,0,0,0,0,0,0,0,0,0,0,0,0,0,0,0,0,0,0,0,0,0,0,0,0,0
630,0.03125,0.031326558272311546,0.067868899999999996,0,0,0,0,0,0,0,0,0,0,0,0,0,0,0,0,1,1,0,0,0,0,0,0,0,0,0,0,0,0,0,0,0,0,0,0,0,0,0,0,0,0,0,0,0,0,0,0,0,0,0,0,0,0,0,0,0,0,0,0,0,0,0,0
631,0.031254159170610016,0.0313265583167361,0.068059608999999993,0,0,0,0,0,0,0,0,0,0,0,0,0,0,0,0,1,1,0.00013309345952417054,1.4432907506586352e-09,0,0,0,0,0,0,0,0,0,0,0,0,0,0,0,0,0,0,0,0,0,0,0,0,0,0,0,0,0,0,0,0,0,0,0,0,0,0,0,0,0,0,0,0
632,0.031389724547895063,0.031326586973655438,0.067923917,0,0,0,0,0,0,0,0,0,0,0,0,0,0,0,0,1,1,0.004471185532640868,9.324659785789052e-07,0,0,0,0,0,0,0,0,0,0,0,0,0,0,0,0,0,0,0,0,0,0,0,0,0,0,0,0,0,0,0,0,0,0,0,0,0,0,0,0,0,0,0,0
633,0.031520699730022188,0.031326676232581382,0.067872005999999999,0,0,0,0,0,0,0,0,0,0,0,0,0,0,0,0,1,1,0.0086623913607120646,3.8323619576525956e-06,0,0,0,0,0,0,0,0,0,0,0,0,0,0,0,0,0,0,0,0,0,0,0,0,0,0,0,0,0,0,0,0,0,0,0,0,0,0,0,0,0,0,0,0
634,0.033294387883899518,0.0313342190539211,0.067941140999999997,0,0,0,0,0,0,0,0,0,0,0,0,0,0,0,0,1,1,0.065420412284791687,0.00024888793530142219,0,0,0,0,0,0,0,0,0,0,0,0,0,0,0,0,0,0,0,0,0,0,0,0,0,0,0,0,0,0,0,0,0,0,0,0,0,0,0,0,0,0,0,0
635,0.039360023526706749,0.031449712625890275,0.067990136000000007,0,0,0,0,0,0,0,0,0,0,0,0,0,0,0,0,1,1,0.25952075285462384,0.0040011103759154051,0,0,0,0,0,0,0,0,0,0,0,0,0,0,0,0,0,0,0,0,0,0,0,0,0,0,0,0,0,0,0,0,0,0,0,0,0,0,0,0,0,0,0,0
636,3.6096749352735486e-06,4.4721473409558562e-11,0.067609399000000001,0,0,0,0,0,0,0,0,0,0,0,0,0,0,0,0,0,0,0,0,0,0,0.00011550959792875356,1.4220287590021426e-09,0,0,0,0,0,0,0,0,0,0,0,0,0,0,0,0,0,0,0,0,0,0,0,0,0,0,0,0,0,0,0,0,0,0,0,0,0,0,0,0
637,1.5181253571534095e-05,3.0573209580067094e-10,0.067696647999999998,0,0,0,0,0,0,0,0,0,0,0,0,0,0,0,0,0,0,0,0,0,0,0.00048580011428909104,9.7215006490736204e-09,0,0,0,0,0,0,0,0,0,0,0,0,0,0,0,0,0,0,0,0,0,0,0,0,0,0,0,0,0,0,0,0,0,0,0,0,0,0,0,0
638,2.9383762147307934e-05,1.5393845503462443e-09,0.067860273999999998,0,0,0,0,0,0,0,0,0,0,0,0,0,0,0,0,0,0,0,0,0,0,0.0009402803887138539,4.8948501354341867e-08,0,0,0,0,0,0,0,0,0,0,0,0,0,0,0,0,0,0,0,0,0,0,0,0,0,0,0,0,0,0,0,0,0,0,0,0,0,0,0,0
639,6.0299282436465132e-05,6.8702610307882779e-09,0.067746934999999994,0,0,0,0,0,0,0,0,0,0,0,0,0,0,0,0,0,0,0,0,0,0,0.0019295770379668842,2.1845677306205441e-07,0,0,0,0,0,0,0,0,0,0,0,0,0,0,0,0,0,0,0,0,0,0,0,0,0,0,0,0,0,0,0,0,0,0,0,0,0,0,0,0
640,0.00013053111069720447,2.8593387070350084e-08,0.067673422999999996,0,0,0,0,0,0,0,0,0,0,0,0,0,0,0,0,0,0,0,0,0,0,0.004176995542310543,9.0919676011003764e-07,0,0,0,0,0,0,0,0,0,0,0,0,0,0,0,0,0,0,0,0,0,0,0,0,0,0,0,0,0,0,0,0,0,0,0,0,0,0,0,0
641,0.00027292771121141453,1.16635008658225e-07,0.067716525999999999,0,0,0,0,0,0,0,0,0,0,0,0,0,0,0,0,0,0,0,0,0,0,0.0087336867587652651,3.7086957108843834e-06,0,0,0,0,0,0,0,0,0,0,0,0,0,0,0,0,0,0,0,0,0,0,0,0,0,0,0,0,0,0,0,0,0,0,0,0,0,0,0,0
642,0.00053900795038572648,4.7471140147902577e-07,0.068026636000000001,0,0,0,0,0,0,0,0,0,0,0,0,0,0,0,0,0,0,0,0,0,0,0.017248254412343247,1.5094611462088011e-05,0,0,0,0,0,0,0,0,0,0,0,0,0,0,0,0,0,0,0,0,0,0,0,0,0,0,0,0,0,0,0,0,0,0,0,0,0,0,0,0
643,0.0010688421460122402,1.9071309902503826e-06,0.067603656999999998,0,0,0,0,0,0,0,0,0,0,0,0,0,0,0,0,0,0,0,0,0,0,0.034202948672391688,6.0641899932139298e-05,0,0,0,0,0,0,0,0,0,0,0,0,0,0,0,0,0,0,0,0,0,0,0,0,0,0,0,0,0,0,0,0,0,0,0,0,0,0,0,0
644,0.0021555214421098284,7.6249828254861398e-06,0.067633465000000004,0,0,0,0,0,0,0,0,0,0,0,0,0,0,0,0,0,0,0,0,0,0,0.06897668614751451,0.00024245500065347097,0,0,0,0,0,0,0,0,0,0,0,0,0,0,0,0,0,0,0,0,0,0,0,0,0,0,0,0,0,0,0,0,0,0,0,0,0,0,0,0
645,0.0043099949429221554,3.0113014187241864e-05,0.067864501999999993,0,0,0,0,0,0,0,0,0,0,0,0,0,0,0,0,0,0,0,0,0,0,0.13791983817350897,0.00095751702548657483,0,0,0,0,0,0,0,0,0,0,0,0,0,0,0,0,0,0,0,0,0,0,0,0,0,0,0,0,0,0,0,0,0,0,0,0,0,0,0,0
646,0.0087492662339050831,0.00012162886936355983,0.067584890999999994,0,0,0,0,0,0,0,0,0,0,0,0,0,0,0,0,0,0,0,0,0,0,0.27997651948496266,0.0038674877407533954,0,0,0,0,0,0,0,0,0,0,0,0,0,0,0,0,0,0,0,0,0,0,0,0,0,0,0,0,0,0,0,0,0,0,0,0,0,0,0,0
647,0.017486776216735354,0.00048597889785469421,0.067705335000000005,0,0,0,0,0,0,0,0,0,0,0,0,0,0,0,0,0,0,0,0,0,0,0.55957683893553134,0.015452889100693906,0,0,0,0,0,0,0,0,0,0,0,0,0,0,0,0,0,0,0,0,0,0,0,0,0,0,0,0,0,0,0,0,0,0,0,0,0,0,0,0
648,0.035093631325013135,0.0019527411442661251,0.067831328999999996,0,0,0,0,0,0,0,0,0,0,0,0,0,0,0,0,0,0,0,0,0,0,1.1229962024004203,0.062092186467176409,0,0,0,0,0,0,0,0,0,0,0,0,0,0,0,0,0,0,0,0,0,0,0,0,0,0,0,0,0,0,0,0,0,0,0,0,0,0,0,0
649,0.070229491530146362,0.0078163105486796485,0.067716135999999996,0,0,0,0,0,0,0,0,0,0,0,0,0,0,0,0,0,0,0,0,0,0,2.2473437289646836,0.24853873412718561,0,0,0,0,0,0,0,0,0,0,0,0,0,0,0,0,0,0,0,0,0,0,0,0,0,0,0,0,0,0,0,0,0,0,0,0,0,0,0,0
650,0.14033567602211625,0.030835828949681957,0.067648946000000001,0,0,0,0,0,0,0,0,0,0,0,0,0,0,0,0,0,0,0,0,0,0,4.4907416327077199,0.98050069085484104,0,0,0,0,0,0,0,0,0,0,0,0,0,0,0,0,0,0,0,0,0,0,0,0,0,0,0,0,0,0,0,0,0,0,0,0,0,0,0,0
651,0.03125,0.031449063970366002,0.067725915999999997,0,0,0,0,0,0,0,0,0,0,0,0,0,0,0,0,0,0,0,0,0,0,1,1,0,0,0,0,0,0,0,0,0,0,0,0,0,0,0,0,0,0,0,0,0,0,0,0,0,0,0,0,0,0,0,0,0,0,0,0,0,0,0,0
652,4.7721123348090974e-06,4.4721473409558562e-11,0.067698632999999994,0,0,0,0,0,0,0,0,0,0,0,0,0,0,0,0,0,0,0,0,0.00015270759471389112,1.4203994626827178e-09,0,0,0,0,0,0,0,0,0,0,0,0,0,0,0,0,0,0,0,0,0,0,0,0,0,0,0,0,0,0,0,0,0,0,0,0,0,0,0,0,0,0
653,6.5071394771274089e-05,6.9149825041978362e-09,0.067659277000000004,0,0,0,0,0,0,0,0,0,0,0,0,0,0,0,0,0,0,0,0,0.00015270759471389112,1.4203994626827178e-09,0.0019295770379668842,2.1845677306205441e-07,0,0,0,0,0,0,0,0,0,0,0,0,0,0,0,0,0,0,0,0,0,0,0,0,0,0,0,0,0,0,0,0,0,0,0,0,0,0,0,0
654,0.0087540383462398948,0.00012162891408503323,0.067788055,0,0,0,0,0,0,0,0,0,0,0,0,0,0,0,0,0,0,0,0,0.00015270759471389112,1.4203994626827178e-09,0.27997651948496266,0.0038674877407533954,0,0,0,0,0,0,0,0,0,0,0,0,0,0,0,0,0,0,0,0,0,0,0,0,0,0,0,0,0,0,0,0,0,0,0,0,0,0,0,0
655,0.035098403437347818,0.0019527411889875986,0.067887608000000002,0,0,0,0,0,0,0,0,0,0,0,0,0,0,0,0,0,0,0,0,0.00015270759471389112,1.4203994626827178e-09,1.1229962024004203,0.062092186467176409,0,0,0,0,0,0,0,0,0,0,0,0,0,0,0,0,0,0,0,0,0,0,0,0,0,0,0,0,0,0,0,0,0,0,0,0,0,0,0,0
656,1.4536371051036145e-05,3.0664032334111109e-10,0.068058127999999996,0,0,0,0,0,0,0,0,0,0,0,0,0,0,0,0,0,0,0,0,0.00046516387363315664,9.7392084228038018e-09,0,0,0,0,0,0,0,0,0,0,0,0,0,0,0,0,0,0,0,0,0,0,0,0,0,0,0,0,0,0,0,0,0,0,0,0,0,0,0,0,0,0
657,1.8146045986309699e-05,3.5136179675066965e-10,0.067766824000000003,0,0,0,0,0,0,0,0,0,0,0,0,0,0,0,0,0,0,0,0,0.00046516387363315664,9.7392084228038018e-09,0.00011550959792875356,1.4220287590021426e-09,0,0,0,0,0,0,0,0,0,0,0,0,0,0,0,0,0,0,0,0,0,0,0,0,0,0,0,0,0,0,0,0,0,0,0,0,0,0,0,0
658,0.0010833785170632768,1.9074376305737234e-06,0.067926634,0,0,0,0,0,0,0,0,0,0,0,0,0,0,0,0,0,0,0,0,0.00046516387363315664,9.7392084228038018e-09,0.034202948672391688,6.0641899932139298e-05,0,0,0,0,0,0,0,0,0,0,0,0,0,0,0,0,0,0,0,0,0,0,0,0,0,0,0,0,0,0,0,0,0,0,0,0,0,0,0,0
659,0.017501312587786439,0.00048597920449501753,0.067910993000000003,0,0,0,0,0,0,0,0,0,0,0,0,0,0,0,0,0,0,0,0,0.00046516387363315664,9.7392084228038018e-09,0.55957683893553134,0.015452889100693906,0,0,0,0,0,0,0,0,0,0,0,0,0,0,0,0,0,0,0,0,0,0,0,0,0,0,0,0,0,0,0,0,0,0,0,0,0,0,0,0
660,0.14035021239316739,0.030835829256322281,0.067732848999999998,0,0,0,0,0,0,0,0,0,0,0,0,0,0,0,0,0,0,0,0,0.00046516387363315664,9.7392084228038018e-09,4.4907416327077199,0.98050069085484104,0,0,0,0,0,0,0,0,0,0,0,0,0,0,0,0,0,0,0,0,0,0,0,0,0,0,0,0,0,0,0,0,0,0,0,0,0,0,0,0
661,2.9100521919055343e-05,1.5249926370131154e-09,0.067760872999999999,0,0,0,0,0,0,0,0,0,0,0,0,0,0,0,0,0,0,0,0,0.00093121670140977099,4.8435316573124315e-08,0,0,0,0,0,0,0,0,0,0,0,0,0,0,0,0,0,0,0,0,0,0,0,0,0,0,0,0,0,0,0,0,0,0,0,0,0,0,0,0,0,0
662,8.9399804355519923e-05,8.395253667801394e-09,0.067948496999999997,0,0,0,0,0,0,0,0,0,0,0,0,0,0,0,0,0,0,0,0,0.00093121670140977099,4.8435316573124315e-08,0.0019295770379668842,2.1845677306205441e-07,0,0,0,0,0,0,0,0,0,0,0,0,0,0,0,0,0,0,0,0,0,0,0,0,0,0,0,0,0,0,0,0,0,0,0,0,0,0,0,0
663,0.00030202823313046901,1.1816000129523811e-07,0.067705135999999999,0,0,0,0,0,0,0,0,0,0,0,0,0,0,0,0,0,0,0,0,0.00093121670140977099,4.8435316573124315e-08,0.0087336867587652651,3.7086957108843834e-06,0,0,0,0,0,0,0,0,0,0,0,0,0,0,0,0,0,0,0,0,0,0,0,0,0,0,0,0,0,0,0,0,0,0,0,0,0,0,0,0
664,0.14036477654403576,0.030835830474674593,0.068012741000000002,0,0,0,0,0,0,0,0,0,0,0,0,0,0,0,0,0,0,0,0,0.00093121670140977099,4.8435316573124315e-08,4.4907416327077199,0.98050069085484104,0,0,0,0,0,0,0,0,0,0,0,0,0,0,0,0,0,0,0,0,0,0,0,0,0,0,0,0,0,0,0,0,0,0,0,0,0,0,0,0
665,6.1723008468229229e-05,6.7384981737674968e-09,0.067868362000000002,0,0,0,0,0,0,0,0,0,0,0,0,0,0,0,0,0,0,0,0,0.0019751362709833353,2.1402155286015441e-07,0,0,0,0,0,0,0,0,0,0,0,0,0,0,0,0,0,0,0,0,0,0,0,0,0,0,0,0,0,0,0,0,0,0,0,0,0,0,0,0,0,0
666,6.5332683403502385e-05,6.783219647177055e-09,0.067950450999999995,0,0,0,0,0,0,0,0,0,0,0,0,0,0,0,0,0,0,0,0,0.0019751362709833353,2.1402155286015441e-07,0.00011550959792875356,1.4220287590021426e-09,0,0,0,0,0,0,0,0,0,0,0,0,0,0,0,0,0,0,0,0,0,0,0,0,0,0,0,0,0,0,0,0,0,0,0,0,0,0,0,0
667,0.00033465071967964447,1.2337350683199249e-07,0.067801493000000004,0,0,0,0,0,0,0,0,0,0,0,0,0,0,0,0,0,0,0,0,0.0019751362709833353,2.1402155286015441e-07,0.0087336867587652651,3.7086957108843834e-06,0,0,0,0,0,0,0,0,0,0,0,0,0,0,0,0,0,0,0,0,0,0,0,0,0,0,0,0,0,0,0,0,0,0,0,0,0,0,0,0
668,0.0088109892423733297,0.00012163560786173359,0.067849355,0,0,0,0,0,0,0,0,0,0,0,0,0,0,0,0,0,0,0,0,0.0019751362709833353,2.1402155286015441e-07,0.27997651948496266,0.0038674877407533954,0,0,0,0,0,0,0,0,0,0,0,0,0,0,0,0,0,0,0,0,0,0,0,0,0,0,0,0,0,0,0,0,0,0,0,0,0,0,0,0
669,0.070291214538614227,0.0078163172871778212,0.067963777000000003,0,0,0,0,0,0,0,0,0,0,0,0,0,0,0,0,0,0,0,0,0.0019751362709833353,2.1402155286015441e-07,2.2473437289646836,0.24853873412718561,0,0,0,0,0,0,0,0,0,0,0,0,0,0,0,0,0,0,0,0,0,0,0,0,0,0,0,0,0,0,0,0,0,0,0,0,0,0,0,0
670,0.03131172300846824,0.031449070708864178,0.068150276999999995,0,0,0,0,0,0,0,0,0,0,0,0,0,0,0,0,0,0,0,0,0.0019751362709833353,2.1402155286015441e-07,1,1,0,0,0,0,0,0,0,0,0,0,0,0,0,0,0,0,0,0,0,0,0,0,0,0,0,0,0,0,0,0,0,0,0,0,0,0,0,0,0,0
671,0.00013637013798873683,2.8692453735915021e-08,0.067772876999999995,0,0,0,0,0,0,0,0,0,0,0,0,0,0,0,0,0,0,0,0,0.0043638444156395787,9.1130150154739092e-07,0,0,0,0,0,0,0,0,0,0,0,0,0,0,0,0,0,0,0,0,0,0,0,0,0,0,0,0,0,0,0,0,0,0,0,0,0,0,0,0,0,0
672,0.00013997981292401037,2.873717520932458e-08,0.068054431999999998,0,0,0,0,0,0,0,0,0,0,0,0,0,0,0,0,0,0,0,0,0.0043638444156395787,9.1130150154739092e-07,0.00011550959792875356,1.4220287590021426e-09,0,0,0,0,0,0,0,0,0,0,0,0,0,0,0,0,0,0,0,0,0,0,0,0,0,0,0,0,0,0,0,0,0,0,0,0,0,0,0,0
673,0.0006753780883744612,5.0340385521494078e-07,0.067848644,0,0,0,0,0,0,0,0,0,0,0,0,0,0,0,0,0,0,0,0,0.0043638444156395787,9.1130150154739092e-07,0.017248254412343247,1.5094611462088011e-05,0,0,0,0,0,0,0,0,0,0,0,0,0,0,0,0,0,0,0,0,0,0,0,0,0,0,0,0,0,0,0,0,0,0,0,0,0,0,0,0
674,0.0022918915800985845,7.6536752792220538e-06,0.067723691000000003,0,0,0,0,0,0,0,0,0,0,0,0,0,0,0,0,0,0,0,0,0.0043638444156395787,9.1130150154739092e-07,0.06897668614751451,0.00024245500065347097,0,0,0,0,0,0,0,0,0,0,0,0,0,0,0,0,0,0,0,0,0,0,0,0,0,0,0,0,0,0,0,0,0,0,0,0,0,0,0,0
675,0.0044463650809108777,3.0141706640977779e-05,0.067826200000000003,0,0,0,0,0,0,0,0,0,0,0,0,0,0,0,0,0,0,0,0,0.0043638444156395787,9.1130150154739092e-07,0.13791983817350897,0.00095751702548657483,0,0,0,0,0,0,0,0,0,0,0,0,0,0,0,0,0,0,0,0,0,0,0,0,0,0,0,0,0,0,0,0,0,0,0,0,0,0,0,0
676,0.0088856363718938427,0.00012165756181729575,0.067915963999999995,0,0,0,0,0,0,0,0,0,0,0,0,0,0,0,0,0,0,0,0,0.0043638444156395787,9.1130150154739092e-07,0.27997651948496266,0.0038674877407533954,0,0,0,0,0,0,0,0,0,0,0,0,0,0,0,0,0,0,0,0,0,0,0,0,0,0,0,0,0,0,0,0,0,0,0,0,0,0,0,0
677,0.017623146354724107,0.00048600759030843012,0.067851039000000002,0,0,0,0,0,0,0,0,0,0,0,0,0,0,0,0,0,0,0,0,0.0043638444156395787,9.1130150154739092e-07,0.55957683893553134,0.015452889100693906,0,0,0,0,0,0,0,0,0,0,0,0,0,0,0,0,0,0,0,0,0,0,0,0,0,0,0,0,0,0,0,0,0,0,0,0,0,0,0,0
678,0.035230001463001745,0.0019527698367198612,0.067976833,0,0,0,0,0,0,0,0,0,0,0,0,0,0,0,0,0,0,0,0,0.0043638444156395787,9.1130150154739092e-07,1.1229962024004203,0.062092186467176409,0,0,0,0,0,0,0,0,0,0,0,0,0,0,0,0,0,0,0,0,0,0,0,0,0,0,0,0,0,0,0,0,0,0,0,0,0,0,0,0
679,0.07036586166813473,0.0078163392411333844,0.068039394000000003,0,0,0,0,0,0,0,0,0,0,0,0,0,0,0,0,0,0,0,0,0.0043638444156395787,9.1130150154739092e-07,2.2473437289646836,0.24853873412718561,0,0,0,0,0,0,0,0,0,0,0,0,0,0,0,0,0,0,0,0,0,0,0,0,0,0,0,0,0,0,0,0,0,0,0,0,0,0,0,0
680,0.1404720461601055,0.030835857642135693,0.067960250999999999,0,0,0,0,0,0,0,0,0,0,0,0,0,0,0,0,0,0,0,0,0.0043638444156395787,9.1130150154739092e-07,4.4907416327077199,0.98050069085484104,0,0,0,0,0,0,0,0,0,0,0,0,0,0,0,0,0,0,0,0,0,0,0,0,0,0,0,0,0,0,0,0,0,0,0,0,0,0,0,0
681,0.031386370137988694,0.031449092662819741,0.067864806,0,0,0,0,0,0,0,0,0,0,0,0,0,0,0,0,0,0,0,0,0.0043638444156395787,9.1130150154739092e-07,1,1,0,0,0,0,0,0,0,0,0,0,0,0,0,0,0,0,0,0,0,0,0,0,0,0,0,0,0,0,0,0,0,0,0,0,0,0,0,0,0,0
682,0.00026401343351620607,1.1681847062139391e-07,0.067930412999999995,0,0,0,0,0,0,0,0,0,0,0,0,0,0,0,0,0,0,0,0,0.0084484298725185942,3.7102733933309961e-06,0,0,0,0,0,0,0,0,0,0,0,0,0,0,0,0,0,0,0,0,0,0,0,0,0,0,0,0,0,0,0,0,0,0,0,0,0,0,0,0,0,0
683,0.00039454454421340859,1.45411857691744e-07,0.068041647999999996,0,0,0,0,0,0,0,0,0,0,0,0,0,0,0,0,0,0,0,0,0.0084484298725185942,3.7102733933309961e-06,0.004176995542310543,9.0919676011003764e-07,0,0,0,0,0,0,0,0,0,0,0,0,0,0,0,0,0,0,0,0,0,0,0,0,0,0,0,0,0,0,0,0,0,0,0,0,0,0,0,0
684,0.0008030213839019261,5.9152987210041969e-07,0.068211075999999995,0,0,0,0,0,0,0,0,0,0,0,0,0,0,0,0,0,0,0,0,0.0084484298725185942,3.7102733933309961e-06,0.017248254412343247,1.5094611462088011e-05,0,0,0,0,0,0,0,0,0,0,0,0,0,0,0,0,0,0,0,0,0,0,0,0,0,0,0,0,0,0,0,0,0,0,0,0,0,0,0,0
685,0.0013328555795284551,2.0239494608717765e-06,0.067966493000000003,0,0,0,0,0,0,0,0,0,0,0,0,0,0,0,0,0,0,0,0,0.0084484298725185942,3.7102733933309961e-06,0.034202948672391688,6.0641899932139298e-05,0,0,0,0,0,0,0,0,0,0,0,0,0,0,0,0,0,0,0,0,0,0,0,0,0,0,0,0,0,0,0,0,0,0,0,0,0,0,0,0
686,0.0024195348756260457,7.7418012961075331e-06,0.068066106000000001,0,0,0,0,0,0,0,0,0,0,0,0,0,0,0,0,0,0,0,0,0.0084484298725185942,3.7102733933309961e-06,0.06897668614751451,0.00024245500065347097,0,0,0,0,0,0,0,0,0,0,0,0,0,0,0,0,0,0,0,0,0,0,0,0,0,0,0,0,0,0,0,0,0,0,0,0,0,0,0,0
687,0.14059968945563245,0.03083594576815258,0.067777107000000003,0,0,0,0,0,0,0,0,0,0,0,0,0,0,0,0,0,0,0,0,0.0084484298725185942,3.7102733933309961e-06,4.4907416327077199,0.98050069085484104,0,0,0,0,0,0,0,0,0,0,0,0,0,0,0,0,0,0,0,0,0,0,0,0,0,0,0,0,0,0,0,0,0,0,0,0,0,0,0,0
688,0.00050712349662415093,4.7231158486255504e-07,0.067668936999999998,0,0,0,0,0,0,0,0,0,0,0,0,0,0,0,0,0,0,0,0,0.01622795189197283,1.5001096122521917e-05,0,0,0,0,0,0,0,0,0,0,0,0,0,0,0,0,0,0,0,0,0,0,0,0,0,0,0,0,0,0,0,0,0,0,0,0,0,0,0,0,0,0
689,0.00052230475019568348,4.7261731695835569e-07,0.068147612999999996,0,0,0,0,0,0,0,0,0,0,0,0,0,0,0,0,0,0,0,0,0.01622795189197283,1.5001096122521917e-05,0.00048580011428909104,9.7215006490736204e-09,0,0,0,0,0,0,0,0,0,0,0,0,0,0,0,0,0,0,0,0,0,0,0,0,0,0,0,0,0,0,0,0,0,0,0,0,0,0,0,0
690,0.00056742277906061467,4.7918184589334331e-07,0.068766271000000004,0,0,0,0,0,0,0,0,0,0,0,0,0,0,0,0,0,0,0,0,0.01622795189197283,1.5001096122521917e-05,0.0019295770379668842,2.1845677306205441e-07,0,0,0,0,0,0,0,0,0,0,0,0,0,0,0,0,0,0,0,0,0,0,0,0,0,0,0,0,0,0,0,0,0,0,0,0,0,0,0,0
691,0.00063765460732135789,5.0090497193290512e-07,0.068334877000000002,0,0,0,0,0,0,0,0,0,0,0,0,0,0,0,0,0,0,0,0,0.01622795189197283,1.5001096122521917e-05,0.004176995542310543,9.0919676011003764e-07,0,0,0,0,0,0,0,0,0,0,0,0,0,0,0,0,0,0,0,0,0,0,0,0,0,0,0,0,0,0,0,0,0,0,0,0,0,0,0,0
692,0.0015759656426363984,2.3794425751129374e-06,0.068003544999999999,0,0,0,0,0,0,0,0,0,0,0,0,0,0,0,0,0,0,0,0,0.01622795189197283,1.5001096122521917e-05,0.034202948672391688,6.0641899932139298e-05,0,0,0,0,0,0,0,0,0,0,0,0,0,0,0,0,0,0,0,0,0,0,0,0,0,0,0,0,0,0,0,0,0,0,0,0,0,0,0,0
693,0.017993899713359518,0.00048645120943955678,0.067926627000000003,0,0,0,0,0,0,0,0,0,0,0,0,0,0,0,0,0,0,0,0,0.01622795189197283,1.5001096122521917e-05,0.55957683893553134,0.015452889100693906,0,0,0,0,0,0,0,0,0,0,0,0,0,0,0,0,0,0,0,0,0,0,0,0,0,0,0,0,0,0,0,0,0,0,0,0,0,0,0,0
694,0.1408427995187406,0.030836301261266821,0.067700789999999997,0,0,0,0,0,0,0,0,0,0,0,0,0,0,0,0,0,0,0,0,0.01622795189197283,1.5001096122521917e-05,4.4907416327077199,0.98050069085484104,0,0,0,0,0,0,0,0,0,0,0,0,0,0,0,0,0,0,0,0,0,0,0,0,0,0,0,0,0,0,0,0,0,0,0,0,0,0,0,0
695,0.0010241632278496192,1.909336585900513e-06,0.067755133999999995,0,0,0,0,0,0,0,0,0,0,0,0,0,0,0,0,0,0,0,0,0.032773223291187814,6.0642471142596311e-05,0,0,0,0,0,0,0,0,0,0,0,0,0,0,0,0,0,0,0,0,0,0,0,0,0,0,0,0,0,0,0,0,0,0,0,0,0,0,0,0,0,0
696,0.0010277729027848895,1.9093813073739226e-06,0.067920585000000006,0,0,0,0,0,0,0,0,0,0,0,0,0,0,0,0,0,0,0,0,0.032773223291187814,6.0642471142596311e-05,0.00011550959792875356,1.4220287590021426e-09,0,0,0,0,0,0,0,0,0,0,0,0,0,0,0,0,0,0,0,0,0,0,0,0,0,0,0,0,0,0,0,0,0,0,0,0,0,0,0,0
697,0.0010393444814211497,1.9096423179963136e-06,0.067977103999999997,0,0,0,0,0,0,0,0,0,0,0,0,0,0,0,0,0,0,0,0,0.032773223291187814,6.0642471142596311e-05,0.00048580011428909104,9.7215006490736204e-09,0,0,0,0,0,0,0,0,0,0,0,0,0,0,0,0,0,0,0,0,0,0,0,0,0,0,0,0,0,0,0,0,0,0,0,0,0,0,0,0
698,0.0010844625102860769,1.9162068469313013e-06,0.067791024000000005,0,0,0,0,0,0,0,0,0,0,0,0,0,0,0,0,0,0,0,0,0.032773223291187814,6.0642471142596311e-05,0.0019295770379668842,2.1845677306205441e-07,0,0,0,0,0,0,0,0,0,0,0,0,0,0,0,0,0,0,0,0,0,0,0,0,0,0,0,0,0,0,0,0,0,0,0,0,0,0,0,0
699,0.0011546943385468246,1.9379299729708632e-06,0.067941805999999993,0,0,0,0,0,0,0,0,0,0,0,0,0,0,0,0,0,0,0,0,0.032773223291187814,6.0642471142596311e-05,0.004176995542310543,9.0919676011003764e-07,0,0,0,0,0,0,0,0,0,0,0,0,0,0,0,0,0,0,0,0,0,0,0,0,0,0,0,0,0,0,0,0,0,0,0,0,0,0,0,0
700,0.0020930053738618501,3.8164675761508954e-06,0.067909322999999994,0,0,0,0,0,0,0,0,0,0,0,0,0,0,0,0,0,0,0,0,0.032773223291187814,6.0642471142596311e-05,0.034202948672391688,6.0641899932139298e-05,0,0,0,0,0,0,0,0,0,0,0,0,0,0,0,0,0,0,0,0,0,0,0,0,0,0,0,0,0,0,0,0,0,0,0,0,0,0,0,0
701,0.018510939444584908,0.00048788823444059472,0.067782848000000007,0,0,0,0,0,0,0,0,0,0,0,0,0,0,0,0,0,0,0,0,0.032773223291187814,6.0642471142596311e-05,0.55957683893553134,0.015452889100693906,0,0,0,0,0,0,0,0,0,0,0,0,0,0,0,0,0,0,0,0,0,0,0,0,0,0,0,0,0,0,0,0,0,0,0,0,0,0,0,0
702,0.0019975155505032641,7.5985141406841208e-06,0.067852943999999998,0,0,0,0,0,0,0,0,0,0,0,0,0,0,0,0,0,0,0,0,0.063920497616104452,0.00024133653432598952,0,0,0,0,0,0,0,0,0,0,0,0,0,0,0,0,0,0,0,0,0,0,0,0,0,0,0,0,0,0,0,0,0,0,0,0,0,0,0,0,0,0
703,0.0022704432617146734,7.7151491493423465e-06,0.067975671000000001,0,0,0,0,0,0,0,0,0,0,0,0,0,0,0,0,0,0,0,0,0.063920497616104452,0.00024133653432598952,0.0087336867587652651,3.7086957108843834e-06,0,0,0,0,0,0,0,0,0,0,0,0,0,0,0,0,0,0,0,0,0,0,0,0,0,0,0,0,0,0,0,0,0,0,0,0,0,0,0,0
704,0.0025365235008889923,8.0732255421631459e-06,0.067877752,0,0,0,0,0,0,0,0,0,0,0,0,0,0,0,0,0,0,0,0,0.063920497616104452,0.00024133653432598952,0.017248254412343247,1.5094611462088011e-05,0,0,0,0,0,0,0,0,0,0,0,0,0,0,0,0,0,0,0,0,0,0,0,0,0,0,0,0,0,0,0,0,0,0,0,0,0,0,0,0
705,0.0063075104934253844,3.771152832792599e-05,0.067823799000000004,0,0,0,0,0,0,0,0,0,0,0,0,0,0,0,0,0,0,0,0,0.063920497616104452,0.00024133653432598952,0.13791983817350897,0.00095751702548657483,0,0,0,0,0,0,0,0,0,0,0,0,0,0,0,0,0,0,0,0,0,0,0,0,0,0,0,0,0,0,0,0,0,0,0,0,0,0,0,0
706,0.010746781784408403,0.00012922738350424395,0.068116244000000006,0,0,0,0,0,0,0,0,0,0,0,0,0,0,0,0,0,0,0,0,0.063920497616104452,0.00024133653432598952,0.27997651948496266,0.0038674877407533954,0,0,0,0,0,0,0,0,0,0,0,0,0,0,0,0,0,0,0,0,0,0,0,0,0,0,0,0,0,0,0,0,0,0,0,0,0,0,0,0
707,0.019484291767238513,0.00049357741199537828,0.068010049000000003,0,0,0,0,0,0,0,0,0,0,0,0,0,0,0,0,0,0,0,0,0.063920497616104452,0.00024133653432598952,0.55957683893553134,0.015452889100693906,0,0,0,0,0,0,0,0,0,0,0,0,0,0,0,0,0,0,0,0,0,0,0,0,0,0,0,0,0,0,0,0,0,0,0,0,0,0,0,0
708,0.14233319157261942,0.03084342746382264,0.067817005999999999,0,0,0,0,0,0,0,0,0,0,0,0,0,0,0,0,0,0,0,0,0.063920497616104452,0.00024133653432598952,4.4907416327077199,0.98050069085484104,0,0,0,0,0,0,0,0,0,0,0,0,0,0,0,0,0,0,0,0,0,0,0,0,0,0,0,0,0,0,0,0,0,0,0,0,0,0,0,0
709,0.033247515550503218,0.031456662484506688,0.067904624999999996,0,0,0,0,0,0,0,0,0,0,0,0,0,0,0,0,0,0,0,0,0.063920497616104452,0.00024133653432598952,1,1,0,0,0,0,0,0,0,0,0,0,0,0,0,0,0,0,0,0,0,0,0,0,0,0,0,0,0,0,0,0,0,0,0,0,0,0,0,0,0,0
710,0.0039157264093693175,3.0357835583860974e-05,0.067847735000000006,0,0,0,0,0,0,0,0,0,0,0,0,0,0,0,0,0,0,0,0,0.12530324509981816,0.00096419572218991545,0,0,0,0,0,0,0,0,0,0,0,0,0,0,0,0,0,0,0,0,0,0,0,0,0,0,0,0,0,0,0,0,0,0,0,0,0,0,0,0,0,0
711,0.0039193360843045926,3.0357880305334383e-05,0.067775985999999996,0,0,0,0,0,0,0,0,0,0,0,0,0,0,0,0,0,0,0,0,0.12530324509981816,0.00096419572218991545,0.00011550959792875356,1.4220287590021426e-09,0,0,0,0,0,0,0,0,0,0,0,0,0,0,0,0,0,0,0,0,0,0,0,0,0,0,0,0,0,0,0,0,0,0,0,0,0,0,0,0
712,0.0041886541205807173,3.04744705925192e-05,0.068041900000000002,0,0,0,0,0,0,0,0,0,0,0,0,0,0,0,0,0,0,0,0,0.12530324509981816,0.00096419572218991545,0.0087336867587652651,3.7086957108843834e-06,0,0,0,0,0,0,0,0,0,0,0,0,0,0,0,0,0,0,0,0,0,0,0,0,0,0,0,0,0,0,0,0,0,0,0,0,0,0,0,0
713,0.0044547343597550349,3.0832546985340003e-05,0.068056630000000007,0,0,0,0,0,0,0,0,0,0,0,0,0,0,0,0,0,0,0,0,0.12530324509981816,0.00096419572218991545,0.017248254412343247,1.5094611462088011e-05,0,0,0,0,0,0,0,0,0,0,0,0,0,0,0,0,0,0,0,0,0,0,0,0,0,0,0,0,0,0,0,0,0,0,0,0,0,0,0,0
714,0.0049845685553815584,3.226496657411136e-05,0.067969160000000001,0,0,0,0,0,0,0,0,0,0,0,0,0,0,0,0,0,0,0,0,0.12530324509981816,0.00096419572218991545,0.034202948672391688,6.0641899932139298e-05,0,0,0,0,0,0,0,0,0,0,0,0,0,0,0,0,0,0,0,0,0,0,0,0,0,0,0,0,0,0,0,0,0,0,0,0,0,0,0,0
715,0.0060712478514791043,3.7982818409347118e-05,0.067738102999999994,0,0,0,0,0,0,0,0,0,0,0,0,0,0,0,0,0,0,0,0,0.12530324509981816,0.00096419572218991545,0.06897668614751451,0.00024245500065347097,0,0,0,0,0,0,0,0,0,0,0,0,0,0,0,0,0,0,0,0,0,0,0,0,0,0,0,0,0,0,0,0,0,0,0,0,0,0,0,0
716,0.0082257213522914461,6.0470849771102838e-05,0.067706652000000006,0,0,0,0,0,0,0,0,0,0,0,0,0,0,0,0,0,0,0,0,0.12530324509981816,0.00096419572218991545,0.13791983817350897,0.00095751702548657483,0,0,0,0,0,0,0,0,0,0,0,0,0,0,0,0,0,0,0,0,0,0,0,0,0,0,0,0,0,0,0,0,0,0,0,0,0,0,0,0
717,0.074145217939515382,0.0078466683842635093,0.067897842,0,0,0,0,0,0,0,0,0,0,0,0,0,0,0,0,0,0,0,0,0.12530324509981816,0.00096419572218991545,2.2473437289646836,0.24853873412718561,0,0,0,0,0,0,0,0,0,0,0,0,0,0,0,0,0,0,0,0,0,0,0,0,0,0,0,0,0,0,0,0,0,0,0,0,0,0,0,0
718,0.14425140243148549,0.030866186785265818,0.067918642000000001,0,0,0,0,0,0,0,0,0,0,0,0,0,0,0,0,0,0,0,0,0.12530324509981816,0.00096419572218991545,4.4907416327077199,0.98050069085484104,0,0,0,0,0,0,0,0,0,0,0,0,0,0,0,0,0,0,0,0,0,0,0,0,0,0,0,0,0,0,0,0,0,0,0,0,0,0,0,0
719,0.0077722533403213933,0.00012218678725392309,0.067799994000000002,0,0,0,0,0,0,0,0,0,0,0,0,0,0,0,0,0,0,0,0,0.24871210689028458,0.0038807765874123742,0,0,0,0,0,0,0,0,0,0,0,0,0,0,0,0,0,0,0,0,0,0,0,0,0,0,0,0,0,0,0,0,0,0,0,0,0,0,0,0,0,0
720,0.0078016371024687186,0.00012218832663847345,0.067824300000000004,0,0,0,0,0,0,0,0,0,0,0,0,0,0,0,0,0,0,0,0,0.24871210689028458,0.0038807765874123742,0.0009402803887138539,4.8948501354341867e-08,0,0,0,0,0,0,0,0,0,0,0,0,0,0,0,0,0,0,0,0,0,0,0,0,0,0,0,0,0,0,0,0,0,0,0,0,0,0,0,0
721,0.0079027844510185449,0.00012221538064099345,0.067851081999999993,0,0,0,0,0,0,0,0,0,0,0,0,0,0,0,0,0,0,0,0,0.24871210689028458,0.0038807765874123742,0.004176995542310543,9.0919676011003764e-07,0,0,0,0,0,0,0,0,0,0,0,0,0,0,0,0,0,0,0,0,0,0,0,0,0,0,0,0,0,0,0,0,0,0,0,0,0,0,0,0
722,0.0080451810515327956,0.00012230342226258133,0.067891451000000005,0,0,0,0,0,0,0,0,0,0,0,0,0,0,0,0,0,0,0,0,0.24871210689028458,0.0038807765874123742,0.0087336867587652651,3.7086957108843834e-06,0,0,0,0,0,0,0,0,0,0,0,0,0,0,0,0,0,0,0,0,0,0,0,0,0,0,0,0,0,0,0,0,0,0,0,0,0,0,0,0
723,0.0088410954863336125,0.00012409391824417347,0.067898483999999995,0,0,0,0,0,0,0,0,0,0,0,0,0,0,0,0,0,0,0,0,0.24871210689028458,0.0038807765874123742,0.034202948672391688,6.0641899932139298e-05,0,0,0,0,0,0,0,0,0,0,0,0,0,0,0,0,0,0,0,0,0,0,0,0,0,0,0,0,0,0,0,0,0,0,0,0,0,0,0,0
724,0.0099277747824311827,0.00012981177007940922,0.067853917999999999,0,0,0,0,0,0,0,0,0,0,0,0,0,0,0,0,0,0,0,0,0.24871210689028458,0.0038807765874123742,0.06897668614751451,0.00024245500065347097,0,0,0,0,0,0,0,0,0,0,0,0,0,0,0,0,0,0,0,0,0,0,0,0,0,0,0,0,0,0,0,0,0,0,0,0,0,0,0,0
725,0.015500249442501203,0.0004827196712075366,0.067908854000000005,0,0,0,0,0,0,0,0,0,0,0,0,0,0,0,0,0,0,0,0,0.4960079821600385,0.015331667526477659,0,0,0,0,0,0,0,0,0,0,0,0,0,0,0,0,0,0,0,0,0,0,0,0,0,0,0,0,0,0,0,0,0,0,0,0,0,0,0,0,0,0
726,0.015515430696072759,0.00048271997693963238,0.067990622000000001,0,0,0,0,0,0,0,0,0,0,0,0,0,0,0,0,0,0,0,0,0.4960079821600385,0.015331667526477659,0.00048580011428909104,9.7215006490736204e-09,0,0,0,0,0,0,0,0,0,0,0,0,0,0,0,0,0,0,0,0,0,0,0,0,0,0,0,0,0,0,0,0,0,0,0,0,0,0,0,0
727,0.015773177153712559,0.00048283630621619481,0.067928873000000001,0,0,0,0,0,0,0,0,0,0,0,0,0,0,0,0,0,0,0,0,0.4960079821600385,0.015331667526477659,0.0087336867587652651,3.7086957108843834e-06,0,0,0,0,0,0,0,0,0,0,0,0,0,0,0,0,0,0,0,0,0,0,0,0,0,0,0,0,0,0,0,0,0,0,0,0,0,0,0,0
728,0.016039257392886957,0.00048319438260901559,0.067716480999999995,0,0,0,0,0,0,0,0,0,0,0,0,0,0,0,0,0,0,0,0,0.4960079821600385,0.015331667526477659,0.017248254412343247,1.5094611462088011e-05,0,0,0,0,0,0,0,0,0,0,0,0,0,0,0,0,0,0,0,0,0,0,0,0,0,0,0,0,0,0,0,0,0,0,0,0,0,0,0,0
729,0.01656909158851342,0.00048462680219778698,0.067765466999999996,0,0,0,0,0,0,0,0,0,0,0,0,0,0,0,0,0,0,0,0,0.4960079821600385,0.015331667526477659,0.034202948672391688,6.0641899932139298e-05,0,0,0,0,0,0,0,0,0,0,0,0,0,0,0,0,0,0,0,0,0,0,0,0,0,0,0,0,0,0,0,0,0,0,0,0,0,0,0,0
730,0.050593880767514428,0.0024354608154736617,0.067866983000000006,0,0,0,0,0,0,0,0,0,0,0,0,0,0,0,0,0,0,0,0,0.4960079821600385,0.015331667526477659,1.1229962024004203,0.062092186467176409,0,0,0,0,0,0,0,0,0,0,0,0,0,0,0,0,0,0,0,0,0,0,0,0,0,0,0,0,0,0,0,0,0,0,0,0,0,0,0,0
731,0.15583592546461741,0.031318548620889494,0.067884938000000006,0,0,0,0,0,0,0,0,0,0,0,0,0,0,0,0,0,0,0,0,0.4960079821600385,0.015331667526477659,4.4907416327077199,0.98050069085484104,0,0,0,0,0,0,0,0,0,0,0,0,0,0,0,0,0,0,0,0,0,0,0,0,0,0,0,0,0,0,0,0,0,0,0,0,0,0,0,0
732,0.031079562593866895,0.0019418834702766726,0.067689298999999994,0,0,0,0,0,0,0,0,0,0,0,0,0,0,0,0,0,0,0,0,0.99454600300374063,0.061676193279980376,0,0,0,0,0,0,0,0,0,0,0,0,0,0,0,0,0,0,0,0,0,0,0,0,0,0,0,0,0,0,0,0,0,0,0,0,0,0,0,0,0,0
733,0.031094743847438457,0.0019418837760087682,0.067868406000000006,0,0,0,0,0,0,0,0,0,0,0,0,0,0,0,0,0,0,0,0,0.99454600300374063,0.061676193279980376,0.00048580011428909104,9.7215006490736204e-09,0,0,0,0,0,0,0,0,0,0,0,0,0,0,0,0,0,0,0,0,0,0,0,0,0,0,0,0,0,0,0,0,0,0,0,0,0,0,0,0
734,0.031618570544252649,0.0019423581816781514,0.067944072999999994,0,0,0,0,0,0,0,0,0,0,0,0,0,0,0,0,0,0,0,0,0.99454600300374063,0.061676193279980376,0.017248254412343247,1.5094611462088011e-05,0,0,0,0,0,0,0,0,0,0,0,0,0,0,0,0,0,0,0,0,0,0,0,0,0,0,0,0,0,0,0,0,0,0,0,0,0,0,0,0
735,0.032148404739878893,0.0019437906012669229,0.067900729000000007,0,0,0,0,0,0,0,0,0,0,0,0,0,0,0,0,0,0,0,0,0.99454600300374063,0.061676193279980376,0.034202948672391688,6.0641899932139298e-05,0,0,0,0,0,0,0,0,0,0,0,0,0,0,0,0,0,0,0,0,0,0,0,0,0,0,0,0,0,0,0,0,0,0,0,0,0,0,0,0
736,0.039828828827771862,0.0020635123396402322,0.067971666,0,0,0,0,0,0,0,0,0,0,0,0,0,0,0,0,0,0,0,0,0.99454600300374063,0.061676193279980376,0.27997651948496266,0.0038674877407533954,0,0,0,0,0,0,0,0,0,0,0,0,0,0,0,0,0,0,0,0,0,0,0,0,0,0,0,0,0,0,0,0,0,0,0,0,0,0,0,0
737,0.048566338810602266,0.0024278623681313668,0.068037904999999996,0,0,0,0,0,0,0,0,0,0,0,0,0,0,0,0,0,0,0,0,0.99454600300374063,0.061676193279980376,0.55957683893553134,0.015452889100693906,0,0,0,0,0,0,0,0,0,0,0,0,0,0,0,0,0,0,0,0,0,0,0,0,0,0,0,0,0,0,0,0,0,0,0,0,0,0,0,0
738,0.1013090541240135,0.0097581940189563204,0.067808700999999999,0,0,0,0,0,0,0,0,0,0,0,0,0,0,0,0,0,0,0,0,0.99454600300374063,0.061676193279980376,2.2473437289646836,0.24853873412718561,0,0,0,0,0,0,0,0,0,0,0,0,0,0,0,0,0,0,0,0,0,0,0,0,0,0,0,0,0,0,0,0,0,0,0,0,0,0,0,0
739,0.17141523861598312,0.032777712419958631,0.067707345000000002,0,0,0,0,0,0,0,0,0,0,0,0,0,0,0,0,0,0,0,0,0.99454600300374063,0.061676193279980376,4.4907416327077199,0.98050069085484104,0,0,0,0,0,0,0,0,0,0,0,0,0,0,0,0,0,0,0,0,0,0,0,0,0,0,0,0,0,0,0,0,0,0,0,0,0,0,0,0
740,0.062329562593867266,0.033390947440642672,0.067812208999999998,0,0,0,0,0,0,0,0,0,0,0,0,0,0,0,0,0,0,0,0,0.99454600300374063,0.061676193279980376,1,1,0,0,0,0,0,0,0,0,0,0,0,0,0,0,0,0,0,0,0,0,0,0,0,0,0,0,0,0,0,0,0,0,0,0,0,0,0,0,0,0
741,0.061902254648577369,0.0077702590116675799,0.067871142999999995,0,0,0,0,0,0,0,0,0,0,0,0,0,0,0,0,0,0,0,0,1.9808721487544758,0.24679132603710693,0,0,0,0,0,0,0,0,0,0,0,0,0,0,0,0,0,0,0,0,0,0,0,0,0,0,0,0,0,0,0,0,0,0,0,0,0,0,0,0,0,0
742,0.061931638410724563,0.0077702605510521303,0.067645796999999994,0,0,0,0,0,0,0,0,0,0,0,0,0,0,0,0,0,0,0,0,1.9808721487544758,0.24679132603710693,0.0009402803887138539,4.8948501354341867e-08,0,0,0,0,0,0,0,0,0,0,0,0,0,0,0,0,0,0,0,0,0,0,0,0,0,0,0,0,0,0,0,0,0,0,0,0,0,0,0,0
743,0.062032785759274497,0.0077702876050546503,0.067857606000000001,0,0,0,0,0,0,0,0,0,0,0,0,0,0,0,0,0,0,0,0,1.9808721487544758,0.24679132603710693,0.004176995542310543,9.0919676011003764e-07,0,0,0,0,0,0,0,0,0,0,0,0,0,0,0,0,0,0,0,0,0,0,0,0,0,0,0,0,0,0,0,0,0,0,0,0,0,0,0,0
744,0.062971096794589718,0.0077721661426578305,0.068035590000000007,0,0,0,0,0,0,0,0,0,0,0,0,0,0,0,0,0,0,0,0,1.9808721487544758,0.24679132603710693,0.034202948672391688,6.0641899932139298e-05,0,0,0,0,0,0,0,0,0,0,0,0,0,0,0,0,0,0,0,0,0,0,0,0,0,0,0,0,0,0,0,0,0,0,0,0,0,0,0,0
745,0.096995885973590018,0.0097230001559337059,0.067996374999999998,0,0,0,0,0,0,0,0,0,0,0,0,0,0,0,0,0,0,0,0,1.9808721487544758,0.24679132603710693,1.1229962024004203,0.062092186467176409,0,0,0,0,0,0,0,0,0,0,0,0,0,0,0,0,0,0,0,0,0,0,0,0,0,0,0,0,0,0,0,0,0,0,0,0,0,0,0,0
746,0.12349007923981319,0.030898611799950362,0.067646839,0,0,0,0,0,0,0,0,0,0,0,0,0,0,0,0,0,0,0,0,3.9516825356740219,0.98137132460646692,0,0,0,0,0,0,0,0,0,0,0,0,0,0,0,0,0,0,0,0,0,0,0,0,0,0,0,0,0,0,0,0,0,0,0,0,0,0,0,0,0,0
747,0.123493688914748,0.030898611844671835,0.068060198000000002,0,0,0,0,0,0,0,0,0,0,0,0,0,0,0,0,0,0,0,0,3.9516825356740219,0.98137132460646692,0.00011550959792875356,1.4220287590021426e-09,0,0,0,0,0,0,0,0,0,0,0,0,0,0,0,0,0,0,0,0,0,0,0,0,0,0,0,0,0,0,0,0,0,0,0,0,0,0,0,0
748,0.12402908719019927,0.030899086511351842,0.068037424999999999,0,0,0,0,0,0,0,0,0,0,0,0,0,0,0,0,0,0,0,0,3.9516825356740219,0.98137132460646692,0.017248254412343247,1.5094611462088011e-05,0,0,0,0,0,0,0,0,0,0,0,0,0,0,0,0,0,0,0,0,0,0,0,0,0,0,0,0,0,0,0,0,0,0,0,0,0,0,0,0
749,0.12455892138582565,0.030900518930940611,0.067671797000000006,0,0,0,0,0,0,0,0,0,0,0,0,0,0,0,0,0,0,0,0,3.9516825356740219,0.98137132460646692,0.034202948672391688,6.0641899932139298e-05,0,0,0,0,0,0,0,0,0,0,0,0,0,0,0,0,0,0,0,0,0,0,0,0,0,0,0,0,0,0,0,0,0,0,0,0,0,0,0,0
750,0.12564560068192346,0.030906236782775848,0.067868497999999999,0,0,0,0,0,0,0,0,0,0,0,0,0,0,0,0,0,0,0,0,3.9516825356740219,0.98137132460646692,0.06897668614751451,0.00024245500065347097,0,0,0,0,0,0,0,0,0,0,0,0,0,0,0,0,0,0,0,0,0,0,0,0,0,0,0,0,0,0,0,0,0,0,0,0,0,0,0,0
751,0.14097685545654792,0.031384590697805054,0.067808031000000005,0,0,0,0,0,0,0,0,0,0,0,0,0,0,0,0,0,0,0,0,3.9516825356740219,0.98137132460646692,0.55957683893553134,0.015452889100693906,0,0,0,0,0,0,0,0,0,0,0,0,0,0,0,0,0,0,0,0,0,0,0,0,0,0,0,0,0,0,0,0,0,0,0,0,0,0,0,0
752,0.26382575526192836,0.061734440749632316,0.067752854000000001,0,0,0,0,0,0,0,0,0,0,0,0,0,0,0,0,0,0,0,0,3.9516825356740219,0.98137132460646692,4.4907416327077199,0.98050069085484104,0,0,0,0,0,0,0,0,0,0,0,0,0,0,0,0,0,0,0,0,0,0,0,0,0,0,0,0,0,0,0,0,0,0,0,0,0,0,0,0
753,0.03125,0.031485138219563127,0.067851715000000007,0,0,0,0,0,0,0,0,0,0,0,0,0,0,0,0,0,0,0,0,1,1,0,0,0,0,0,0,0,0,0,0,0,0,0,0,0,0,0,0,0,0,0,0,0,0,0,0,0,0,0,0,0,0,0,0,0,0,0,0,0,0,0,0
754,0.031253609674935241,0.031485138264284597,0.067962610000000007,0,0,0,0,0,0,0,0,0,0,0,0,0,0,0,0,0,0,0,0,1,1,0.00011550959792875356,1.4220287590021426e-09,0,0,0,0,0,0,0,0,0,0,0,0,0,0,0,0,0,0,0,0,0,0,0,0,0,0,0,0,0,0,0,0,0,0,0,0,0,0,0,0
755,0.031279383762147304,0.031485139758947678,0.067902703999999994,0,0,0,0,0,0,0,0,0,0,0,0,0,0,0,0,0,0,0,0,1,1,0.0009402803887138539,4.8948501354341867e-08,0,0,0,0,0,0,0,0,0,0,0,0,0,0,0,0,0,0,0,0,0,0,0,0,0,0,0,0,0,0,0,0,0,0,0,0,0,0,0,0
756,0.031522927711211408,0.031485254854571786,0.067900710000000003,0,0,0,0,0,0,0,0,0,0,0,0,0,0,0,0,0,0,0,0,1,1,0.0087336867587652651,3.7086957108843834e-06,0,0,0,0,0,0,0,0,0,0,0,0,0,0,0,0,0,0,0,0,0,0,0,0,0,0,0,0,0,0,0,0,0,0,0,0,0,0,0,0
757,0.035559994942921967,0.031515251233750367,0.068092300999999994,0,0,0,0,0,0,0,0,0,0,0,0,0,0,0,0,0,0,0,0,1,1,0.13791983817350897,0.00095751702548657483,0,0,0,0,0,0,0,0,0,0,0,0,0,0,0,0,0,0,0,0,0,0,0,0,0,0,0,0,0,0,0,0,0,0,0,0,0,0,0,0
758,0.03999926623390495,0.031606767088926686,0.067993520000000002,0,0,0,0,0,0,0,0,0,0,0,0,0,0,0,0,0,0,0,0,1,1,0.27997651948496266,0.0038674877407533954,0,0,0,0,0,0,0,0,0,0,0,0,0,0,0,0,0,0,0,0,0,0,0,0,0,0,0,0,0,0,0,0,0,0,0,0,0,0,0,0
759,0.048736776216735209,0.031971117117417819,0.067711553999999993,0,0,0,0,0,0,0,0,0,0,0,0,0,0,0,0,0,0,0,0,1,1,0.55957683893553134,0.015452889100693906,0,0,0,0,0,0,0,0,0,0,0,0,0,0,0,0,0,0,0,0,0,0,0,0,0,0,0,0,0,0,0,0,0,0,0,0,0,0,0,0
760,0.066343631325013058,0.033437879363829248,0.067793071999999996,0,0,0,0,0,0,0,0,0,0,0,0,0,0,0,0,0,0,0,0,1,1,1.1229962024004203,0.062092186467176409,0,0,0,0,0,0,0,0,0,0,0,0,0,0,0,0,0,0,0,0,0,0,0,0,0,0,0,0,0,0,0,0,0,0,0,0,0,0,0,0
761,0.17158567602211622,0.062320967169245081,0.068053387000000007,0,0,0,0,0,0,0,0,0,0,0,0,0,0,0,0,0,0,0,0,1,1,4.4907416327077199,0.98050069085484104,0,0,0,0,0,0,0,0,0,0,0,0,0,0,0,0,0,0,0,0,0,0,0,0,0,0,0,0,0,0,0,0,0,0,0,0,0,0,0,0
762,0.0625,0.062934202189929123,0.067664394000000003,0,0,0,0,0,0,0,0,0,0,0,0,0,0,0,0,0,0,0,0,1,1,1,1,0,0,0,0,0,0,0,0,0,0,0,0,0,0,0,0,0,0,0,0,0,0,0,0,0,0,0,0,0,0,0,0,0,0,0,0,0,0,0,0
763,3.9761168374010556e-06,4.4249893725099247e-11,0.067613296000000003,0,0,0,0,0,0,0,0,0,0,0,0,0,0,0,0,0,0,0,0,0,0,0,0,0,0,0.00012723573879683378,1.4065149298363086e-09,0,0,0,0,0,0,0,0,0,0,0,0,0,0,0,0,0,0,0,0,0,0,0,0,0,0,0,0,0,0,0,0,0,0,0,0
764,1.1756067328725132e-05,3.0665778925535033e-10,0.067651820000000001,0,0,0,0,0,0,0,0,0,0,0,0,0,0,0,0,0,0,0,0,0,0,0,0,0,0,0.00037619415451920423,9.7473399962901086e-09,0,0,0,0,0,0,0,0,0,0,0,0,0,0,0,0,0,0,0,0,0,0,0,0,0,0,0,0,0,0,0,0,0,0,0,0
765,2.5136989331960042e-05,1.527874512862589e-09,0.067853650000000001,0,0,0,0,0,0,0,0,0,0,0,0,0,0,0,0,0,0,0,0,0,0,0,0,0,0,0.00080438365862272134,4.8564598292779039e-08,0,0,0,0,0,0,0,0,0,0,0,0,0,0,0,0,0,0,0,0,0,0,0,0,0,0,0,0,0,0,0,0,0,0,0,0
766,5.8419853647063868e-05,6.7522787801022525e-09,0.067567165999999998,0,0,0,0,0,0,0,0,0,0,0,0,0,0,0,0,0,0,0,0,0,0,0,0,0,0,0.0018694353167060438,2.1462607285865101e-07,0,0,0,0,0,0,0,0,0,0,0,0,0,0,0,0,0,0,0,0,0,0,0,0,0,0,0,0,0,0,0,0,0,0,0,0
767,0.00012520248552007395,2.8372286061995621e-08,0.067662260000000002,0,0,0,0,0,0,0,0,0,0,0,0,0,0,0,0,0,0,0,0,0,0,0,0,0,0,0.0040064795366423663,9.0183366739134345e-07,0,0,0,0,0,0,0,0,0,0,0,0,0,0,0,0,0,0,0,0,0,0,0,0,0,0,0,0,0,0,0,0,0,0,0,0
768,0.00025549601393919178,1.1743838831548704e-07,0.067826748000000006,0,0,0,0,0,0,0,0,0,0,0,0,0,0,0,0,0,0,0,0,0,0,0,0,0,0,0.008175872446054137,3.7328642533655249e-06,0,0,0,0,0,0,0,0,0,0,0,0,0,0,0,0,0,0,0,0,0,0,0,0,0,0,0,0,0,0,0,0,0,0,0,0
769,0.00052102980882998509,4.7563215207997548e-07,0.067819773999999999,0,0,0,0,0,0,0,0,0,0,0,0,0,0,0,0,0,0,0,0,0,0,0,0,0,0,0.016672953882559523,1.5118312535770022e-05,0,0,0,0,0,0,0,0,0,0,0,0,0,0,0,0,0,0,0,0,0,0,0,0,0,0,0,0,0,0,0,0,0,0,0,0
770,0.0010254439779557674,1.913137815077797e-06,0.06769348,0,0,0,0,0,0,0,0,0,0,0,0,0,0,0,0,0,0,0,0,0,0,0,0,0,0,0.032814207294584556,6.0810471465947041e-05,0,0,0,0,0,0,0,0,0,0,0,0,0,0,0,0,0,0,0,0,0,0,0,0,0,0,0,0,0,0,0,0,0,0,0,0
771,0.0020456199287412513,7.6348573023626909e-06,0.067674644000000006,0,0,0,0,0,0,0,0,0,0,0,0,0,0,0,0,0,0,0,0,0,0,0,0,0,0,0.06545983771972004,0.00024267947059162802,0,0,0,0,0,0,0,0,0,0,0,0,0,0,0,0,0,0,0,0,0,0,0,0,0,0,0,0,0,0,0,0,0,0,0,0
772,0.0040899155338235257,3.0618422081456616e-05,0.067699291999999994,0,0,0,0,0,0,0,0,0,0,0,0,0,0,0,0,0,0,0,0,0,0,0,0,0,0,0.13087729708235282,0.0009732287280312976,0,0,0,0,0,0,0,0,0,0,0,0,0,0,0,0,0,0,0,0,0,0,0,0,0,0,0,0,0,0,0,0,0,0,0,0
773,0.0082103400256550354,0.00012411176080212032,0.067692487999999995,0,0,0,0,0,0,0,0,0,0,0,0,0,0,0,0,0,0,0,0,0,0,0,0,0,0,0.26273088082096113,0.0039449822325209093,0,0,0,0,0,0,0,0,0,0,0,0,0,0,0,0,0,0,0,0,0,0,0,0,0,0,0,0,0,0,0,0,0,0,0,0
774,0.016456804758042613,0.00049371181619641067,0.067752134000000006,0,0,0,0,0,0,0,0,0,0,0,0,0,0,0,0,0,0,0,0,0,0,0,0,0,0,0.52661775225736362,0.015692987757911132,0,0,0,0,0,0,0,0,0,0,0,0,0,0,0,0,0,0,0,0,0,0,0,0,0,0,0,0,0,0,0,0,0,0,0,0
775,0.032832243749686379,0.0019574054093454947,0.067784395999999997,0,0,0,0,0,0,0,0,0,0,0,0,0,0,0,0,0,0,0,0,0,0,0,0,0,0,1.0506317999899641,0.062217549020353369,0,0,0,0,0,0,0,0,0,0,0,0,0,0,0,0,0,0,0,0,0,0,0,0,0,0,0,0,0,0,0,0,0,0,0,0
776,0.065893745881088428,0.0079127841633636654,0.067650006999999998,0,0,0,0,0,0,0,0,0,0,0,0,0,0,0,0,0,0,0,0,0,0,0,0,0,0,2.1085998681948297,0.25151357721861595,0,0,0,0,0,0,0,0,0,0,0,0,0,0,0,0,0,0,0,0,0,0,0,0,0,0,0,0,0,0,0,0,0,0,0,0
777,0.13170060812073342,0.03123712097711296,0.067695594999999997,0,0,0,0,0,0,0,0,0,0,0,0,0,0,0,0,0,0,0,0,0,0,0,0,0,0,4.2144194598634694,0.99289452065941153,0,0,0,0,0,0,0,0,0,0,0,0,0,0,0,0,0,0,0,0,0,0,0,0,0,0,0,0,0,0,0,0,0,0,0,0
778,0.03125,0.031460664075744355,0.067818693999999999,0,0,0,0,0,0,0,0,0,0,0,0,0,0,0,0,0,0,0,0,0,0,0,0,0,0,1,1,0,0,0,0,0,0,0,0,0,0,0,0,0,0,0,0,0,0,0,0,0,0,0,0,0,0,0,0,0,0,0,0,0,0,0,0
779,4.5087578631924959e-06,4.4249893725099247e-11,0.067744570000000004,0,0,0,0,0,0,0,0,0,0,0,0,0,0,0,0,0,0,0,0,0,0,0,0,0.00014428025162215987,1.4247429110236206e-09,0,0,0,0,0,0,0,0,0,0,0,0,0,0,0,0,0,0,0,0,0,0,0,0,0,0,0,0,0,0,0,0,0,0,0,0,0,0
780,1.6264825191917692e-05,3.5090768298044955e-10,0.067740432000000003,0,0,0,0,0,0,0,0,0,0,0,0,0,0,0,0,0,0,0,0,0,0,0,0,0.00014428025162215987,1.4247429110236206e-09,0.00037619415451920423,9.7473399962901086e-09,0,0,0,0,0,0,0,0,0,0,0,0,0,0,0,0,0,0,0,0,0,0,0,0,0,0,0,0,0,0,0,0,0,0,0,0
781,6.2928611510256363e-05,6.7965286738273518e-09,0.067671248000000003,0,0,0,0,0,0,0,0,0,0,0,0,0,0,0,0,0,0,0,0,0,0,0,0,0.00014428025162215987,1.4247429110236206e-09,0.0018694353167060438,2.1462607285865101e-07,0,0,0,0,0,0,0,0,0,0,0,0,0,0,0,0,0,0,0,0,0,0,0,0,0,0,0,0,0,0,0,0,0,0,0,0
782,0.00012971124338326649,2.8416535955720721e-08,0.067762555000000002,0,0,0,0,0,0,0,0,0,0,0,0,0,0,0,0,0,0,0,0,0,0,0,0,0.00014428025162215987,1.4247429110236206e-09,0.0040064795366423663,9.0183366739134345e-07,0,0,0,0,0,0,0,0,0,0,0,0,0,0,0,0,0,0,0,0,0,0,0,0,0,0,0,0,0,0,0,0,0,0,0,0
783,0.00052553856669317783,4.7567640197370053e-07,0.067658674000000002,0,0,0,0,0,0,0,0,0,0,0,0,0,0,0,0,0,0,0,0,0,0,0,0,0.00014428025162215987,1.4247429110236206e-09,0.016672953882559523,1.5118312535770022e-05,0,0,0,0,0,0,0,0,0,0,0,0,0,0,0,0,0,0,0,0,0,0,0,0,0,0,0,0,0,0,0,0,0,0,0,0
784,0.0010299527358189604,1.9131820649715221e-06,0.067634086999999996,0,0,0,0,0,0,0,0,0,0,0,0,0,0,0,0,0,0,0,0,0,0,0,0,0.00014428025162215987,1.4247429110236206e-09,0.032814207294584556,6.0810471465947041e-05,0,0,0,0,0,0,0,0,0,0,0,0,0,0,0,0,0,0,0,0,0,0,0,0,0,0,0,0,0,0,0,0,0,0,0,0
785,0.0082148487835182055,0.00012411180505201406,0.067829223999999994,0,0,0,0,0,0,0,0,0,0,0,0,0,0,0,0,0,0,0,0,0,0,0,0,0.00014428025162215987,1.4247429110236206e-09,0.26273088082096113,0.0039449822325209093,0,0,0,0,0,0,0,0,0,0,0,0,0,0,0,0,0,0,0,0,0,0,0,0,0,0,0,0,0,0,0,0,0,0,0,0
786,0.065898254638951728,0.0079127842076135591,0.067631680999999999,0,0,0,0,0,0,0,0,0,0,0,0,0,0,0,0,0,0,0,0,0,0,0,0,0.00014428025162215987,1.4247429110236206e-09,2.1085998681948297,0.25151357721861595,0,0,0,0,0,0,0,0,0,0,0,0,0,0,0,0,0,0,0,0,0,0,0,0,0,0,0,0,0,0,0,0,0,0,0,0
787,0.03125450875786321,0.03146066411999425,0.067713410000000002,0,0,0,0,0,0,0,0,0,0,0,0,0,0,0,0,0,0,0,0,0,0,0,0,0.00014428025162215987,1.4247429110236206e-09,1,1,0,0,0,0,0,0,0,0,0,0,0,0,0,0,0,0,0,0,0,0,0,0,0,0,0,0,0,0,0,0,0,0,0,0,0,0
788,1.3181604245037784e-05,3.0543517525860395e-10,0.067756322999999993,0,0,0,0,0,0,0,0,0,0,0,0,0,0,0,0,0,0,0,0,0,0,0,0,0.00042181133584120908,9.834297081715243e-09,0,0,0,0,0,0,0,0,0,0,0,0,0,0,0,0,0,0,0,0,0,0,0,0,0,0,0,0,0,0,0,0,0,0,0,0,0,0
789,2.4937671573763175e-05,6.1209296451395423e-10,0.067685677,0,0,0,0,0,0,0,0,0,0,0,0,0,0,0,0,0,0,0,0,0,0,0,0,0.00042181133584120908,9.834297081715243e-09,0.00037619415451920423,9.7473399962901086e-09,0,0,0,0,0,0,0,0,0,0,0,0,0,0,0,0,0,0,0,0,0,0,0,0,0,0,0,0,0,0,0,0,0,0,0,0
790,0.00026867761818423112,1.1774382349074564e-07,0.067799648000000004,0,0,0,0,0,0,0,0,0,0,0,0,0,0,0,0,0,0,0,0,0,0,0,0,0.00042181133584120908,9.834297081715243e-09,0.008175872446054137,3.7328642533655249e-06,0,0,0,0,0,0,0,0,0,0,0,0,0,0,0,0,0,0,0,0,0,0,0,0,0,0,0,0,0,0,0,0,0,0,0,0
791,0.0010386255822008056,1.9134432502530559e-06,0.067687529999999996,0,0,0,0,0,0,0,0,0,0,0,0,0,0,0,0,0,0,0,0,0,0,0,0,0.00042181133584120908,9.834297081715243e-09,0.032814207294584556,6.0810471465947041e-05,0,0,0,0,0,0,0,0,0,0,0,0,0,0,0,0,0,0,0,0,0,0,0,0,0,0,0,0,0,0,0,0,0,0,0,0
792,0.0041030971380685375,3.0618727516631875e-05,0.067666560000000001,0,0,0,0,0,0,0,0,0,0,0,0,0,0,0,0,0,0,0,0,0,0,0,0,0.00042181133584120908,9.834297081715243e-09,0.13087729708235282,0.0009732287280312976,0,0,0,0,0,0,0,0,0,0,0,0,0,0,0,0,0,0,0,0,0,0,0,0,0,0,0,0,0,0,0,0,0,0,0,0
793,3.3132879398296459e-05,1.5133778040440249e-09,0.067741275000000004,0,0,0,0,0,0,0,0,0,0,0,0,0,0,0,0,0,0,0,0,0,0,0,0,0.0010602521407454867,4.8727219807743904e-08,0,0,0,0,0,0,0,0,0,0,0,0,0,0,0,0,0,0,0,0,0,0,0,0,0,0,0,0,0,0,0,0,0,0,0,0,0,0
794,9.1552733045359704e-05,8.265656584146277e-09,0.067837680999999997,0,0,0,0,0,0,0,0,0,0,0,0,0,0,0,0,0,0,0,0,0,0,0,0,0.0010602521407454867,4.8727219807743904e-08,0.0018694353167060438,2.1462607285865101e-07,0,0,0,0,0,0,0,0,0,0,0,0,0,0,0,0,0,0,0,0,0,0,0,0,0,0,0,0,0,0,0,0,0,0,0,0
795,0.00055416268822828184,4.7714552988401953e-07,0.067796913,0,0,0,0,0,0,0,0,0,0,0,0,0,0,0,0,0,0,0,0,0,0,0,0,0.0010602521407454867,4.8727219807743904e-08,0.016672953882559523,1.5118312535770022e-05,0,0,0,0,0,0,0,0,0,0,0,0,0,0,0,0,0,0,0,0,0,0,0,0,0,0,0,0,0,0,0,0,0,0,0,0
796,0.0010585768573540646,1.9146511928818414e-06,0.067635790000000001,0,0,0,0,0,0,0,0,0,0,0,0,0,0,0,0,0,0,0,0,0,0,0,0,0.0010602521407454867,4.8727219807743904e-08,0.032814207294584556,6.0810471465947041e-05,0,0,0,0,0,0,0,0,0,0,0,0,0,0,0,0,0,0,0,0,0,0,0,0,0,0,0,0,0,0,0,0,0,0,0,0
797,0.016489937637440943,0.00049371332957421472,0.067726526999999995,0,0,0,0,0,0,0,0,0,0,0,0,0,0,0,0,0,0,0,0,0,0,0,0,0.0010602521407454867,4.8727219807743904e-08,0.52661775225736362,0.015692987757911132,0,0,0,0,0,0,0,0,0,0,0,0,0,0,0,0,0,0,0,0,0,0,0,0,0,0,0,0,0,0,0,0,0,0,0,0
798,0.06592687876048671,0.0079127856767414687,0.067821018999999996,0,0,0,0,0,0,0,0,0,0,0,0,0,0,0,0,0,0,0,0,0,0,0,0,0.0010602521407454867,4.8727219807743904e-08,2.1085998681948297,0.25151357721861595,0,0,0,0,0,0,0,0,0,0,0,0,0,0,0,0,0,0,0,0,0,0,0,0,0,0,0,0,0,0,0,0,0,0,0,0
799,0.13173374100013174,0.031237122490490765,0.067798726000000004,0,0,0,0,0,0,0,0,0,0,0,0,0,0,0,0,0,0,0,0,0,0,0,0,0.0010602521407454867,4.8727219807743904e-08,4.2144194598634694,0.99289452065941153,0,0,0,0,0,0,0,0,0,0,0,0,0,0,0,0,0,0,0,0,0,0,0,0,0,0,0,0,0,0,0,0,0,0,0,0
800,6.295969320896044e-05,6.6795157813816041e-09,0.067627144,0,0,0,0,0,0,0,0,0,0,0,0,0,0,0,0,0,0,0,0,0,0,0,0,0.0020147101826867341,2.1506475965152152e-07,0,0,0,0,0,0,0,0,0,0,0,0,0,0,0,0,0,0,0,0,0,0,0,0,0,0,0,0,0,0,0,0,0,0,0,0,0,0
801,0.00018816217872903485,3.5051801843377227e-08,0.067676979999999998,0,0,0,0,0,0,0,0,0,0,0,0,0,0,0,0,0,0,0,0,0,0,0,0,0.0020147101826867341,2.1506475965152152e-07,0.0040064795366423663,9.0183366739134345e-07,0,0,0,0,0,0,0,0,0,0,0,0,0,0,0,0,0,0,0,0,0,0,0,0,0,0,0,0,0,0,0,0,0,0,0,0
802,0.00031845570714815415,1.2411790409686864e-07,0.067639768000000003,0,0,0,0,0,0,0,0,0,0,0,0,0,0,0,0,0,0,0,0,0,0,0,0,0.0020147101826867341,2.1506475965152152e-07,0.008175872446054137,3.7328642533655249e-06,0,0,0,0,0,0,0,0,0,0,0,0,0,0,0,0,0,0,0,0,0,0,0,0,0,0,0,0,0,0,0,0,0,0,0,0
803,0.00058398950203894767,4.8231166786135701e-07,0.067599901000000004,0,0,0,0,0,0,0,0,0,0,0,0,0,0,0,0,0,0,0,0,0,0,0,0,0.0020147101826867341,2.1506475965152152e-07,0.016672953882559523,1.5118312535770022e-05,0,0,0,0,0,0,0,0,0,0,0,0,0,0,0,0,0,0,0,0,0,0,0,0,0,0,0,0,0,0,0,0,0,0,0,0
804,0.0010884036711647301,1.9198173308591788e-06,0.067675358000000005,0,0,0,0,0,0,0,0,0,0,0,0,0,0,0,0,0,0,0,0,0,0,0,0,0.0020147101826867341,2.1506475965152152e-07,0.032814207294584556,6.0810471465947041e-05,0,0,0,0,0,0,0,0,0,0,0,0,0,0,0,0,0,0,0,0,0,0,0,0,0,0,0,0,0,0,0,0,0,0,0,0
805,0.032895203442895385,0.0019574120888612759,0.067728882000000004,0,0,0,0,0,0,0,0,0,0,0,0,0,0,0,0,0,0,0,0,0,0,0,0,0.0020147101826867341,2.1506475965152152e-07,1.0506317999899641,0.062217549020353369,0,0,0,0,0,0,0,0,0,0,0,0,0,0,0,0,0,0,0,0,0,0,0,0,0,0,0,0,0,0,0,0,0,0,0,0
806,0.065956705574297489,0.0079127908428794462,0.067808877000000004,0,0,0,0,0,0,0,0,0,0,0,0,0,0,0,0,0,0,0,0,0,0,0,0,0.0020147101826867341,2.1506475965152152e-07,2.1085998681948297,0.25151357721861595,0,0,0,0,0,0,0,0,0,0,0,0,0,0,0,0,0,0,0,0,0,0,0,0,0,0,0,0,0,0,0,0,0,0,0,0
807,0.13176356781394241,0.031237127656628741,0.067678584999999999,0,0,0,0,0,0,0,0,0,0,0,0,0,0,0,0,0,0,0,0,0,0,0,0,0.0020147101826867341,2.1506475965152152e-07,4.2144194598634694,0.99289452065941153,0,0,0,0,0,0,0,0,0,0,0,0,0,0,0,0,0,0,0,0,0,0,0,0,0,0,0,0,0,0,0,0,0,0,0,0
808,0.0001183082763271597,2.8362679809164044e-08,0.067829676000000005,0,0,0,0,0,0,0,0,0,0,0,0,0,0,0,0,0,0,0,0,0,0,0,0,0.0037858648424691104,9.1321184287541731e-07,0,0,0,0,0,0,0,0,0,0,0,0,0,0,0,0,0,0,0,0,0,0,0,0,0,0,0,0,0,0,0,0,0,0,0,0,0,0
809,0.00013006434365588442,2.8669337598419395e-08,0.067870286000000002,0,0,0,0,0,0,0,0,0,0,0,0,0,0,0,0,0,0,0,0,0,0,0,0,0.0037858648424691104,9.1321184287541731e-07,0.00037619415451920423,9.7473399962901086e-09,0,0,0,0,0,0,0,0,0,0,0,0,0,0,0,0,0,0,0,0,0,0,0,0,0,0,0,0,0,0,0,0,0,0,0,0
810,0.00017672812997422476,3.5114958589266296e-08,0.067624320000000002,0,0,0,0,0,0,0,0,0,0,0,0,0,0,0,0,0,0,0,0,0,0,0,0,0.0037858648424691104,9.1321184287541731e-07,0.0018694353167060438,2.1462607285865101e-07,0,0,0,0,0,0,0,0,0,0,0,0,0,0,0,0,0,0,0,0,0,0,0,0,0,0,0,0,0,0,0,0,0,0,0,0
811,0.00024351076184723363,5.6734965871159665e-08,0.067793266000000005,0,0,0,0,0,0,0,0,0,0,0,0,0,0,0,0,0,0,0,0,0,0,0,0,0.0037858648424691104,9.1321184287541731e-07,0.0040064795366423663,9.0183366739134345e-07,0,0,0,0,0,0,0,0,0,0,0,0,0,0,0,0,0,0,0,0,0,0,0,0,0,0,0,0,0,0,0,0,0,0,0,0
812,0.00037380429026635174,1.4580106812465109e-07,0.067734411999999994,0,0,0,0,0,0,0,0,0,0,0,0,0,0,0,0,0,0,0,0,0,0,0,0,0.0037858648424691104,9.1321184287541731e-07,0.008175872446054137,3.7328642533655249e-06,0,0,0,0,0,0,0,0,0,0,0,0,0,0,0,0,0,0,0,0,0,0,0,0,0,0,0,0,0,0,0,0,0,0,0,0
813,0.00063933808515714353,5.0399483188913954e-07,0.067595643999999996,0,0,0,0,0,0,0,0,0,0,0,0,0,0,0,0,0,0,0,0,0,0,0,0,0.0037858648424691104,9.1321184287541731e-07,0.016672953882559523,1.5118312535770022e-05,0,0,0,0,0,0,0,0,0,0,0,0,0,0,0,0,0,0,0,0,0,0,0,0,0,0,0,0,0,0,0,0,0,0,0,0
814,0.0021639282050684109,7.663219982171855e-06,0.068641217000000004,0,0,0,0,0,0,0,0,0,0,0,0,0,0,0,0,0,0,0,0,0,0,0,0,0.0037858648424691104,9.1321184287541731e-07,0.06545983771972004,0.00024267947059162802,0,0,0,0,0,0,0,0,0,0,0,0,0,0,0,0,0,0,0,0,0,0,0,0,0,0,0,0,0,0,0,0,0,0,0,0
815,0.016575113034369759,0.00049374017887621983,0.068073728999999999,0,0,0,0,0,0,0,0,0,0,0,0,0,0,0,0,0,0,0,0,0,0,0,0,0.0037858648424691104,9.1321184287541731e-07,0.52661775225736362,0.015692987757911132,0,0,0,0,0,0,0,0,0,0,0,0,0,0,0,0,0,0,0,0,0,0,0,0,0,0,0,0,0,0,0,0,0,0,0,0
816,0.03136830827632734,0.031460692438424163,0.067784068000000003,0,0,0,0,0,0,0,0,0,0,0,0,0,0,0,0,0,0,0,0,0,0,0,0,0.0037858648424691104,9.1321184287541731e-07,1,1,0,0,0,0,0,0,0,0,0,0,0,0,0,0,0,0,0,0,0,0,0,0,0,0,0,0,0,0,0,0,0,0,0,0,0,0
817,0.00021973571233582909,1.1728514238395201e-07,0.067527381999999997,0,0,0,0,0,0,0,0,0,0,0,0,0,0,0,0,0,0,0,0,0,0,0,0,0.0070315427947465307,3.7763068137076484e-06,0,0,0,0,0,0,0,0,0,0,0,0,0,0,0,0,0,0,0,0,0,0,0,0,0,0,0,0,0,0,0,0,0,0,0,0,0,0
818,0.00024487270166778983,1.1881301689681459e-07,0.067603019,0,0,0,0,0,0,0,0,0,0,0,0,0,0,0,0,0,0,0,0,0,0,0,0,0.0070315427947465307,3.7763068137076484e-06,0.00080438365862272134,4.8564598292779039e-08,0,0,0,0,0,0,0,0,0,0,0,0,0,0,0,0,0,0,0,0,0,0,0,0,0,0,0,0,0,0,0,0,0,0,0,0
819,0.00027815556598289362,1.2403742116405425e-07,0.067860726999999996,0,0,0,0,0,0,0,0,0,0,0,0,0,0,0,0,0,0,0,0,0,0,0,0,0.0070315427947465307,3.7763068137076484e-06,0.0018694353167060438,2.1462607285865101e-07,0,0,0,0,0,0,0,0,0,0,0,0,0,0,0,0,0,0,0,0,0,0,0,0,0,0,0,0,0,0,0,0,0,0,0,0
820,0.00074076552116580951,5.9291729446392748e-07,0.067577891000000001,0,0,0,0,0,0,0,0,0,0,0,0,0,0,0,0,0,0,0,0,0,0,0,0,0.0070315427947465307,3.7763068137076484e-06,0.016672953882559523,1.5118312535770022e-05,0,0,0,0,0,0,0,0,0,0,0,0,0,0,0,0,0,0,0,0,0,0,0,0,0,0,0,0,0,0,0,0,0,0,0,0
821,0.0022653556410770813,7.7521424447466427e-06,0.067698342999999994,0,0,0,0,0,0,0,0,0,0,0,0,0,0,0,0,0,0,0,0,0,0,0,0,0.0070315427947465307,3.7763068137076484e-06,0.06545983771972004,0.00024267947059162802,0,0,0,0,0,0,0,0,0,0,0,0,0,0,0,0,0,0,0,0,0,0,0,0,0,0,0,0,0,0,0,0,0,0,0,0
822,0.0084300757379908269,0.00012422904594450428,0.067708272999999999,0,0,0,0,0,0,0,0,0,0,0,0,0,0,0,0,0,0,0,0,0,0,0,0,0.0070315427947465307,3.7763068137076484e-06,0.26273088082096113,0.0039449822325209093,0,0,0,0,0,0,0,0,0,0,0,0,0,0,0,0,0,0,0,0,0,0,0,0,0,0,0,0,0,0,0,0,0,0,0,0
823,0.016676540470378459,0.00049382910133879455,0.067687091000000005,0,0,0,0,0,0,0,0,0,0,0,0,0,0,0,0,0,0,0,0,0,0,0,0,0.0070315427947465307,3.7763068137076484e-06,0.52661775225736362,0.015692987757911132,0,0,0,0,0,0,0,0,0,0,0,0,0,0,0,0,0,0,0,0,0,0,0,0,0,0,0,0,0,0,0,0,0,0,0,0
824,0.031469735712336029,0.031460781360886737,0.067571206999999994,0,0,0,0,0,0,0,0,0,0,0,0,0,0,0,0,0,0,0,0,0,0,0,0,0.0070315427947465307,3.7763068137076484e-06,1,1,0,0,0,0,0,0,0,0,0,0,0,0,0,0,0,0,0,0,0,0,0,0,0,0,0,0,0,0,0,0,0,0,0,0,0,0
825,0.00046541567767278594,4.7182252179794224e-07,0.067700687999999995,0,0,0,0,0,0,0,0,0,0,0,0,0,0,0,0,0,0,0,0,0,0,0,0,0.01489330168552915,1.5191579834498194e-05,0,0,0,0,0,0,0,0,0,0,0,0,0,0,0,0,0,0,0,0,0,0,0,0,0,0,0,0,0,0,0,0,0,0,0,0,0,0
826,0.00047717174500151076,4.7212917958719756e-07,0.067887409999999995,0,0,0,0,0,0,0,0,0,0,0,0,0,0,0,0,0,0,0,0,0,0,0,0,0.01489330168552915,1.5191579834498194e-05,0.00037619415451920423,9.7473399962901086e-09,0,0,0,0,0,0,0,0,0,0,0,0,0,0,0,0,0,0,0,0,0,0,0,0,0,0,0,0,0,0,0,0,0,0,0,0
827,0.13216602379840625,0.031237592799634759,0.067545887999999998,0,0,0,0,0,0,0,0,0,0,0,0,0,0,0,0,0,0,0,0,0,0,0,0,0.01489330168552915,1.5191579834498194e-05,4.2144194598634694,0.99289452065941153,0,0,0,0,0,0,0,0,0,0,0,0,0,0,0,0,0,0,0,0,0,0,0,0,0,0,0,0,0,0,0,0,0,0,0,0
828,0.031715415677672824,0.03146113589826615,0.067642004000000006,0,0,0,0,0,0,0,0,0,0,0,0,0,0,0,0,0,0,0,0,0,0,0,0,0.01489330168552915,1.5191579834498194e-05,1,1,0,0,0,0,0,0,0,0,0,0,0,0,0,0,0,0,0,0,0,0,0,0,0,0,0,0,0,0,0,0,0,0,0,0,0,0
829,0.00091269037708664106,1.8733456069166637e-06,0.067813497,0,0,0,0,0,0,0,0,0,0,0,0,0,0,0,0,0,0,0,0,0,0,0,0,0.029206092066772514,6.0317339741718725e-05,0,0,0,0,0,0,0,0,0,0,0,0,0,0,0,0,0,0,0,0,0,0,0,0,0,0,0,0,0,0,0,0,0,0,0,0,0,0
830,0.00091666649392404425,1.8733898568103888e-06,0.067782907000000003,0,0,0,0,0,0,0,0,0,0,0,0,0,0,0,0,0,0,0,0,0,0,0,0,0.029206092066772514,6.0317339741718725e-05,0.00012723573879683378,1.4065149298363086e-09,0,0,0,0,0,0,0,0,0,0,0,0,0,0,0,0,0,0,0,0,0,0,0,0,0,0,0,0,0,0,0,0,0,0,0,0
831,0.0010378928626067208,1.9017178929786594e-06,0.067791042999999995,0,0,0,0,0,0,0,0,0,0,0,0,0,0,0,0,0,0,0,0,0,0,0,0,0.029206092066772514,6.0317339741718725e-05,0.0040064795366423663,9.0183366739134345e-07,0,0,0,0,0,0,0,0,0,0,0,0,0,0,0,0,0,0,0,0,0,0,0,0,0,0,0,0,0,0,0,0,0,0,0,0
832,0.0029583103058278938,9.5082029092793542e-06,0.067762759000000006,0,0,0,0,0,0,0,0,0,0,0,0,0,0,0,0,0,0,0,0,0,0,0,0,0.029206092066772514,6.0317339741718725e-05,0.06545983771972004,0.00024267947059162802,0,0,0,0,0,0,0,0,0,0,0,0,0,0,0,0,0,0,0,0,0,0,0,0,0,0,0,0,0,0,0,0,0,0,0,0
833,0.0050026059109101783,3.2491767688373277e-05,0.067768599999999998,0,0,0,0,0,0,0,0,0,0,0,0,0,0,0,0,0,0,0,0,0,0,0,0,0.029206092066772514,6.0317339741718725e-05,0.13087729708235282,0.0009732287280312976,0,0,0,0,0,0,0,0,0,0,0,0,0,0,0,0,0,0,0,0,0,0,0,0,0,0,0,0,0,0,0,0,0,0,0,0
834,0.0091230304027416793,0.000125985106409037,0.067627066999999999,0,0,0,0,0,0,0,0,0,0,0,0,0,0,0,0,0,0,0,0,0,0,0,0,0.029206092066772514,6.0317339741718725e-05,0.26273088082096113,0.0039449822325209093,0,0,0,0,0,0,0,0,0,0,0,0,0,0,0,0,0,0,0,0,0,0,0,0,0,0,0,0,0,0,0,0,0,0,0,0
835,0.017369495135129264,0.00049558516180332735,0.067704607,0,0,0,0,0,0,0,0,0,0,0,0,0,0,0,0,0,0,0,0,0,0,0,0,0.029206092066772514,6.0317339741718725e-05,0.52661775225736362,0.015692987757911132,0,0,0,0,0,0,0,0,0,0,0,0,0,0,0,0,0,0,0,0,0,0,0,0,0,0,0,0,0,0,0,0,0,0,0,0
836,0.03374493412677293,0.0019592787549524114,0.067751538,0,0,0,0,0,0,0,0,0,0,0,0,0,0,0,0,0,0,0,0,0,0,0,0,0.029206092066772514,6.0317339741718725e-05,1.0506317999899641,0.062217549020353369,0,0,0,0,0,0,0,0,0,0,0,0,0,0,0,0,0,0,0,0,0,0,0,0,0,0,0,0,0,0,0,0,0,0,0,0
837,0.13261329849782039,0.031238994322719878,0.067688234999999999,0,0,0,0,0,0,0,0,0,0,0,0,0,0,0,0,0,0,0,0,0,0,0,0,0.029206092066772514,6.0317339741718725e-05,4.2144194598634694,0.99289452065941153,0,0,0,0,0,0,0,0,0,0,0,0,0,0,0,0,0,0,0,0,0,0,0,0,0,0,0,0,0,0,0,0,0,0,0,0
838,0.0019120016840233063,7.6045397239034284e-06,0.067723644,0,0,0,0,0,0,0,0,0,0,0,0,0,0,0,0,0,0,0,0,0,0,0,0,0.061184053888745801,0.00024484836349072226,0,0,0,0,0,0,0,0,0,0,0,0,0,0,0,0,0,0,0,0,0,0,0,0,0,0,0,0,0,0,0,0,0,0,0,0,0,0
839,0.0019237577513520265,7.6048463816926841e-06,0.067842292999999998,0,0,0,0,0,0,0,0,0,0,0,0,0,0,0,0,0,0,0,0,0,0,0,0,0.061184053888745801,0.00024484836349072226,0.00037619415451920423,9.7473399962901086e-09,0,0,0,0,0,0,0,0,0,0,0,0,0,0,0,0,0,0,0,0,0,0,0,0,0,0,0,0,0,0,0,0,0,0,0,0
840,0.0020372041695433775,7.6329120099654245e-06,0.067687935000000005,0,0,0,0,0,0,0,0,0,0,0,0,0,0,0,0,0,0,0,0,0,0,0,0,0.061184053888745801,0.00024484836349072226,0.0040064795366423663,9.0183366739134345e-07,0,0,0,0,0,0,0,0,0,0,0,0,0,0,0,0,0,0,0,0,0,0,0,0,0,0,0,0,0,0,0,0,0,0,0,0
841,0.0024330314928532994,8.0801718759834034e-06,0.067584122999999996,0,0,0,0,0,0,0,0,0,0,0,0,0,0,0,0,0,0,0,0,0,0,0,0,0.061184053888745801,0.00024484836349072226,0.016672953882559523,1.5118312535770022e-05,0,0,0,0,0,0,0,0,0,0,0,0,0,0,0,0,0,0,0,0,0,0,0,0,0,0,0,0,0,0,0,0,0,0,0,0
842,0.13361260980475664,0.031244725516836862,0.067720317000000002,0,0,0,0,0,0,0,0,0,0,0,0,0,0,0,0,0,0,0,0,0,0,0,0,0.061184053888745801,0.00024484836349072226,4.2144194598634694,0.99289452065941153,0,0,0,0,0,0,0,0,0,0,0,0,0,0,0,0,0,0,0,0,0,0,0,0,0,0,0,0,0,0,0,0,0,0,0,0
843,0.033162001684023105,0.03146826861546826,0.067860980000000001,0,0,0,0,0,0,0,0,0,0,0,0,0,0,0,0,0,0,0,0,0,0,0,0,0.061184053888745801,0.00024484836349072226,1,1,0,0,0,0,0,0,0,0,0,0,0,0,0,0,0,0,0,0,0,0,0,0,0,0,0,0,0,0,0,0,0,0,0,0,0,0
844,0.0038443847809329947,3.087882674141911e-05,0.067637245999999998,0,0,0,0,0,0,0,0,0,0,0,0,0,0,0,0,0,0,0,0,0,0,0,0,0.12302031298985583,0.00099422587936316698,0,0,0,0,0,0,0,0,0,0,0,0,0,0,0,0,0,0,0,0,0,0,0,0,0,0,0,0,0,0,0,0,0,0,0,0,0,0
845,0.0038695217702649659,3.0880354615931972e-05,0.067652186000000003,0,0,0,0,0,0,0,0,0,0,0,0,0,0,0,0,0,0,0,0,0,0,0,0,0.12302031298985583,0.00099422587936316698,0.00080438365862272134,4.8564598292779039e-08,0,0,0,0,0,0,0,0,0,0,0,0,0,0,0,0,0,0,0,0,0,0,0,0,0,0,0,0,0,0,0,0,0,0,0,0
846,0.0043654145897629761,3.1354458893499085e-05,0.067766377000000003,0,0,0,0,0,0,0,0,0,0,0,0,0,0,0,0,0,0,0,0,0,0,0,0,0.12302031298985583,0.00099422587936316698,0.016672953882559523,1.5118312535770022e-05,0,0,0,0,0,0,0,0,0,0,0,0,0,0,0,0,0,0,0,0,0,0,0,0,0,0,0,0,0,0,0,0,0,0,0,0
847,0.005890004709674242,3.8513684043781805e-05,0.067777036999999998,0,0,0,0,0,0,0,0,0,0,0,0,0,0,0,0,0,0,0,0,0,0,0,0,0.12302031298985583,0.00099422587936316698,0.06545983771972004,0.00024267947059162802,0,0,0,0,0,0,0,0,0,0,0,0,0,0,0,0,0,0,0,0,0,0,0,0,0,0,0,0,0,0,0,0,0,0,0,0
848,0.0079343003147565316,6.1497248822875726e-05,0.067696781999999997,0,0,0,0,0,0,0,0,0,0,0,0,0,0,0,0,0,0,0,0,0,0,0,0,0.12302031298985583,0.00099422587936316698,0.13087729708235282,0.0009732287280312976,0,0,0,0,0,0,0,0,0,0,0,0,0,0,0,0,0,0,0,0,0,0,0,0,0,0,0,0,0,0,0,0,0,0,0,0
849,0.03667662853061935,0.0019882842360869138,0.067680982000000001,0,0,0,0,0,0,0,0,0,0,0,0,0,0,0,0,0,0,0,0,0,0,0,0,0.12302031298985583,0.00099422587936316698,1.0506317999899641,0.062217549020353369,0,0,0,0,0,0,0,0,0,0,0,0,0,0,0,0,0,0,0,0,0,0,0,0,0,0,0,0,0,0,0,0,0,0,0,0
850,0.13554499290166644,0.031267999803854377,0.067732481999999997,0,0,0,0,0,0,0,0,0,0,0,0,0,0,0,0,0,0,0,0,0,0,0,0,0.12302031298985583,0.00099422587936316698,4.2144194598634694,0.99289452065941153,0,0,0,0,0,0,0,0,0,0,0,0,0,0,0,0,0,0,0,0,0,0,0,0,0,0,0,0,0,0,0,0,0,0,0,0
851,0.0076854853941365304,0.00012243885810530409,0.067519229,0,0,0,0,0,0,0,0,0,0,0,0,0,0,0,0,0,0,0,0,0,0,0,0,0.24593553261236897,0.0039422443860110696,0,0,0,0,0,0,0,0,0,0,0,0,0,0,0,0,0,0,0,0,0,0,0,0,0,0,0,0,0,0,0,0,0,0,0,0,0,0
852,0.0077439052477835703,0.00012244561038408418,0.067742591000000005,0,0,0,0,0,0,0,0,0,0,0,0,0,0,0,0,0,0,0,0,0,0,0,0,0.24593553261236897,0.0039422443860110696,0.0018694353167060438,2.1462607285865101e-07,0,0,0,0,0,0,0,0,0,0,0,0,0,0,0,0,0,0,0,0,0,0,0,0,0,0,0,0,0,0,0,0,0,0,0,0
853,0.0078106878796565908,0.00012246723039136608,0.067838486000000003,0,0,0,0,0,0,0,0,0,0,0,0,0,0,0,0,0,0,0,0,0,0,0,0,0.24593553261236897,0.0039422443860110696,0.0040064795366423663,9.0183366739134345e-07,0,0,0,0,0,0,0,0,0,0,0,0,0,0,0,0,0,0,0,0,0,0,0,0,0,0,0,0,0,0,0,0,0,0,0,0
854,0.0079409814080756685,0.00012255629649361957,0.067666142999999998,0,0,0,0,0,0,0,0,0,0,0,0,0,0,0,0,0,0,0,0,0,0,0,0,0.24593553261236897,0.0039422443860110696,0.008175872446054137,3.7328642533655249e-06,0,0,0,0,0,0,0,0,0,0,0,0,0,0,0,0,0,0,0,0,0,0,0,0,0,0,0,0,0,0,0,0,0,0,0,0
855,0.0097311053228778272,0.00013007371540766678,0.067605015000000004,0,0,0,0,0,0,0,0,0,0,0,0,0,0,0,0,0,0,0,0,0,0,0,0,0.24593553261236897,0.0039422443860110696,0.06545983771972004,0.00024267947059162802,0,0,0,0,0,0,0,0,0,0,0,0,0,0,0,0,0,0,0,0,0,0,0,0,0,0,0,0,0,0,0,0,0,0,0,0
856,0.015895825419791561,0.00024655061890742439,0.067629382000000002,0,0,0,0,0,0,0,0,0,0,0,0,0,0,0,0,0,0,0,0,0,0,0,0,0.24593553261236897,0.0039422443860110696,0.26273088082096113,0.0039449822325209093,0,0,0,0,0,0,0,0,0,0,0,0,0,0,0,0,0,0,0,0,0,0,0,0,0,0,0,0,0,0,0,0,0,0,0,0
857,0.040517729143823018,0.0020798442674507985,0.067807427000000003,0,0,0,0,0,0,0,0,0,0,0,0,0,0,0,0,0,0,0,0,0,0,0,0,0.24593553261236897,0.0039422443860110696,1.0506317999899641,0.062217549020353369,0,0,0,0,0,0,0,0,0,0,0,0,0,0,0,0,0,0,0,0,0,0,0,0,0,0,0,0,0,0,0,0,0,0,0,0
858,0.073579231275225296,0.00803522302146897,0.067640943999999995,0,0,0,0,0,0,0,0,0,0,0,0,0,0,0,0,0,0,0,0,0,0,0,0,0.24593553261236897,0.0039422443860110696,2.1085998681948297,0.25151357721861595,0,0,0,0,0,0,0,0,0,0,0,0,0,0,0,0,0,0,0,0,0,0,0,0,0,0,0,0,0,0,0,0,0,0,0,0
859,0.038935485394136569,0.031583102933849659,0.067606277000000006,0,0,0,0,0,0,0,0,0,0,0,0,0,0,0,0,0,0,0,0,0,0,0,0,0.24593553261236897,0.0039422443860110696,1,1,0,0,0,0,0,0,0,0,0,0,0,0,0,0,0,0,0,0,0,0,0,0,0,0,0,0,0,0,0,0,0,0,0,0,0,0
860,0.015337884842377832,0.00048978628563560054,0.067879946999999996,0,0,0,0,0,0,0,0,0,0,0,0,0,0,0,0,0,0,0,0,0,0,0,0,0.49081231495609062,0.015769970945265742,0,0,0,0,0,0,0,0,0,0,0,0,0,0,0,0,0,0,0,0,0,0,0,0,0,0,0,0,0,0,0,0,0,0,0,0,0,0
861,0.015463087327897931,0.00048981465792166255,0.067690380999999994,0,0,0,0,0,0,0,0,0,0,0,0,0,0,0,0,0,0,0,0,0,0,0,0,0.49081231495609062,0.015769970945265742,0.0040064795366423663,9.0183366739134345e-07,0,0,0,0,0,0,0,0,0,0,0,0,0,0,0,0,0,0,0,0,0,0,0,0,0,0,0,0,0,0,0,0,0,0,0,0
862,0.017383504771119117,0.00049742114293796318,0.067612249999999999,0,0,0,0,0,0,0,0,0,0,0,0,0,0,0,0,0,0,0,0,0,0,0,0,0.49081231495609062,0.015769970945265742,0.06545983771972004,0.00024267947059162802,0,0,0,0,0,0,0,0,0,0,0,0,0,0,0,0,0,0,0,0,0,0,0,0,0,0,0,0,0,0,0,0,0,0,0,0
863,0.14703849296311114,0.031726907262748558,0.067788020000000004,0,0,0,0,0,0,0,0,0,0,0,0,0,0,0,0,0,0,0,0,0,0,0,0,0.49081231495609062,0.015769970945265742,4.2144194598634694,0.99289452065941153,0,0,0,0,0,0,0,0,0,0,0,0,0,0,0,0,0,0,0,0,0,0,0,0,0,0,0,0,0,0,0,0,0,0,0,0
864,0.030374006904865258,0.0019306294506615618,0.067785735999999999,0,0,0,0,0,0,0,0,0,0,0,0,0,0,0,0,0,0,0,0,0,0,0,0,0.97196822095568824,0.062161745307950288,0,0,0,0,0,0,0,0,0,0,0,0,0,0,0,0,0,0,0,0,0,0,0,0,0,0,0,0,0,0,0,0,0,0,0,0,0,0
865,0.030499209390385265,0.0019306578229476238,0.067655293000000005,0,0,0,0,0,0,0,0,0,0,0,0,0,0,0,0,0,0,0,0,0,0,0,0,0.97196822095568824,0.062161745307950288,0.0040064795366423663,9.0183366739134345e-07,0,0,0,0,0,0,0,0,0,0,0,0,0,0,0,0,0,0,0,0,0,0,0,0,0,0,0,0,0,0,0,0,0,0,0,0
866,0.030895036713695249,0.0019311050828136416,0.067573825000000004,0,0,0,0,0,0,0,0,0,0,0,0,0,0,0,0,0,0,0,0,0,0,0,0,0.97196822095568824,0.062161745307950288,0.016672953882559523,1.5118312535770022e-05,0,0,0,0,0,0,0,0,0,0,0,0,0,0,0,0,0,0,0,0,0,0,0,0,0,0,0,0,0,0,0,0,0,0,0,0
867,0.032419626833606253,0.0019382643079639244,0.067735418000000006,0,0,0,0,0,0,0,0,0,0,0,0,0,0,0,0,0,0,0,0,0,0,0,0,0.97196822095568824,0.062161745307950288,0.06545983771972004,0.00024267947059162802,0,0,0,0,0,0,0,0,0,0,0,0,0,0,0,0,0,0,0,0,0,0,0,0,0,0,0,0,0,0,0,0,0,0,0,0
868,0.063206250654551974,0.0038880348600070563,0.067710198999999999,0,0,0,0,0,0,0,0,0,0,0,0,0,0,0,0,0,0,0,0,0,0,0,0,0.97196822095568824,0.062161745307950288,1.0506317999899641,0.062217549020353369,0,0,0,0,0,0,0,0,0,0,0,0,0,0,0,0,0,0,0,0,0,0,0,0,0,0,0,0,0,0,0,0,0,0,0,0
869,0.096267752785954078,0.009843413614025227,0.067773041000000006,0,0,0,0,0,0,0,0,0,0,0,0,0,0,0,0,0,0,0,0,0,0,0,0,0.97196822095568824,0.062161745307950288,2.1085998681948297,0.25151357721861595,0,0,0,0,0,0,0,0,0,0,0,0,0,0,0,0,0,0,0,0,0,0,0,0,0,0,0,0,0,0,0,0,0,0,0,0
870,0.061624006904865657,0.033391293526405914,0.067896078999999998,0,0,0,0,0,0,0,0,0,0,0,0,0,0,0,0,0,0,0,0,0,0,0,0,0.97196822095568824,0.062161745307950288,1,1,0,0,0,0,0,0,0,0,0,0,0,0,0,0,0,0,0,0,0,0,0,0,0,0,0,0,0,0,0,0,0,0,0,0,0,0
871,0.060721588412327977,0.0077178262035246213,0.067535209999999998,0,0,0,0,0,0,0,0,0,0,0,0,0,0,0,0,0,0,0,0,0,0,0,0,1.9430908291944953,0.24849592273138019,0,0,0,0,0,0,0,0,0,0,0,0,0,0,0,0,0,0,0,0,0,0,0,0,0,0,0,0,0,0,0,0,0,0,0,0,0,0
872,0.060725564529165492,0.007717826247774515,0.067641476000000006,0,0,0,0,0,0,0,0,0,0,0,0,0,0,0,0,0,0,0,0,0,0,0,0,1.9430908291944953,0.24849592273138019,0.00012723573879683378,1.4065149298363086e-09,0,0,0,0,0,0,0,0,0,0,0,0,0,0,0,0,0,0,0,0,0,0,0,0,0,0,0,0,0,0,0,0,0,0,0,0
873,0.060780008265975266,0.0077178329558034017,0.067597670999999998,0,0,0,0,0,0,0,0,0,0,0,0,0,0,0,0,0,0,0,0,0,0,0,0,1.9430908291944953,0.24849592273138019,0.0018694353167060438,2.1462607285865101e-07,0,0,0,0,0,0,0,0,0,0,0,0,0,0,0,0,0,0,0,0,0,0,0,0,0,0,0,0,0,0,0,0,0,0,0,0
874,0.06097708442626678,0.0077179436419129374,0.067621869000000001,0,0,0,0,0,0,0,0,0,0,0,0,0,0,0,0,0,0,0,0,0,0,0,0,1.9430908291944953,0.24849592273138019,0.008175872446054137,3.7328642533655249e-06,0,0,0,0,0,0,0,0,0,0,0,0,0,0,0,0,0,0,0,0,0,0,0,0,0,0,0,0,0,0,0,0,0,0,0,0
875,0.068931928437982876,0.0078419379643267419,0.067618983999999993,0,0,0,0,0,0,0,0,0,0,0,0,0,0,0,0,0,0,0,0,0,0,0,0,1.9430908291944953,0.24849592273138019,0.26273088082096113,0.0039449822325209093,0,0,0,0,0,0,0,0,0,0,0,0,0,0,0,0,0,0,0,0,0,0,0,0,0,0,0,0,0,0,0,0,0,0,0,0
876,0.077178393170370452,0.008211538019721033,0.067691914000000006,0,0,0,0,0,0,0,0,0,0,0,0,0,0,0,0,0,0,0,0,0,0,0,0,1.9430908291944953,0.24849592273138019,0.52661775225736362,0.015692987757911132,0,0,0,0,0,0,0,0,0,0,0,0,0,0,0,0,0,0,0,0,0,0,0,0,0,0,0,0,0,0,0,0,0,0,0,0
877,0.19242219653306117,0.038954947180637585,0.067851744000000005,0,0,0,0,0,0,0,0,0,0,0,0,0,0,0,0,0,0,0,0,0,0,0,0,1.9430908291944953,0.24849592273138019,4.2144194598634694,0.99289452065941153,0,0,0,0,0,0,0,0,0,0,0,0,0,0,0,0,0,0,0,0,0,0,0,0,0,0,0,0,0,0,0,0,0,0,0,0
878,0.12154197278584361,0.031080561603370624,0.067552615999999996,0,0,0,0,0,0,0,0,0,0,0,0,0,0,0,0,0,0,0,0,0,0,0,0,3.8893431291469955,1.000721269301442,0,0,0,0,0,0,0,0,0,0,0,0,0,0,0,0,0,0,0,0,0,0,0,0,0,0,0,0,0,0,0,0,0,0,0,0,0,0
879,0.12154594890268081,0.031080561647620519,0.067755046999999999,0,0,0,0,0,0,0,0,0,0,0,0,0,0,0,0,0,0,0,0,0,0,0,0,3.8893431291469955,1.000721269301442,0.00012723573879683378,1.4065149298363086e-09,0,0,0,0,0,0,0,0,0,0,0,0,0,0,0,0,0,0,0,0,0,0,0,0,0,0,0,0,0,0,0,0,0,0,0,0
880,0.12160039263949055,0.031080568355649405,0.067792379,0,0,0,0,0,0,0,0,0,0,0,0,0,0,0,0,0,0,0,0,0,0,0,0,3.8893431291469955,1.000721269301442,0.0018694353167060438,2.1462607285865101e-07,0,0,0,0,0,0,0,0,0,0,0,0,0,0,0,0,0,0,0,0,0,0,0,0,0,0,0,0,0,0,0,0,0,0,0,0
881,0.12166717527136373,0.031080589975656686,0.067639302999999998,0,0,0,0,0,0,0,0,0,0,0,0,0,0,0,0,0,0,0,0,0,0,0,0,3.8893431291469955,1.000721269301442,0.0040064795366423663,9.0183366739134345e-07,0,0,0,0,0,0,0,0,0,0,0,0,0,0,0,0,0,0,0,0,0,0,0,0,0,0,0,0,0,0,0,0,0,0,0,0
882,0.12206300259467302,0.031081037235522704,0.067624004000000001,0,0,0,0,0,0,0,0,0,0,0,0,0,0,0,0,0,0,0,0,0,0,0,0,3.8893431291469955,1.000721269301442,0.016672953882559523,1.5118312535770022e-05,0,0,0,0,0,0,0,0,0,0,0,0,0,0,0,0,0,0,0,0,0,0,0,0,0,0,0,0,0,0,0,0,0,0,0,0
883,0.12256741676379891,0.031082474741185702,0.067666165,0,0,0,0,0,0,0,0,0,0,0,0,0,0,0,0,0,0,0,0,0,0,0,0,3.8893431291469955,1.000721269301442,0.032814207294584556,6.0810471465947041e-05,0,0,0,0,0,0,0,0,0,0,0,0,0,0,0,0,0,0,0,0,0,0,0,0,0,0,0,0,0,0,0,0,0,0,0,0
884,0.1297523128114986,0.031204673364172743,0.067771178000000001,0,0,0,0,0,0,0,0,0,0,0,0,0,0,0,0,0,0,0,0,0,0,0,0,3.8893431291469955,1.000721269301442,0.26273088082096113,0.0039449822325209093,0,0,0,0,0,0,0,0,0,0,0,0,0,0,0,0,0,0,0,0,0,0,0,0,0,0,0,0,0,0,0,0,0,0,0,0
885,0.13799877754388615,0.031574273419567034,0.067566822999999998,0,0,0,0,0,0,0,0,0,0,0,0,0,0,0,0,0,0,0,0,0,0,0,0,3.8893431291469955,1.000721269301442,0.52661775225736362,0.015692987757911132,0,0,0,0,0,0,0,0,0,0,0,0,0,0,0,0,0,0,0,0,0,0,0,0,0,0,0,0,0,0,0,0,0,0,0,0
886,0.25324258090657897,0.062317682580483584,0.067737121999999997,0,0,0,0,0,0,0,0,0,0,0,0,0,0,0,0,0,0,0,0,0,0,0,0,3.8893431291469955,1.000721269301442,4.2144194598634694,0.99289452065941153,0,0,0,0,0,0,0,0,0,0,0,0,0,0,0,0,0,0,0,0,0,0,0,0,0,0,0,0,0,0,0,0,0,0,0,0
887,0.15279197278584364,0.062541225679114978,0.067740459000000003,0,0,0,0,0,0,0,0,0,0,0,0,0,0,0,0,0,0,0,0,0,0,0,0,3.8893431291469955,1.000721269301442,1,1,0,0,0,0,0,0,0,0,0,0,0,0,0,0,0,0,0,0,0,0,0,0,0,0,0,0,0,0,0,0,0,0,0,0,0,0
888,0.03125,0.0310581603057828,0.067555761000000006,0,0,0,0,0,0,0,0,0,0,0,0,0,0,0,0,0,0,0,0,0,0,0,0,1,1,0,0,0,0,0,0,0,0,0,0,0,0,0,0,0,0,0,0,0,0,0,0,0,0,0,0,0,0,0,0,0,0,0,0,0,0,0,0
889,0.031308419853646977,0.031058167058061577,0.067583766000000003,0,0,0,0,0,0,0,0,0,0,0,0,0,0,0,0,0,0,0,0,0,0,0,0,1,1,0.0018694353167060438,2.1462607285865101e-07,0,0,0,0,0,0,0,0,0,0,0,0,0,0,0,0,0,0,0,0,0,0,0,0,0,0,0,0,0,0,0,0,0,0,0,0
890,4.7595793394600006e-06,4.3446461670094486e-11,0.067706364000000005,0,0,0,0,0,0,0,0,0,0,0,0,0,0,0,0,0,0,0,0,0,0,0,0,0,0,0,0,0,0,0.00015230653886272002,1.3815685484438956e-09,0,0,0,0,0,0,0,0,0,0,0,0,0,0,0,0,0,0,0,0,0,0,0,0,0,0,0,0,0,0,0,0
891,1.3363529897627185e-05,3.0389817480555134e-10,0.067786920000000001,0,0,0,0,0,0,0,0,0,0,0,0,0,0,0,0,0,0,0,0,0,0,0,0,0,0,0,0,0,0,0.00042763295672406992,9.6637595813666574e-09,0,0,0,0,0,0,0,0,0,0,0,0,0,0,0,0,0,0,0,0,0,0,0,0,0,0,0,0,0,0,0,0
892,3.3762858039684984e-05,1.5082777570861686e-09,0.067610517999999994,0,0,0,0,0,0,0,0,0,0,0,0,0,0,0,0,0,0,0,0,0,0,0,0,0,0,0,0,0,0,0.0010804114572699195,4.7962228255335411e-08,0,0,0,0,0,0,0,0,0,0,0,0,0,0,0,0,0,0,0,0,0,0,0,0,0,0,0,0,0,0,0,0
893,7.5461119255975783e-05,6.6640759131941209e-09,0.067705232000000004,0,0,0,0,0,0,0,0,0,0,0,0,0,0,0,0,0,0,0,0,0,0,0,0,0,0,0,0,0,0,0.002414755816191225,2.1191317617583809e-07,0,0,0,0,0,0,0,0,0,0,0,0,0,0,0,0,0,0,0,0,0,0,0,0,0,0,0,0,0,0,0,0
894,0.00015905320414486601,2.8078125134378444e-08,0.067646477999999996,0,0,0,0,0,0,0,0,0,0,0,0,0,0,0,0,0,0,0,0,0,0,0,0,0,0,0,0,0,0,0.0050897025326357122,8.9286568097283965e-07,0,0,0,0,0,0,0,0,0,0,0,0,0,0,0,0,0,0,0,0,0,0,0,0,0,0,0,0,0,0,0,0
895,0.00032200844241297261,1.162007885643234e-07,0.067440899999999998,0,0,0,0,0,0,0,0,0,0,0,0,0,0,0,0,0,0,0,0,0,0,0,0,0,0,0,0,0,0,0.010304270157215124,3.6951076937837819e-06,0,0,0,0,0,0,0,0,0,0,0,0,0,0,0,0,0,0,0,0,0,0,0,0,0,0,0,0,0,0,0,0
896,0.00064357579450027998,4.7037152350660364e-07,0.067799483999999993,0,0,0,0,0,0,0,0,0,0,0,0,0,0,0,0,0,0,0,0,0,0,0,0,0,0,0,0,0,0,0.020594425424008959,1.4957501209072541e-05,0,0,0,0,0,0,0,0,0,0,0,0,0,0,0,0,0,0,0,0,0,0,0,0,0,0,0,0,0,0,0,0
897,0.0012616163867427571,1.9006337225511302e-06,0.067804744,0,0,0,0,0,0,0,0,0,0,0,0,0,0,0,0,0,0,0,0,0,0,0,0,0,0,0,0,0,0,0.040371724375768227,6.0438886672235932e-05,0,0,0,0,0,0,0,0,0,0,0,0,0,0,0,0,0,0,0,0,0,0,0,0,0,0,0,0,0,0,0,0
898,0.0025239147327641757,7.5614902275321634e-06,0.067577564000000007,0,0,0,0,0,0,0,0,0,0,0,0,0,0,0,0,0,0,0,0,0,0,0,0,0,0,0,0,0,0,0.080765271448453621,0.00024045035374917778,0,0,0,0,0,0,0,0,0,0,0,0,0,0,0,0,0,0,0,0,0,0,0,0,0,0,0,0,0,0,0,0
899,0.0051275162018664397,3.0480409326479954e-05,0.067685192000000005,0,0,0,0,0,0,0,0,0,0,0,0,0,0,0,0,0,0,0,0,0,0,0,0,0,0,0,0,0,0,0.16408051845972607,0.00096925671850849038,0,0,0,0,0,0,0,0,0,0,0,0,0,0,0,0,0,0,0,0,0,0,0,0,0,0,0,0,0,0,0,0
900,0.010281272383354623,0.0001209367692901331,0.067705140999999996,0,0,0,0,0,0,0,0,0,0,0,0,0,0,0,0,0,0,0,0,0,0,0,0,0,0,0,0,0,0,0.32900071626734795,0.0038457087269933281,0,0,0,0,0,0,0,0,0,0,0,0,0,0,0,0,0,0,0,0,0,0,0,0,0,0,0,0,0,0,0,0
901,0.020413589497879227,0.00047934018215205492,0.067701734999999999,0,0,0,0,0,0,0,0,0,0,0,0,0,0,0,0,0,0,0,0,0,0,0,0,0,0,0,0,0,0,0.65323486393213526,0.01524269858142413,0,0,0,0,0,0,0,0,0,0,0,0,0,0,0,0,0,0,0,0,0,0,0,0,0,0,0,0,0,0,0,0
902,0.041052554206053887,0.0019532192660358196,0.067433545999999997,0,0,0,0,0,0,0,0,0,0,0,0,0,0,0,0,0,0,0,0,0,0,0,0,0,0,0,0,0,0,1.3136817345937244,0.06211107193631886,0,0,0,0,0,0,0,0,0,0,0,0,0,0,0,0,0,0,0,0,0,0,0,0,0,0,0,0,0,0,0,0
903,0.082251869836433053,0.0078538498805940209,0.067697697000000001,0,0,0,0,0,0,0,0,0,0,0,0,0,0,0,0,0,0,0,0,0,0,0,0,0,0,0,0,0,0,2.6320598347658577,0.24974719602303916,0,0,0,0,0,0,0,0,0,0,0,0,0,0,0,0,0,0,0,0,0,0,0,0,0,0,0,0,0,0,0,0
904,0.16466293076698804,0.031337110225069,0.067792801999999999,0,0,0,0,0,0,0,0,0,0,0,0,0,0,0,0,0,0,0,0,0,0,0,0,0,0,0,0,0,0,5.2692137845436173,0.99649923657363693,0,0,0,0,0,0,0,0,0,0,0,0,0,0,0,0,0,0,0,0,0,0,0,0,0,0,0,0,0,0,0,0
905,0.031246875,0.031447199430697528,0.067592254000000004,0,0,0,0,0,0,0,0,0,0,0,0,0,0,0,0,0,0,0,0,0,0,0,0,0,0,0,0,0,0,0.99990000000000001,1,0,0,0,0,0,0,0,0,0,0,0,0,0,0,0,0,0,0,0,0,0,0,0,0,0,0,0,0,0,0,0,0
906,4.5400106224394139e-06,4.3446461670094486e-11,0.067642780999999999,0,0,0,0,0,0,0,0,0,0,0,0,0,0,0,0,0,0,0,0,0,0,0,0,0,0,0,0,0.00014528033991806125,1.3911994471933918e-09,0,0,0,0,0,0,0,0,0,0,0,0,0,0,0,0,0,0,0,0,0,0,0,0,0,0,0,0,0,0,0,0,0,0
907,9.2995899618994086e-06,8.6892923340188972e-11,0.067666246999999999,0,0,0,0,0,0,0,0,0,0,0,0,0,0,0,0,0,0,0,0,0,0,0,0,0,0,0,0,0.00014528033991806125,1.3911994471933918e-09,0.00015230653886272002,1.3815685484438956e-09,0,0,0,0,0,0,0,0,0,0,0,0,0,0,0,0,0,0,0,0,0,0,0,0,0,0,0,0,0,0,0,0
908,3.8302868662124281e-05,1.5517242187562631e-09,0.067597975000000005,0,0,0,0,0,0,0,0,0,0,0,0,0,0,0,0,0,0,0,0,0,0,0,0,0,0,0,0,0.00014528033991806125,1.3911994471933918e-09,0.0010804114572699195,4.7962228255335411e-08,0,0,0,0,0,0,0,0,0,0,0,0,0,0,0,0,0,0,0,0,0,0,0,0,0,0,0,0,0,0,0,0
909,8.000112987841516e-05,6.7075223748642158e-09,0.067551855999999993,0,0,0,0,0,0,0,0,0,0,0,0,0,0,0,0,0,0,0,0,0,0,0,0,0,0,0,0,0.00014528033991806125,1.3911994471933918e-09,0.002414755816191225,2.1191317617583809e-07,0,0,0,0,0,0,0,0,0,0,0,0,0,0,0,0,0,0,0,0,0,0,0,0,0,0,0,0,0,0,0,0
910,0.00064811580512272055,4.7041496996827371e-07,0.067767683999999995,0,0,0,0,0,0,0,0,0,0,0,0,0,0,0,0,0,0,0,0,0,0,0,0,0,0,0,0,0.00014528033991806125,1.3911994471933918e-09,0.020594425424008959,1.4957501209072541e-05,0,0,0,0,0,0,0,0,0,0,0,0,0,0,0,0,0,0,0,0,0,0,0,0,0,0,0,0,0,0,0,0
911,1.2898708722259381e-05,2.9795976396421179e-10,0.067830284000000005,0,0,0,0,0,0,0,0,0,0,0,0,0,0,0,0,0,0,0,0,0,0,0,0,0,0,0,0,0.00041275867911230019,9.540971645988208e-09,0,0,0,0,0,0,0,0,0,0,0,0,0,0,0,0,0,0,0,0,0,0,0,0,0,0,0,0,0,0,0,0,0,0
912,1.7658288061719348e-05,3.4140622563430629e-10,0.067451071000000001,0,0,0,0,0,0,0,0,0,0,0,0,0,0,0,0,0,0,0,0,0,0,0,0,0,0,0,0,0.00041275867911230019,9.540971645988208e-09,0.00015230653886272002,1.3815685484438956e-09,0,0,0,0,0,0,0,0,0,0,0,0,0,0,0,0,0,0,0,0,0,0,0,0,0,0,0,0,0,0,0,0
913,2.6262238619886498e-05,6.0185793876976318e-10,0.067766049999999994,0,0,0,0,0,0,0,0,0,0,0,0,0,0,0,0,0,0,0,0,0,0,0,0,0,0,0,0,0.00041275867911230019,9.540971645988208e-09,0.00042763295672406992,9.6637595813666574e-09,0,0,0,0,0,0,0,0,0,0,0,0,0,0,0,0,0,0,0,0,0,0,0,0,0,0,0,0,0,0,0,0
914,8.8359827978234964e-05,6.9620356771583325e-09,0.067829413000000005,0,0,0,0,0,0,0,0,0,0,0,0,0,0,0,0,0,0,0,0,0,0,0,0,0,0,0,0,0.00041275867911230019,9.540971645988208e-09,0.002414755816191225,2.1191317617583809e-07,0,0,0,0,0,0,0,0,0,0,0,0,0,0,0,0,0,0,0,0,0,0,0,0,0,0,0,0,0,0,0,0
915,0.00033490715113523428,1.1649874832828762e-07,0.067675355000000006,0,0,0,0,0,0,0,0,0,0,0,0,0,0,0,0,0,0,0,0,0,0,0,0,0,0,0,0,0.00041275867911230019,9.540971645988208e-09,0.010304270157215124,3.6951076937837819e-06,0,0,0,0,0,0,0,0,0,0,0,0,0,0,0,0,0,0,0,0,0,0,0,0,0,0,0,0,0,0,0,0
916,0.0006564745032225398,4.7066948327056784e-07,0.067703368,0,0,0,0,0,0,0,0,0,0,0,0,0,0,0,0,0,0,0,0,0,0,0,0,0,0,0,0,0.00041275867911230019,9.540971645988208e-09,0.020594425424008959,1.4957501209072541e-05,0,0,0,0,0,0,0,0,0,0,0,0,0,0,0,0,0,0,0,0,0,0,0,0,0,0,0,0,0,0,0,0
917,0.0051404149105886785,3.0480707286243916e-05,0.067765610000000004,0,0,0,0,0,0,0,0,0,0,0,0,0,0,0,0,0,0,0,0,0,0,0,0,0,0,0,0,0.00041275867911230019,9.540971645988208e-09,0.16408051845972607,0.00096925671850849038,0,0,0,0,0,0,0,0,0,0,0,0,0,0,0,0,0,0,0,0,0,0,0,0,0,0,0,0,0,0,0,0
918,2.6911242687795252e-05,1.5040160740117956e-09,0.067809494999999997,0,0,0,0,0,0,0,0,0,0,0,0,0,0,0,0,0,0,0,0,0,0,0,0,0,0,0,0,0.00086115976600944805,4.8160109023917094e-08,0,0,0,0,0,0,0,0,0,0,0,0,0,0,0,0,0,0,0,0,0,0,0,0,0,0,0,0,0,0,0,0,0,0
919,0.00018596444683266272,2.958214120839024e-08,0.067711476000000007,0,0,0,0,0,0,0,0,0,0,0,0,0,0,0,0,0,0,0,0,0,0,0,0,0,0,0,0,0.00086115976600944805,4.8160109023917094e-08,0.0050897025326357122,8.9286568097283965e-07,0,0,0,0,0,0,0,0,0,0,0,0,0,0,0,0,0,0,0,0,0,0,0,0,0,0,0,0,0,0,0,0
920,0.00067048703718807379,4.7187553958061544e-07,0.067706335000000006,0,0,0,0,0,0,0,0,0,0,0,0,0,0,0,0,0,0,0,0,0,0,0,0,0,0,0,0,0.00086115976600944805,4.8160109023917094e-08,0.020594425424008959,1.4957501209072541e-05,0,0,0,0,0,0,0,0,0,0,0,0,0,0,0,0,0,0,0,0,0,0,0,0,0,0,0,0,0,0,0,0
921,0.0012885276294305555,1.9021377386251419e-06,0.067742504999999995,0,0,0,0,0,0,0,0,0,0,0,0,0,0,0,0,0,0,0,0,0,0,0,0,0,0,0,0,0.00086115976600944805,4.8160109023917094e-08,0.040371724375768227,6.0438886672235932e-05,0,0,0,0,0,0,0,0,0,0,0,0,0,0,0,0,0,0,0,0,0,0,0,0,0,0,0,0,0,0,0,0
922,0.002550825975451968,7.5629942436061747e-06,0.067664976000000002,0,0,0,0,0,0,0,0,0,0,0,0,0,0,0,0,0,0,0,0,0,0,0,0,0,0,0,0,0.00086115976600944805,4.8160109023917094e-08,0.080765271448453621,0.00024045035374917778,0,0,0,0,0,0,0,0,0,0,0,0,0,0,0,0,0,0,0,0,0,0,0,0,0,0,0,0,0,0,0,0
923,0.0051544274445542299,3.0481913342553964e-05,0.067600952000000006,0,0,0,0,0,0,0,0,0,0,0,0,0,0,0,0,0,0,0,0,0,0,0,0,0,0,0,0,0.00086115976600944805,4.8160109023917094e-08,0.16408051845972607,0.00096925671850849038,0,0,0,0,0,0,0,0,0,0,0,0,0,0,0,0,0,0,0,0,0,0,0,0,0,0,0,0,0,0,0,0
924,0.020440500740566945,0.00047934168616812893,0.067796209999999996,0,0,0,0,0,0,0,0,0,0,0,0,0,0,0,0,0,0,0,0,0,0,0,0,0,0,0,0,0.00086115976600944805,4.8160109023917094e-08,0.65323486393213526,0.01524269858142413,0,0,0,0,0,0,0,0,0,0,0,0,0,0,0,0,0,0,0,0,0,0,0,0,0,0,0,0,0,0,0,0
925,6.2572112851106942e-05,6.709417426559172e-09,0.067643614000000005,0,0,0,0,0,0,0,0,0,0,0,0,0,0,0,0,0,0,0,0,0,0,0,0,0,0,0,0,0.0020023076112354221,2.1484230144439588e-07,0,0,0,0,0,0,0,0,0,0,0,0,0,0,0,0,0,0,0,0,0,0,0,0,0,0,0,0,0,0,0,0,0,0
926,0.00013803323210708271,1.3373493339753293e-08,0.067579960999999994,0,0,0,0,0,0,0,0,0,0,0,0,0,0,0,0,0,0,0,0,0,0,0,0,0,0,0,0,0.0020023076112354221,2.1484230144439588e-07,0.002414755816191225,2.1191317617583809e-07,0,0,0,0,0,0,0,0,0,0,0,0,0,0,0,0,0,0,0,0,0,0,0,0,0,0,0,0,0,0,0,0
927,0.00070614790735138246,4.7708094093316281e-07,0.067599097999999996,0,0,0,0,0,0,0,0,0,0,0,0,0,0,0,0,0,0,0,0,0,0,0,0,0,0,0,0,0.0020023076112354221,2.1484230144439588e-07,0.020594425424008959,1.4957501209072541e-05,0,0,0,0,0,0,0,0,0,0,0,0,0,0,0,0,0,0,0,0,0,0,0,0,0,0,0,0,0,0,0,0
928,0.0013241884995938669,1.9073431399776893e-06,0.067778636000000003,0,0,0,0,0,0,0,0,0,0,0,0,0,0,0,0,0,0,0,0,0,0,0,0,0,0,0,0,0.0020023076112354221,2.1484230144439588e-07,0.040371724375768227,6.0438886672235932e-05,0,0,0,0,0,0,0,0,0,0,0,0,0,0,0,0,0,0,0,0,0,0,0,0,0,0,0,0,0,0,0,0
929,0.0051900883147175314,3.0487118743906511e-05,0.067716294999999996,0,0,0,0,0,0,0,0,0,0,0,0,0,0,0,0,0,0,0,0,0,0,0,0,0,0,0,0,0.0020023076112354221,2.1484230144439588e-07,0.16408051845972607,0.00096925671850849038,0,0,0,0,0,0,0,0,0,0,0,0,0,0,0,0,0,0,0,0,0,0,0,0,0,0,0,0,0,0,0,0
930,0.010343844496205705,0.00012094347870755966,0.067642201999999998,0,0,0,0,0,0,0,0,0,0,0,0,0,0,0,0,0,0,0,0,0,0,0,0,0,0,0,0,0.0020023076112354221,2.1484230144439588e-07,0.32900071626734795,0.0038457087269933281,0,0,0,0,0,0,0,0,0,0,0,0,0,0,0,0,0,0,0,0,0,0,0,0,0,0,0,0,0,0,0,0
931,0.041115126318904849,0.0019532259754532462,0.067790389000000006,0,0,0,0,0,0,0,0,0,0,0,0,0,0,0,0,0,0,0,0,0,0,0,0,0,0,0,0,0.0020023076112354221,2.1484230144439588e-07,1.3136817345937244,0.06211107193631886,0,0,0,0,0,0,0,0,0,0,0,0,0,0,0,0,0,0,0,0,0,0,0,0,0,0,0,0,0,0,0,0
932,0.08231444194928407,0.007853856590011447,0.067752105000000007,0,0,0,0,0,0,0,0,0,0,0,0,0,0,0,0,0,0,0,0,0,0,0,0,0,0,0,0,0.0020023076112354221,2.1484230144439588e-07,2.6320598347658577,0.24974719602303916,0,0,0,0,0,0,0,0,0,0,0,0,0,0,0,0,0,0,0,0,0,0,0,0,0,0,0,0,0,0,0,0
933,0.16472550287983986,0.031337116934486424,0.067543351000000001,0,0,0,0,0,0,0,0,0,0,0,0,0,0,0,0,0,0,0,0,0,0,0,0,0,0,0,0,0.0020023076112354221,2.1484230144439588e-07,5.2692137845436173,0.99649923657363693,0,0,0,0,0,0,0,0,0,0,0,0,0,0,0,0,0,0,0,0,0,0,0,0,0,0,0,0,0,0,0,0
934,0.00013139199621517466,2.8621175339904708e-08,0.067644386000000001,0,0,0,0,0,0,0,0,0,0,0,0,0,0,0,0,0,0,0,0,0,0,0,0,0,0,0,0,0.0042045438788855891,9.164788519086317e-07,0,0,0,0,0,0,0,0,0,0,0,0,0,0,0,0,0,0,0,0,0,0,0,0,0,0,0,0,0,0,0,0,0,0
935,0.00013615157555463454,2.86646218015748e-08,0.067833693,0,0,0,0,0,0,0,0,0,0,0,0,0,0,0,0,0,0,0,0,0,0,0,0,0,0,0,0,0.0042045438788855891,9.164788519086317e-07,0.00015230653886272002,1.3815685484438956e-09,0,0,0,0,0,0,0,0,0,0,0,0,0,0,0,0,0,0,0,0,0,0,0,0,0,0,0,0,0,0,0,0
936,0.00016515485425485992,3.0129453096990878e-08,0.067548641000000006,0,0,0,0,0,0,0,0,0,0,0,0,0,0,0,0,0,0,0,0,0,0,0,0,0,0,0,0,0.0042045438788855891,9.164788519086317e-07,0.0010804114572699195,4.7962228255335411e-08,0,0,0,0,0,0,0,0,0,0,0,0,0,0,0,0,0,0,0,0,0,0,0,0,0,0,0,0,0,0,0,0
937,0.00077496779071545415,4.9899269884650831e-07,0.067778687000000004,0,0,0,0,0,0,0,0,0,0,0,0,0,0,0,0,0,0,0,0,0,0,0,0,0,0,0,0,0.0042045438788855891,9.164788519086317e-07,0.020594425424008959,1.4957501209072541e-05,0,0,0,0,0,0,0,0,0,0,0,0,0,0,0,0,0,0,0,0,0,0,0,0,0,0,0,0,0,0,0,0
938,0.0026553067289793587,7.5901114028720679e-06,0.067928837000000006,0,0,0,0,0,0,0,0,0,0,0,0,0,0,0,0,0,0,0,0,0,0,0,0,0,0,0,0,0.0042045438788855891,9.164788519086317e-07,0.080765271448453621,0.00024045035374917778,0,0,0,0,0,0,0,0,0,0,0,0,0,0,0,0,0,0,0,0,0,0,0,0,0,0,0,0,0,0,0,0
939,0.0052589081980815933,3.0509030501819856e-05,0.067583579000000005,0,0,0,0,0,0,0,0,0,0,0,0,0,0,0,0,0,0,0,0,0,0,0,0,0,0,0,0,0.0042045438788855891,9.164788519086317e-07,0.16408051845972607,0.00096925671850849038,0,0,0,0,0,0,0,0,0,0,0,0,0,0,0,0,0,0,0,0,0,0,0,0,0,0,0,0,0,0,0,0
940,0.010412664379569754,0.000120965390465473,0.067731836000000004,0,0,0,0,0,0,0,0,0,0,0,0,0,0,0,0,0,0,0,0,0,0,0,0,0,0,0,0,0.0042045438788855891,9.164788519086317e-07,0.32900071626734795,0.0038457087269933281,0,0,0,0,0,0,0,0,0,0,0,0,0,0,0,0,0,0,0,0,0,0,0,0,0,0,0,0,0,0,0,0
941,0.031378266996215043,0.031447228051872868,0.067737095999999997,0,0,0,0,0,0,0,0,0,0,0,0,0,0,0,0,0,0,0,0,0,0,0,0,0,0,0,0,0.0042045438788855891,9.164788519086317e-07,0.99990000000000001,1,0,0,0,0,0,0,0,0,0,0,0,0,0,0,0,0,0,0,0,0,0,0,0,0,0,0,0,0,0,0,0,0
942,0.00026610022294289084,1.1644817577360791e-07,0.067633576000000001,0,0,0,0,0,0,0,0,0,0,0,0,0,0,0,0,0,0,0,0,0,0,0,0,0,0,0,0,0.0085152071341725068,3.7287878353148737e-06,0,0,0,0,0,0,0,0,0,0,0,0,0,0,0,0,0,0,0,0,0,0,0,0,0,0,0,0,0,0,0,0,0,0
943,0.0015277166096856532,2.0170818983247379e-06,0.067613577999999994,0,0,0,0,0,0,0,0,0,0,0,0,0,0,0,0,0,0,0,0,0,0,0,0,0,0,0,0,0.0085152071341725068,3.7287878353148737e-06,0.040371724375768227,6.0438886672235932e-05,0,0,0,0,0,0,0,0,0,0,0,0,0,0,0,0,0,0,0,0,0,0,0,0,0,0,0,0,0,0,0,0
944,0.010547372606297479,0.00012105321746590671,0.067690635999999998,0,0,0,0,0,0,0,0,0,0,0,0,0,0,0,0,0,0,0,0,0,0,0,0,0,0,0,0,0.0085152071341725068,3.7287878353148737e-06,0.32900071626734795,0.0038457087269933281,0,0,0,0,0,0,0,0,0,0,0,0,0,0,0,0,0,0,0,0,0,0,0,0,0,0,0,0,0,0,0,0
945,0.041318654428996709,0.0019533357142115931,0.067600942999999997,0,0,0,0,0,0,0,0,0,0,0,0,0,0,0,0,0,0,0,0,0,0,0,0,0,0,0,0,0.0085152071341725068,3.7287878353148737e-06,1.3136817345937244,0.06211107193631886,0,0,0,0,0,0,0,0,0,0,0,0,0,0,0,0,0,0,0,0,0,0,0,0,0,0,0,0,0,0,0,0
946,0.031512975222942739,0.031447315878873304,0.067515337999999994,0,0,0,0,0,0,0,0,0,0,0,0,0,0,0,0,0,0,0,0,0,0,0,0,0,0,0,0,0.0085152071341725068,3.7287878353148737e-06,0.99990000000000001,1,0,0,0,0,0,0,0,0,0,0,0,0,0,0,0,0,0,0,0,0,0,0,0,0,0,0,0,0,0,0,0,0
947,0.00056565010391618827,4.7591848827801348e-07,0.067735674999999995,0,0,0,0,0,0,0,0,0,0,0,0,0,0,0,0,0,0,0,0,0,0,0,0,0,0,0,0,0.018100803325318025,1.5239389178088784e-05,0,0,0,0,0,0,0,0,0,0,0,0,0,0,0,0,0,0,0,0,0,0,0,0,0,0,0,0,0,0,0,0,0,0
948,0.00072470330806105468,5.0399661341239192e-07,0.067964286999999998,0,0,0,0,0,0,0,0,0,0,0,0,0,0,0,0,0,0,0,0,0,0,0,0,0,0,0,0,0.018100803325318025,1.5239389178088784e-05,0.0050897025326357122,8.9286568097283965e-07,0,0,0,0,0,0,0,0,0,0,0,0,0,0,0,0,0,0,0,0,0,0,0,0,0,0,0,0,0,0,0,0
949,0.0056931663057826183,3.0956327814757964e-05,0.067686229000000001,0,0,0,0,0,0,0,0,0,0,0,0,0,0,0,0,0,0,0,0,0,0,0,0,0,0,0,0,0.018100803325318025,1.5239389178088784e-05,0.16408051845972607,0.00096925671850849038,0,0,0,0,0,0,0,0,0,0,0,0,0,0,0,0,0,0,0,0,0,0,0,0,0,0,0,0,0,0,0,0
950,0.031812525103916064,0.031447675349185807,0.067721727999999995,0,0,0,0,0,0,0,0,0,0,0,0,0,0,0,0,0,0,0,0,0,0,0,0,0,0,0,0,0.018100803325318025,1.5239389178088784e-05,0.99990000000000001,1,0,0,0,0,0,0,0,0,0,0,0,0,0,0,0,0,0,0,0,0,0,0,0,0,0,0,0,0,0,0,0,0
951,0.0011316141005691866,1.9144324235730375e-06,0.067755602999999998,0,0,0,0,0,0,0,0,0,0,0,0,0,0,0,0,0,0,0,0,0,0,0,0,0,0,0,0,0.036211651218213972,6.1302053768792523e-05,0,0,0,0,0,0,0,0,0,0,0,0,0,0,0,0,0,0,0,0,0,0,0,0,0,0,0,0,0,0,0,0,0,0
952,0.0011363736799086424,1.9144758700347076e-06,0.067677060999999997,0,0,0,0,0,0,0,0,0,0,0,0,0,0,0,0,0,0,0,0,0,0,0,0,0,0,0,0,0.036211651218213972,6.1302053768792523e-05,0.00015230653886272002,1.3815685484438956e-09,0,0,0,0,0,0,0,0,0,0,0,0,0,0,0,0,0,0,0,0,0,0,0,0,0,0,0,0,0,0,0,0
953,0.0012070752198251563,1.9210964994862319e-06,0.067606744999999996,0,0,0,0,0,0,0,0,0,0,0,0,0,0,0,0,0,0,0,0,0,0,0,0,0,0,0,0,0.036211651218213972,6.1302053768792523e-05,0.002414755816191225,2.1191317617583809e-07,0,0,0,0,0,0,0,0,0,0,0,0,0,0,0,0,0,0,0,0,0,0,0,0,0,0,0,0,0,0,0,0
954,0.0012906673047140566,1.9425105487074163e-06,0.067627363999999995,0,0,0,0,0,0,0,0,0,0,0,0,0,0,0,0,0,0,0,0,0,0,0,0,0,0,0,0,0.036211651218213972,6.1302053768792523e-05,0.0050897025326357122,8.9286568097283965e-07,0,0,0,0,0,0,0,0,0,0,0,0,0,0,0,0,0,0,0,0,0,0,0,0,0,0,0,0,0,0,0,0
955,0.0036555288333333606,9.4759226511052009e-06,0.067791002000000003,0,0,0,0,0,0,0,0,0,0,0,0,0,0,0,0,0,0,0,0,0,0,0,0,0,0,0,0,0.036211651218213972,6.1302053768792523e-05,0.080765271448453621,0.00024045035374917778,0,0,0,0,0,0,0,0,0,0,0,0,0,0,0,0,0,0,0,0,0,0,0,0,0,0,0,0,0,0,0,0
956,0.042184168306622895,0.0019551336984593927,0.067544354000000001,0,0,0,0,0,0,0,0,0,0,0,0,0,0,0,0,0,0,0,0,0,0,0,0,0,0,0,0,0.036211651218213972,6.1302053768792523e-05,1.3136817345937244,0.06211107193631886,0,0,0,0,0,0,0,0,0,0,0,0,0,0,0,0,0,0,0,0,0,0,0,0,0,0,0,0,0,0,0,0
957,0.032378489100569077,0.031449113863121103,0.067579812000000003,0,0,0,0,0,0,0,0,0,0,0,0,0,0,0,0,0,0,0,0,0,0,0,0,0,0,0,0,0.036211651218213972,6.1302053768792523e-05,0.99990000000000001,1,0,0,0,0,0,0,0,0,0,0,0,0,0,0,0,0,0,0,0,0,0,0,0,0,0,0,0,0,0,0,0,0
958,0.00229047766783462,7.5618035660336151e-06,0.067720113999999998,0,0,0,0,0,0,0,0,0,0,0,0,0,0,0,0,0,0,0,0,0,0,0,0,0,0,0,0,0.073295285370707841,0.00024213656386412252,0,0,0,0,0,0,0,0,0,0,0,0,0,0,0,0,0,0,0,0,0,0,0,0,0,0,0,0,0,0,0,0,0,0
959,0.0022952372471740788,7.5618470124952856e-06,0.067720434999999995,0,0,0,0,0,0,0,0,0,0,0,0,0,0,0,0,0,0,0,0,0,0,0,0,0,0,0,0,0.073295285370707841,0.00024213656386412252,0.00015230653886272002,1.3815685484438956e-09,0,0,0,0,0,0,0,0,0,0,0,0,0,0,0,0,0,0,0,0,0,0,0,0,0,0,0,0,0,0,0,0
960,0.0023242405258743063,7.563311843790701e-06,0.067705317000000001,0,0,0,0,0,0,0,0,0,0,0,0,0,0,0,0,0,0,0,0,0,0,0,0,0,0,0,0,0.073295285370707841,0.00024213656386412252,0.0010804114572699195,4.7962228255335411e-08,0,0,0,0,0,0,0,0,0,0,0,0,0,0,0,0,0,0,0,0,0,0,0,0,0,0,0,0,0,0,0,0
961,0.0029340534623348942,8.0321750895402195e-06,0.067756605999999997,0,0,0,0,0,0,0,0,0,0,0,0,0,0,0,0,0,0,0,0,0,0,0,0,0,0,0,0,0.073295285370707841,0.00024213656386412252,0.020594425424008959,1.4957501209072541e-05,0,0,0,0,0,0,0,0,0,0,0,0,0,0,0,0,0,0,0,0,0,0,0,0,0,0,0,0,0,0,0,0
962,0.0035520940545773739,9.4624372885847458e-06,0.067827693999999994,0,0,0,0,0,0,0,0,0,0,0,0,0,0,0,0,0,0,0,0,0,0,0,0,0,0,0,0,0.073295285370707841,0.00024213656386412252,0.040371724375768227,6.0438886672235932e-05,0,0,0,0,0,0,0,0,0,0,0,0,0,0,0,0,0,0,0,0,0,0,0,0,0,0,0,0,0,0,0,0
963,0.0046450116810259606,3.0713184202593637e-05,0.067586587000000004,0,0,0,0,0,0,0,0,0,0,0,0,0,0,0,0,0,0,0,0,0,0,0,0,0,0,0,0,0.14864037379283074,0.00098346708205257981,0,0,0,0,0,0,0,0,0,0,0,0,0,0,0,0,0,0,0,0,0,0,0,0,0,0,0,0,0,0,0,0,0,0
964,0.0046497712603654198,3.0713227649055303e-05,0.067718522000000003,0,0,0,0,0,0,0,0,0,0,0,0,0,0,0,0,0,0,0,0,0,0,0,0,0,0,0,0,0.14864037379283074,0.00098346708205257981,0.00015230653886272002,1.3815685484438956e-09,0,0,0,0,0,0,0,0,0,0,0,0,0,0,0,0,0,0,0,0,0,0,0,0,0,0,0,0,0,0,0,0
965,0.0046583752109235687,3.0713488100768437e-05,0.067782826000000004,0,0,0,0,0,0,0,0,0,0,0,0,0,0,0,0,0,0,0,0,0,0,0,0,0,0,0,0,0.14864037379283074,0.00098346708205257981,0.00042763295672406992,9.6637595813666574e-09,0,0,0,0,0,0,0,0,0,0,0,0,0,0,0,0,0,0,0,0,0,0,0,0,0,0,0,0,0,0,0,0
966,0.0046787745390656317,3.0714692480350721e-05,0.067493926999999995,0,0,0,0,0,0,0,0,0,0,0,0,0,0,0,0,0,0,0,0,0,0,0,0,0,0,0,0,0.14864037379283074,0.00098346708205257981,0.0010804114572699195,4.7962228255335411e-08,0,0,0,0,0,0,0,0,0,0,0,0,0,0,0,0,0,0,0,0,0,0,0,0,0,0,0,0,0,0,0,0
967,0.0052885874755262139,3.1183555726100238e-05,0.067592818999999998,0,0,0,0,0,0,0,0,0,0,0,0,0,0,0,0,0,0,0,0,0,0,0,0,0,0,0,0,0.14864037379283074,0.00098346708205257981,0.020594425424008959,1.4957501209072541e-05,0,0,0,0,0,0,0,0,0,0,0,0,0,0,0,0,0,0,0,0,0,0,0,0,0,0,0,0,0,0,0,0
968,0.0059066280677687053,3.2613817925144763e-05,0.067756676000000002,0,0,0,0,0,0,0,0,0,0,0,0,0,0,0,0,0,0,0,0,0,0,0,0,0,0,0,0,0.14864037379283074,0.00098346708205257981,0.040371724375768227,6.0438886672235932e-05,0,0,0,0,0,0,0,0,0,0,0,0,0,0,0,0,0,0,0,0,0,0,0,0,0,0,0,0,0,0,0,0
969,0.0071689264137901245,3.8274674430125801e-05,0.067724013,0,0,0,0,0,0,0,0,0,0,0,0,0,0,0,0,0,0,0,0,0,0,0,0,0,0,0,0,0.14864037379283074,0.00098346708205257981,0.080765271448453621,0.00024045035374917778,0,0,0,0,0,0,0,0,0,0,0,0,0,0,0,0,0,0,0,0,0,0,0,0,0,0,0,0,0,0,0,0
970,0.16930794244801423,0.031367823409271592,0.067687101,0,0,0,0,0,0,0,0,0,0,0,0,0,0,0,0,0,0,0,0,0,0,0,0,0,0,0,0,0.14864037379283074,0.00098346708205257981,5.2692137845436173,0.99649923657363693,0,0,0,0,0,0,0,0,0,0,0,0,0,0,0,0,0,0,0,0,0,0,0,0,0,0,0,0,0,0,0,0
971,0.0091984402451831728,0.00012090116041295507,0.067685358000000001,0,0,0,0,0,0,0,0,0,0,0,0,0,0,0,0,0,0,0,0,0,0,0,0,0,0,0,0,0.29435008784586153,0.0038713768870001718,0,0,0,0,0,0,0,0,0,0,0,0,0,0,0,0,0,0,0,0,0,0,0,0,0,0,0,0,0,0,0,0,0,0
972,0.0098420160396834981,0.00012137153193646166,0.069021432999999993,0,0,0,0,0,0,0,0,0,0,0,0,0,0,0,0,0,0,0,0,0,0,0,0,0,0,0,0,0.29435008784586153,0.0038713768870001718,0.020594425424008959,1.4957501209072541e-05,0,0,0,0,0,0,0,0,0,0,0,0,0,0,0,0,0,0,0,0,0,0,0,0,0,0,0,0,0,0,0,0
973,0.010460056631925924,0.00012280179413550618,0.067570737000000006,0,0,0,0,0,0,0,0,0,0,0,0,0,0,0,0,0,0,0,0,0,0,0,0,0,0,0,0,0.29435008784586153,0.0038713768870001718,0.040371724375768227,6.0438886672235932e-05,0,0,0,0,0,0,0,0,0,0,0,0,0,0,0,0,0,0,0,0,0,0,0,0,0,0,0,0,0,0,0,0
974,0.011722354977947368,0.00012846265064048724,0.067532623,0,0,0,0,0,0,0,0,0,0,0,0,0,0,0,0,0,0,0,0,0,0,0,0,0,0,0,0,0.29435008784586153,0.0038713768870001718,0.080765271448453621,0.00024045035374917778,0,0,0,0,0,0,0,0,0,0,0,0,0,0,0,0,0,0,0,0,0,0,0,0,0,0,0,0,0,0,0,0
975,0.014325956447049652,0.00015138156973943501,0.067680940999999994,0,0,0,0,0,0,0,0,0,0,0,0,0,0,0,0,0,0,0,0,0,0,0,0,0,0,0,0,0.29435008784586153,0.0038713768870001718,0.16408051845972607,0.00096925671850849038,0,0,0,0,0,0,0,0,0,0,0,0,0,0,0,0,0,0,0,0,0,0,0,0,0,0,0,0,0,0,0,0
976,0.17386137101217045,0.031458011385481953,0.067810692000000006,0,0,0,0,0,0,0,0,0,0,0,0,0,0,0,0,0,0,0,0,0,0,0,0,0,0,0,0,0.29435008784586153,0.0038713768870001718,5.2692137845436173,0.99649923657363693,0,0,0,0,0,0,0,0,0,0,0,0,0,0,0,0,0,0,0,0,0,0,0,0,0,0,0,0,0,0,0,0
977,0.040445315245183258,0.031568100591110482,0.067719594999999994,0,0,0,0,0,0,0,0,0,0,0,0,0,0,0,0,0,0,0,0,0,0,0,0,0,0,0,0,0.29435008784586153,0.0038713768870001718,0.99990000000000001,1,0,0,0,0,0,0,0,0,0,0,0,0,0,0,0,0,0,0,0,0,0,0,0,0,0,0,0,0,0,0,0,0
978,0.018587496642532494,0.0004920920235721584,0.067676993000000005,0,0,0,0,0,0,0,0,0,0,0,0,0,0,0,0,0,0,0,0,0,0,0,0,0,0,0,0,0.59479989256103982,0.015757282062697733,0,0,0,0,0,0,0,0,0,0,0,0,0,0,0,0,0,0,0,0,0,0,0,0,0,0,0,0,0,0,0,0,0,0
979,0.018909505084945537,0.00049220822436072276,0.067765564,0,0,0,0,0,0,0,0,0,0,0,0,0,0,0,0,0,0,0,0,0,0,0,0,0,0,0,0,0.59479989256103982,0.015757282062697733,0.010304270157215124,3.6951076937837819e-06,0,0,0,0,0,0,0,0,0,0,0,0,0,0,0,0,0,0,0,0,0,0,0,0,0,0,0,0,0,0,0,0
980,0.019849113029275244,0.00049399265729470961,0.067835288999999993,0,0,0,0,0,0,0,0,0,0,0,0,0,0,0,0,0,0,0,0,0,0,0,0,0,0,0,0,0.59479989256103982,0.015757282062697733,0.040371724375768227,6.0438886672235932e-05,0,0,0,0,0,0,0,0,0,0,0,0,0,0,0,0,0,0,0,0,0,0,0,0,0,0,0,0,0,0,0,0
981,0.021111411375296648,0.00049965351379969059,0.067679768000000001,0,0,0,0,0,0,0,0,0,0,0,0,0,0,0,0,0,0,0,0,0,0,0,0,0,0,0,0,0.59479989256103982,0.015757282062697733,0.080765271448453621,0.00024045035374917778,0,0,0,0,0,0,0,0,0,0,0,0,0,0,0,0,0,0,0,0,0,0,0,0,0,0,0,0,0,0,0,0
982,0.028868769025886865,0.0006130287928622915,0.067845878999999998,0,0,0,0,0,0,0,0,0,0,0,0,0,0,0,0,0,0,0,0,0,0,0,0,0,0,0,0,0.59479989256103982,0.015757282062697733,0.32900071626734795,0.0038457087269933281,0,0,0,0,0,0,0,0,0,0,0,0,0,0,0,0,0,0,0,0,0,0,0,0,0,0,0,0,0,0,0,0
983,0.10083936647896573,0.0083459419041661802,0.067786525,0,0,0,0,0,0,0,0,0,0,0,0,0,0,0,0,0,0,0,0,0,0,0,0,0,0,0,0,0.59479989256103982,0.015757282062697733,2.6320598347658577,0.24974719602303916,0,0,0,0,0,0,0,0,0,0,0,0,0,0,0,0,0,0,0,0,0,0,0,0,0,0,0,0,0,0,0,0
984,0.037191812709966215,0.00196850864490208,0.067613679999999995,0,0,0,0,0,0,0,0,0,0,0,0,0,0,0,0,0,0,0,0,0,0,0,0,0,0,0,0,1.1901380067189189,0.063033628822948315,0,0,0,0,0,0,0,0,0,0,0,0,0,0,0,0,0,0,0,0,0,0,0,0,0,0,0,0,0,0,0,0,0,0
985,0.037196572289305729,0.0019685086883485417,0.067703363000000003,0,0,0,0,0,0,0,0,0,0,0,0,0,0,0,0,0,0,0,0,0,0,0,0,0,0,0,0,1.1901380067189189,0.063033628822948315,0.00015230653886272002,1.3815685484438956e-09,0,0,0,0,0,0,0,0,0,0,0,0,0,0,0,0,0,0,0,0,0,0,0,0,0,0,0,0,0,0,0,0
986,0.037225575568006118,0.001968510153179837,0.067705287000000003,0,0,0,0,0,0,0,0,0,0,0,0,0,0,0,0,0,0,0,0,0,0,0,0,0,0,0,0,1.1901380067189189,0.063033628822948315,0.0010804114572699195,4.7962228255335411e-08,0,0,0,0,0,0,0,0,0,0,0,0,0,0,0,0,0,0,0,0,0,0,0,0,0,0,0,0,0,0,0,0
987,0.037267273829222368,0.001968515308977993,0.067523905999999995,0,0,0,0,0,0,0,0,0,0,0,0,0,0,0,0,0,0,0,0,0,0,0,0,0,0,0,0,1.1901380067189189,0.063033628822948315,0.002414755816191225,2.1191317617583809e-07,0,0,0,0,0,0,0,0,0,0,0,0,0,0,0,0,0,0,0,0,0,0,0,0,0,0,0,0,0,0,0,0
988,0.039715727442730289,0.0019760701351296123,0.067595576000000004,0,0,0,0,0,0,0,0,0,0,0,0,0,0,0,0,0,0,0,0,0,0,0,0,0,0,0,0,1.1901380067189189,0.063033628822948315,0.080765271448453621,0.00024045035374917778,0,0,0,0,0,0,0,0,0,0,0,0,0,0,0,0,0,0,0,0,0,0,0,0,0,0,0,0,0,0,0,0
989,0.078244366916020394,0.0039217279109378996,0.067857413000000005,0,0,0,0,0,0,0,0,0,0,0,0,0,0,0,0,0,0,0,0,0,0,0,0,0,0,0,0,1.1901380067189189,0.063033628822948315,1.3136817345937244,0.06211107193631886,0,0,0,0,0,0,0,0,0,0,0,0,0,0,0,0,0,0,0,0,0,0,0,0,0,0,0,0,0,0,0,0
990,0.074239087109358115,0.0077180591303541895,0.067631726000000003,0,0,0,0,0,0,0,0,0,0,0,0,0,0,0,0,0,0,0,0,0,0,0,0,0,0,0,0,2.3756507874994597,0.24714002436119001,0,0,0,0,0,0,0,0,0,0,0,0,0,0,0,0,0,0,0,0,0,0,0,0,0,0,0,0,0,0,0,0,0,0
991,0.074272849967397511,0.0077180606386319465,0.067642407000000002,0,0,0,0,0,0,0,0,0,0,0,0,0,0,0,0,0,0,0,0,0,0,0,0,0,0,0,0,2.3756507874994597,0.24714002436119001,0.0010804114572699195,4.7962228255335411e-08,0,0,0,0,0,0,0,0,0,0,0,0,0,0,0,0,0,0,0,0,0,0,0,0,0,0,0,0,0,0,0,0
992,0.074882662903858102,0.0077185295018776957,0.067705809000000006,0,0,0,0,0,0,0,0,0,0,0,0,0,0,0,0,0,0,0,0,0,0,0,0,0,0,0,0,2.3756507874994597,0.24714002436119001,0.020594425424008959,1.4957501209072541e-05,0,0,0,0,0,0,0,0,0,0,0,0,0,0,0,0,0,0,0,0,0,0,0,0,0,0,0,0,0,0,0,0
993,0.075500703496100607,0.0077199597640767404,0.067780021999999995,0,0,0,0,0,0,0,0,0,0,0,0,0,0,0,0,0,0,0,0,0,0,0,0,0,0,0,0,2.3756507874994597,0.24714002436119001,0.040371724375768227,6.0438886672235932e-05,0,0,0,0,0,0,0,0,0,0,0,0,0,0,0,0,0,0,0,0,0,0,0,0,0,0,0,0,0,0,0,0
994,0.084520359492712693,0.0078389958996443222,0.067765565,0,0,0,0,0,0,0,0,0,0,0,0,0,0,0,0,0,0,0,0,0,0,0,0,0,0,0,0,2.3756507874994597,0.24714002436119001,0.32900071626734795,0.0038457087269933281,0,0,0,0,0,0,0,0,0,0,0,0,0,0,0,0,0,0,0,0,0,0,0,0,0,0,0,0,0,0,0,0
995,0.1152916413154127,0.0096712783963900095,0.067717090999999993,0,0,0,0,0,0,0,0,0,0,0,0,0,0,0,0,0,0,0,0,0,0,0,0,0,0,0,0,2.3756507874994597,0.24714002436119001,1.3136817345937244,0.06211107193631886,0,0,0,0,0,0,0,0,0,0,0,0,0,0,0,0,0,0,0,0,0,0,0,0,0,0,0,0,0,0,0,0
996,0.14881641016850264,0.031528290510786677,0.067860719999999999,0,0,0,0,0,0,0,0,0,0,0,0,0,0,0,0,0,0,0,0,0,0,0,0,0,0,0,0,4.7621251253920844,1.0095676067390944,0,0,0,0,0,0,0,0,0,0,0,0,0,0,0,0,0,0,0,0,0,0,0,0,0,0,0,0,0,0,0,0,0,0
997,0.14885017302654233,0.031528292019064437,0.067666684000000005,0,0,0,0,0,0,0,0,0,0,0,0,0,0,0,0,0,0,0,0,0,0,0,0,0,0,0,0,4.7621251253920844,1.0095676067390944,0.0010804114572699195,4.7962228255335411e-08,0,0,0,0,0,0,0,0,0,0,0,0,0,0,0,0,0,0,0,0,0,0,0,0,0,0,0,0,0,0,0,0
998,0.1488918712877591,0.031528297174862593,0.067693976000000003,0,0,0,0,0,0,0,0,0,0,0,0,0,0,0,0,0,0,0,0,0,0,0,0,0,0,0,0,4.7621251253920844,1.0095676067390944,0.002414755816191225,2.1191317617583809e-07,0,0,0,0,0,0,0,0,0,0,0,0,0,0,0,0,0,0,0,0,0,0,0,0,0,0,0,0,0,0,0,0
999,0.14913841861091603,0.031528406711575245,0.067833966999999995,0,0,0,0,0,0,0,0,0,0,0,0,0,0,0,0,0,0,0,0,0,0,0,0,0,0,0,0,4.7621251253920844,1.0095676067390944,0.010304270157215124,3.6951076937837819e-06,0,0,0,0,0,0,0,0,0,0,0,0,0,0,0,0,0,0,0,0,0,0,0,0,0,0,0,0,0,0,0,0
1000,0.15007802655524519,0.03153019114450923,0.067824409000000002,0,0,0,0,0,0,0,0,0,0,0,0,0,0,0,0,0,0,0,0,0,0,0,0,0,0,0,0,4.7621251253920844,1.0095676067390944,0.040371724375768227,6.0438886672235932e-05,0,0,0,0,0,0,0,0,0,0,0,0,0,0,0,0,0,0,0,0,0,0,0,0,0,0,0,0,0,0,0,0
1001,0.15134032490126684,0.031535852001014213,0.067651543999999994,0,0,0,0,0,0,0,0,0,0,0,0,0,0,0,0,0,0,0,0,0,0,0,0,0,0,0,0,4.7621251253920844,1.0095676067390944,0.080765271448453621,0.00024045035374917778,0,0,0,0,0,0,0,0,0,0,0,0,0,0,0,0,0,0,0,0,0,0,0,0,0,0,0,0,0,0,0,0
1002,0.15394392637036888,0.031558770920113159,0.067680531000000002,0,0,0,0,0,0,0,0,0,0,0,0,0,0,0,0,0,0,0,0,0,0,0,0,0,0,0,0,4.7621251253920844,1.0095676067390944,0.16408051845972607,0.00096925671850849038,0,0,0,0,0,0,0,0,0,0,0,0,0,0,0,0,0,0,0,0,0,0,0,0,0,0,0,0,0,0,0,0
1003,0.15909768255185755,0.031649227280076811,0.067817056000000001,0,0,0,0,0,0,0,0,0,0,0,0,0,0,0,0,0,0,0,0,0,0,0,0,0,0,0,0,4.7621251253920844,1.0095676067390944,0.32900071626734795,0.0038457087269933281,0,0,0,0,0,0,0,0,0,0,0,0,0,0,0,0,0,0,0,0,0,0,0,0,0,0,0,0,0,0,0,0
1004,0.16922999966638166,0.032007630692938736,0.067560830000000002,0,0,0,0,0,0,0,0,0,0,0,0,0,0,0,0,0,0,0,0,0,0,0,0,0,0,0,0,4.7621251253920844,1.0095676067390944,0.65323486393213526,0.01524269858142413,0,0,0,0,0,0,0,0,0,0,0,0,0,0,0,0,0,0,0,0,0,0,0,0,0,0,0,0,0,0,0,0
1005,0.18986896437455636,0.033481509776822502,0.067657576999999997,0,0,0,0,0,0,0,0,0,0,0,0,0,0,0,0,0,0,0,0,0,0,0,0,0,0,0,0,4.7621251253920844,1.0095676067390944,1.3136817345937244,0.06211107193631886,0,0,0,0,0,0,0,0,0,0,0,0,0,0,0,0,0,0,0,0,0,0,0,0,0,0,0,0,0,0,0,0
1006,0.23106828000493443,0.039382140391380702,0.067809411,0,0,0,0,0,0,0,0,0,0,0,0,0,0,0,0,0,0,0,0,0,0,0,0,0,0,0,0,4.7621251253920844,1.0095676067390944,2.6320598347658577,0.24974719602303916,0,0,0,0,0,0,0,0,0,0,0,0,0,0,0,0,0,0,0,0,0,0,0,0,0,0,0,0,0,0,0,0
1007,0.31347934093548951,0.062865400735855684,0.067651205000000006,0,0,0,0,0,0,0,0,0,0,0,0,0,0,0,0,0,0,0,0,0,0,0,0,0,0,0,0,4.7621251253920844,1.0095676067390944,5.2692137845436173,0.99649923657363693,0,0,0,0,0,0,0,0,0,0,0,0,0,0,0,0,0,0,0,0,0,0,0,0,0,0,0,0,0,0,0,0
1008,0.03125,0.031229498946210372,0.067806976000000005,0,0,0,0,0,0,0,0,0,0,0,0,0,0,0,0,0,0,0,0,0,0,0,0,0,0,0,0,1,1,0,0,0,0,0,0,0,0,0,0,0,0,0,0,0,0,0,0,0,0,0,0,0,0,0,0,0,0,0,0,0,0,0,0
1009,0.031254759579339403,0.031229498989656834,0.067794773000000003,0,0,0,0,0,0,0,0,0,0,0,0,0,0,0,0,0,0,0,0,0,0,0,0,0,0,0,0,1,1,0.00015230653886272002,1.3815685484438956e-09,0,0,0,0,0,0,0,0,0,0,0,0,0,0,0,0,0,0,0,0,0,0,0,0,0,0,0,0,0,0,0,0
1010,0.03126336352989758,0.031229499250108549,0.067728384000000003,0,0,0,0,0,0,0,0,0,0,0,0,0,0,0,0,0,0,0,0,0,0,0,0,0,0,0,0,1,1,0.00042763295672406992,9.6637595813666574e-09,0,0,0,0,0,0,0,0,0,0,0,0,0,0,0,0,0,0,0,0,0,0,0,0,0,0,0,0,0,0,0,0
1011,0.031572008442413056,0.031229615146998936,0.067610526000000004,0,0,0,0,0,0,0,0,0,0,0,0,0,0,0,0,0,0,0,0,0,0,0,0,0,0,0,0,1,1,0.010304270157215124,3.6951076937837819e-06,0,0,0,0,0,0,0,0,0,0,0,0,0,0,0,0,0,0,0,0,0,0,0,0,0,0,0,0,0,0,0,0
1012,0.032511616386742687,0.031231399579932925,0.067721600000000007,0,0,0,0,0,0,0,0,0,0,0,0,0,0,0,0,0,0,0,0,0,0,0,0,0,0,0,0,1,1,0.040371724375768227,6.0438886672235932e-05,0,0,0,0,0,0,0,0,0,0,0,0,0,0,0,0,0,0,0,0,0,0,0,0,0,0,0,0,0,0,0,0
1013,0.036377516201866328,0.03125997935553685,0.067741689999999993,0,0,0,0,0,0,0,0,0,0,0,0,0,0,0,0,0,0,0,0,0,0,0,0,0,0,0,0,1,1,0.16408051845972607,0.00096925671850849038,0,0,0,0,0,0,0,0,0,0,0,0,0,0,0,0,0,0,0,0,0,0,0,0,0,0,0,0,0,0,0,0
1014,0.051663589497878942,0.031708839128362427,0.067505673000000002,0,0,0,0,0,0,0,0,0,0,0,0,0,0,0,0,0,0,0,0,0,0,0,0,0,0,0,0,1,1,0.65323486393213526,0.01524269858142413,0,0,0,0,0,0,0,0,0,0,0,0,0,0,0,0,0,0,0,0,0,0,0,0,0,0,0,0,0,0,0,0
1015,0.07230255420605404,0.033182718212246193,0.067685319999999993,0,0,0,0,0,0,0,0,0,0,0,0,0,0,0,0,0,0,0,0,0,0,0,0,0,0,0,0,1,1,1.3136817345937244,0.06211107193631886,0,0,0,0,0,0,0,0,0,0,0,0,0,0,0,0,0,0,0,0,0,0,0,0,0,0,0,0,0,0,0,0
1016,0.11350186983643332,0.039083348826804393,0.067797177,0,0,0,0,0,0,0,0,0,0,0,0,0,0,0,0,0,0,0,0,0,0,0,0,0,0,0,0,1,1,2.6320598347658577,0.24974719602303916,0,0,0,0,0,0,0,0,0,0,0,0,0,0,0,0,0,0,0,0,0,0,0,0,0,0,0,0,0,0,0,0
1017,4.8898068142443348e-06,4.297488198563517e-11,0.067749366000000005,0,0,0,0,0,0,0,0,0,0,0,0,0,0,0,0,0,0,0,0,0,0,0,0,0,0,0,0,0,0,0,0,0,0,0.00015647381805581871,1.3964123849094143e-09,0,0,0,0,0,0,0,0,0,0,0,0,0,0,0,0,0,0,0,0,0,0,0,0,0,0,0,0
1018,1.6187145713545179e-05,3.0831705110807757e-10,0.067722794000000003,0,0,0,0,0,0,0,0,0,0,0,0,0,0,0,0,0,0,0,0,0,0,0,0,0,0,0,0,0,0,0,0,0,0,0.00051798866283344572,1.0018357904740272e-08,0,0,0,0,0,0,0,0,0,0,0,0,0,0,0,0,0,0,0,0,0,0,0,0,0,0,0,0
1019,3.2567545691452151e-05,1.5238748185018045e-09,0.067730979999999996,0,0,0,0,0,0,0,0,0,0,0,0,0,0,0,0,0,0,0,0,0,0,0,0,0,0,0,0,0,0,0,0,0,0,0.0010421614621264688,4.9516312117361939e-08,0,0,0,0,0,0,0,0,0,0,0,0,0,0,0,0,0,0,0,0,0,0,0,0,0,0,0,0
1020,7.2363068456853086e-05,6.7028677087194594e-09,0.067819260000000006,0,0,0,0,0,0,0,0,0,0,0,0,0,0,0,0,0,0,0,0,0,0,0,0,0,0,0,0,0,0,0,0,0,0,0.0023156181906192987,2.1780088857472408e-07,0,0,0,0,0,0,0,0,0,0,0,0,0,0,0,0,0,0,0,0,0,0,0,0,0,0,0,0
1021,0.0001527834446774735,2.8135360935340413e-08,0.067678247999999996,0,0,0,0,0,0,0,0,0,0,0,0,0,0,0,0,0,0,0,0,0,0,0,0,0,0,0,0,0,0,0,0,0,0,0.0048890702296791521,9.1422162548668592e-07,0,0,0,0,0,0,0,0,0,0,0,0,0,0,0,0,0,0,0,0,0,0,0,0,0,0,0,0
1022,0.00030287882177223698,1.1604787448515891e-07,0.067753644000000002,0,0,0,0,0,0,0,0,0,0,0,0,0,0,0,0,0,0,0,0,0,0,0,0,0,0,0,0,0,0,0,0,0,0,0.0096921222967115833,3.7708233667205038e-06,0,0,0,0,0,0,0,0,0,0,0,0,0,0,0,0,0,0,0,0,0,0,0,0,0,0,0,0
1023,0.00060302536108462854,4.749324500896375e-07,0.067922220000000005,0,0,0,0,0,0,0,0,0,0,0,0,0,0,0,0,0,0,0,0,0,0,0,0,0,0,0,0,0,0,0,0,0,0,0.019296811554708113,1.543230660929388e-05,0,0,0,0,0,0,0,0,0,0,0,0,0,0,0,0,0,0,0,0,0,0,0,0,0,0,0,0
1024,0.001207266892229542,1.8960576006227082e-06,0.067554659000000003,0,0,0,0,0,0,0,0,0,0,0,0,0,0,0,0,0,0,0,0,0,0,0,0,0,0,0,0,0,0,0,0,0,0,0.038632540551345344,6.1609903126579705e-05,0,0,0,0,0,0,0,0,0,0,0,0,0,0,0,0,0,0,0,0,0,0,0,0,0,0,0,0
1025,0.0024390294482454413,7.6311104271105186e-06,0.067700231,0,0,0,0,0,0,0,0,0,0,0,0,0,0,0,0,0,0,0,0,0,0,0,0,0,0,0,0,0,0,0,0,0,0,0.078048942343854122,0.00024796291737556007,0,0,0,0,0,0,0,0,0,0,0,0,0,0,0,0,0,0,0,0,0,0,0,0,0,0,0,0
1026,0.0049059542191876113,3.0215926986849594e-05,0.067952378999999993,0,0,0,0,0,0,0,0,0,0,0,0,0,0,0,0,0,0,0,0,0,0,0,0,0,0,0,0,0,0,0,0,0,0,0.15699053501400356,0.00098182688855455512,0,0,0,0,0,0,0,0,0,0,0,0,0,0,0,0,0,0,0,0,0,0,0,0,0,0,0,0
1027,0.0098155780778006654,0.00012136266954818458,0.067705850999999997,0,0,0,0,0,0,0,0,0,0,0,0,0,0,0,0,0,0,0,0,0,0,0,0,0,0,0,0,0,0,0,0,0,0,0.31409849848962129,0.0039435206565407582,0,0,0,0,0,0,0,0,0,0,0,0,0,0,0,0,0,0,0,0,0,0,0,0,0,0,0,0
1028,0.019585293257131233,0.00048709321284333613,0.067669642000000002,0,0,0,0,0,0,0,0,0,0,0,0,0,0,0,0,0,0,0,0,0,0,0,0,0,0,0,0,0,0,0,0,0,0,0.62672938422819946,0.015827454633781442,0,0,0,0,0,0,0,0,0,0,0,0,0,0,0,0,0,0,0,0,0,0,0,0,0,0,0,0
1029,0.039082118495143189,0.0019275103548782664,0.067708125999999993,0,0,0,0,0,0,0,0,0,0,0,0,0,0,0,0,0,0,0,0,0,0,0,0,0,0,0,0,0,0,0,0,0,0,1.2506277918445821,0.062631919093875554,0,0,0,0,0,0,0,0,0,0,0,0,0,0,0,0,0,0,0,0,0,0,0,0,0,0,0,0
1030,0.078296321327729596,0.0077817506069622535,0.068000832999999997,0,0,0,0,0,0,0,0,0,0,0,0,0,0,0,0,0,0,0,0,0,0,0,0,0,0,0,0,0,0,0,0,0,0,2.5054822824873471,0.2528577723022184,0,0,0,0,0,0,0,0,0,0,0,0,0,0,0,0,0,0,0,0,0,0,0,0,0,0,0,0
1031,0.15698949204010917,0.031672869552625132,0.067532786999999997,0,0,0,0,0,0,0,0,0,0,0,0,0,0,0,0,0,0,0,0,0,0,0,0,0,0,0,0,0,0,0,0,0,0,5.0236637452834936,1.0291683249692196,0,0,0,0,0,0,0,0,0,0,0,0,0,0,0,0,0,0,0,0,0,0,0,0,0,0,0,0
1032,0.03125,0.030775208276617338,0.067687536000000006,0,0,0,0,0,0,0,0,0,0,0,0,0,0,0,0,0,0,0,0,0,0,0,0,0,0,0,0,0,0,0,0,0,0,1,1,0,0,0,0,0,0,0,0,0,0,0,0,0,0,0,0,0,0,0,0,0,0,0,0,0,0,0,0
1033,4.0678986761733278e-06,4.297488198563517e-11,0.067834700999999997,0,0,0,0,0,0,0,0,0,0,0,0,0,0,0,0,0,0,0,0,0,0,0,0,0,0,0,0,0,0,0,0,0.00013017275763754649,1.3764609776427634e-09,0,0,0,0,0,0,0,0,0,0,0,0,0,0,0,0,0,0,0,0,0,0,0,0,0,0,0,0,0,0
1034,2.0255044389718458e-05,3.5129193309371272e-10,0.067760448000000001,0,0,0,0,0,0,0,0,0,0,0,0,0,0,0,0,0,0,0,0,0,0,0,0,0,0,0,0,0,0,0,0,0.00013017275763754649,1.3764609776427634e-09,0.00051798866283344572,1.0018357904740272e-08,0,0,0,0,0,0,0,0,0,0,0,0,0,0,0,0,0,0,0,0,0,0,0,0,0,0,0,0
1035,3.6635444367625532e-05,1.5668497004874397e-09,0.067592532999999996,0,0,0,0,0,0,0,0,0,0,0,0,0,0,0,0,0,0,0,0,0,0,0,0,0,0,0,0,0,0,0,0,0.00013017275763754649,1.3764609776427634e-09,0.0010421614621264688,4.9516312117361939e-08,0,0,0,0,0,0,0,0,0,0,0,0,0,0,0,0,0,0,0,0,0,0,0,0,0,0,0,0
1036,7.6430967133026142e-05,6.7458425907050946e-09,0.067668469999999994,0,0,0,0,0,0,0,0,0,0,0,0,0,0,0,0,0,0,0,0,0,0,0,0,0,0,0,0,0,0,0,0,0.00013017275763754649,1.3764609776427634e-09,0.0023156181906192987,2.1780088857472408e-07,0,0,0,0,0,0,0,0,0,0,0,0,0,0,0,0,0,0,0,0,0,0,0,0,0,0,0,0
1037,0.00015685134335364758,2.8178335817326049e-08,0.067758533999999995,0,0,0,0,0,0,0,0,0,0,0,0,0,0,0,0,0,0,0,0,0,0,0,0,0,0,0,0,0,0,0,0,0.00013017275763754649,1.3764609776427634e-09,0.0048890702296791521,9.1422162548668592e-07,0,0,0,0,0,0,0,0,0,0,0,0,0,0,0,0,0,0,0,0,0,0,0,0,0,0,0,0
1038,0.00060709325976080202,4.7497542497162314e-07,0.067586671000000001,0,0,0,0,0,0,0,0,0,0,0,0,0,0,0,0,0,0,0,0,0,0,0,0,0,0,0,0,0,0,0,0,0.00013017275763754649,1.3764609776427634e-09,0.019296811554708113,1.543230660929388e-05,0,0,0,0,0,0,0,0,0,0,0,0,0,0,0,0,0,0,0,0,0,0,0,0,0,0,0,0
1039,0.039086186393819354,0.0019275103978531485,0.067680373000000002,0,0,0,0,0,0,0,0,0,0,0,0,0,0,0,0,0,0,0,0,0,0,0,0,0,0,0,0,0,0,0,0,0.00013017275763754649,1.3764609776427634e-09,1.2506277918445821,0.062631919093875554,0,0,0,0,0,0,0,0,0,0,0,0,0,0,0,0,0,0,0,0,0,0,0,0,0,0,0,0
1040,0.15699355993878536,0.031672869595600013,0.067731021000000002,0,0,0,0,0,0,0,0,0,0,0,0,0,0,0,0,0,0,0,0,0,0,0,0,0,0,0,0,0,0,0,0,0.00013017275763754649,1.3764609776427634e-09,5.0236637452834936,1.0291683249692196,0,0,0,0,0,0,0,0,0,0,0,0,0,0,0,0,0,0,0,0,0,0,0,0,0,0,0,0
1041,1.4584445368028232e-05,3.0443961814696762e-10,0.067654572999999996,0,0,0,0,0,0,0,0,0,0,0,0,0,0,0,0,0,0,0,0,0,0,0,0,0,0,0,0,0,0,0,0,0.00046670225177690341,9.7510274622240143e-09,0,0,0,0,0,0,0,0,0,0,0,0,0,0,0,0,0,0,0,0,0,0,0,0,0,0,0,0,0,0
1042,1.9474252182272504e-05,3.4741450013260277e-10,0.067564288,0,0,0,0,0,0,0,0,0,0,0,0,0,0,0,0,0,0,0,0,0,0,0,0,0,0,0,0,0,0,0,0,0.00046670225177690341,9.7510274622240143e-09,0.00015647381805581871,1.3964123849094143e-09,0,0,0,0,0,0,0,0,0,0,0,0,0,0,0,0,0,0,0,0,0,0,0,0,0,0,0,0
1043,4.7151991059480138e-05,1.828314436648772e-09,0.067751721000000001,0,0,0,0,0,0,0,0,0,0,0,0,0,0,0,0,0,0,0,0,0,0,0,0,0,0,0,0,0,0,0,0,0.00046670225177690341,9.7510274622240143e-09,0.0010421614621264688,4.9516312117361939e-08,0,0,0,0,0,0,0,0,0,0,0,0,0,0,0,0,0,0,0,0,0,0,0,0,0,0,0,0
1044,0.00031746326714026502,1.1635231410330588e-07,0.067716342999999998,0,0,0,0,0,0,0,0,0,0,0,0,0,0,0,0,0,0,0,0,0,0,0,0,0,0,0,0,0,0,0,0,0.00046670225177690341,9.7510274622240143e-09,0.0096921222967115833,3.7708233667205038e-06,0,0,0,0,0,0,0,0,0,0,0,0,0,0,0,0,0,0,0,0,0,0,0,0,0,0,0,0
1045,0.00245361389361347,7.631414866728665e-06,0.067602914,0,0,0,0,0,0,0,0,0,0,0,0,0,0,0,0,0,0,0,0,0,0,0,0,0,0,0,0,0,0,0,0,0.00046670225177690341,9.7510274622240143e-09,0.078048942343854122,0.00024796291737556007,0,0,0,0,0,0,0,0,0,0,0,0,0,0,0,0,0,0,0,0,0,0,0,0,0,0,0,0
1046,0.0098301625231686906,0.00012136297398780273,0.067643913,0,0,0,0,0,0,0,0,0,0,0,0,0,0,0,0,0,0,0,0,0,0,0,0,0,0,0,0,0,0,0,0,0.00046670225177690341,9.7510274622240143e-09,0.31409849848962129,0.0039435206565407582,0,0,0,0,0,0,0,0,0,0,0,0,0,0,0,0,0,0,0,0,0,0,0,0,0,0,0,0
1047,0.019599877702499293,0.00048709351728295423,0.067648652000000004,0,0,0,0,0,0,0,0,0,0,0,0,0,0,0,0,0,0,0,0,0,0,0,0,0,0,0,0,0,0,0,0,0.00046670225177690341,9.7510274622240143e-09,0.62672938422819946,0.015827454633781442,0,0,0,0,0,0,0,0,0,0,0,0,0,0,0,0,0,0,0,0,0,0,0,0,0,0,0,0
1048,0.039096702940511145,0.0019275106593178847,0.067544290000000007,0,0,0,0,0,0,0,0,0,0,0,0,0,0,0,0,0,0,0,0,0,0,0,0,0,0,0,0,0,0,0,0,0.00046670225177690341,9.7510274622240143e-09,1.2506277918445821,0.062631919093875554,0,0,0,0,0,0,0,0,0,0,0,0,0,0,0,0,0,0,0,0,0,0,0,0,0,0,0,0
1049,3.7068851136706726e-05,1.5272632058642158e-09,0.067706795,0,0,0,0,0,0,0,0,0,0,0,0,0,0,0,0,0,0,0,0,0,0,0,0,0,0,0,0,0,0,0,0,0.0011862032363746152,4.8917370061990377e-08,0,0,0,0,0,0,0,0,0,0,0,0,0,0,0,0,0,0,0,0,0,0,0,0,0,0,0,0,0,0
1050,0.00018985229581418143,2.9662624141204629e-08,0.067794754999999998,0,0,0,0,0,0,0,0,0,0,0,0,0,0,0,0,0,0,0,0,0,0,0,0,0,0,0,0,0,0,0,0,0.0011862032363746152,4.8917370061990377e-08,0.0048890702296791521,9.1422162548668592e-07,0,0,0,0,0,0,0,0,0,0,0,0,0,0,0,0,0,0,0,0,0,0,0,0,0,0,0,0
1051,0.0049430230703243179,3.0217454250055457e-05,0.067742242999999994,0,0,0,0,0,0,0,0,0,0,0,0,0,0,0,0,0,0,0,0,0,0,0,0,0,0,0,0,0,0,0,0,0.0011862032363746152,4.8917370061990377e-08,0.15699053501400356,0.00098182688855455512,0,0,0,0,0,0,0,0,0,0,0,0,0,0,0,0,0,0,0,0,0,0,0,0,0,0,0,0
1052,0.019622362108267961,0.00048709474010654195,0.067488342000000007,0,0,0,0,0,0,0,0,0,0,0,0,0,0,0,0,0,0,0,0,0,0,0,0,0,0,0,0,0,0,0,0,0.0011862032363746152,4.8917370061990377e-08,0.62672938422819946,0.015827454633781442,0,0,0,0,0,0,0,0,0,0,0,0,0,0,0,0,0,0,0,0,0,0,0,0,0,0,0,0
1053,0.078333390178866355,0.0077817521342254592,0.067804735000000005,0,0,0,0,0,0,0,0,0,0,0,0,0,0,0,0,0,0,0,0,0,0,0,0,0,0,0,0,0,0,0,0,0.0011862032363746152,4.8917370061990377e-08,2.5054822824873471,0.2528577723022184,0,0,0,0,0,0,0,0,0,0,0,0,0,0,0,0,0,0,0,0,0,0,0,0,0,0,0,0
1054,0.031287068851136642,0.030775209803880547,0.067687787999999999,0,0,0,0,0,0,0,0,0,0,0,0,0,0,0,0,0,0,0,0,0,0,0,0,0,0,0,0,0,0,0,0,0.0011862032363746152,4.8917370061990377e-08,1,1,0,0,0,0,0,0,0,0,0,0,0,0,0,0,0,0,0,0,0,0,0,0,0,0,0,0,0,0
1055,7.6321080028634886e-05,6.7451002893499271e-09,0.067503421999999993,0,0,0,0,0,0,0,0,0,0,0,0,0,0,0,0,0,0,0,0,0,0,0,0,0,0,0,0,0,0,0,0,0.0024422745609163164,2.1604171808268117e-07,0,0,0,0,0,0,0,0,0,0,0,0,0,0,0,0,0,0,0,0,0,0,0,0,0,0,0,0,0,0
1056,9.2508225742180119e-05,7.0534173404580045e-09,0.067667829999999998,0,0,0,0,0,0,0,0,0,0,0,0,0,0,0,0,0,0,0,0,0,0,0,0,0,0,0,0,0,0,0,0,0.0024422745609163164,2.1604171808268117e-07,0.00051798866283344572,1.0018357904740272e-08,0,0,0,0,0,0,0,0,0,0,0,0,0,0,0,0,0,0,0,0,0,0,0,0,0,0,0,0
1057,0.00067934644111326261,4.8167755037898738e-07,0.067732845,0,0,0,0,0,0,0,0,0,0,0,0,0,0,0,0,0,0,0,0,0,0,0,0,0,0,0,0,0,0,0,0,0.0024422745609163164,2.1604171808268117e-07,0.019296811554708113,1.543230660929388e-05,0,0,0,0,0,0,0,0,0,0,0,0,0,0,0,0,0,0,0,0,0,0,0,0,0,0,0,0
1058,0.002515350528274079,7.6378555273998676e-06,0.067648982999999996,0,0,0,0,0,0,0,0,0,0,0,0,0,0,0,0,0,0,0,0,0,0,0,0,0,0,0,0,0,0,0,0,0.0024422745609163164,2.1604171808268117e-07,0.078048942343854122,0.00024796291737556007,0,0,0,0,0,0,0,0,0,0,0,0,0,0,0,0,0,0,0,0,0,0,0,0,0,0,0,0
1059,0.031326321080028557,0.030775215021717629,0.067731363000000003,0,0,0,0,0,0,0,0,0,0,0,0,0,0,0,0,0,0,0,0,0,0,0,0,0,0,0,0,0,0,0,0,0.0024422745609163164,2.1604171808268117e-07,1,1,0,0,0,0,0,0,0,0,0,0,0,0,0,0,0,0,0,0,0,0,0,0,0,0,0,0,0,0
1060,0.0001544298342072986,2.8180946971504815e-08,0.067749087,0,0,0,0,0,0,0,0,0,0,0,0,0,0,0,0,0,0,0,0,0,0,0,0,0,0,0,0,0,0,0,0,0.0049417546946335551,9.0261967053830112e-07,0,0,0,0,0,0,0,0,0,0,0,0,0,0,0,0,0,0,0,0,0,0,0,0,0,0,0,0,0,0
1061,0.000186997379898752,2.9704821790006619e-08,0.067760699999999993,0,0,0,0,0,0,0,0,0,0,0,0,0,0,0,0,0,0,0,0,0,0,0,0,0,0,0,0,0,0,0,0,0.0049417546946335551,9.0261967053830112e-07,0.0010421614621264688,4.9516312117361939e-08,0,0,0,0,0,0,0,0,0,0,0,0,0,0,0,0,0,0,0,0,0,0,0,0,0,0,0,0
1062,0.0013616967264368312,1.924238547594213e-06,0.067587524999999996,0,0,0,0,0,0,0,0,0,0,0,0,0,0,0,0,0,0,0,0,0,0,0,0,0,0,0,0,0,0,0,0,0.0049417546946335551,9.0261967053830112e-07,0.038632540551345344,6.1609903126579705e-05,0,0,0,0,0,0,0,0,0,0,0,0,0,0,0,0,0,0,0,0,0,0,0,0,0,0,0,0
1063,0.0050603840533948868,3.0244107933821098e-05,0.067764467999999994,0,0,0,0,0,0,0,0,0,0,0,0,0,0,0,0,0,0,0,0,0,0,0,0,0,0,0,0,0,0,0,0,0.0049417546946335551,9.0261967053830112e-07,0.15699053501400356,0.00098182688855455512,0,0,0,0,0,0,0,0,0,0,0,0,0,0,0,0,0,0,0,0,0,0,0,0,0,0,0,0
1064,0.0099700079120079495,0.00012139085049515609,0.067763194999999998,0,0,0,0,0,0,0,0,0,0,0,0,0,0,0,0,0,0,0,0,0,0,0,0,0,0,0,0,0,0,0,0,0.0049417546946335551,9.0261967053830112e-07,0.31409849848962129,0.0039435206565407582,0,0,0,0,0,0,0,0,0,0,0,0,0,0,0,0,0,0,0,0,0,0,0,0,0,0,0,0
1065,0.019739723091338486,0.00048712139379030763,0.067680244000000001,0,0,0,0,0,0,0,0,0,0,0,0,0,0,0,0,0,0,0,0,0,0,0,0,0,0,0,0,0,0,0,0,0.0049417546946335551,9.0261967053830112e-07,0.62672938422819946,0.015827454633781442,0,0,0,0,0,0,0,0,0,0,0,0,0,0,0,0,0,0,0,0,0,0,0,0,0,0,0,0
1066,0.00032726489875776029,1.1593305356495019e-07,0.067729860000000003,0,0,0,0,0,0,0,0,0,0,0,0,0,0,0,0,0,0,0,0,0,0,0,0,0,0,0,0,0,0,0,0,0.010472476760248329,3.713269632816273e-06,0,0,0,0,0,0,0,0,0,0,0,0,0,0,0,0,0,0,0,0,0,0,0,0,0,0,0,0,0,0
1067,0.00034345204447130484,1.1624137061605827e-07,0.067908456000000006,0,0,0,0,0,0,0,0,0,0,0,0,0,0,0,0,0,0,0,0,0,0,0,0,0,0,0,0,0,0,0,0,0.010472476760248329,3.713269632816273e-06,0.00051798866283344572,1.0018357904740272e-08,0,0,0,0,0,0,0,0,0,0,0,0,0,0,0,0,0,0,0,0,0,0,0,0,0,0,0,0
1068,0.00039962796721461358,1.2263592127366964e-07,0.067815345999999999,0,0,0,0,0,0,0,0,0,0,0,0,0,0,0,0,0,0,0,0,0,0,0,0,0,0,0,0,0,0,0,0,0.010472476760248329,3.713269632816273e-06,0.0023156181906192987,2.1780088857472408e-07,0,0,0,0,0,0,0,0,0,0,0,0,0,0,0,0,0,0,0,0,0,0,0,0,0,0,0,0
1069,0.0004800483434352336,1.440684145002906e-07,0.067661919000000001,0,0,0,0,0,0,0,0,0,0,0,0,0,0,0,0,0,0,0,0,0,0,0,0,0,0,0,0,0,0,0,0,0.010472476760248329,3.713269632816273e-06,0.0048890702296791521,9.1422162548668592e-07,0,0,0,0,0,0,0,0,0,0,0,0,0,0,0,0,0,0,0,0,0,0,0,0,0,0,0,0
1070,0.00063014372052999309,2.3198092805010909e-07,0.067694662000000003,0,0,0,0,0,0,0,0,0,0,0,0,0,0,0,0,0,0,0,0,0,0,0,0,0,0,0,0,0,0,0,0,0.010472476760248329,3.713269632816273e-06,0.0096921222967115833,3.7708233667205038e-06,0,0,0,0,0,0,0,0,0,0,0,0,0,0,0,0,0,0,0,0,0,0,0,0,0,0,0,0
1071,0.0052332191179453461,3.0331860040414545e-05,0.067890571999999996,0,0,0,0,0,0,0,0,0,0,0,0,0,0,0,0,0,0,0,0,0,0,0,0,0,0,0,0,0,0,0,0,0.010472476760248329,3.713269632816273e-06,0.15699053501400356,0.00098182688855455512,0,0,0,0,0,0,0,0,0,0,0,0,0,0,0,0,0,0,0,0,0,0,0,0,0,0,0,0
1072,0.078623586226486769,0.0077818665400158187,0.067651458999999997,0,0,0,0,0,0,0,0,0,0,0,0,0,0,0,0,0,0,0,0,0,0,0,0,0,0,0,0,0,0,0,0,0.010472476760248329,3.713269632816273e-06,2.5054822824873471,0.2528577723022184,0,0,0,0,0,0,0,0,0,0,0,0,0,0,0,0,0,0,0,0,0,0,0,0,0,0,0,0
1073,0.15731675693886746,0.031672985485678699,0.067611461999999997,0,0,0,0,0,0,0,0,0,0,0,0,0,0,0,0,0,0,0,0,0,0,0,0,0,0,0,0,0,0,0,0,0.010472476760248329,3.713269632816273e-06,5.0236637452834936,1.0291683249692196,0,0,0,0,0,0,0,0,0,0,0,0,0,0,0,0,0,0,0,0,0,0,0,0,0,0,0,0
1074,0.0006629483877975018,4.7581919455556343e-07,0.067830476000000001,0,0,0,0,0,0,0,0,0,0,0,0,0,0,0,0,0,0,0,0,0,0,0,0,0,0,0,0,0,0,0,0,0.021214348409520058,1.524021762149495e-05,0,0,0,0,0,0,0,0,0,0,0,0,0,0,0,0,0,0,0,0,0,0,0,0,0,0,0,0,0,0
1075,0.0012659737488821337,9.5075164464520087e-07,0.067548490000000003,0,0,0,0,0,0,0,0,0,0,0,0,0,0,0,0,0,0,0,0,0,0,0,0,0,0,0,0,0,0,0,0,0.021214348409520058,1.524021762149495e-05,0.019296811554708113,1.543230660929388e-05,0,0,0,0,0,0,0,0,0,0,0,0,0,0,0,0,0,0,0,0,0,0,0,0,0,0,0,0
1076,0.0031019778360429498,8.1069296216660822e-06,0.067623384999999994,0,0,0,0,0,0,0,0,0,0,0,0,0,0,0,0,0,0,0,0,0,0,0,0,0,0,0,0,0,0,0,0,0.021214348409520058,1.524021762149495e-05,0.078048942343854122,0.00024796291737556007,0,0,0,0,0,0,0,0,0,0,0,0,0,0,0,0,0,0,0,0,0,0,0,0,0,0,0,0
1077,0.039745066882940674,0.0019279861740728219,0.067775449000000001,0,0,0,0,0,0,0,0,0,0,0,0,0,0,0,0,0,0,0,0,0,0,0,0,0,0,0,0,0,0,0,0,0.021214348409520058,1.524021762149495e-05,1.2506277918445821,0.062631919093875554,0,0,0,0,0,0,0,0,0,0,0,0,0,0,0,0,0,0,0,0,0,0,0,0,0,0,0,0
1078,0.0013182010141969071,1.9261127013227825e-06,0.067823242000000006,0,0,0,0,0,0,0,0,0,0,0,0,0,0,0,0,0,0,0,0,0,0,0,0,0,0,0,0,0,0,0,0,0.042182432454301026,6.1692292088180728e-05,0,0,0,0,0,0,0,0,0,0,0,0,0,0,0,0,0,0,0,0,0,0,0,0,0,0,0,0,0,0
1079,0.001470984458874383,1.9542480622581231e-06,0.067685554999999994,0,0,0,0,0,0,0,0,0,0,0,0,0,0,0,0,0,0,0,0,0,0,0,0,0,0,0,0,0,0,0,0,0.042182432454301026,6.1692292088180728e-05,0.0048890702296791521,9.1422162548668592e-07,0,0,0,0,0,0,0,0,0,0,0,0,0,0,0,0,0,0,0,0,0,0,0,0,0,0,0,0
1080,0.0062241552333844874,3.2142039688172377e-05,0.067735721999999998,0,0,0,0,0,0,0,0,0,0,0,0,0,0,0,0,0,0,0,0,0,0,0,0,0,0,0,0,0,0,0,0,0.042182432454301026,6.1692292088180728e-05,0.15699053501400356,0.00098182688855455512,0,0,0,0,0,0,0,0,0,0,0,0,0,0,0,0,0,0,0,0,0,0,0,0,0,0,0,0
1081,0.011133779091997592,0.00012328878224950737,0.067726014000000001,0,0,0,0,0,0,0,0,0,0,0,0,0,0,0,0,0,0,0,0,0,0,0,0,0,0,0,0,0,0,0,0,0.042182432454301026,6.1692292088180728e-05,0.31409849848962129,0.0039435206565407582,0,0,0,0,0,0,0,0,0,0,0,0,0,0,0,0,0,0,0,0,0,0,0,0,0,0,0,0
1082,0.040400319509340102,0.0019294364675795893,0.067624819000000003,0,0,0,0,0,0,0,0,0,0,0,0,0,0,0,0,0,0,0,0,0,0,0,0,0,0,0,0,0,0,0,0,0.042182432454301026,6.1692292088180728e-05,1.2506277918445821,0.062631919093875554,0,0,0,0,0,0,0,0,0,0,0,0,0,0,0,0,0,0,0,0,0,0,0,0,0,0,0,0
1083,0.032568201014196968,0.030777134389318662,0.067546816999999995,0,0,0,0,0,0,0,0,0,0,0,0,0,0,0,0,0,0,0,0,0,0,0,0,0,0,0,0,0,0,0,0,0.042182432454301026,6.1692292088180728e-05,1,1,0,0,0,0,0,0,0,0,0,0,0,0,0,0,0,0,0,0,0,0,0,0,0,0,0,0,0,0
1084,0.0026842212910812282,7.6981474354388048e-06,0.067872979,0,0,0,0,0,0,0,0,0,0,0,0,0,0,0,0,0,0,0,0,0,0,0,0,0,0,0,0,0,0,0,0,0.085895081314599303,0.00024656727500878598,0,0,0,0,0,0,0,0,0,0,0,0,0,0,0,0,0,0,0,0,0,0,0,0,0,0,0,0,0,0
1085,0.0032872466521658567,8.1730798855284422e-06,0.067697248000000002,0,0,0,0,0,0,0,0,0,0,0,0,0,0,0,0,0,0,0,0,0,0,0,0,0,0,0,0,0,0,0,0,0.085895081314599303,0.00024656727500878598,0.019296811554708113,1.543230660929388e-05,0,0,0,0,0,0,0,0,0,0,0,0,0,0,0,0,0,0,0,0,0,0,0,0,0,0,0,0
1086,0.0075901755102688309,3.7914074422288397e-05,0.067680044999999994,0,0,0,0,0,0,0,0,0,0,0,0,0,0,0,0,0,0,0,0,0,0,0,0,0,0,0,0,0,0,0,0,0.085895081314599303,0.00024656727500878598,0.15699053501400356,0.00098182688855455512,0,0,0,0,0,0,0,0,0,0,0,0,0,0,0,0,0,0,0,0,0,0,0,0,0,0,0,0
1087,0.080980542618810658,0.0077894487543976919,0.067681778999999997,0,0,0,0,0,0,0,0,0,0,0,0,0,0,0,0,0,0,0,0,0,0,0,0,0,0,0,0,0,0,0,0,0.085895081314599303,0.00024656727500878598,2.5054822824873471,0.2528577723022184,0,0,0,0,0,0,0,0,0,0,0,0,0,0,0,0,0,0,0,0,0,0,0,0,0,0,0,0
1088,0.0053589590272669239,3.0619686700977107e-05,0.067823022999999996,0,0,0,0,0,0,0,0,0,0,0,0,0,0,0,0,0,0,0,0,0,0,0,0,0,0,0,0,0,0,0,0,0.17148668887254157,0.00098073111418037402,0,0,0,0,0,0,0,0,0,0,0,0,0,0,0,0,0,0,0,0,0,0,0,0,0,0,0,0,0,0
1089,0.0053915265729583741,3.0621210575795608e-05,0.067678793000000001,0,0,0,0,0,0,0,0,0,0,0,0,0,0,0,0,0,0,0,0,0,0,0,0,0,0,0,0,0,0,0,0,0.17148668887254157,0.00098073111418037402,0.0010421614621264688,4.9516312117361939e-08,0,0,0,0,0,0,0,0,0,0,0,0,0,0,0,0,0,0,0,0,0,0,0,0,0,0,0,0
1090,0.0059619843883515541,3.1094619151066745e-05,0.067747076000000003,0,0,0,0,0,0,0,0,0,0,0,0,0,0,0,0,0,0,0,0,0,0,0,0,0,0,0,0,0,0,0,0,0.17148668887254157,0.00098073111418037402,0.019296811554708113,1.543230660929388e-05,0,0,0,0,0,0,0,0,0,0,0,0,0,0,0,0,0,0,0,0,0,0,0,0,0,0,0,0
1091,0.0065662259194964705,3.2515744301599814e-05,0.067813995000000002,0,0,0,0,0,0,0,0,0,0,0,0,0,0,0,0,0,0,0,0,0,0,0,0,0,0,0,0,0,0,0,0,0.17148668887254157,0.00098073111418037402,0.038632540551345344,6.1609903126579705e-05,0,0,0,0,0,0,0,0,0,0,0,0,0,0,0,0,0,0,0,0,0,0,0,0,0,0,0,0
1092,0.010264913246454602,6.0835613687826701e-05,0.067622124000000006,0,0,0,0,0,0,0,0,0,0,0,0,0,0,0,0,0,0,0,0,0,0,0,0,0,0,0,0,0,0,0,0,0.17148668887254157,0.00098073111418037402,0.15699053501400356,0.00098182688855455512,0,0,0,0,0,0,0,0,0,0,0,0,0,0,0,0,0,0,0,0,0,0,0,0,0,0,0,0
1093,0.024944252284398102,0.0005177128995443132,0.067610602000000006,0,0,0,0,0,0,0,0,0,0,0,0,0,0,0,0,0,0,0,0,0,0,0,0,0,0,0,0,0,0,0,0,0.17148668887254157,0.00098073111418037402,0.62672938422819946,0.015827454633781442,0,0,0,0,0,0,0,0,0,0,0,0,0,0,0,0,0,0,0,0,0,0,0,0,0,0,0,0
1094,0.16234845106737639,0.031703489239326109,0.067756594000000003,0,0,0,0,0,0,0,0,0,0,0,0,0,0,0,0,0,0,0,0,0,0,0,0,0,0,0,0,0,0,0,0,0.17148668887254157,0.00098073111418037402,5.0236637452834936,1.0291683249692196,0,0,0,0,0,0,0,0,0,0,0,0,0,0,0,0,0,0,0,0,0,0,0,0,0,0,0,0
1095,0.036608959027266852,0.030805827963318315,0.067844744999999998,0,0,0,0,0,0,0,0,0,0,0,0,0,0,0,0,0,0,0,0,0,0,0,0,0,0,0,0,0,0,0,0,0.17148668887254157,0.00098073111418037402,1,1,0,0,0,0,0,0,0,0,0,0,0,0,0,0,0,0,0,0,0,0,0,0,0,0,0,0,0,0
1096,0.010733050395640738,0.00012270435947623481,0.067644597000000001,0,0,0,0,0,0,0,0,0,0,0,0,0,0,0,0,0,0,0,0,0,0,0,0,0,0,0,0,0,0,0,0,0.34345761266050362,0.0039301507020343459,0,0,0,0,0,0,0,0,0,0,0,0,0,0,0,0,0,0,0,0,0,0,0,0,0,0,0,0,0,0
1097,0.010737940202454978,0.00012270440245111679,0.067739110000000005,0,0,0,0,0,0,0,0,0,0,0,0,0,0,0,0,0,0,0,0,0,0,0,0,0,0,0,0,0,0,0,0,0.34345761266050362,0.0039301507020343459,0.00015647381805581871,1.3964123849094143e-09,0,0,0,0,0,0,0,0,0,0,0,0,0,0,0,0,0,0,0,0,0,0,0,0,0,0,0,0
1098,0.010749237541354281,0.00012270466779328593,0.067785138999999994,0,0,0,0,0,0,0,0,0,0,0,0,0,0,0,0,0,0,0,0,0,0,0,0,0,0,0,0,0,0,0,0,0.34345761266050362,0.0039301507020343459,0.00051798866283344572,1.0018357904740272e-08,0,0,0,0,0,0,0,0,0,0,0,0,0,0,0,0,0,0,0,0,0,0,0,0,0,0,0,0
1099,0.010765617941332245,0.00012270588335105333,0.067691047000000004,0,0,0,0,0,0,0,0,0,0,0,0,0,0,0,0,0,0,0,0,0,0,0,0,0,0,0,0,0,0,0,0,0.34345761266050362,0.0039301507020343459,0.0010421614621264688,4.9516312117361939e-08,0,0,0,0,0,0,0,0,0,0,0,0,0,0,0,0,0,0,0,0,0,0,0,0,0,0,0,0
1100,0.010805413464097642,0.00012271106234394352,0.067684063000000003,0,0,0,0,0,0,0,0,0,0,0,0,0,0,0,0,0,0,0,0,0,0,0,0,0,0,0,0,0,0,0,0,0.34345761266050362,0.0039301507020343459,0.0023156181906192987,2.1780088857472408e-07,0,0,0,0,0,0,0,0,0,0,0,0,0,0,0,0,0,0,0,0,0,0,0,0,0,0,0,0
1101,0.011035929217413023,0.00012282040735071996,0.067864262999999994,0,0,0,0,0,0,0,0,0,0,0,0,0,0,0,0,0,0,0,0,0,0,0,0,0,0,0,0,0,0,0,0,0.34345761266050362,0.0039301507020343459,0.0096921222967115833,3.7708233667205038e-06,0,0,0,0,0,0,0,0,0,0,0,0,0,0,0,0,0,0,0,0,0,0,0,0,0,0,0,0
1102,0.013172079843886209,0.00013033546990334532,0.067626794000000004,0,0,0,0,0,0,0,0,0,0,0,0,0,0,0,0,0,0,0,0,0,0,0,0,0,0,0,0,0,0,0,0,0.34345761266050362,0.0039301507020343459,0.078048942343854122,0.00024796291737556007,0,0,0,0,0,0,0,0,0,0,0,0,0,0,0,0,0,0,0,0,0,0,0,0,0,0,0,0
1103,0.015639004614828277,0.00015292028646308442,0.067605312000000001,0,0,0,0,0,0,0,0,0,0,0,0,0,0,0,0,0,0,0,0,0,0,0,0,0,0,0,0,0,0,0,0,0.34345761266050362,0.0039301507020343459,0.15699053501400356,0.00098182688855455512,0,0,0,0,0,0,0,0,0,0,0,0,0,0,0,0,0,0,0,0,0,0,0,0,0,0,0,0
1104,0.030318343652771831,0.00060979757231957089,0.067677531999999999,0,0,0,0,0,0,0,0,0,0,0,0,0,0,0,0,0,0,0,0,0,0,0,0,0,0,0,0,0,0,0,0,0.34345761266050362,0.0039301507020343459,0.62672938422819946,0.015827454633781442,0,0,0,0,0,0,0,0,0,0,0,0,0,0,0,0,0,0,0,0,0,0,0,0,0,0,0,0
1105,0.049815168890783856,0.0020502147143545012,0.067825848999999994,0,0,0,0,0,0,0,0,0,0,0,0,0,0,0,0,0,0,0,0,0,0,0,0,0,0,0,0,0,0,0,0,0.34345761266050362,0.0039301507020343459,1.2506277918445821,0.062631919093875554,0,0,0,0,0,0,0,0,0,0,0,0,0,0,0,0,0,0,0,0,0,0,0,0,0,0,0,0
1106,0.041983050395640528,0.030897912636093573,0.067656331,0,0,0,0,0,0,0,0,0,0,0,0,0,0,0,0,0,0,0,0,0,0,0,0,0,0,0,0,0,0,0,0,0.34345761266050362,0.0039301507020343459,1,1,0,0,0,0,0,0,0,0,0,0,0,0,0,0,0,0,0,0,0,0,0,0,0,0,0,0,0,0
1107,0.02145049841161201,0.00049148377511735726,0.067597026000000004,0,0,0,0,0,0,0,0,0,0,0,0,0,0,0,0,0,0,0,0,0,0,0,0,0,0,0,0,0,0,0,0,0.68641594917158433,0.015741945209290488,0,0,0,0,0,0,0,0,0,0,0,0,0,0,0,0,0,0,0,0,0,0,0,0,0,0,0,0,0,0
1108,0.021455388218426279,0.00049148381809223927,0.067722067999999996,0,0,0,0,0,0,0,0,0,0,0,0,0,0,0,0,0,0,0,0,0,0,0,0,0,0,0,0,0,0,0,0,0.68641594917158433,0.015741945209290488,0.00015647381805581871,1.3964123849094143e-09,0,0,0,0,0,0,0,0,0,0,0,0,0,0,0,0,0,0,0,0,0,0,0,0,0,0,0,0
1109,0.021522861480068916,0.00049149047798506594,0.067681720000000001,0,0,0,0,0,0,0,0,0,0,0,0,0,0,0,0,0,0,0,0,0,0,0,0,0,0,0,0,0,0,0,0,0.68641594917158433,0.015741945209290488,0.0023156181906192987,2.1780088857472408e-07,0,0,0,0,0,0,0,0,0,0,0,0,0,0,0,0,0,0,0,0,0,0,0,0,0,0,0,0
1110,0.021603281856289441,0.00049151191047829262,0.067690838000000003,0,0,0,0,0,0,0,0,0,0,0,0,0,0,0,0,0,0,0,0,0,0,0,0,0,0,0,0,0,0,0,0,0.68641594917158433,0.015741945209290488,0.0048890702296791521,9.1422162548668592e-07,0,0,0,0,0,0,0,0,0,0,0,0,0,0,0,0,0,0,0,0,0,0,0,0,0,0,0,0
1111,0.022053523772696565,0.00049195870756744693,0.067791432999999998,0,0,0,0,0,0,0,0,0,0,0,0,0,0,0,0,0,0,0,0,0,0,0,0,0,0,0,0,0,0,0,0,0.68641594917158433,0.015741945209290488,0.019296811554708113,1.543230660929388e-05,0,0,0,0,0,0,0,0,0,0,0,0,0,0,0,0,0,0,0,0,0,0,0,0,0,0,0,0
1112,0.02265776530384148,0.00049337983271797992,0.067810059000000006,0,0,0,0,0,0,0,0,0,0,0,0,0,0,0,0,0,0,0,0,0,0,0,0,0,0,0,0,0,0,0,0,0.68641594917158433,0.015741945209290488,0.038632540551345344,6.1609903126579705e-05,0,0,0,0,0,0,0,0,0,0,0,0,0,0,0,0,0,0,0,0,0,0,0,0,0,0,0,0
1113,0.041035791668743438,0.00097857698796069339,0.067712560000000005,0,0,0,0,0,0,0,0,0,0,0,0,0,0,0,0,0,0,0,0,0,0,0,0,0,0,0,0,0,0,0,0,0.68641594917158433,0.015741945209290488,0.62672938422819946,0.015827454633781442,0,0,0,0,0,0,0,0,0,0,0,0,0,0,0,0,0,0,0,0,0,0,0,0,0,0,0,0
1114,0.042648999111714964,0.0019536303789871715,0.067773927999999997,0,0,0,0,0,0,0,0,0,0,0,0,0,0,0,0,0,0,0,0,0,0,0,0,0,0,0,0,0,0,0,0,1.3647679715748788,0.06257366762082428,0,0,0,0,0,0,0,0,0,0,0,0,0,0,0,0,0,0,0,0,0,0,0,0,0,0,0,0,0,0
1115,0.042681566657406279,0.00195363190286199,0.067732478999999998,0,0,0,0,0,0,0,0,0,0,0,0,0,0,0,0,0,0,0,0,0,0,0,0,0,0,0,0,0,0,0,0,1.3647679715748788,0.06257366762082428,0.0010421614621264688,4.9516312117361939e-08,0,0,0,0,0,0,0,0,0,0,0,0,0,0,0,0,0,0,0,0,0,0,0,0,0,0,0,0
1116,0.042721362180171772,0.0019536370818548803,0.067535118000000005,0,0,0,0,0,0,0,0,0,0,0,0,0,0,0,0,0,0,0,0,0,0,0,0,0,0,0,0,0,0,0,0,1.3647679715748788,0.06257366762082428,0.0023156181906192987,2.1780088857472408e-07,0,0,0,0,0,0,0,0,0,0,0,0,0,0,0,0,0,0,0,0,0,0,0,0,0,0,0,0
1117,0.042801782556392595,0.0019536585143481067,0.067715917,0,0,0,0,0,0,0,0,0,0,0,0,0,0,0,0,0,0,0,0,0,0,0,0,0,0,0,0,0,0,0,0,1.3647679715748788,0.06257366762082428,0.0048890702296791521,9.1422162548668592e-07,0,0,0,0,0,0,0,0,0,0,0,0,0,0,0,0,0,0,0,0,0,0,0,0,0,0,0,0
1118,0.042951877933487169,0.0019537464268616568,0.067877700999999999,0,0,0,0,0,0,0,0,0,0,0,0,0,0,0,0,0,0,0,0,0,0,0,0,0,0,0,0,0,0,0,0,1.3647679715748788,0.06257366762082428,0.0096921222967115833,3.7708233667205038e-06,0,0,0,0,0,0,0,0,0,0,0,0,0,0,0,0,0,0,0,0,0,0,0,0,0,0,0,0
1119,0.045088028559960518,0.0019612614894142818,0.067744102,0,0,0,0,0,0,0,0,0,0,0,0,0,0,0,0,0,0,0,0,0,0,0,0,0,0,0,0,0,0,0,0,1.3647679715748788,0.06257366762082428,0.078048942343854122,0.00024796291737556007,0,0,0,0,0,0,0,0,0,0,0,0,0,0,0,0,0,0,0,0,0,0,0,0,0,0,0,0
1120,0.062234292368846367,0.0024407235918305075,0.067586095999999998,0,0,0,0,0,0,0,0,0,0,0,0,0,0,0,0,0,0,0,0,0,0,0,0,0,0,0,0,0,0,0,0,1.3647679715748788,0.06257366762082428,0.62672938422819946,0.015827454633781442,0,0,0,0,0,0,0,0,0,0,0,0,0,0,0,0,0,0,0,0,0,0,0,0,0,0,0,0
1121,0.085176651689188879,0.0078182182323176235,0.067601495999999997,0,0,0,0,0,0,0,0,0,0,0,0,0,0,0,0,0,0,0,0,0,0,0,0,0,0,0,0,0,0,0,0,2.7256528540540441,0.25041307420175196,0,0,0,0,0,0,0,0,0,0,0,0,0,0,0,0,0,0,0,0,0,0,0,0,0,0,0,0,0,0
1122,0.08518154149600296,0.0078182182752925058,0.067781063000000003,0,0,0,0,0,0,0,0,0,0,0,0,0,0,0,0,0,0,0,0,0,0,0,0,0,0,0,0,0,0,0,0,2.7256528540540441,0.25041307420175196,0.00015647381805581871,1.3964123849094143e-09,0,0,0,0,0,0,0,0,0,0,0,0,0,0,0,0,0,0,0,0,0,0,0,0,0,0,0,0
1123,0.08520921923488016,0.0078182197561924415,0.067660830000000005,0,0,0,0,0,0,0,0,0,0,0,0,0,0,0,0,0,0,0,0,0,0,0,0,0,0,0,0,0,0,0,0,2.7256528540540441,0.25041307420175196,0.0010421614621264688,4.9516312117361939e-08,0,0,0,0,0,0,0,0,0,0,0,0,0,0,0,0,0,0,0,0,0,0,0,0,0,0,0,0
1124,0.085479530510960758,0.0078183342801921088,0.067642515,0,0,0,0,0,0,0,0,0,0,0,0,0,0,0,0,0,0,0,0,0,0,0,0,0,0,0,0,0,0,0,0,2.7256528540540441,0.25041307420175196,0.0096921222967115833,3.7708233667205038e-06,0,0,0,0,0,0,0,0,0,0,0,0,0,0,0,0,0,0,0,0,0,0,0,0,0,0,0,0
1125,0.086383918581418306,0.0078201142899182469,0.067756967000000001,0,0,0,0,0,0,0,0,0,0,0,0,0,0,0,0,0,0,0,0,0,0,0,0,0,0,0,0,0,0,0,0,2.7256528540540441,0.25041307420175196,0.038632540551345344,6.1609903126579705e-05,0,0,0,0,0,0,0,0,0,0,0,0,0,0,0,0,0,0,0,0,0,0,0,0,0,0,0,0
1126,0.090082605908376315,0.0078484341593044737,0.067734412999999993,0,0,0,0,0,0,0,0,0,0,0,0,0,0,0,0,0,0,0,0,0,0,0,0,0,0,0,0,0,0,0,0,2.7256528540540441,0.25041307420175196,0.15699053501400356,0.00098182688855455512,0,0,0,0,0,0,0,0,0,0,0,0,0,0,0,0,0,0,0,0,0,0,0,0,0,0,0,0
1127,0.094992229766989289,0.0079395809018658076,0.067512623999999993,0,0,0,0,0,0,0,0,0,0,0,0,0,0,0,0,0,0,0,0,0,0,0,0,0,0,0,0,0,0,0,0,2.7256528540540441,0.25041307420175196,0.31409849848962129,0.0039435206565407582,0,0,0,0,0,0,0,0,0,0,0,0,0,0,0,0,0,0,0,0,0,0,0,0,0,0,0,0
1128,0.1047619449463197,0.0083053114451609594,0.067657875000000006,0,0,0,0,0,0,0,0,0,0,0,0,0,0,0,0,0,0,0,0,0,0,0,0,0,0,0,0,0,0,0,0,2.7256528540540441,0.25041307420175196,0.62672938422819946,0.015827454633781442,0,0,0,0,0,0,0,0,0,0,0,0,0,0,0,0,0,0,0,0,0,0,0,0,0,0,0,0
1129,0.24216614372929671,0.039491087784942758,0.067557490999999997,0,0,0,0,0,0,0,0,0,0,0,0,0,0,0,0,0,0,0,0,0,0,0,0,0,0,0,0,0,0,0,0,2.7256528540540441,0.25041307420175196,5.0236637452834936,1.0291683249692196,0,0,0,0,0,0,0,0,0,0,0,0,0,0,0,0,0,0,0,0,0,0,0,0,0,0,0,0
1130,0.11642665168918884,0.038593426508934964,0.067727550999999997,0,0,0,0,0,0,0,0,0,0,0,0,0,0,0,0,0,0,0,0,0,0,0,0,0,0,0,0,0,0,0,0,2.7256528540540441,0.25041307420175196,1,1,0,0,0,0,0,0,0,0,0,0,0,0,0,0,0,0,0,0,0,0,0,0,0,0,0,0,0,0
1131,0.17034473126659566,0.031433137780738467,0.067614743000000005,0,0,0,0,0,0,0,0,0,0,0,0,0,0,0,0,0,0,0,0,0,0,0,0,0,0,0,0,0,0,0,0,5.4510314005310612,1.0067854886609637,0,0,0,0,0,0,0,0,0,0,0,0,0,0,0,0,0,0,0,0,0,0,0,0,0,0,0,0,0,0
1132,0.17034962107341034,0.031433137823713347,0.067640051000000007,0,0,0,0,0,0,0,0,0,0,0,0,0,0,0,0,0,0,0,0,0,0,0,0,0,0,0,0,0,0,0,0,5.4510314005310612,1.0067854886609637,0.00015647381805581871,1.3964123849094143e-09,0,0,0,0,0,0,0,0,0,0,0,0,0,0,0,0,0,0,0,0,0,0,0,0,0,0,0,0
1133,0.17525068548578332,0.031463353707725315,0.068245081999999999,0,0,0,0,0,0,0,0,0,0,0,0,0,0,0,0,0,0,0,0,0,0,0,0,0,0,0,0,0,0,0,0,5.4510314005310612,1.0067854886609637,0.15699053501400356,0.00098182688855455512,0,0,0,0,0,0,0,0,0,0,0,0,0,0,0,0,0,0,0,0,0,0,0,0,0,0,0,0
1134,0.20942684976173823,0.033360648135616733,0.067722780999999996,0,0,0,0,0,0,0,0,0,0,0,0,0,0,0,0,0,0,0,0,0,0,0,0,0,0,0,0,0,0,0,0,5.4510314005310612,1.0067854886609637,1.2506277918445821,0.062631919093875554,0,0,0,0,0,0,0,0,0,0,0,0,0,0,0,0,0,0,0,0,0,0,0,0,0,0,0,0
1135,0.24864105259432567,0.039214888387700722,0.067953477999999998,0,0,0,0,0,0,0,0,0,0,0,0,0,0,0,0,0,0,0,0,0,0,0,0,0,0,0,0,0,0,0,0,5.4510314005310612,1.0067854886609637,2.5054822824873471,0.2528577723022184,0,0,0,0,0,0,0,0,0,0,0,0,0,0,0,0,0,0,0,0,0,0,0,0,0,0,0,0
1136,0.03125,0.031221286097940192,0.067747739000000001,0,0,0,0,0,0,0,0,0,0,0,0,0,0,0,0,0,0,0,0,0,0,0,0,0,0,0,0,0,0,0,0,1,1,0,0,0,0,0,0,0,0,0,0,0,0,0,0,0,0,0,0,0,0,0,0,0,0,0,0,0,0,0,0
1137,0.031266187145713539,0.031221286406257241,0.067706379999999997,0,0,0,0,0,0,0,0,0,0,0,0,0,0,0,0,0,0,0,0,0,0,0,0,0,0,0,0,0,0,0,0,1,1,0.00051798866283344572,1.0018357904740272e-08,0,0,0,0,0,0,0,0,0,0,0,0,0,0,0,0,0,0,0,0,0,0,0,0,0,0,0,0
1138,0.031282567545691371,0.03122128762181501,0.067850387999999998,0,0,0,0,0,0,0,0,0,0,0,0,0,0,0,0,0,0,0,0,0,0,0,0,0,0,0,0,0,0,0,0,1,1,0.0010421614621264688,4.9516312117361939e-08,0,0,0,0,0,0,0,0,0,0,0,0,0,0,0,0,0,0,0,0,0,0,0,0,0,0,0,0
1139,0.031552878821772198,0.031221402145814675,0.067931475000000005,0,0,0,0,0,0,0,0,0,0,0,0,0,0,0,0,0,0,0,0,0,0,0,0,0,0,0,0,0,0,0,0,1,1,0.0096921222967115833,3.7708233667205038e-06,0,0,0,0,0,0,0,0,0,0,0,0,0,0,0,0,0,0,0,0,0,0,0,0,0,0,0,0
1140,0.031853025361084718,0.031221761030390281,0.067798328000000005,0,0,0,0,0,0,0,0,0,0,0,0,0,0,0,0,0,0,0,0,0,0,0,0,0,0,0,0,0,0,0,0,1,1,0.019296811554708113,1.543230660929388e-05,0,0,0,0,0,0,0,0,0,0,0,0,0,0,0,0,0,0,0,0,0,0,0,0,0,0,0,0
1141,0.041065578077800924,0.031342648767488372,0.067853805000000003,0,0,0,0,0,0,0,0,0,0,0,0,0,0,0,0,0,0,0,0,0,0,0,0,0,0,0,0,0,0,0,0,1,1,0.31409849848962129,0.0039435206565407582,0,0,0,0,0,0,0,0,0,0,0,0,0,0,0,0,0,0,0,0,0,0,0,0,0,0,0,0
1142,0.10954632132772925,0.039003036704902447,0.067890877000000002,0,0,0,0,0,0,0,0,0,0,0,0,0,0,0,0,0,0,0,0,0,0,0,0,0,0,0,0,0,0,0,0,1,1,2.5054822824873471,0.2528577723022184,0,0,0,0,0,0,0,0,0,0,0,0,0,0,0,0,0,0,0,0,0,0,0,0,0,0,0,0
1143,0.18823949204010898,0.062894155650565317,0.067580115999999996,0,0,0,0,0,0,0,0,0,0,0,0,0,0,0,0,0,0,0,0,0,0,0,0,0,0,0,0,0,0,0,0,1,1,5.0236637452834936,1.0291683249692196,0,0,0,0,0,0,0,0,0,0,0,0,0,0,0,0,0,0,0,0,0,0,0,0,0,0,0,0
1144,6.0599165084331569e-06,4.3856910654716483e-11,0.067703865000000002,0,0,0,0,0,0,0,0,0,0,0,0,0,0,0,0,0,0,0,0,0,0,0,0,0,0,0,0,0,0,0,0,0,0,0,0,0,0,0.00019391732826986102,1.3910412279648208e-09,0,0,0,0,0,0,0,0,0,0,0,0,0,0,0,0,0,0,0,0,0,0,0,0
1145,1.7768529404518375e-05,3.0291135065103463e-10,0.067780765000000007,0,0,0,0,0,0,0,0,0,0,0,0,0,0,0,0,0,0,0,0,0,0,0,0,0,0,0,0,0,0,0,0,0,0,0,0,0,0,0.00056859294094458801,9.6076575135778132e-09,0,0,0,0,0,0,0,0,0,0,0,0,0,0,0,0,0,0,0,0,0,0,0,0
1146,3.370962305713266e-05,1.5254554837404553e-09,0.067946023999999994,0,0,0,0,0,0,0,0,0,0,0,0,0,0,0,0,0,0,0,0,0,0,0,0,0,0,0,0,0,0,0,0,0,0,0,0,0,0,0.0010787079378282451,4.8383970453691555e-08,0,0,0,0,0,0,0,0,0,0,0,0,0,0,0,0,0,0,0,0,0,0,0,0
1147,6.2101553942661253e-05,6.9403080798447255e-09,0.067676603000000002,0,0,0,0,0,0,0,0,0,0,0,0,0,0,0,0,0,0,0,0,0,0,0,0,0,0,0,0,0,0,0,0,0,0,0,0,0,0,0.0019872497261651601,2.2013075088322782e-07,0,0,0,0,0,0,0,0,0,0,0,0,0,0,0,0,0,0,0,0,0,0,0,0
1148,0.00012288221216968364,2.8507498437078654e-08,0.067741669000000004,0,0,0,0,0,0,0,0,0,0,0,0,0,0,0,0,0,0,0,0,0,0,0,0,0,0,0,0,0,0,0,0,0,0,0,0,0,0,0.0039322307894298766,9.0419286356765957e-07,0,0,0,0,0,0,0,0,0,0,0,0,0,0,0,0,0,0,0,0,0,0,0,0
1149,0.00026330962407494752,1.1681795537692385e-07,0.067814780000000005,0,0,0,0,0,0,0,0,0,0,0,0,0,0,0,0,0,0,0,0,0,0,0,0,0,0,0,0,0,0,0,0,0,0,0,0,0,0,0.0084259079703983206,3.7051992415790527e-06,0,0,0,0,0,0,0,0,0,0,0,0,0,0,0,0,0,0,0,0,0,0,0,0
1150,0.00053311701093208125,4.647143750152156e-07,0.067672194000000005,0,0,0,0,0,0,0,0,0,0,0,0,0,0,0,0,0,0,0,0,0,0,0,0,0,0,0,0,0,0,0,0,0,0,0,0,0,0,0.0170597443498266,1.4739680593634112e-05,0,0,0,0,0,0,0,0,0,0,0,0,0,0,0,0,0,0,0,0,0,0,0,0
1151,0.0010448480932288809,1.866420782369792e-06,0.067793559000000003,0,0,0,0,0,0,0,0,0,0,0,0,0,0,0,0,0,0,0,0,0,0,0,0,0,0,0,0,0,0,0,0,0,0,0,0,0,0,0.033435138983324189,5.9198612447808788e-05,0,0,0,0,0,0,0,0,0,0,0,0,0,0,0,0,0,0,0,0,0,0,0,0
1152,0.0020792294502948701,7.5231413588589748e-06,0.067856421,0,0,0,0,0,0,0,0,0,0,0,0,0,0,0,0,0,0,0,0,0,0,0,0,0,0,0,0,0,0,0,0,0,0,0,0,0,0,0.066535342409435844,0.00023861689384303876,0,0,0,0,0,0,0,0,0,0,0,0,0,0,0,0,0,0,0,0,0,0,0,0
1153,0.0042016289858492093,3.0568409719777267e-05,0.067775534999999998,0,0,0,0,0,0,0,0,0,0,0,0,0,0,0,0,0,0,0,0,0,0,0,0,0,0,0,0,0,0,0,0,0,0,0,0,0,0,0.1344521275471747,0.00096956027131741933,0,0,0,0,0,0,0,0,0,0,0,0,0,0,0,0,0,0,0,0,0,0,0,0
1154,0.0084892546809392164,0.00012183288986927162,0.067722031000000002,0,0,0,0,0,0,0,0,0,0,0,0,0,0,0,0,0,0,0,0,0,0,0,0,0,0,0,0,0,0,0,0,0,0,0,0,0,0,0.27165614979005492,0.0038642615314270577,0,0,0,0,0,0,0,0,0,0,0,0,0,0,0,0,0,0,0,0,0,0,0,0
1155,0.017083929590523132,0.00048580708094925895,0.067864917999999996,0,0,0,0,0,0,0,0,0,0,0,0,0,0,0,0,0,0,0,0,0,0,0,0,0,0,0,0,0,0,0,0,0,0,0,0,0,0,0.54668574689674021,0.01540869314206899,0,0,0,0,0,0,0,0,0,0,0,0,0,0,0,0,0,0,0,0,0,0,0,0
1156,0.034263764603049633,0.0019511009609642319,0.067762508999999999,0,0,0,0,0,0,0,0,0,0,0,0,0,0,0,0,0,0,0,0,0,0,0,0,0,0,0,0,0,0,0,0,0,0,0,0,0,0,1.0964404672975883,0.061884474672434547,0,0,0,0,0,0,0,0,0,0,0,0,0,0,0,0,0,0,0,0,0,0,0,0
1157,0.06874790635744224,0.0079407070674073973,0.067545960000000002,0,0,0,0,0,0,0,0,0,0,0,0,0,0,0,0,0,0,0,0,0,0,0,0,0,0,0,0,0,0,0,0,0,0,0,0,0,0,2.1999330034381517,0.25186112621836987,0,0,0,0,0,0,0,0,0,0,0,0,0,0,0,0,0,0,0,0,0,0,0,0
1158,0.13711379132405474,0.031379084119152752,0.067753583000000006,0,0,0,0,0,0,0,0,0,0,0,0,0,0,0,0,0,0,0,0,0,0,0,0,0,0,0,0,0,0,0,0,0,0,0,0,0,0,4.3876413223697517,0.99527301521917544,0,0,0,0,0,0,0,0,0,0,0,0,0,0,0,0,0,0,0,0,0,0,0,0
1159,0.03125,0.03152811704860959,0.067929121999999995,0,0,0,0,0,0,0,0,0,0,0,0,0,0,0,0,0,0,0,0,0,0,0,0,0,0,0,0,0,0,0,0,0,0,0,0,0,0,1,1,0,0,0,0,0,0,0,0,0,0,0,0,0,0,0,0,0,0,0,0,0,0,0,0
1160,3.7402963351591621e-06,4.3856910654716483e-11,0.067587672000000001,0,0,0,0,0,0,0,0,0,0,0,0,0,0,0,0,0,0,0,0,0,0,0,0,0,0,0,0,0,0,0,0,0,0,0,0,0.00011968948272509319,1.4182813383883541e-09,0,0,0,0,0,0,0,0,0,0,0,0,0,0,0,0,0,0,0,0,0,0,0,0,0,0
1161,0.00053685730726724145,4.647582319258703e-07,0.067647958999999994,0,0,0,0,0,0,0,0,0,0,0,0,0,0,0,0,0,0,0,0,0,0,0,0,0,0,0,0,0,0,0,0,0,0,0,0,0.00011968948272509319,1.4182813383883541e-09,0.0170597443498266,1.4739680593634112e-05,0,0,0,0,0,0,0,0,0,0,0,0,0,0,0,0,0,0,0,0,0,0,0,0
1162,0.0010485883895640382,1.8664646392804467e-06,0.067801896,0,0,0,0,0,0,0,0,0,0,0,0,0,0,0,0,0,0,0,0,0,0,0,0,0,0,0,0,0,0,0,0,0,0,0,0,0.00011968948272509319,1.4182813383883541e-09,0.033435138983324189,5.9198612447808788e-05,0,0,0,0,0,0,0,0,0,0,0,0,0,0,0,0,0,0,0,0,0,0,0,0
1163,0.0020829697466300287,7.523185215769629e-06,0.067804139999999999,0,0,0,0,0,0,0,0,0,0,0,0,0,0,0,0,0,0,0,0,0,0,0,0,0,0,0,0,0,0,0,0,0,0,0,0,0.00011968948272509319,1.4182813383883541e-09,0.066535342409435844,0.00023861689384303876,0,0,0,0,0,0,0,0,0,0,0,0,0,0,0,0,0,0,0,0,0,0,0,0
1164,0.031253740296335278,0.031528117092466501,0.067681353,0,0,0,0,0,0,0,0,0,0,0,0,0,0,0,0,0,0,0,0,0,0,0,0,0,0,0,0,0,0,0,0,0,0,0,0,0.00011968948272509319,1.4182813383883541e-09,1,1,0,0,0,0,0,0,0,0,0,0,0,0,0,0,0,0,0,0,0,0,0,0,0,0
1165,1.2189535529521029e-05,3.0518191950213508e-10,0.067816273999999996,0,0,0,0,0,0,0,0,0,0,0,0,0,0,0,0,0,0,0,0,0,0,0,0,0,0,0,0,0,0,0,0,0,0,0,0,0.00039006513694467293,9.8692273300118317e-09,0,0,0,0,0,0,0,0,0,0,0,0,0,0,0,0,0,0,0,0,0,0,0,0,0,0
1166,2.9958064934039371e-05,6.0809327015316966e-10,0.067742772000000007,0,0,0,0,0,0,0,0,0,0,0,0,0,0,0,0,0,0,0,0,0,0,0,0,0,0,0,0,0,0,0,0,0,0,0,0,0.00039006513694467293,9.8692273300118317e-09,0.00056859294094458801,9.6076575135778132e-09,0,0,0,0,0,0,0,0,0,0,0,0,0,0,0,0,0,0,0,0,0,0,0,0
1167,4.5899158586653685e-05,1.8306374032425902e-09,0.067760336000000004,0,0,0,0,0,0,0,0,0,0,0,0,0,0,0,0,0,0,0,0,0,0,0,0,0,0,0,0,0,0,0,0,0,0,0,0,0.00039006513694467293,9.8692273300118317e-09,0.0010787079378282451,4.8383970453691555e-08,0,0,0,0,0,0,0,0,0,0,0,0,0,0,0,0,0,0,0,0,0,0,0,0
1168,0.00013507174769920494,2.8812680356580789e-08,0.067694618999999998,0,0,0,0,0,0,0,0,0,0,0,0,0,0,0,0,0,0,0,0,0,0,0,0,0,0,0,0,0,0,0,0,0,0,0,0,0.00039006513694467293,9.8692273300118317e-09,0.0039322307894298766,9.0419286356765957e-07,0,0,0,0,0,0,0,0,0,0,0,0,0,0,0,0,0,0,0,0,0,0,0,0
1169,0.00027549915960446833,1.1712313729642599e-07,0.067767208999999995,0,0,0,0,0,0,0,0,0,0,0,0,0,0,0,0,0,0,0,0,0,0,0,0,0,0,0,0,0,0,0,0,0,0,0,0,0.00039006513694467293,9.8692273300118317e-09,0.0084259079703983206,3.7051992415790527e-06,0,0,0,0,0,0,0,0,0,0,0,0,0,0,0,0,0,0,0,0,0,0,0,0
1170,0.0020914189858243933,7.5234465407784763e-06,0.067655602999999995,0,0,0,0,0,0,0,0,0,0,0,0,0,0,0,0,0,0,0,0,0,0,0,0,0,0,0,0,0,0,0,0,0,0,0,0,0.00039006513694467293,9.8692273300118317e-09,0.066535342409435844,0.00023861689384303876,0,0,0,0,0,0,0,0,0,0,0,0,0,0,0,0,0,0,0,0,0,0,0,0
1171,0.0042138185213787243,3.056871490169677e-05,0.067687224000000004,0,0,0,0,0,0,0,0,0,0,0,0,0,0,0,0,0,0,0,0,0,0,0,0,0,0,0,0,0,0,0,0,0,0,0,0,0.00039006513694467293,9.8692273300118317e-09,0.1344521275471747,0.00096956027131741933,0,0,0,0,0,0,0,0,0,0,0,0,0,0,0,0,0,0,0,0,0,0,0,0
1172,0.0085014442164687322,0.00012183319505119111,0.067707705000000007,0,0,0,0,0,0,0,0,0,0,0,0,0,0,0,0,0,0,0,0,0,0,0,0,0,0,0,0,0,0,0,0,0,0,0,0,0.00039006513694467293,9.8692273300118317e-09,0.27165614979005492,0.0038642615314270577,0,0,0,0,0,0,0,0,0,0,0,0,0,0,0,0,0,0,0,0,0,0,0,0
1173,0.017096119126052665,0.00048580738613117846,0.067870410000000006,0,0,0,0,0,0,0,0,0,0,0,0,0,0,0,0,0,0,0,0,0,0,0,0,0,0,0,0,0,0,0,0,0,0,0,0,0.00039006513694467293,9.8692273300118317e-09,0.54668574689674021,0.01540869314206899,0,0,0,0,0,0,0,0,0,0,0,0,0,0,0,0,0,0,0,0,0,0,0,0
1174,0.034275954138579263,0.0019511012661461513,0.067707655000000005,0,0,0,0,0,0,0,0,0,0,0,0,0,0,0,0,0,0,0,0,0,0,0,0,0,0,0,0,0,0,0,0,0,0,0,0,0.00039006513694467293,9.8692273300118317e-09,1.0964404672975883,0.061884474672434547,0,0,0,0,0,0,0,0,0,0,0,0,0,0,0,0,0,0,0,0,0,0,0,0
1175,0.06876009589297169,0.007940707372589317,0.067826495000000001,0,0,0,0,0,0,0,0,0,0,0,0,0,0,0,0,0,0,0,0,0,0,0,0,0,0,0,0,0,0,0,0,0,0,0,0,0.00039006513694467293,9.8692273300118317e-09,2.1999330034381517,0.25186112621836987,0,0,0,0,0,0,0,0,0,0,0,0,0,0,0,0,0,0,0,0,0,0,0,0
1176,3.1592437699456119e-05,1.5222766873489147e-09,0.067860941999999994,0,0,0,0,0,0,0,0,0,0,0,0,0,0,0,0,0,0,0,0,0,0,0,0,0,0,0,0,0,0,0,0,0,0,0,0,0.0010109580063825958,4.9228652572645867e-08,0,0,0,0,0,0,0,0,0,0,0,0,0,0,0,0,0,0,0,0,0,0,0,0,0,0
1177,3.7652354207889329e-05,1.5661335980036312e-09,0.067599355,0,0,0,0,0,0,0,0,0,0,0,0,0,0,0,0,0,0,0,0,0,0,0,0,0,0,0,0,0,0,0,0,0,0,0,0,0.0010109580063825958,4.9228652572645867e-08,0.00019391732826986102,1.3910412279648208e-09,0,0,0,0,0,0,0,0,0,0,0,0,0,0,0,0,0,0,0,0,0,0,0,0
1178,0.00015447464986914007,3.0029775124427568e-08,0.067696492999999996,0,0,0,0,0,0,0,0,0,0,0,0,0,0,0,0,0,0,0,0,0,0,0,0,0,0,0,0,0,0,0,0,0,0,0,0,0.0010109580063825958,4.9228652572645867e-08,0.0039322307894298766,9.0419286356765957e-07,0,0,0,0,0,0,0,0,0,0,0,0,0,0,0,0,0,0,0,0,0,0,0,0
1179,0.00056470944863153886,4.6623665170256449e-07,0.067770195000000005,0,0,0,0,0,0,0,0,0,0,0,0,0,0,0,0,0,0,0,0,0,0,0,0,0,0,0,0,0,0,0,0,0,0,0,0,0.0010109580063825958,4.9228652572645867e-08,0.0170597443498266,1.4739680593634112e-05,0,0,0,0,0,0,0,0,0,0,0,0,0,0,0,0,0,0,0,0,0,0,0,0
1180,0.0010764405309283377,1.867943059057141e-06,0.067784905000000006,0,0,0,0,0,0,0,0,0,0,0,0,0,0,0,0,0,0,0,0,0,0,0,0,0,0,0,0,0,0,0,0,0,0,0,0,0.0010109580063825958,4.9228652572645867e-08,0.033435138983324189,5.9198612447808788e-05,0,0,0,0,0,0,0,0,0,0,0,0,0,0,0,0,0,0,0,0,0,0,0,0
1181,0.0085208471186386543,0.00012183441214595896,0.067675012000000007,0,0,0,0,0,0,0,0,0,0,0,0,0,0,0,0,0,0,0,0,0,0,0,0,0,0,0,0,0,0,0,0,0,0,0,0,0.0010109580063825958,4.9228652572645867e-08,0.27165614979005492,0.0038642615314270577,0,0,0,0,0,0,0,0,0,0,0,0,0,0,0,0,0,0,0,0,0,0,0,0
1182,0.068779498795141586,0.0079407085896840857,0.067868356000000005,0,0,0,0,0,0,0,0,0,0,0,0,0,0,0,0,0,0,0,0,0,0,0,0,0,0,0,0,0,0,0,0,0,0,0,0,0.0010109580063825958,4.9228652572645867e-08,2.1999330034381517,0.25186112621836987,0,0,0,0,0,0,0,0,0,0,0,0,0,0,0,0,0,0,0,0,0,0,0,0
1183,0.13714538376175395,0.031379085641429445,0.067798621000000003,0,0,0,0,0,0,0,0,0,0,0,0,0,0,0,0,0,0,0,0,0,0,0,0,0,0,0,0,0,0,0,0,0,0,0,0,0.0010109580063825958,4.9228652572645867e-08,4.3876413223697517,0.99527301521917544,0,0,0,0,0,0,0,0,0,0,0,0,0,0,0,0,0,0,0,0,0,0,0,0
1184,6.4234937281299213e-05,6.7673605970478307e-09,0.067800705000000003,0,0,0,0,0,0,0,0,0,0,0,0,0,0,0,0,0,0,0,0,0,0,0,0,0,0,0,0,0,0,0,0,0,0,0,0,0.0020555179930015748,2.1884854864726804e-07,0,0,0,0,0,0,0,0,0,0,0,0,0,0,0,0,0,0,0,0,0,0,0,0,0,0
1185,7.0294853789732532e-05,6.8112175077025475e-09,0.067683899000000006,0,0,0,0,0,0,0,0,0,0,0,0,0,0,0,0,0,0,0,0,0,0,0,0,0,0,0,0,0,0,0,0,0,0,0,0,0.0020555179930015748,2.1884854864726804e-07,0.00019391732826986102,1.3910412279648208e-09,0,0,0,0,0,0,0,0,0,0,0,0,0,0,0,0,0,0,0,0,0,0,0,0
1186,8.2003466685817291e-05,7.0702719476988659e-09,0.067836023999999995,0,0,0,0,0,0,0,0,0,0,0,0,0,0,0,0,0,0,0,0,0,0,0,0,0,0,0,0,0,0,0,0,0,0,0,0,0.0020555179930015748,2.1884854864726804e-07,0.00056859294094458801,9.6076575135778132e-09,0,0,0,0,0,0,0,0,0,0,0,0,0,0,0,0,0,0,0,0,0,0,0,0
1187,0.0011090830305101817,1.8731881429668399e-06,0.067815033999999996,0,0,0,0,0,0,0,0,0,0,0,0,0,0,0,0,0,0,0,0,0,0,0,0,0,0,0,0,0,0,0,0,0,0,0,0,0.0020555179930015748,2.1884854864726804e-07,0.033435138983324189,5.9198612447808788e-05,0,0,0,0,0,0,0,0,0,0,0,0,0,0,0,0,0,0,0,0,0,0,0,0
1188,0.0021434643875761737,7.5299087194560227e-06,0.067723636000000004,0,0,0,0,0,0,0,0,0,0,0,0,0,0,0,0,0,0,0,0,0,0,0,0,0,0,0,0,0,0,0,0,0,0,0,0,0.0020555179930015748,2.1884854864726804e-07,0.066535342409435844,0.00023861689384303876,0,0,0,0,0,0,0,0,0,0,0,0,0,0,0,0,0,0,0,0,0,0,0,0
1189,0.068812141294723336,0.0079407138347679946,0.067786919000000001,0,0,0,0,0,0,0,0,0,0,0,0,0,0,0,0,0,0,0,0,0,0,0,0,0,0,0,0,0,0,0,0,0,0,0,0,0.0020555179930015748,2.1884854864726804e-07,2.1999330034381517,0.25186112621836987,0,0,0,0,0,0,0,0,0,0,0,0,0,0,0,0,0,0,0,0,0,0,0,0
1190,0.00013558779035091148,2.8777765994016559e-08,0.067769045,0,0,0,0,0,0,0,0,0,0,0,0,0,0,0,0,0,0,0,0,0,0,0,0,0,0,0,0,0,0,0,0,0,0,0,0,0.0043388092912291674,9.3063938751078721e-07,0,0,0,0,0,0,0,0,0,0,0,0,0,0,0,0,0,0,0,0,0,0,0,0,0,0
1191,0.00016929741340804462,3.0303221477757014e-08,0.067625958,0,0,0,0,0,0,0,0,0,0,0,0,0,0,0,0,0,0,0,0,0,0,0,0,0,0,0,0,0,0,0,0,0,0,0,0,0.0043388092912291674,9.3063938751078721e-07,0.0010787079378282451,4.8383970453691555e-08,0,0,0,0,0,0,0,0,0,0,0,0,0,0,0,0,0,0,0,0,0,0,0,0
1192,0.13724937911440613,0.031379112896918748,0.067834039999999998,0,0,0,0,0,0,0,0,0,0,0,0,0,0,0,0,0,0,0,0,0,0,0,0,0,0,0,0,0,0,0,0,0,0,0,0,0.0043388092912291674,9.3063938751078721e-07,4.3876413223697517,0.99527301521917544,0,0,0,0,0,0,0,0,0,0,0,0,0,0,0,0,0,0,0,0,0,0,0,0
1193,0.031385587790350979,0.03152814582637558,0.067840682999999999,0,0,0,0,0,0,0,0,0,0,0,0,0,0,0,0,0,0,0,0,0,0,0,0,0,0,0,0,0,0,0,0,0,0,0,0,0.0043388092912291674,9.3063938751078721e-07,1,1,0,0,0,0,0,0,0,0,0,0,0,0,0,0,0,0,0,0,0,0,0,0,0,0
1194,0.00026066048802642549,1.1827646401138532e-07,0.067868778000000005,0,0,0,0,0,0,0,0,0,0,0,0,0,0,0,0,0,0,0,0,0,0,0,0,0,0,0,0,0,0,0,0,0,0,0,0,0.0083411356168456158,3.8249228952443183e-06,0,0,0,0,0,0,0,0,0,0,0,0,0,0,0,0,0,0,0,0,0,0,0,0,0,0
1195,0.00032276204196908672,1.2521677209123005e-07,0.067608755000000006,0,0,0,0,0,0,0,0,0,0,0,0,0,0,0,0,0,0,0,0,0,0,0,0,0,0,0,0,0,0,0,0,0,0,0,0,0.0083411356168456158,3.8249228952443183e-06,0.0019872497261651601,2.2013075088322782e-07,0,0,0,0,0,0,0,0,0,0,0,0,0,0,0,0,0,0,0,0,0,0,0,0
1196,0.00052397011210136737,2.3509441938830916e-07,0.067782010000000004,0,0,0,0,0,0,0,0,0,0,0,0,0,0,0,0,0,0,0,0,0,0,0,0,0,0,0,0,0,0,0,0,0,0,0,0,0.0083411356168456158,3.8249228952443183e-06,0.0084259079703983206,3.7051992415790527e-06,0,0,0,0,0,0,0,0,0,0,0,0,0,0,0,0,0,0,0,0,0,0,0,0
1197,0.00079377749895849915,5.8299083902660094e-07,0.067804462999999995,0,0,0,0,0,0,0,0,0,0,0,0,0,0,0,0,0,0,0,0,0,0,0,0,0,0,0,0,0,0,0,0,0,0,0,0,0.0083411356168456158,3.8249228952443183e-06,0.0170597443498266,1.4739680593634112e-05,0,0,0,0,0,0,0,0,0,0,0,0,0,0,0,0,0,0,0,0,0,0,0,0
1198,0.0013055085812553149,1.9846972463811773e-06,0.067612031000000003,0,0,0,0,0,0,0,0,0,0,0,0,0,0,0,0,0,0,0,0,0,0,0,0,0,0,0,0,0,0,0,0,0,0,0,0,0.0083411356168456158,3.8249228952443183e-06,0.033435138983324189,5.9198612447808788e-05,0,0,0,0,0,0,0,0,0,0,0,0,0,0,0,0,0,0,0,0,0,0,0,0
1199,0.034524425091076144,0.0019512192374282432,0.067886572000000006,0,0,0,0,0,0,0,0,0,0,0,0,0,0,0,0,0,0,0,0,0,0,0,0,0,0,0,0,0,0,0,0,0,0,0,0,0.0083411356168456158,3.8249228952443183e-06,1.0964404672975883,0.061884474672434547,0,0,0,0,0,0,0,0,0,0,0,0,0,0,0,0,0,0,0,0,0,0,0,0
1200,0.13737445181208122,0.031379202395616763,0.067912662999999998,0,0,0,0,0,0,0,0,0,0,0,0,0,0,0,0,0,0,0,0,0,0,0,0,0,0,0,0,0,0,0,0,0,0,0,0,0.0083411356168456158,3.8249228952443183e-06,4.3876413223697517,0.99527301521917544,0,0,0,0,0,0,0,0,0,0,0,0,0,0,0,0,0,0,0,0,0,0,0,0
1201,0.00053482321041184412,4.6950286499487247e-07,0.067720522000000005,0,0,0,0,0,0,0,0,0,0,0,0,0,0,0,0,0,0,0,0,0,0,0,0,0,0,0,0,0,0,0,0,0,0,0,0,0.017114342733179012,1.5183175052720756e-05,0,0,0,0,0,0,0,0,0,0,0,0,0,0,0,0,0,0,0,0,0,0,0,0,0,0
1202,0.00059692476435450729,4.7644317307471717e-07,0.067686095000000002,0,0,0,0,0,0,0,0,0,0,0,0,0,0,0,0,0,0,0,0,0,0,0,0,0,0,0,0,0,0,0,0,0,0,0,0,0.017114342733179012,1.5183175052720756e-05,0.0019872497261651601,2.2013075088322782e-07,0,0,0,0,0,0,0,0,0,0,0,0,0,0,0,0,0,0,0,0,0,0,0,0
1203,0.0026140526607067146,7.9926442238538477e-06,0.067644906000000005,0,0,0,0,0,0,0,0,0,0,0,0,0,0,0,0,0,0,0,0,0,0,0,0,0,0,0,0,0,0,0,0,0,0,0,0,0.017114342733179012,1.5183175052720756e-05,0.066535342409435844,0.00023861689384303876,0,0,0,0,0,0,0,0,0,0,0,0,0,0,0,0,0,0,0,0,0,0,0,0
1204,0.0047364521962610408,3.1037912584772135e-05,0.067718157000000001,0,0,0,0,0,0,0,0,0,0,0,0,0,0,0,0,0,0,0,0,0,0,0,0,0,0,0,0,0,0,0,0,0,0,0,0,0.017114342733179012,1.5183175052720756e-05,0.1344521275471747,0.00096956027131741933,0,0,0,0,0,0,0,0,0,0,0,0,0,0,0,0,0,0,0,0,0,0,0,0
1205,0.017618752800935011,0.00048627658381425384,0.067742743999999994,0,0,0,0,0,0,0,0,0,0,0,0,0,0,0,0,0,0,0,0,0,0,0,0,0,0,0,0,0,0,0,0,0,0,0,0,0.017114342733179012,1.5183175052720756e-05,0.54668574689674021,0.01540869314206899,0,0,0,0,0,0,0,0,0,0,0,0,0,0,0,0,0,0,0,0,0,0,0,0
1206,0.034798587813461526,0.0019515704638292267,0.067786608999999998,0,0,0,0,0,0,0,0,0,0,0,0,0,0,0,0,0,0,0,0,0,0,0,0,0,0,0,0,0,0,0,0,0,0,0,0,0.017114342733179012,1.5183175052720756e-05,1.0964404672975883,0.061884474672434547,0,0,0,0,0,0,0,0,0,0,0,0,0,0,0,0,0,0,0,0,0,0,0,0
1207,0.031784823210411796,0.031528586551474586,0.067927081,0,0,0,0,0,0,0,0,0,0,0,0,0,0,0,0,0,0,0,0,0,0,0,0,0,0,0,0,0,0,0,0,0,0,0,0,0.017114342733179012,1.5183175052720756e-05,1,1,0,0,0,0,0,0,0,0,0,0,0,0,0,0,0,0,0,0,0,0,0,0,0,0
1208,0.0010785262432710444,1.9022935695119845e-06,0.067730209999999999,0,0,0,0,0,0,0,0,0,0,0,0,0,0,0,0,0,0,0,0,0,0,0,0,0,0,0,0,0,0,0,0,0,0,0,0,0.03451283978467342,6.1517955311904033e-05,0,0,0,0,0,0,0,0,0,0,0,0,0,0,0,0,0,0,0,0,0,0,0,0,0,0
1209,0.0013418358673459884,2.0191115248889083e-06,0.067784776000000005,0,0,0,0,0,0,0,0,0,0,0,0,0,0,0,0,0,0,0,0,0,0,0,0,0,0,0,0,0,0,0,0,0,0,0,0,0.03451283978467342,6.1517955311904033e-05,0.0084259079703983206,3.7051992415790527e-06,0,0,0,0,0,0,0,0,0,0,0,0,0,0,0,0,0,0,0,0,0,0,0,0
1210,0.0016116432542031297,2.3670079445272001e-06,0.067909567000000004,0,0,0,0,0,0,0,0,0,0,0,0,0,0,0,0,0,0,0,0,0,0,0,0,0,0,0,0,0,0,0,0,0,0,0,0,0.03451283978467342,6.1517955311904033e-05,0.0170597443498266,1.4739680593634112e-05,0,0,0,0,0,0,0,0,0,0,0,0,0,0,0,0,0,0,0,0,0,0,0,0
1211,0.0021233743364999147,3.7687143518817766e-06,0.067744017000000004,0,0,0,0,0,0,0,0,0,0,0,0,0,0,0,0,0,0,0,0,0,0,0,0,0,0,0,0,0,0,0,0,0,0,0,0,0.03451283978467342,6.1517955311904033e-05,0.033435138983324189,5.9198612447808788e-05,0,0,0,0,0,0,0,0,0,0,0,0,0,0,0,0,0,0,0,0,0,0,0,0
1212,0.0095677809242102722,0.00012373518343878359,0.067665354999999996,0,0,0,0,0,0,0,0,0,0,0,0,0,0,0,0,0,0,0,0,0,0,0,0,0,0,0,0,0,0,0,0,0,0,0,0,0.03451283978467342,6.1517955311904033e-05,0.27165614979005492,0.0038642615314270577,0,0,0,0,0,0,0,0,0,0,0,0,0,0,0,0,0,0,0,0,0,0,0,0
1213,0.035342290846320824,0.0019530032545337439,0.067741112000000006,0,0,0,0,0,0,0,0,0,0,0,0,0,0,0,0,0,0,0,0,0,0,0,0,0,0,0,0,0,0,0,0,0,0,0,0,0.03451283978467342,6.1517955311904033e-05,1.0964404672975883,0.061884474672434547,0,0,0,0,0,0,0,0,0,0,0,0,0,0,0,0,0,0,0,0,0,0,0,0
1214,0.13819231756732567,0.031380986412722266,0.067956448000000003,0,0,0,0,0,0,0,0,0,0,0,0,0,0,0,0,0,0,0,0,0,0,0,0,0,0,0,0,0,0,0,0,0,0,0,0,0.03451283978467342,6.1517955311904033e-05,4.3876413223697517,0.99527301521917544,0,0,0,0,0,0,0,0,0,0,0,0,0,0,0,0,0,0,0,0,0,0,0,0
1215,0.0021925509985056052,7.6836106685459337e-06,0.067652069999999995,0,0,0,0,0,0,0,0,0,0,0,0,0,0,0,0,0,0,0,0,0,0,0,0,0,0,0,0,0,0,0,0,0,0,0,0,0.070161631952179365,0.00024847900729798477,0,0,0,0,0,0,0,0,0,0,0,0,0,0,0,0,0,0,0,0,0,0,0,0,0,0
1216,0.0021986109150140417,7.6836545254565888e-06,0.067743046000000001,0,0,0,0,0,0,0,0,0,0,0,0,0,0,0,0,0,0,0,0,0,0,0,0,0,0,0,0,0,0,0,0,0,0,0,0,0.070161631952179365,0.00024847900729798477,0.00019391732826986102,1.3910412279648208e-09,0,0,0,0,0,0,0,0,0,0,0,0,0,0,0,0,0,0,0,0,0,0,0,0
1217,0.0022103195279101285,7.683913579896584e-06,0.067930790000000005,0,0,0,0,0,0,0,0,0,0,0,0,0,0,0,0,0,0,0,0,0,0,0,0,0,0,0,0,0,0,0,0,0,0,0,0,0.070161631952179365,0.00024847900729798477,0.00056859294094458801,9.6076575135778132e-09,0,0,0,0,0,0,0,0,0,0,0,0,0,0,0,0,0,0,0,0,0,0,0,0
1218,0.0022262606215627373,7.6851361240296729e-06,0.067865483000000004,0,0,0,0,0,0,0,0,0,0,0,0,0,0,0,0,0,0,0,0,0,0,0,0,0,0,0,0,0,0,0,0,0,0,0,0,0.070161631952179365,0.00024847900729798477,0.0010787079378282451,4.8383970453691555e-08,0,0,0,0,0,0,0,0,0,0,0,0,0,0,0,0,0,0,0,0,0,0,0,0
1219,0.0042717804488004735,1.5206752027404908e-05,0.067694652999999994,0,0,0,0,0,0,0,0,0,0,0,0,0,0,0,0,0,0,0,0,0,0,0,0,0,0,0,0,0,0,0,0,0,0,0,0,0.070161631952179365,0.00024847900729798477,0.066535342409435844,0.00023861689384303876,0,0,0,0,0,0,0,0,0,0,0,0,0,0,0,0,0,0,0,0,0,0,0,0
1220,0.0063941799843547685,3.8252020388323197e-05,0.068019259999999998,0,0,0,0,0,0,0,0,0,0,0,0,0,0,0,0,0,0,0,0,0,0,0,0,0,0,0,0,0,0,0,0,0,0,0,0,0.070161631952179365,0.00024847900729798477,0.1344521275471747,0.00096956027131741933,0,0,0,0,0,0,0,0,0,0,0,0,0,0,0,0,0,0,0,0,0,0,0,0
1221,0.010681805679444819,0.00012951650053781756,0.067732706000000004,0,0,0,0,0,0,0,0,0,0,0,0,0,0,0,0,0,0,0,0,0,0,0,0,0,0,0,0,0,0,0,0,0,0,0,0,0.070161631952179365,0.00024847900729798477,0.27165614979005492,0.0038642615314270577,0,0,0,0,0,0,0,0,0,0,0,0,0,0,0,0,0,0,0,0,0,0,0,0
1222,0.036456315601555482,0.0019587845716327779,0.067583336999999993,0,0,0,0,0,0,0,0,0,0,0,0,0,0,0,0,0,0,0,0,0,0,0,0,0,0,0,0,0,0,0,0,0,0,0,0,0.070161631952179365,0.00024847900729798477,1.0964404672975883,0.061884474672434547,0,0,0,0,0,0,0,0,0,0,0,0,0,0,0,0,0,0,0,0,0,0,0,0
1223,0.070940457355947825,0.007948390678075944,0.067734539999999996,0,0,0,0,0,0,0,0,0,0,0,0,0,0,0,0,0,0,0,0,0,0,0,0,0,0,0,0,0,0,0,0,0,0,0,0,0.070161631952179365,0.00024847900729798477,2.1999330034381517,0.25186112621836987,0,0,0,0,0,0,0,0,0,0,0,0,0,0,0,0,0,0,0,0,0,0,0,0
1224,0.13930634232256014,0.031386767729821304,0.067830365000000004,0,0,0,0,0,0,0,0,0,0,0,0,0,0,0,0,0,0,0,0,0,0,0,0,0,0,0,0,0,0,0,0,0,0,0,0,0.070161631952179365,0.00024847900729798477,4.3876413223697517,0.99527301521917544,0,0,0,0,0,0,0,0,0,0,0,0,0,0,0,0,0,0,0,0,0,0,0,0
1225,0.033442550998505641,0.031535800659278135,0.067574720000000005,0,0,0,0,0,0,0,0,0,0,0,0,0,0,0,0,0,0,0,0,0,0,0,0,0,0,0,0,0,0,0,0,0,0,0,0,0.070161631952179365,0.00024847900729798477,1,1,0,0,0,0,0,0,0,0,0,0,0,0,0,0,0,0,0,0,0,0,0,0,0,0
1226,0.0044051956280825944,3.0440624934315441e-05,0.067741001999999995,0,0,0,0,0,0,0,0,0,0,0,0,0,0,0,0,0,0,0,0,0,0,0,0,0,0,0,0,0,0,0,0,0,0,0,0,0.14096626009864302,0.00098441430617675829,0,0,0,0,0,0,0,0,0,0,0,0,0,0,0,0,0,0,0,0,0,0,0,0,0,0
1227,0.0044112555445910183,3.0440668791226097e-05,0.067830736000000003,0,0,0,0,0,0,0,0,0,0,0,0,0,0,0,0,0,0,0,0,0,0,0,0,0,0,0,0,0,0,0,0,0,0,0,0,0.14096626009864302,0.00098441430617675829,0.00019391732826986102,1.3910412279648208e-09,0,0,0,0,0,0,0,0,0,0,0,0,0,0,0,0,0,0,0,0,0,0,0,0
1228,0.0044229641574871003,3.0440927845666093e-05,0.067810365999999997,0,0,0,0,0,0,0,0,0,0,0,0,0,0,0,0,0,0,0,0,0,0,0,0,0,0,0,0,0,0,0,0,0,0,0,0,0.14096626009864302,0.00098441430617675829,0.00056859294094458801,9.6076575135778132e-09,0,0,0,0,0,0,0,0,0,0,0,0,0,0,0,0,0,0,0,0,0,0,0,0
1229,0.0045280778402522629,3.0469132432752521e-05,0.067654785999999995,0,0,0,0,0,0,0,0,0,0,0,0,0,0,0,0,0,0,0,0,0,0,0,0,0,0,0,0,0,0,0,0,0,0,0,0,0.14096626009864302,0.00098441430617675829,0.0039322307894298766,9.0419286356765957e-07,0,0,0,0,0,0,0,0,0,0,0,0,0,0,0,0,0,0,0,0,0,0,0,0
1230,0.0046685052521575343,3.0557442889692367e-05,0.067860062999999998,0,0,0,0,0,0,0,0,0,0,0,0,0,0,0,0,0,0,0,0,0,0,0,0,0,0,0,0,0,0,0,0,0,0,0,0,0.14096626009864302,0.00098441430617675829,0.0084259079703983206,3.7051992415790527e-06,0,0,0,0,0,0,0,0,0,0,0,0,0,0,0,0,0,0,0,0,0,0,0,0
1231,0.0049383126390146583,3.0905339309330656e-05,0.067852398999999994,0,0,0,0,0,0,0,0,0,0,0,0,0,0,0,0,0,0,0,0,0,0,0,0,0,0,0,0,0,0,0,0,0,0,0,0,0.14096626009864302,0.00098441430617675829,0.0170597443498266,1.4739680593634112e-05,0,0,0,0,0,0,0,0,0,0,0,0,0,0,0,0,0,0,0,0,0,0,0,0
1232,0.021489125218605732,0.00051624770588357442,0.067772384000000005,0,0,0,0,0,0,0,0,0,0,0,0,0,0,0,0,0,0,0,0,0,0,0,0,0,0,0,0,0,0,0,0,0,0,0,0,0.14096626009864302,0.00098441430617675829,0.54668574689674021,0.01540869314206899,0,0,0,0,0,0,0,0,0,0,0,0,0,0,0,0,0,0,0,0,0,0,0,0
1233,0.0088534444296565033,0.00012181327414551233,0.067739881000000002,0,0,0,0,0,0,0,0,0,0,0,0,0,0,0,0,0,0,0,0,0,0,0,0,0,0,0,0,0,0,0,0,0,0,0,0,0.28331022174900811,0.0039392992098494992,0,0,0,0,0,0,0,0,0,0,0,0,0,0,0,0,0,0,0,0,0,0,0,0,0,0
1234,0.0088871540527136524,0.00012181479960099608,0.067975768000000006,0,0,0,0,0,0,0,0,0,0,0,0,0,0,0,0,0,0,0,0,0,0,0,0,0,0,0,0,0,0,0,0,0,0,0,0,0.28331022174900811,0.0039392992098494992,0.0010787079378282451,4.8383970453691555e-08,0,0,0,0,0,0,0,0,0,0,0,0,0,0,0,0,0,0,0,0,0,0,0,0
1235,0.0089763266418261788,0.00012184178164394941,0.067775068999999993,0,0,0,0,0,0,0,0,0,0,0,0,0,0,0,0,0,0,0,0,0,0,0,0,0,0,0,0,0,0,0,0,0,0,0,0,0.28331022174900811,0.0039392992098494992,0.0039322307894298766,9.0419286356765957e-07,0,0,0,0,0,0,0,0,0,0,0,0,0,0,0,0,0,0,0,0,0,0,0,0
1236,0.0093865614405885898,0.00012227798852052754,0.067712928000000006,0,0,0,0,0,0,0,0,0,0,0,0,0,0,0,0,0,0,0,0,0,0,0,0,0,0,0,0,0,0,0,0,0,0,0,0,0.28331022174900811,0.0039392992098494992,0.0170597443498266,1.4739680593634112e-05,0,0,0,0,0,0,0,0,0,0,0,0,0,0,0,0,0,0,0,0,0,0,0,0
1237,0.043117209032706119,0.0020729142351097441,0.067783715999999994,0,0,0,0,0,0,0,0,0,0,0,0,0,0,0,0,0,0,0,0,0,0,0,0,0,0,0,0,0,0,0,0,0,0,0,0,0.28331022174900811,0.0039392992098494992,1.0964404672975883,0.061884474672434547,0,0,0,0,0,0,0,0,0,0,0,0,0,0,0,0,0,0,0,0,0,0,0,0
1238,0.14596723575371101,0.031500897393298269,0.067797332000000002,0,0,0,0,0,0,0,0,0,0,0,0,0,0,0,0,0,0,0,0,0,0,0,0,0,0,0,0,0,0,0,0,0,0,0,0,0.28331022174900811,0.0039392992098494992,4.3876413223697517,0.99527301521917544,0,0,0,0,0,0,0,0,0,0,0,0,0,0,0,0,0,0,0,0,0,0,0,0
1239,0.017872681348283875,0.00049306308658172819,0.067650628000000004,0,0,0,0,0,0,0,0,0,0,0,0,0,0,0,0,0,0,0,0,0,0,0,0,0,0,0,0,0,0,0,0,0,0,0,0,0.57192580314508401,0.015945085139548506,0,0,0,0,0,0,0,0,0,0,0,0,0,0,0,0,0,0,0,0,0,0,0,0,0,0
1240,0.017890449877688359,0.00049306338949307881,0.067769118000000003,0,0,0,0,0,0,0,0,0,0,0,0,0,0,0,0,0,0,0,0,0,0,0,0,0,0,0,0,0,0,0,0,0,0,0,0,0.57192580314508401,0.015945085139548506,0.00056859294094458801,9.6076575135778132e-09,0,0,0,0,0,0,0,0,0,0,0,0,0,0,0,0,0,0,0,0,0,0,0,0
1241,0.017906390971341026,0.00049306461203721191,0.067865863999999998,0,0,0,0,0,0,0,0,0,0,0,0,0,0,0,0,0,0,0,0,0,0,0,0,0,0,0,0,0,0,0,0,0,0,0,0,0.57192580314508401,0.015945085139548506,0.0010787079378282451,4.8383970453691555e-08,0,0,0,0,0,0,0,0,0,0,0,0,0,0,0,0,0,0,0,0,0,0,0,0
1242,0.018135990972358747,0.0004931799045371051,0.067658072999999999,0,0,0,0,0,0,0,0,0,0,0,0,0,0,0,0,0,0,0,0,0,0,0,0,0,0,0,0,0,0,0,0,0,0,0,0,0.57192580314508401,0.015945085139548506,0.0084259079703983206,3.7051992415790527e-06,0,0,0,0,0,0,0,0,0,0,0,0,0,0,0,0,0,0,0,0,0,0,0,0
1243,0.018917529441512714,0.00049492950736409796,0.067706337000000005,0,0,0,0,0,0,0,0,0,0,0,0,0,0,0,0,0,0,0,0,0,0,0,0,0,0,0,0,0,0,0,0,0,0,0,0,0.57192580314508401,0.015945085139548506,0.033435138983324189,5.9198612447808788e-05,0,0,0,0,0,0,0,0,0,0,0,0,0,0,0,0,0,0,0,0,0,0,0,0
1244,0.019951910798578706,0.00050058622794058722,0.067855585999999996,0,0,0,0,0,0,0,0,0,0,0,0,0,0,0,0,0,0,0,0,0,0,0,0,0,0,0,0,0,0,0,0,0,0,0,0,0.57192580314508401,0.015945085139548506,0.066535342409435844,0.00023861689384303876,0,0,0,0,0,0,0,0,0,0,0,0,0,0,0,0,0,0,0,0,0,0,0,0
1245,0.052136445951333543,0.0024441640475459602,0.067702128,0,0,0,0,0,0,0,0,0,0,0,0,0,0,0,0,0,0,0,0,0,0,0,0,0,0,0,0,0,0,0,0,0,0,0,0,0.57192580314508401,0.015945085139548506,1.0964404672975883,0.061884474672434547,0,0,0,0,0,0,0,0,0,0,0,0,0,0,0,0,0,0,0,0,0,0,0,0
1246,0.035837968550227708,0.0019524049496684418,0.067714302000000004,0,0,0,0,0,0,0,0,0,0,0,0,0,0,0,0,0,0,0,0,0,0,0,0,0,0,0,0,0,0,0,0,0,0,0,0,1.1468149936072867,0.063138498899124193,0,0,0,0,0,0,0,0,0,0,0,0,0,0,0,0,0,0,0,0,0,0,0,0,0,0
1247,0.070101733153277182,0.0039035059106326737,0.067697018999999997,0,0,0,0,0,0,0,0,0,0,0,0,0,0,0,0,0,0,0,0,0,0,0,0,0,0,0,0,0,0,0,0,0,0,0,0,1.1468149936072867,0.063138498899124193,1.0964404672975883,0.061884474672434547,0,0,0,0,0,0,0,0,0,0,0,0,0,0,0,0,0,0,0,0,0,0,0,0
1248,0.10458587490767009,0.0098931120170758398,0.067852039000000003,0,0,0,0,0,0,0,0,0,0,0,0,0,0,0,0,0,0,0,0,0,0,0,0,0,0,0,0,0,0,0,0,0,0,0,0,1.1468149936072867,0.063138498899124193,2.1999330034381517,0.25186112621836987,0,0,0,0,0,0,0,0,0,0,0,0,0,0,0,0,0,0,0,0,0,0,0,0
1249,0.071875623903371197,0.0078049587087229474,0.067652782999999994,0,0,0,0,0,0,0,0,0,0,0,0,0,0,0,0,0,0,0,0,0,0,0,0,0,0,0,0,0,0,0,0,0,0,0,0,2.3000199649078783,0.25240326138391522,0,0,0,0,0,0,0,0,0,0,0,0,0,0,0,0,0,0,0,0,0,0,0,0,0,0
1250,0.071937725457313098,0.0078049656490310274,0.067792113000000001,0,0,0,0,0,0,0,0,0,0,0,0,0,0,0,0,0,0,0,0,0,0,0,0,0,0,0,0,0,0,0,0,0,0,0,0,2.3000199649078783,0.25240326138391522,0.0019872497261651601,2.2013075088322782e-07,0,0,0,0,0,0,0,0,0,0,0,0,0,0,0,0,0,0,0,0,0,0,0,0
1251,0.07199850611554022,0.0078049872162213848,0.067869562999999994,0,0,0,0,0,0,0,0,0,0,0,0,0,0,0,0,0,0,0,0,0,0,0,0,0,0,0,0,0,0,0,0,0,0,0,0,2.3000199649078783,0.25240326138391522,0.0039322307894298766,9.0419286356765957e-07,0,0,0,0,0,0,0,0,0,0,0,0,0,0,0,0,0,0,0,0,0,0,0,0
1252,0.072138933527446353,0.0078050755266783249,0.067640820000000004,0,0,0,0,0,0,0,0,0,0,0,0,0,0,0,0,0,0,0,0,0,0,0,0,0,0,0,0,0,0,0,0,0,0,0,0,2.3000199649078783,0.25240326138391522,0.0084259079703983206,3.7051992415790527e-06,0,0,0,0,0,0,0,0,0,0,0,0,0,0,0,0,0,0,0,0,0,0,0,0
1253,0.073954853353666083,0.0078124818500818066,0.067655938999999998,0,0,0,0,0,0,0,0,0,0,0,0,0,0,0,0,0,0,0,0,0,0,0,0,0,0,0,0,0,0,0,0,0,0,0,0,2.3000199649078783,0.25240326138391522,0.066535342409435844,0.00023861689384303876,0,0,0,0,0,0,0,0,0,0,0,0,0,0,0,0,0,0,0,0,0,0,0,0
1254,0.076077252889220431,0.0078355271184427245,0.067735553000000004,0,0,0,0,0,0,0,0,0,0,0,0,0,0,0,0,0,0,0,0,0,0,0,0,0,0,0,0,0,0,0,0,0,0,0,0,2.3000199649078783,0.25240326138391522,0.1344521275471747,0.00096956027131741933,0,0,0,0,0,0,0,0,0,0,0,0,0,0,0,0,0,0,0,0,0,0,0,0
1255,0.080364878584310462,0.0079267915985922199,0.067838302000000003,0,0,0,0,0,0,0,0,0,0,0,0,0,0,0,0,0,0,0,0,0,0,0,0,0,0,0,0,0,0,0,0,0,0,0,0,2.3000199649078783,0.25240326138391522,0.27165614979005492,0.0038642615314270577,0,0,0,0,0,0,0,0,0,0,0,0,0,0,0,0,0,0,0,0,0,0,0,0
1256,0.10613938850642043,0.0097560596696871799,0.067555223999999997,0,0,0,0,0,0,0,0,0,0,0,0,0,0,0,0,0,0,0,0,0,0,0,0,0,0,0,0,0,0,0,0,0,0,0,0,2.3000199649078783,0.25240326138391522,1.0964404672975883,0.061884474672434547,0,0,0,0,0,0,0,0,0,0,0,0,0,0,0,0,0,0,0,0,0,0,0,0
1257,0.14404719894310677,0.031249161150915604,0.067726537000000003,0,0,0,0,0,0,0,0,0,0,0,0,0,0,0,0,0,0,0,0,0,0,0,0,0,0,0,0,0,0,0,0,0,0,0,0,4.6095103661794168,1.0105614243913381,0,0,0,0,0,0,0,0,0,0,0,0,0,0,0,0,0,0,0,0,0,0,0,0,0,0
1258,0.14406496747251094,0.031249161453826953,0.067955550000000003,0,0,0,0,0,0,0,0,0,0,0,0,0,0,0,0,0,0,0,0,0,0,0,0,0,0,0,0,0,0,0,0,0,0,0,0,4.6095103661794168,1.0105614243913381,0.00056859294094458801,9.6076575135778132e-09,0,0,0,0,0,0,0,0,0,0,0,0,0,0,0,0,0,0,0,0,0,0,0,0
1259,0.14417008115527616,0.031249189658414039,0.067638616999999998,0,0,0,0,0,0,0,0,0,0,0,0,0,0,0,0,0,0,0,0,0,0,0,0,0,0,0,0,0,0,0,0,0,0,0,0,4.6095103661794168,1.0105614243913381,0.0039322307894298766,9.0419286356765957e-07,0,0,0,0,0,0,0,0,0,0,0,0,0,0,0,0,0,0,0,0,0,0,0,0
1260,0.14612642839340115,0.031256684292274461,0.067610271,0,0,0,0,0,0,0,0,0,0,0,0,0,0,0,0,0,0,0,0,0,0,0,0,0,0,0,0,0,0,0,0,0,0,0,0,4.6095103661794168,1.0105614243913381,0.066535342409435844,0.00023861689384303876,0,0,0,0,0,0,0,0,0,0,0,0,0,0,0,0,0,0,0,0,0,0,0,0
1261,0.15253645362404625,0.031370994040784875,0.067870095000000005,0,0,0,0,0,0,0,0,0,0,0,0,0,0,0,0,0,0,0,0,0,0,0,0,0,0,0,0,0,0,0,0,0,0,0,0,4.6095103661794168,1.0105614243913381,0.27165614979005492,0.0038642615314270577,0,0,0,0,0,0,0,0,0,0,0,0,0,0,0,0,0,0,0,0,0,0,0,0
1262,0.03125,0.030922574716066367,0.067752667000000003,0,0,0,0,0,0,0,0,0,0,0,0,0,0,0,0,0,0,0,0,0,0,0,0,0,0,0,0,0,0,0,0,0,0,0,0,1,1,0,0,0,0,0,0,0,0,0,0,0,0,0,0,0,0,0,0,0,0,0,0,0,0,0,0
1263,0.031372882212169773,0.030922603223564802,0.067812333000000002,0,0,0,0,0,0,0,0,0,0,0,0,0,0,0,0,0,0,0,0,0,0,0,0,0,0,0,0,0,0,0,0,0,0,0,0,1,1,0.0039322307894298766,9.0419286356765957e-07,0,0,0,0,0,0,0,0,0,0,0,0,0,0,0,0,0,0,0,0,0,0,0,0
1264,0.03178311701093204,0.03092303943044138,0.067601785999999997,0,0,0,0,0,0,0,0,0,0,0,0,0,0,0,0,0,0,0,0,0,0,0,0,0,0,0,0,0,0,0,0,0,0,0,0,1,1,0.0170597443498266,1.4739680593634112e-05,0,0,0,0,0,0,0,0,0,0,0,0,0,0,0,0,0,0,0,0,0,0,0,0
1265,0.032294848093228835,0.030924441136848734,0.067966871999999998,0,0,0,0,0,0,0,0,0,0,0,0,0,0,0,0,0,0,0,0,0,0,0,0,0,0,0,0,0,0,0,0,0,0,0,0,1,1,0.033435138983324189,5.9198612447808788e-05,0,0,0,0,0,0,0,0,0,0,0,0,0,0,0,0,0,0,0,0,0,0,0,0
1266,0.033329229450294887,0.030930097857425225,0.067651793000000002,0,0,0,0,0,0,0,0,0,0,0,0,0,0,0,0,0,0,0,0,0,0,0,0,0,0,0,0,0,0,0,0,0,0,0,0,1,1,0.066535342409435844,0.00023861689384303876,0,0,0,0,0,0,0,0,0,0,0,0,0,0,0,0,0,0,0,0,0,0,0,0
1267,0.039739254680939223,0.031044407605935638,0.067850397000000007,0,0,0,0,0,0,0,0,0,0,0,0,0,0,0,0,0,0,0,0,0,0,0,0,0,0,0,0,0,0,0,0,0,0,0,0,1,1,0.27165614979005492,0.0038642615314270577,0,0,0,0,0,0,0,0,0,0,0,0,0,0,0,0,0,0,0,0,0,0,0,0
1268,0.0483339295905231,0.031408381797015626,0.067873471000000005,0,0,0,0,0,0,0,0,0,0,0,0,0,0,0,0,0,0,0,0,0,0,0,0,0,0,0,0,0,0,0,0,0,0,0,0,1,1,0.54668574689674021,0.01540869314206899,0,0,0,0,0,0,0,0,0,0,0,0,0,0,0,0,0,0,0,0,0,0,0,0
1269,0.099997906357442184,0.038863281783473765,0.067733980999999999,0,0,0,0,0,0,0,0,0,0,0,0,0,0,0,0,0,0,0,0,0,0,0,0,0,0,0,0,0,0,0,0,0,0,0,0,1,1,2.1999330034381517,0.25186112621836987,0,0,0,0,0,0,0,0,0,0,0,0,0,0,0,0,0,0,0,0,0,0,0,0
1270,0.1683637913240548,0.062301658835219119,0.067657854000000003,0,0,0,0,0,0,0,0,0,0,0,0,0,0,0,0,0,0,0,0,0,0,0,0,0,0,0,0,0,0,0,0,0,0,0,0,1,1,4.3876413223697517,0.99527301521917544,0,0,0,0,0,0,0,0,0,0,0,0,0,0,0,0,0,0,0,0,0,0,0,0
1271,8.2269328831360952e-06,4.3918041354553801e-11,0.067727249000000003,0,0,0,0,0,0,0,0,0,0,0,0,0,0,0,0,0,0,0,0,0,0,0,0,0,0,0,0,0,0,0,0,0,0,0,0,0,0,0,0,0,0,0.00026326185226035505,1.4174540159124606e-09,0,0,0,0,0,0,0,0,0,0,0,0,0,0,0,0,0,0,0,0
1272,2.0862400228416856e-05,3.0482386826023079e-10,0.067778609000000004,0,0,0,0,0,0,0,0,0,0,0,0,0,0,0,0,0,0,0,0,0,0,0,0,0,0,0,0,0,0,0,0,0,0,0,0,0,0,0,0,0,0,0.0006675968073093394,9.8381850120152e-09,0,0,0,0,0,0,0,0,0,0,0,0,0,0,0,0,0,0,0,0
1273,4.3853867176077374e-05,1.5375680952653639e-09,0.067538533999999997,0,0,0,0,0,0,0,0,0,0,0,0,0,0,0,0,0,0,0,0,0,0,0,0,0,0,0,0,0,0,0,0,0,0,0,0,0,0,0,0,0,0,0.001403323749634476,4.9624983358844179e-08,0,0,0,0,0,0,0,0,0,0,0,0,0,0,0,0,0,0,0,0
1274,9.4088526839231567e-05,6.802633010853964e-09,0.067900044000000007,0,0,0,0,0,0,0,0,0,0,0,0,0,0,0,0,0,0,0,0,0,0,0,0,0,0,0,0,0,0,0,0,0,0,0,0,0,0,0,0,0,0,0.0030108328588554101,2.1955486134205335e-07,0,0,0,0,0,0,0,0,0,0,0,0,0,0,0,0,0,0,0,0
1275,0.00018778038932227987,2.8975122091962783e-08,0.067912958999999995,0,0,0,0,0,0,0,0,0,0,0,0,0,0,0,0,0,0,0,0,0,0,0,0,0,0,0,0,0,0,0,0,0,0,0,0,0,0,0,0,0,0,0.0060089724583129557,9.3517155829509497e-07,0,0,0,0,0,0,0,0,0,0,0,0,0,0,0,0,0,0,0,0
1276,0.00037173695389646703,1.196520008202533e-07,0.067530529000000006,0,0,0,0,0,0,0,0,0,0,0,0,0,0,0,0,0,0,0,0,0,0,0,0,0,0,0,0,0,0,0,0,0,0,0,0,0,0,0,0,0,0,0.011895582524686945,3.861766231909688e-06,0,0,0,0,0,0,0,0,0,0,0,0,0,0,0,0,0,0,0,0
1277,0.00075503998632123345,4.6890768776829918e-07,0.067807986000000001,0,0,0,0,0,0,0,0,0,0,0,0,0,0,0,0,0,0,0,0,0,0,0,0,0,0,0,0,0,0,0,0,0,0,0,0,0,0,0,0,0,0,0.02416127956227947,1.5133987414274445e-05,0,0,0,0,0,0,0,0,0,0,0,0,0,0,0,0,0,0,0,0
1278,0.001505934599719039,1.9048349910281498e-06,0.067899552000000002,0,0,0,0,0,0,0,0,0,0,0,0,0,0,0,0,0,0,0,0,0,0,0,0,0,0,0,0,0,0,0,0,0,0,0,0,0,0,0,0,0,0,0.048189907191009247,6.1478515990410077e-05,0,0,0,0,0,0,0,0,0,0,0,0,0,0,0,0,0,0,0,0
1279,0.0030086217081045229,7.6611979096155926e-06,0.067881237999999997,0,0,0,0,0,0,0,0,0,0,0,0,0,0,0,0,0,0,0,0,0,0,0,0,0,0,0,0,0,0,0,0,0,0,0,0,0,0,0,0,0,0,0.096275894659344732,0.00024726502842000657,0,0,0,0,0,0,0,0,0,0,0,0,0,0,0,0,0,0,0,0
1280,0.0059720469747906874,3.0260805443896334e-05,0.067583600999999993,0,0,0,0,0,0,0,0,0,0,0,0,0,0,0,0,0,0,0,0,0,0,0,0,0,0,0,0,0,0,0,0,0,0,0,0,0,0,0,0,0,0,0.191105503193302,0.00097666696597226458,0,0,0,0,0,0,0,0,0,0,0,0,0,0,0,0,0,0,0,0
1281,0.011960481553918084,0.000120914670524676,0.067693433999999997,0,0,0,0,0,0,0,0,0,0,0,0,0,0,0,0,0,0,0,0,0,0,0,0,0,0,0,0,0,0,0,0,0,0,0,0,0,0,0,0,0,0,0.38273540972537867,0.003902518874516309,0,0,0,0,0,0,0,0,0,0,0,0,0,0,0,0,0,0,0,0
1282,0.023872513720681176,0.0004819709081627372,0.067815500000000001,0,0,0,0,0,0,0,0,0,0,0,0,0,0,0,0,0,0,0,0,0,0,0,0,0,0,0,0,0,0,0,0,0,0,0,0,0,0,0,0,0,0,0.76392043906179763,0.015555602623827177,0,0,0,0,0,0,0,0,0,0,0,0,0,0,0,0,0,0,0,0
1283,0.047967033368417435,0.0019425756021205973,0.067714453999999993,0,0,0,0,0,0,0,0,0,0,0,0,0,0,0,0,0,0,0,0,0,0,0,0,0,0,0,0,0,0,0,0,0,0,0,0,0,0,0,0,0,0,1.5349450677893579,0.062696593552751839,0,0,0,0,0,0,0,0,0,0,0,0,0,0,0,0,0,0,0,0
1284,0.095989296410768213,0.0077989776615501709,0.067645770999999993,0,0,0,0,0,0,0,0,0,0,0,0,0,0,0,0,0,0,0,0,0,0,0,0,0,0,0,0,0,0,0,0,0,0,0,0,0,0,0,0,0,0,3.0716574851445828,0.25171186750179642,0,0,0,0,0,0,0,0,0,0,0,0,0,0,0,0,0,0,0,0
1285,0.19179217529987891,0.031076747121913446,0.067873322,0,0,0,0,0,0,0,0,0,0,0,0,0,0,0,0,0,0,0,0,0,0,0,0,0,0,0,0,0,0,0,0,0,0,0,0,0,0,0,0,0,0,6.1373496095961251,1.0030014693468279,0,0,0,0,0,0,0,0,0,0,0,0,0,0,0,0,0,0,0,0
1286,0.03125,0.030983750345003148,0.067593450999999999,0,0,0,0,0,0,0,0,0,0,0,0,0,0,0,0,0,0,0,0,0,0,0,0,0,0,0,0,0,0,0,0,0,0,0,0,0,0,0,0,0,0,1,1,0,0,0,0,0,0,0,0,0,0,0,0,0,0,0,0,0,0,0,0
1287,8.2513038959491711e-06,4.3918041354553801e-11,0.067662373999999997,0,0,0,0,0,0,0,0,0,0,0,0,0,0,0,0,0,0,0,0,0,0,0,0,0,0,0,0,0,0,0,0,0,0,0,0,0,0,0,0,0.00026404172467037347,1.3910363223097299e-09,0,0,0,0,0,0,0,0,0,0,0,0,0,0,0,0,0,0,0,0,0,0
1288,2.9113704124366202e-05,3.4874190961478458e-10,0.067791694,0,0,0,0,0,0,0,0,0,0,0,0,0,0,0,0,0,0,0,0,0,0,0,0,0,0,0,0,0,0,0,0,0,0,0,0,0,0,0,0,0.00026404172467037347,1.3910363223097299e-09,0.0006675968073093394,9.8381850120152e-09,0,0,0,0,0,0,0,0,0,0,0,0,0,0,0,0,0,0,0,0
1289,5.2105171072026421e-05,1.5814861366199178e-09,0.067752719000000003,0,0,0,0,0,0,0,0,0,0,0,0,0,0,0,0,0,0,0,0,0,0,0,0,0,0,0,0,0,0,0,0,0,0,0,0,0,0,0,0,0.00026404172467037347,1.3910363223097299e-09,0.001403323749634476,4.9624983358844179e-08,0,0,0,0,0,0,0,0,0,0,0,0,0,0,0,0,0,0,0,0
1290,0.00019603169321823018,2.9019040133317337e-08,0.067747488999999994,0,0,0,0,0,0,0,0,0,0,0,0,0,0,0,0,0,0,0,0,0,0,0,0,0,0,0,0,0,0,0,0,0,0,0,0,0,0,0,0,0.00026404172467037347,1.3910363223097299e-09,0.0060089724583129557,9.3517155829509497e-07,0,0,0,0,0,0,0,0,0,0,0,0,0,0,0,0,0,0,0,0
1291,0.00076329129021718517,4.6895160580965373e-07,0.067751516999999997,0,0,0,0,0,0,0,0,0,0,0,0,0,0,0,0,0,0,0,0,0,0,0,0,0,0,0,0,0,0,0,0,0,0,0,0,0,0,0,0,0.00026404172467037347,1.3910363223097299e-09,0.02416127956227947,1.5133987414274445e-05,0,0,0,0,0,0,0,0,0,0,0,0,0,0,0,0,0,0,0,0
1292,0.0030168730120004846,7.6612418276569476e-06,0.067842383000000006,0,0,0,0,0,0,0,0,0,0,0,0,0,0,0,0,0,0,0,0,0,0,0,0,0,0,0,0,0,0,0,0,0,0,0,0,0,0,0,0,0.00026404172467037347,1.3910363223097299e-09,0.096275894659344732,0.00024726502842000657,0,0,0,0,0,0,0,0,0,0,0,0,0,0,0,0,0,0,0,0
1293,0.0059802982786866113,3.0260849361937691e-05,0.067631485000000005,0,0,0,0,0,0,0,0,0,0,0,0,0,0,0,0,0,0,0,0,0,0,0,0,0,0,0,0,0,0,0,0,0,0,0,0,0,0,0,0,0.00026404172467037347,1.3910363223097299e-09,0.191105503193302,0.00097666696597226458,0,0,0,0,0,0,0,0,0,0,0,0,0,0,0,0,0,0,0,0
1294,0.047975284672313281,0.0019425756460386386,0.067627477000000005,0,0,0,0,0,0,0,0,0,0,0,0,0,0,0,0,0,0,0,0,0,0,0,0,0,0,0,0,0,0,0,0,0,0,0,0,0,0,0,0,0.00026404172467037347,1.3910363223097299e-09,1.5349450677893579,0.062696593552751839,0,0,0,0,0,0,0,0,0,0,0,0,0,0,0,0,0,0,0,0
1295,0.095997547714663733,0.0077989777054682128,0.067741206999999998,0,0,0,0,0,0,0,0,0,0,0,0,0,0,0,0,0,0,0,0,0,0,0,0,0,0,0,0,0,0,0,0,0,0,0,0,0,0,0,0,0.00026404172467037347,1.3910363223097299e-09,3.0716574851445828,0.25171186750179642,0,0,0,0,0,0,0,0,0,0,0,0,0,0,0,0,0,0,0,0
1296,0.19180042660377528,0.031076747165831486,0.067731198000000006,0,0,0,0,0,0,0,0,0,0,0,0,0,0,0,0,0,0,0,0,0,0,0,0,0,0,0,0,0,0,0,0,0,0,0,0,0,0,0,0,0.00026404172467037347,1.3910363223097299e-09,6.1373496095961251,1.0030014693468279,0,0,0,0,0,0,0,0,0,0,0,0,0,0,0,0,0,0,0,0
1297,2.5476235655290886e-05,3.0709443711133119e-10,0.06759809,0,0,0,0,0,0,0,0,0,0,0,0,0,0,0,0,0,0,0,0,0,0,0,0,0,0,0,0,0,0,0,0,0,0,0,0,0,0,0,0,0.00081523954096930835,9.7267433434125388e-09,0,0,0,0,0,0,0,0,0,0,0,0,0,0,0,0,0,0,0,0,0,0
1298,4.6338635883707956e-05,6.1191830537156197e-10,0.067785662999999996,0,0,0,0,0,0,0,0,0,0,0,0,0,0,0,0,0,0,0,0,0,0,0,0,0,0,0,0,0,0,0,0,0,0,0,0,0,0,0,0,0.00081523954096930835,9.7267433434125388e-09,0.0006675968073093394,9.8381850120152e-09,0,0,0,0,0,0,0,0,0,0,0,0,0,0,0,0,0,0,0,0
1299,0.00078051622197652622,4.6921478220541051e-07,0.067875428000000002,0,0,0,0,0,0,0,0,0,0,0,0,0,0,0,0,0,0,0,0,0,0,0,0,0,0,0,0,0,0,0,0,0,0,0,0,0,0,0,0,0.00081523954096930835,9.7267433434125388e-09,0.02416127956227947,1.5133987414274445e-05,0,0,0,0,0,0,0,0,0,0,0,0,0,0,0,0,0,0,0,0
1300,0.0059975232104459196,3.0261112538333447e-05,0.067612889999999995,0,0,0,0,0,0,0,0,0,0,0,0,0,0,0,0,0,0,0,0,0,0,0,0,0,0,0,0,0,0,0,0,0,0,0,0,0,0,0,0,0.00081523954096930835,9.7267433434125388e-09,0.191105503193302,0.00097666696597226458,0,0,0,0,0,0,0,0,0,0,0,0,0,0,0,0,0,0,0,0
1301,0.011985957789573435,0.00012091497761911311,0.067723003000000004,0,0,0,0,0,0,0,0,0,0,0,0,0,0,0,0,0,0,0,0,0,0,0,0,0,0,0,0,0,0,0,0,0,0,0,0,0,0,0,0,0.00081523954096930835,9.7267433434125388e-09,0.38273540972537867,0.003902518874516309,0,0,0,0,0,0,0,0,0,0,0,0,0,0,0,0,0,0,0,0
1302,0.047992509604072822,0.0019425759092150344,0.067821584000000004,0,0,0,0,0,0,0,0,0,0,0,0,0,0,0,0,0,0,0,0,0,0,0,0,0,0,0,0,0,0,0,0,0,0,0,0,0,0,0,0,0.00081523954096930835,9.7267433434125388e-09,1.5349450677893579,0.062696593552751839,0,0,0,0,0,0,0,0,0,0,0,0,0,0,0,0,0,0,0,0
1303,0.096014772646423052,0.0077989779686446084,0.067830620999999994,0,0,0,0,0,0,0,0,0,0,0,0,0,0,0,0,0,0,0,0,0,0,0,0,0,0,0,0,0,0,0,0,0,0,0,0,0,0,0,0,0.00081523954096930835,9.7267433434125388e-09,3.0716574851445828,0.25171186750179642,0,0,0,0,0,0,0,0,0,0,0,0,0,0,0,0,0,0,0,0
1304,0.031275476235655318,0.030983750652097589,0.067725075999999995,0,0,0,0,0,0,0,0,0,0,0,0,0,0,0,0,0,0,0,0,0,0,0,0,0,0,0,0,0,0,0,0,0,0,0,0,0,0,0,0,0.00081523954096930835,9.7267433434125388e-09,1,1,0,0,0,0,0,0,0,0,0,0,0,0,0,0,0,0,0,0,0,0
1305,6.5326182880285559e-05,1.5427030740516986e-09,0.067720077000000004,0,0,0,0,0,0,0,0,0,0,0,0,0,0,0,0,0,0,0,0,0,0,0,0,0,0,0,0,0,0,0,0,0,0,0,0,0,0,0,0,0.0020904378521691379,4.8862743973947255e-08,0,0,0,0,0,0,0,0,0,0,0,0,0,0,0,0,0,0,0,0,0,0
1306,0.00015941470971951848,8.345336084905662e-09,0.067756416999999999,0,0,0,0,0,0,0,0,0,0,0,0,0,0,0,0,0,0,0,0,0,0,0,0,0,0,0,0,0,0,0,0,0,0,0,0,0,0,0,0,0.0020904378521691379,4.8862743973947255e-08,0.0030108328588554101,2.1955486134205335e-07,0,0,0,0,0,0,0,0,0,0,0,0,0,0,0,0,0,0,0,0
1307,0.00025310657220256496,3.0517825166014483e-08,0.067541211000000004,0,0,0,0,0,0,0,0,0,0,0,0,0,0,0,0,0,0,0,0,0,0,0,0,0,0,0,0,0,0,0,0,0,0,0,0,0,0,0,0,0.0020904378521691379,4.8862743973947255e-08,0.0060089724583129557,9.3517155829509497e-07,0,0,0,0,0,0,0,0,0,0,0,0,0,0,0,0,0,0,0,0
1308,0.00082036616920152258,4.7045039084235089e-07,0.067822145,0,0,0,0,0,0,0,0,0,0,0,0,0,0,0,0,0,0,0,0,0,0,0,0,0,0,0,0,0,0,0,0,0,0,0,0,0,0,0,0,0.0020904378521691379,4.8862743973947255e-08,0.02416127956227947,1.5133987414274445e-05,0,0,0,0,0,0,0,0,0,0,0,0,0,0,0,0,0,0,0,0
1309,0.0001464543649680938,6.8432587273744226e-09,0.067832063999999997,0,0,0,0,0,0,0,0,0,0,0,0,0,0,0,0,0,0,0,0,0,0,0,0,0,0,0,0,0,0,0,0,0,0,0,0,0,0,0,0,0.0046865396789790015,2.167496809771514e-07,0,0,0,0,0,0,0,0,0,0,0,0,0,0,0,0,0,0,0,0,0,0
1310,0.00015468129785123014,6.8871767687289763e-09,0.067602119000000002,0,0,0,0,0,0,0,0,0,0,0,0,0,0,0,0,0,0,0,0,0,0,0,0,0,0,0,0,0,0,0,0,0,0,0,0,0,0,0,0,0.0046865396789790015,2.167496809771514e-07,0.00026326185226035505,1.4174540159124606e-09,0,0,0,0,0,0,0,0,0,0,0,0,0,0,0,0,0,0,0,0
1311,0.024018968085649288,0.00048197775142146457,0.067716849999999995,0,0,0,0,0,0,0,0,0,0,0,0,0,0,0,0,0,0,0,0,0,0,0,0,0,0,0,0,0,0,0,0,0,0,0,0,0,0,0,0,0.0046865396789790015,2.167496809771514e-07,0.76392043906179763,0.015555602623827177,0,0,0,0,0,0,0,0,0,0,0,0,0,0,0,0,0,0,0,0
1312,0.048113487733385564,0.0019425824453793246,0.067768401000000006,0,0,0,0,0,0,0,0,0,0,0,0,0,0,0,0,0,0,0,0,0,0,0,0,0,0,0,0,0,0,0,0,0,0,0,0,0,0,0,0,0.0046865396789790015,2.167496809771514e-07,1.5349450677893579,0.062696593552751839,0,0,0,0,0,0,0,0,0,0,0,0,0,0,0,0,0,0,0,0
1313,0.096135750775735579,0.0077989845048088988,0.067755596000000001,0,0,0,0,0,0,0,0,0,0,0,0,0,0,0,0,0,0,0,0,0,0,0,0,0,0,0,0,0,0,0,0,0,0,0,0,0,0,0,0,0.0046865396789790015,2.167496809771514e-07,3.0716574851445828,0.25171186750179642,0,0,0,0,0,0,0,0,0,0,0,0,0,0,0,0,0,0,0,0
1314,0.00030484208097373249,2.867034188848815e-08,0.067762349999999999,0,0,0,0,0,0,0,0,0,0,0,0,0,0,0,0,0,0,0,0,0,0,0,0,0,0,0,0,0,0,0,0,0,0,0,0,0,0,0,0,0.0097549465911594396,9.0808892450277492e-07,0,0,0,0,0,0,0,0,0,0,0,0,0,0,0,0,0,0,0,0,0,0
1315,0.00039893060781296394,3.5472974899342116e-08,0.067755467,0,0,0,0,0,0,0,0,0,0,0,0,0,0,0,0,0,0,0,0,0,0,0,0,0,0,0,0,0,0,0,0,0,0,0,0,0,0,0,0,0.0097549465911594396,9.0808892450277492e-07,0.0030108328588554101,2.1955486134205335e-07,0,0,0,0,0,0,0,0,0,0,0,0,0,0,0,0,0,0,0,0
1316,0.001810776680692765,1.9335053329166379e-06,0.067812286999999999,0,0,0,0,0,0,0,0,0,0,0,0,0,0,0,0,0,0,0,0,0,0,0,0,0,0,0,0,0,0,0,0,0,0,0,0,0,0,0,0,0.0097549465911594396,9.0808892450277492e-07,0.048189907191009247,6.1478515990410077e-05,0,0,0,0,0,0,0,0,0,0,0,0,0,0,0,0,0,0,0,0
1317,0.024177355801654889,0.0004819995785046257,0.067723274,0,0,0,0,0,0,0,0,0,0,0,0,0,0,0,0,0,0,0,0,0,0,0,0,0,0,0,0,0,0,0,0,0,0,0,0,0,0,0,0,0.0097549465911594396,9.0808892450277492e-07,0.76392043906179763,0.015555602623827177,0,0,0,0,0,0,0,0,0,0,0,0,0,0,0,0,0,0,0,0
1318,0.00062702753857457974,1.1695620682108451e-07,0.067825180999999998,0,0,0,0,0,0,0,0,0,0,0,0,0,0,0,0,0,0,0,0,0,0,0,0,0,0,0,0,0,0,0,0,0,0,0,0,0,0,0,0,0.020064881234386552,3.7044077283475763e-06,0,0,0,0,0,0,0,0,0,0,0,0,0,0,0,0,0,0,0,0,0,0
1319,0.00064788993880299879,1.1726103068934474e-07,0.067926607999999999,0,0,0,0,0,0,0,0,0,0,0,0,0,0,0,0,0,0,0,0,0,0,0,0,0,0,0,0,0,0,0,0,0,0,0,0,0,0,0,0,0.020064881234386552,3.7044077283475763e-06,0.0006675968073093394,9.8381850120152e-09,0,0,0,0,0,0,0,0,0,0,0,0,0,0,0,0,0,0,0,0
1320,0.0036356492466791367,7.7781541164366763e-06,0.067747572000000006,0,0,0,0,0,0,0,0,0,0,0,0,0,0,0,0,0,0,0,0,0,0,0,0,0,0,0,0,0,0,0,0,0,0,0,0,0,0,0,0,0.020064881234386552,3.7044077283475763e-06,0.096275894659344732,0.00024726502842000657,0,0,0,0,0,0,0,0,0,0,0,0,0,0,0,0,0,0,0,0
1321,0.012587509092492632,0.00012103162673149708,0.067609273999999997,0,0,0,0,0,0,0,0,0,0,0,0,0,0,0,0,0,0,0,0,0,0,0,0,0,0,0,0,0,0,0,0,0,0,0,0,0,0,0,0,0.020064881234386552,3.7044077283475763e-06,0.38273540972537867,0.003902518874516309,0,0,0,0,0,0,0,0,0,0,0,0,0,0,0,0,0,0,0,0
1322,0.024499541259255742,0.00048208786436955826,0.067684139000000004,0,0,0,0,0,0,0,0,0,0,0,0,0,0,0,0,0,0,0,0,0,0,0,0,0,0,0,0,0,0,0,0,0,0,0,0,0,0,0,0,0.020064881234386552,3.7044077283475763e-06,0.76392043906179763,0.015555602623827177,0,0,0,0,0,0,0,0,0,0,0,0,0,0,0,0,0,0,0,0
1323,0.048594060906992101,0.0019426925583274184,0.067758473,0,0,0,0,0,0,0,0,0,0,0,0,0,0,0,0,0,0,0,0,0,0,0,0,0,0,0,0,0,0,0,0,0,0,0,0,0,0,0,0,0.020064881234386552,3.7044077283475763e-06,1.5349450677893579,0.062696593552751839,0,0,0,0,0,0,0,0,0,0,0,0,0,0,0,0,0,0,0,0
1324,0.001258892147794867,4.7305406087686484e-07,0.067755326000000005,0,0,0,0,0,0,0,0,0,0,0,0,0,0,0,0,0,0,0,0,0,0,0,0,0,0,0,0,0,0,0,0,0,0,0,0,0,0,0,0,0.040284548729435744,1.4983258833959962e-05,0,0,0,0,0,0,0,0,0,0,0,0,0,0,0,0,0,0,0,0,0,0
1325,0.0012797545480232784,4.7335888474512506e-07,0.067738184000000007,0,0,0,0,0,0,0,0,0,0,0,0,0,0,0,0,0,0,0,0,0,0,0,0,0,0,0,0,0,0,0,0,0,0,0,0,0,0,0,0,0.040284548729435744,1.4983258833959962e-05,0.0006675968073093394,9.8381850120152e-09,0,0,0,0,0,0,0,0,0,0,0,0,0,0,0,0,0,0,0,0
1326,0.0042675138558993979,8.1342519704924567e-06,0.067792918999999993,0,0,0,0,0,0,0,0,0,0,0,0,0,0,0,0,0,0,0,0,0,0,0,0,0,0,0,0,0,0,0,0,0,0,0,0,0,0,0,0,0.040284548729435744,1.4983258833959962e-05,0.096275894659344732,0.00024726502842000657,0,0,0,0,0,0,0,0,0,0,0,0,0,0,0,0,0,0,0,0
1327,0.0072309391225855221,3.07338595047732e-05,0.067595928,0,0,0,0,0,0,0,0,0,0,0,0,0,0,0,0,0,0,0,0,0,0,0,0,0,0,0,0,0,0,0,0,0,0,0,0,0,0,0,0,0.040284548729435744,1.4983258833959962e-05,0.191105503193302,0.00097666696597226458,0,0,0,0,0,0,0,0,0,0,0,0,0,0,0,0,0,0,0,0
1328,0.025131405868475981,0.00048244396222361404,0.067683589000000002,0,0,0,0,0,0,0,0,0,0,0,0,0,0,0,0,0,0,0,0,0,0,0,0,0,0,0,0,0,0,0,0,0,0,0,0,0,0,0,0,0.040284548729435744,1.4983258833959962e-05,0.76392043906179763,0.015555602623827177,0,0,0,0,0,0,0,0,0,0,0,0,0,0,0,0,0,0,0,0
1329,0.049225925516212382,0.0019430486561814741,0.067695100999999994,0,0,0,0,0,0,0,0,0,0,0,0,0,0,0,0,0,0,0,0,0,0,0,0,0,0,0,0,0,0,0,0,0,0,0,0,0,0,0,0,0.040284548729435744,1.4983258833959962e-05,1.5349450677893579,0.062696593552751839,0,0,0,0,0,0,0,0,0,0,0,0,0,0,0,0,0,0,0,0
1330,0.002523905966480292,1.8904971172336773e-06,0.067718736000000002,0,0,0,0,0,0,0,0,0,0,0,0,0,0,0,0,0,0,0,0,0,0,0,0,0,0,0,0,0,0,0,0,0,0,0,0,0,0,0,0,0.080764990927369343,5.9878584658721479e-05,0,0,0,0,0,0,0,0,0,0,0,0,0,0,0,0,0,0,0,0,0,0
1331,0.0025321328993634278,1.8905410352750318e-06,0.067660013000000005,0,0,0,0,0,0,0,0,0,0,0,0,0,0,0,0,0,0,0,0,0,0,0,0,0,0,0,0,0,0,0,0,0,0,0,0,0,0,0,0,0.080764990927369343,5.9878584658721479e-05,0.00026326185226035505,1.4174540159124606e-09,0,0,0,0,0,0,0,0,0,0,0,0,0,0,0,0,0,0,0,0
1332,0.0027116863558025815,1.9194722393256399e-06,0.067610044999999994,0,0,0,0,0,0,0,0,0,0,0,0,0,0,0,0,0,0,0,0,0,0,0,0,0,0,0,0,0,0,0,0,0,0,0,0,0,0,0,0,0.080764990927369343,5.9878584658721479e-05,0.0060089724583129557,9.3517155829509497e-07,0,0,0,0,0,0,0,0,0,0,0,0,0,0,0,0,0,0,0,0
1333,0.0028956429203767647,2.0101491180539307e-06,0.067838588000000005,0,0,0,0,0,0,0,0,0,0,0,0,0,0,0,0,0,0,0,0,0,0,0,0,0,0,0,0,0,0,0,0,0,0,0,0,0,0,0,0,0.080764990927369343,5.9878584658721479e-05,0.011895582524686945,3.861766231909688e-06,0,0,0,0,0,0,0,0,0,0,0,0,0,0,0,0,0,0,0,0
1334,0.0032789459528015366,2.3594048050019763e-06,0.067672747000000005,0,0,0,0,0,0,0,0,0,0,0,0,0,0,0,0,0,0,0,0,0,0,0,0,0,0,0,0,0,0,0,0,0,0,0,0,0,0,0,0,0.080764990927369343,5.9878584658721479e-05,0.02416127956227947,1.5133987414274445e-05,0,0,0,0,0,0,0,0,0,0,0,0,0,0,0,0,0,0,0,0
1335,0.0084959529412710118,3.215130256113001e-05,0.067678809000000006,0,0,0,0,0,0,0,0,0,0,0,0,0,0,0,0,0,0,0,0,0,0,0,0,0,0,0,0,0,0,0,0,0,0,0,0,0,0,0,0,0.080764990927369343,5.9878584658721479e-05,0.191105503193302,0.00097666696597226458,0,0,0,0,0,0,0,0,0,0,0,0,0,0,0,0,0,0,0,0
1336,0.014484387520398306,0.00012280516764190969,0.067976704999999998,0,0,0,0,0,0,0,0,0,0,0,0,0,0,0,0,0,0,0,0,0,0,0,0,0,0,0,0,0,0,0,0,0,0,0,0,0,0,0,0,0.080764990927369343,5.9878584658721479e-05,0.38273540972537867,0.003902518874516309,0,0,0,0,0,0,0,0,0,0,0,0,0,0,0,0,0,0,0,0
1337,0.026396419687161561,0.00048386140527997086,0.067627299000000002,0,0,0,0,0,0,0,0,0,0,0,0,0,0,0,0,0,0,0,0,0,0,0,0,0,0,0,0,0,0,0,0,0,0,0,0,0,0,0,0,0.080764990927369343,5.9878584658721479e-05,0.76392043906179763,0.015555602623827177,0,0,0,0,0,0,0,0,0,0,0,0,0,0,0,0,0,0,0,0
1338,0.0504909393348979,0.0019444660992378308,0.067683577999999994,0,0,0,0,0,0,0,0,0,0,0,0,0,0,0,0,0,0,0,0,0,0,0,0,0,0,0,0,0,0,0,0,0,0,0,0,0,0,0,0,0.080764990927369343,5.9878584658721479e-05,1.5349450677893579,0.062696593552751839,0,0,0,0,0,0,0,0,0,0,0,0,0,0,0,0,0,0,0,0
1339,0.033773905966480333,0.030985640842120382,0.067745186999999998,0,0,0,0,0,0,0,0,0,0,0,0,0,0,0,0,0,0,0,0,0,0,0,0,0,0,0,0,0,0,0,0,0,0,0,0,0,0,0,0,0.080764990927369343,5.9878584658721479e-05,1,1,0,0,0,0,0,0,0,0,0,0,0,0,0,0,0,0,0,0,0,0
1340,0.0050578532479640809,7.6797641415200697e-06,0.067925295999999996,0,0,0,0,0,0,0,0,0,0,0,0,0,0,0,0,0,0,0,0,0,0,0,0,0,0,0,0,0,0,0,0,0,0,0,0,0,0,0,0,0.16185130393485059,0.00024324470167926855,0,0,0,0,0,0,0,0,0,0,0,0,0,0,0,0,0,0,0,0,0,0
1341,0.0052456336372863534,7.7087392636120332e-06,0.067566721999999996,0,0,0,0,0,0,0,0,0,0,0,0,0,0,0,0,0,0,0,0,0,0,0,0,0,0,0,0,0,0,0,0,0,0,0,0,0,0,0,0,0.16185130393485059,0.00024324470167926855,0.0060089724583129557,9.3517155829509497e-07,0,0,0,0,0,0,0,0,0,0,0,0,0,0,0,0,0,0,0,0
1342,0.0058128932342853198,8.1486718292883688e-06,0.067781719000000004,0,0,0,0,0,0,0,0,0,0,0,0,0,0,0,0,0,0,0,0,0,0,0,0,0,0,0,0,0,0,0,0,0,0,0,0,0,0,0,0,0.16185130393485059,0.00024324470167926855,0.02416127956227947,1.5133987414274445e-05,0,0,0,0,0,0,0,0,0,0,0,0,0,0,0,0,0,0,0,0
1343,0.017018334801882039,0.00012859443466619607,0.067980755000000004,0,0,0,0,0,0,0,0,0,0,0,0,0,0,0,0,0,0,0,0,0,0,0,0,0,0,0,0,0,0,0,0,0,0,0,0,0,0,0,0,0.16185130393485059,0.00024324470167926855,0.38273540972537867,0.003902518874516309,0,0,0,0,0,0,0,0,0,0,0,0,0,0,0,0,0,0,0,0
1344,0.028930366968645409,0.0004896506723042573,0.067570159000000005,0,0,0,0,0,0,0,0,0,0,0,0,0,0,0,0,0,0,0,0,0,0,0,0,0,0,0,0,0,0,0,0,0,0,0,0,0,0,0,0,0.16185130393485059,0.00024324470167926855,0.76392043906179763,0.015555602623827177,0,0,0,0,0,0,0,0,0,0,0,0,0,0,0,0,0,0,0,0
1345,0.053024886616381335,0.0019502553662621173,0.067540691999999999,0,0,0,0,0,0,0,0,0,0,0,0,0,0,0,0,0,0,0,0,0,0,0,0,0,0,0,0,0,0,0,0,0,0,0,0,0,0,0,0,0.16185130393485059,0.00024324470167926855,1.5349450677893579,0.062696593552751839,0,0,0,0,0,0,0,0,0,0,0,0,0,0,0,0,0,0,0,0
1346,0.10104714965873236,0.0078066574256916909,0.067791788000000006,0,0,0,0,0,0,0,0,0,0,0,0,0,0,0,0,0,0,0,0,0,0,0,0,0,0,0,0,0,0,0,0,0,0,0,0,0,0,0,0,0.16185130393485059,0.00024324470167926855,3.0716574851445828,0.25171186750179642,0,0,0,0,0,0,0,0,0,0,0,0,0,0,0,0,0,0,0,0
1347,0.19685002854784342,0.031084426886054964,0.067777941999999994,0,0,0,0,0,0,0,0,0,0,0,0,0,0,0,0,0,0,0,0,0,0,0,0,0,0,0,0,0,0,0,0,0,0,0,0,0,0,0,0,0.16185130393485059,0.00024324470167926855,6.1373496095961251,1.0030014693468279,0,0,0,0,0,0,0,0,0,0,0,0,0,0,0,0,0,0,0,0
1348,0.036307853247964046,0.030991430109144669,0.067610026000000004,0,0,0,0,0,0,0,0,0,0,0,0,0,0,0,0,0,0,0,0,0,0,0,0,0,0,0,0,0,0,0,0,0,0,0,0,0,0,0,0,0.16185130393485059,0.00024324470167926855,1,1,0,0,0,0,0,0,0,0,0,0,0,0,0,0,0,0,0,0,0,0
1349,0.010160536057072655,3.0778795101558373e-05,0.067777080000000003,0,0,0,0,0,0,0,0,0,0,0,0,0,0,0,0,0,0,0,0,0,0,0,0,0,0,0,0,0,0,0,0,0,0,0,0,0,0,0,0,0.32513715382632496,0.00097487093282581287,0,0,0,0,0,0,0,0,0,0,0,0,0,0,0,0,0,0,0,0,0,0
1350,0.010254624583911883,3.0785597734569229e-05,0.067902183000000005,0,0,0,0,0,0,0,0,0,0,0,0,0,0,0,0,0,0,0,0,0,0,0,0,0,0,0,0,0,0,0,0,0,0,0,0,0,0,0,0,0.32513715382632496,0.00097487093282581287,0.0030108328588554101,2.1955486134205335e-07,0,0,0,0,0,0,0,0,0,0,0,0,0,0,0,0,0,0,0,0
1351,0.010348316446394888,3.0807770223650333e-05,0.067591610999999996,0,0,0,0,0,0,0,0,0,0,0,0,0,0,0,0,0,0,0,0,0,0,0,0,0,0,0,0,0,0,0,0,0,0,0,0,0,0,0,0,0.32513715382632496,0.00097487093282581287,0.0060089724583129557,9.3517155829509497e-07,0,0,0,0,0,0,0,0,0,0,0,0,0,0,0,0,0,0,0,0
1352,0.01053227301096913,3.0898447102378627e-05,0.067674702000000003,0,0,0,0,0,0,0,0,0,0,0,0,0,0,0,0,0,0,0,0,0,0,0,0,0,0,0,0,0,0,0,0,0,0,0,0,0,0,0,0,0.32513715382632496,0.00097487093282581287,0.011895582524686945,3.861766231909688e-06,0,0,0,0,0,0,0,0,0,0,0,0,0,0,0,0,0,0,0,0
1353,0.011666470656791708,3.2683630092586524e-05,0.067851864999999997,0,0,0,0,0,0,0,0,0,0,0,0,0,0,0,0,0,0,0,0,0,0,0,0,0,0,0,0,0,0,0,0,0,0,0,0,0,0,0,0,0.32513715382632496,0.00097487093282581287,0.048189907191009247,6.1478515990410077e-05,0,0,0,0,0,0,0,0,0,0,0,0,0,0,0,0,0,0,0,0
1354,0.022121017610990466,0.00015169346562623437,0.067821326000000001,0,0,0,0,0,0,0,0,0,0,0,0,0,0,0,0,0,0,0,0,0,0,0,0,0,0,0,0,0,0,0,0,0,0,0,0,0,0,0,0,0.32513715382632496,0.00097487093282581287,0.38273540972537867,0.003902518874516309,0,0,0,0,0,0,0,0,0,0,0,0,0,0,0,0,0,0,0,0
1355,0.034033049777753795,0.0005127497032642956,0.067672056999999994,0,0,0,0,0,0,0,0,0,0,0,0,0,0,0,0,0,0,0,0,0,0,0,0,0,0,0,0,0,0,0,0,0,0,0,0,0,0,0,0,0.32513715382632496,0.00097487093282581287,0.76392043906179763,0.015555602623827177,0,0,0,0,0,0,0,0,0,0,0,0,0,0,0,0,0,0,0,0
1356,0.10614983246784115,0.0078297564566517288,0.067665774999999997,0,0,0,0,0,0,0,0,0,0,0,0,0,0,0,0,0,0,0,0,0,0,0,0,0,0,0,0,0,0,0,0,0,0,0,0,0,0,0,0,0.32513715382632496,0.00097487093282581287,3.0716574851445828,0.25171186750179642,0,0,0,0,0,0,0,0,0,0,0,0,0,0,0,0,0,0,0,0
1357,0.20195271135695103,0.031107525917015003,0.067832036999999998,0,0,0,0,0,0,0,0,0,0,0,0,0,0,0,0,0,0,0,0,0,0,0,0,0,0,0,0,0,0,0,0,0,0,0,0,0,0,0,0,0.32513715382632496,0.00097487093282581287,6.1373496095961251,1.0030014693468279,0,0,0,0,0,0,0,0,0,0,0,0,0,0,0,0,0,0,0,0
1358,0.020291687147946737,0.00012163935823890158,0.067636309000000006,0,0,0,0,0,0,0,0,0,0,0,0,0,0,0,0,0,0,0,0,0,0,0,0,0,0,0,0,0,0,0,0,0,0,0,0,0,0,0,0,0.6493339887342956,0.0038527393370472516,0,0,0,0,0,0,0,0,0,0,0,0,0,0,0,0,0,0,0,0,0,0
1359,0.021797621747665721,0.00012354419322992973,0.067779926000000004,0,0,0,0,0,0,0,0,0,0,0,0,0,0,0,0,0,0,0,0,0,0,0,0,0,0,0,0,0,0,0,0,0,0,0,0,0,0,0,0,0.6493339887342956,0.0038527393370472516,0.048189907191009247,6.1478515990410077e-05,0,0,0,0,0,0,0,0,0,0,0,0,0,0,0,0,0,0,0,0
1360,0.032252168701864627,0.00024255402876357756,0.067941389000000005,0,0,0,0,0,0,0,0,0,0,0,0,0,0,0,0,0,0,0,0,0,0,0,0,0,0,0,0,0,0,0,0,0,0,0,0,0,0,0,0,0.6493339887342956,0.0038527393370472516,0.38273540972537867,0.003902518874516309,0,0,0,0,0,0,0,0,0,0,0,0,0,0,0,0,0,0,0,0
1361,0.044164200868627844,0.00060361026640163879,0.067581110999999999,0,0,0,0,0,0,0,0,0,0,0,0,0,0,0,0,0,0,0,0,0,0,0,0,0,0,0,0,0,0,0,0,0,0,0,0,0,0,0,0,0.6493339887342956,0.0038527393370472516,0.76392043906179763,0.015555602623827177,0,0,0,0,0,0,0,0,0,0,0,0,0,0,0,0,0,0,0,0
1362,0.068258720516364765,0.0020642149603594989,0.067719689999999999,0,0,0,0,0,0,0,0,0,0,0,0,0,0,0,0,0,0,0,0,0,0,0,0,0,0,0,0,0,0,0,0,0,0,0,0,0,0,0,0,0.6493339887342956,0.0038527393370472516,1.5349450677893579,0.062696593552751839,0,0,0,0,0,0,0,0,0,0,0,0,0,0,0,0,0,0,0,0
1363,0.051541687147946609,0.031105389703242052,0.067870632,0,0,0,0,0,0,0,0,0,0,0,0,0,0,0,0,0,0,0,0,0,0,0,0,0,0,0,0,0,0,0,0,0,0,0,0,0,0,0,0,0.6493339887342956,0.0038527393370472516,1,1,0,0,0,0,0,0,0,0,0,0,0,0,0,0,0,0,0,0,0,0
1364,0.040745088534037861,0.0004932948404266943,0.067828150000000004,0,0,0,0,0,0,0,0,0,0,0,0,0,0,0,0,0,0,0,0,0,0,0,0,0,0,0,0,0,0,0,0,0,0,0,0,0,0,0,0,1.3038428330892116,0.01562435435364341,0,0,0,0,0,0,0,0,0,0,0,0,0,0,0,0,0,0,0,0,0,0
1365,0.040765950934266201,0.00049329514525056259,0.067777751999999997,0,0,0,0,0,0,0,0,0,0,0,0,0,0,0,0,0,0,0,0,0,0,0,0,0,0,0,0,0,0,0,0,0,0,0,0,0,0,0,0,1.3038428330892116,0.01562435435364341,0.0006675968073093394,9.8381850120152e-09,0,0,0,0,0,0,0,0,0,0,0,0,0,0,0,0,0,0,0,0
1366,0.040788942401213904,0.0004932963779947896,0.067688750000000006,0,0,0,0,0,0,0,0,0,0,0,0,0,0,0,0,0,0,0,0,0,0,0,0,0,0,0,0,0,0,0,0,0,0,0,0,0,0,0,0,1.3038428330892116,0.01562435435364341,0.001403323749634476,4.9624983358844179e-08,0,0,0,0,0,0,0,0,0,0,0,0,0,0,0,0,0,0,0,0
1367,0.040932868923360184,0.00049332381554878632,0.067923744999999994,0,0,0,0,0,0,0,0,0,0,0,0,0,0,0,0,0,0,0,0,0,0,0,0,0,0,0,0,0,0,0,0,0,0,0,0,0,0,0,0,1.3038428330892116,0.01562435435364341,0.0060089724583129557,9.3517155829509497e-07,0,0,0,0,0,0,0,0,0,0,0,0,0,0,0,0,0,0,0,0
1368,0.041116825487934154,0.00049341449242751453,0.067657930000000005,0,0,0,0,0,0,0,0,0,0,0,0,0,0,0,0,0,0,0,0,0,0,0,0,0,0,0,0,0,0,0,0,0,0,0,0,0,0,0,0,1.3038428330892116,0.01562435435364341,0.011895582524686945,3.861766231909688e-06,0,0,0,0,0,0,0,0,0,0,0,0,0,0,0,0,0,0,0,0
1369,0.041500128520358927,0.00049376374811446267,0.067741731999999999,0,0,0,0,0,0,0,0,0,0,0,0,0,0,0,0,0,0,0,0,0,0,0,0,0,0,0,0,0,0,0,0,0,0,0,0,0,0,0,0,1.3038428330892116,0.01562435435364341,0.02416127956227947,1.5133987414274445e-05,0,0,0,0,0,0,0,0,0,0,0,0,0,0,0,0,0,0,0,0
1370,0.043753710242142377,0.00050095603833630992,0.067785327000000006,0,0,0,0,0,0,0,0,0,0,0,0,0,0,0,0,0,0,0,0,0,0,0,0,0,0,0,0,0,0,0,0,0,0,0,0,0,0,0,0,1.3038428330892116,0.01562435435364341,0.096275894659344732,0.00024726502842000657,0,0,0,0,0,0,0,0,0,0,0,0,0,0,0,0,0,0,0,0
1371,0.052705570087956038,0.0006142095109513703,0.067794977000000006,0,0,0,0,0,0,0,0,0,0,0,0,0,0,0,0,0,0,0,0,0,0,0,0,0,0,0,0,0,0,0,0,0,0,0,0,0,0,0,0,1.3038428330892116,0.01562435435364341,0.38273540972537867,0.003902518874516309,0,0,0,0,0,0,0,0,0,0,0,0,0,0,0,0,0,0,0,0
1372,0.064617602254719297,0.00097526574858943155,0.067840144000000005,0,0,0,0,0,0,0,0,0,0,0,0,0,0,0,0,0,0,0,0,0,0,0,0,0,0,0,0,0,0,0,0,0,0,0,0,0,0,0,0,1.3038428330892116,0.01562435435364341,0.76392043906179763,0.015555602623827177,0,0,0,0,0,0,0,0,0,0,0,0,0,0,0,0,0,0,0,0
1373,0.13673438494480677,0.0082922725019768662,0.067619126000000002,0,0,0,0,0,0,0,0,0,0,0,0,0,0,0,0,0,0,0,0,0,0,0,0,0,0,0,0,0,0,0,0,0,0,0,0,0,0,0,0,1.3038428330892116,0.01562435435364341,3.0716574851445828,0.25171186750179642,0,0,0,0,0,0,0,0,0,0,0,0,0,0,0,0,0,0,0,0
1374,0.071995088534038229,0.031477045185429847,0.067726102999999996,0,0,0,0,0,0,0,0,0,0,0,0,0,0,0,0,0,0,0,0,0,0,0,0,0,0,0,0,0,0,0,0,0,0,0,0,0,0,0,0,1.3038428330892116,0.01562435435364341,1,1,0,0,0,0,0,0,0,0,0,0,0,0,0,0,0,0,0,0,0,0
1375,0.081596235810759685,0.0019616263251770443,0.067758615999999994,0,0,0,0,0,0,0,0,0,0,0,0,0,0,0,0,0,0,0,0,0,0,0,0,0,0,0,0,0,0,0,0,0,0,0,0,0,0,0,0,2.6110795459443099,0.062131492775173394,0,0,0,0,0,0,0,0,0,0,0,0,0,0,0,0,0,0,0,0,0,0
1376,0.081640089677935554,0.0019616278627451393,0.067870422,0,0,0,0,0,0,0,0,0,0,0,0,0,0,0,0,0,0,0,0,0,0,0,0,0,0,0,0,0,0,0,0,0,0,0,0,0,0,0,0,2.6110795459443099,0.062131492775173394,0.001403323749634476,4.9624983358844179e-08,0,0,0,0,0,0,0,0,0,0,0,0,0,0,0,0,0,0,0,0
1377,0.081784016200081661,0.0019616553002991359,0.067774677000000005,0,0,0,0,0,0,0,0,0,0,0,0,0,0,0,0,0,0,0,0,0,0,0,0,0,0,0,0,0,0,0,0,0,0,0,0,0,0,0,0,2.6110795459443099,0.062131492775173394,0.0060089724583129557,9.3517155829509497e-07,0,0,0,0,0,0,0,0,0,0,0,0,0,0,0,0,0,0,0,0
1378,0.082351275797080806,0.0019620952328648126,0.067655557000000005,0,0,0,0,0,0,0,0,0,0,0,0,0,0,0,0,0,0,0,0,0,0,0,0,0,0,0,0,0,0,0,0,0,0,0,0,0,0,0,0,2.6110795459443099,0.062131492775173394,0.02416127956227947,1.5133987414274445e-05,0,0,0,0,0,0,0,0,0,0,0,0,0,0,0,0,0,0,0,0
1379,0.083102170410478293,0.0019635311601680721,0.067733657000000003,0,0,0,0,0,0,0,0,0,0,0,0,0,0,0,0,0,0,0,0,0,0,0,0,0,0,0,0,0,0,0,0,0,0,0,0,0,0,0,0,2.6110795459443099,0.062131492775173394,0.048189907191009247,6.1478515990410077e-05,0,0,0,0,0,0,0,0,0,0,0,0,0,0,0,0,0,0,0,0
1380,0.10546874953144088,0.0024435972333397811,0.067828201000000005,0,0,0,0,0,0,0,0,0,0,0,0,0,0,0,0,0,0,0,0,0,0,0,0,0,0,0,0,0,0,0,0,0,0,0,0,0,0,0,0,2.6110795459443099,0.062131492775173394,0.76392043906179763,0.015555602623827177,0,0,0,0,0,0,0,0,0,0,0,0,0,0,0,0,0,0,0,0
1381,0.17758553222152784,0.0097606039867272152,0.067671527999999995,0,0,0,0,0,0,0,0,0,0,0,0,0,0,0,0,0,0,0,0,0,0,0,0,0,0,0,0,0,0,0,0,0,0,0,0,0,0,0,0,2.6110795459443099,0.062131492775173394,3.0716574851445828,0.25171186750179642,0,0,0,0,0,0,0,0,0,0,0,0,0,0,0,0,0,0,0,0
1382,0.16329429799174239,0.0079352289906382423,0.067793213000000005,0,0,0,0,0,0,0,0,0,0,0,0,0,0,0,0,0,0,0,0,0,0,0,0,0,0,0,0,0,0,0,0,0,0,0,0,0,0,0,0,5.2254175357357564,0.25133615733704473,0,0,0,0,0,0,0,0,0,0,0,0,0,0,0,0,0,0,0,0,0,0
1383,0.16330252492462521,0.0079352290345562834,0.067777141999999999,0,0,0,0,0,0,0,0,0,0,0,0,0,0,0,0,0,0,0,0,0,0,0,0,0,0,0,0,0,0,0,0,0,0,0,0,0,0,0,0,5.2254175357357564,0.25133615733704473,0.00026326185226035505,1.4174540159124606e-09,0,0,0,0,0,0,0,0,0,0,0,0,0,0,0,0,0,0,0,0
1384,0.16926634496653242,0.0079654897960821387,0.067854071000000002,0,0,0,0,0,0,0,0,0,0,0,0,0,0,0,0,0,0,0,0,0,0,0,0,0,0,0,0,0,0,0,0,0,0,0,0,0,0,0,0,5.2254175357357564,0.25133615733704473,0.191105503193302,0.00097666696597226458,0,0,0,0,0,0,0,0,0,0,0,0,0,0,0,0,0,0,0,0
1385,0.21126133136016009,0.0098778045927588407,0.067630720000000005,0,0,0,0,0,0,0,0,0,0,0,0,0,0,0,0,0,0,0,0,0,0,0,0,0,0,0,0,0,0,0,0,0,0,0,0,0,0,0,0,5.2254175357357564,0.25133615733704473,1.5349450677893579,0.062696593552751839,0,0,0,0,0,0,0,0,0,0,0,0,0,0,0,0,0,0,0,0
1386,0.35508647329162052,0.039011976112551687,0.067797432000000005,0,0,0,0,0,0,0,0,0,0,0,0,0,0,0,0,0,0,0,0,0,0,0,0,0,0,0,0,0,0,0,0,0,0,0,0,0,0,0,0,5.2254175357357564,0.25133615733704473,6.1373496095961251,1.0030014693468279,0,0,0,0,0,0,0,0,0,0,0,0,0,0,0,0,0,0,0,0
1387,0.32611286157526803,0.03102741324969693,0.067750801999999999,0,0,0,0,0,0,0,0,0,0,0,0,0,0,0,0,0,0,0,0,0,0,0,0,0,0,0,0,0,0,0,0,0,0,0,0,0,0,0,0,10.435611570408577,0.98274552977457352,0,0,0,0,0,0,0,0,0,0,0,0,0,0,0,0,0,0,0,0,0,0
1388,0.32612108850815114,0.031027413293614973,0.067824374000000007,0,0,0,0,0,0,0,0,0,0,0,0,0,0,0,0,0,0,0,0,0,0,0,0,0,0,0,0,0,0,0,0,0,0,0,0,0,0,0,0,10.435611570408577,0.98274552977457352,0.00026326185226035505,1.4174540159124606e-09,0,0,0,0,0,0,0,0,0,0,0,0,0,0,0,0,0,0,0,0
1389,0.32761879617498429,0.031029318084687958,0.067740501999999994,0,0,0,0,0,0,0,0,0,0,0,0,0,0,0,0,0,0,0,0,0,0,0,0,0,0,0,0,0,0,0,0,0,0,0,0,0,0,0,0,10.435611570408577,0.98274552977457352,0.048189907191009247,6.1478515990410077e-05,0,0,0,0,0,0,0,0,0,0,0,0,0,0,0,0,0,0,0,0
1390,0.32912148328337115,0.031035074447606545,0.067769607999999995,0,0,0,0,0,0,0,0,0,0,0,0,0,0,0,0,0,0,0,0,0,0,0,0,0,0,0,0,0,0,0,0,0,0,0,0,0,0,0,0,10.435611570408577,0.98274552977457352,0.096275894659344732,0.00024726502842000657,0,0,0,0,0,0,0,0,0,0,0,0,0,0,0,0,0,0,0,0
1391,0.33208490855005868,0.031057674055140826,0.067861696999999999,0,0,0,0,0,0,0,0,0,0,0,0,0,0,0,0,0,0,0,0,0,0,0,0,0,0,0,0,0,0,0,0,0,0,0,0,0,0,0,0,10.435611570408577,0.98274552977457352,0.191105503193302,0.00097666696597226458,0,0,0,0,0,0,0,0,0,0,0,0,0,0,0,0,0,0,0,0
1392,0.34998537529594759,0.031509384157859664,0.067623254999999993,0,0,0,0,0,0,0,0,0,0,0,0,0,0,0,0,0,0,0,0,0,0,0,0,0,0,0,0,0,0,0,0,0,0,0,0,0,0,0,0,10.435611570408577,0.98274552977457352,0.76392043906179763,0.015555602623827177,0,0,0,0,0,0,0,0,0,0,0,0,0,0,0,0,0,0,0,0
1393,0.37407989494368538,0.032969988851817525,0.067709953000000003,0,0,0,0,0,0,0,0,0,0,0,0,0,0,0,0,0,0,0,0,0,0,0,0,0,0,0,0,0,0,0,0,0,0,0,0,0,0,0,0,10.435611570408577,0.98274552977457352,1.5349450677893579,0.062696593552751839,0,0,0,0,0,0,0,0,0,0,0,0,0,0,0,0,0,0,0,0
1394,0.031246875,0.031572174392707882,0.067881565000000005,0,0,0,0,0,0,0,0,0,0,0,0,0,0,0,0,0,0,0,0,0,0,0,0,0,0,0,0,0,0,0,0,0,0,0,0,0,0,0,0,0.99990000000000001,1,0,0,0,0,0,0,0,0,0,0,0,0,0,0,0,0,0,0,0,0,0,0
1395,0.031255101932883056,0.031572174436625917,0.067578848999999996,0,0,0,0,0,0,0,0,0,0,0,0,0,0,0,0,0,0,0,0,0,0,0,0,0,0,0,0,0,0,0,0,0,0,0,0,0,0,0,0,0.99990000000000001,1,0.00026326185226035505,1.4174540159124606e-09,0,0,0,0,0,0,0,0,0,0,0,0,0,0,0,0,0,0,0,0
1396,0.031267737400228438,0.031572174697531749,0.067776350999999999,0,0,0,0,0,0,0,0,0,0,0,0,0,0,0,0,0,0,0,0,0,0,0,0,0,0,0,0,0,0,0,0,0,0,0,0,0,0,0,0,0.99990000000000001,1,0.0006675968073093394,9.8381850120152e-09,0,0,0,0,0,0,0,0,0,0,0,0,0,0,0,0,0,0,0,0
1397,0.031290728867176029,0.031572175930275975,0.067798013000000004,0,0,0,0,0,0,0,0,0,0,0,0,0,0,0,0,0,0,0,0,0,0,0,0,0,0,0,0,0,0,0,0,0,0,0,0,0,0,0,0,0.99990000000000001,1,0.001403323749634476,4.9624983358844179e-08,0,0,0,0,0,0,0,0,0,0,0,0,0,0,0,0,0,0,0,0
1398,5.3841842856988569e-06,4.2791489886123211e-11,0.067896914000000003,0,0,0,0,0,0,0,0,0,0,0,0,0,0,0,0,0,0,0,0,0,0,0,0,0,0,0,0,0,0,0,0,0,0,0,0,0,0,0,0,0,0,0,0,0,0,0.00017229389714236342,1.3702500561813074e-09,0,0,0,0,0,0,0,0,0,0,0,0,0,0,0,0
1399,1.2118706642843723e-05,2.9975002017373327e-10,0.067642522999999996,0,0,0,0,0,0,0,0,0,0,0,0,0,0,0,0,0,0,0,0,0,0,0,0,0,0,0,0,0,0,0,0,0,0,0,0,0,0,0,0,0,0,0,0,0,0,0.00038779861257099915,9.5984618221157533e-09,0,0,0,0,0,0,0,0,0,0,0,0,0,0,0,0
1400,3.2754288657694466e-05,1.5129324232309243e-09,0.067771321999999995,0,0,0,0,0,0,0,0,0,0,0,0,0,0,0,0,0,0,0,0,0,0,0,0,0,0,0,0,0,0,0,0,0,0,0,0,0,0,0,0,0,0,0,0,0,0,0.0010481372370462229,4.8446449129198859e-08,0,0,0,0,0,0,0,0,0,0,0,0,0,0,0,0
1401,7.3955338350443941e-05,6.6902485856816133e-09,0.067882307000000003,0,0,0,0,0,0,0,0,0,0,0,0,0,0,0,0,0,0,0,0,0,0,0,0,0,0,0,0,0,0,0,0,0,0,0,0,0,0,0,0,0,0,0,0,0,0,0.0023665708272142061,2.1423216449796942e-07,0,0,0,0,0,0,0,0,0,0,0,0,0,0,0,0
1402,0.00014994906684886455,2.8244863484663291e-08,0.067720273999999997,0,0,0,0,0,0,0,0,0,0,0,0,0,0,0,0,0,0,0,0,0,0,0,0,0,0,0,0,0,0,0,0,0,0,0,0,0,0,0,0,0,0,0,0,0,0,0.0047983701391636656,9.0444445565434765e-07,0,0,0,0,0,0,0,0,0,0,0,0,0,0,0,0
1403,0.0002882777482910432,1.1687836997427736e-07,0.067681037999999999,0,0,0,0,0,0,0,0,0,0,0,0,0,0,0,0,0,0,0,0,0,0,0,0,0,0,0,0,0,0,0,0,0,0,0,0,0,0,0,0,0,0,0,0,0,0,0.0092248879453133825,3.7426271777363103e-06,0,0,0,0,0,0,0,0,0,0,0,0,0,0,0,0
1404,0.00057833329645788558,4.7441932772816016e-07,0.067743178000000001,0,0,0,0,0,0,0,0,0,0,0,0,0,0,0,0,0,0,0,0,0,0,0,0,0,0,0,0,0,0,0,0,0,0,0,0,0,0,0,0,0,0,0,0,0,0,0.018506665486652338,1.5191644698583416e-05,0,0,0,0,0,0,0,0,0,0,0,0,0,0,0,0
1405,0.0011512946973843911,1.8910374340236251e-06,0.067902817000000004,0,0,0,0,0,0,0,0,0,0,0,0,0,0,0,0,0,0,0,0,0,0,0,0,0,0,0,0,0,0,0,0,0,0,0,0,0,0,0,0,0,0,0,0,0,0,0.036841430316300515,6.0553959609901829e-05,0,0,0,0,0,0,0,0,0,0,0,0,0,0,0,0
1406,0.0022714305278097716,7.6038680285065729e-06,0.067705686000000001,0,0,0,0,0,0,0,0,0,0,0,0,0,0,0,0,0,0,0,0,0,0,0,0,0,0,0,0,0,0,0,0,0,0,0,0,0,0,0,0,0,0,0,0,0,0,0.072685776889912693,0.00024348767993318237,0,0,0,0,0,0,0,0,0,0,0,0,0,0,0,0
1407,0.004451220812889292,3.0162938992293134e-05,0.067837049999999996,0,0,0,0,0,0,0,0,0,0,0,0,0,0,0,0,0,0,0,0,0,0,0,0,0,0,0,0,0,0,0,0,0,0,0,0,0,0,0,0,0,0,0,0,0,0,0.14243906601245734,0.00096586421643117656,0,0,0,0,0,0,0,0,0,0,0,0,0,0,0,0
1408,0.0088357536780296776,0.00012220885476412667,0.067862278999999998,0,0,0,0,0,0,0,0,0,0,0,0,0,0,0,0,0,0,0,0,0,0,0,0,0,0,0,0,0,0,0,0,0,0,0,0,0,0,0,0,0,0,0,0,0,0,0.28274411769694968,0.0039133175907647491,0,0,0,0,0,0,0,0,0,0,0,0,0,0,0,0
1409,0.017613759345661926,0.00049109493711887249,0.067613397000000006,0,0,0,0,0,0,0,0,0,0,0,0,0,0,0,0,0,0,0,0,0,0,0,0,0,0,0,0,0,0,0,0,0,0,0,0,0,0,0,0,0,0,0,0,0,0,0.56364029906118163,0.015725623645455534,0,0,0,0,0,0,0,0,0,0,0,0,0,0,0,0
1410,0.034882472657005024,0.0019281659207391116,0.067685997999999997,0,0,0,0,0,0,0,0,0,0,0,0,0,0,0,0,0,0,0,0,0,0,0,0,0,0,0,0,0,0,0,0,0,0,0,0,0,0,0,0,0,0,0,0,0,0,1.1162391250241608,0.061742871497363842,0,0,0,0,0,0,0,0,0,0,0,0,0,0,0,0
1411,0.069794753504038812,0.0077578759764666584,0.067946321000000004,0,0,0,0,0,0,0,0,0,0,0,0,0,0,0,0,0,0,0,0,0,0,0,0,0,0,0,0,0,0,0,0,0,0,0,0,0,0,0,0,0,0,0,0,0,0,2.233432112129242,0.24841925394255354,0,0,0,0,0,0,0,0,0,0,0,0,0,0,0,0
1412,0.13968609022651995,0.031380506147553042,0.067798997,0,0,0,0,0,0,0,0,0,0,0,0,0,0,0,0,0,0,0,0,0,0,0,0,0,0,0,0,0,0,0,0,0,0,0,0,0,0,0,0,0,0,0,0,0,0,4.4699548872486385,1.0048526103230293,0,0,0,0,0,0,0,0,0,0,0,0,0,0,0,0
1413,0.03125,0.031228964153723171,0.067811129999999997,0,0,0,0,0,0,0,0,0,0,0,0,0,0,0,0,0,0,0,0,0,0,0,0,0,0,0,0,0,0,0,0,0,0,0,0,0,0,0,0,0,0,0,0,0,0,1,1,0,0,0,0,0,0,0,0,0,0,0,0,0,0,0,0
1414,8.2309177903019831e-06,4.2791489886123211e-11,0.067703241999999997,0,0,0,0,0,0,0,0,0,0,0,0,0,0,0,0,0,0,0,0,0,0,0,0,0,0,0,0,0,0,0,0,0,0,0,0,0,0,0,0,0,0,0,0,0.00026338936928966346,1.3805057016278295e-09,0,0,0,0,0,0,0,0,0,0,0,0,0,0,0,0,0,0
1415,0.00015817998463916682,2.8287654974549414e-08,0.067875174999999996,0,0,0,0,0,0,0,0,0,0,0,0,0,0,0,0,0,0,0,0,0,0,0,0,0,0,0,0,0,0,0,0,0,0,0,0,0,0,0,0,0,0,0,0,0.00026338936928966346,1.3805057016278295e-09,0.0047983701391636656,9.0444445565434765e-07,0,0,0,0,0,0,0,0,0,0,0,0,0,0,0,0
1416,0.00029650866608134499,1.1692116146416349e-07,0.067605321999999995,0,0,0,0,0,0,0,0,0,0,0,0,0,0,0,0,0,0,0,0,0,0,0,0,0,0,0,0,0,0,0,0,0,0,0,0,0,0,0,0,0,0,0,0,0.00026338936928966346,1.3805057016278295e-09,0.0092248879453133825,3.7426271777363103e-06,0,0,0,0,0,0,0,0,0,0,0,0,0,0,0,0
1417,0.034890703574795401,0.0019281659635306016,0.067770551999999998,0,0,0,0,0,0,0,0,0,0,0,0,0,0,0,0,0,0,0,0,0,0,0,0,0,0,0,0,0,0,0,0,0,0,0,0,0,0,0,0,0,0,0,0,0.00026338936928966346,1.3805057016278295e-09,1.1162391250241608,0.061742871497363842,0,0,0,0,0,0,0,0,0,0,0,0,0,0,0,0
1418,0.13969432114431032,0.031380506190344534,0.067890183000000007,0,0,0,0,0,0,0,0,0,0,0,0,0,0,0,0,0,0,0,0,0,0,0,0,0,0,0,0,0,0,0,0,0,0,0,0,0,0,0,0,0,0,0,0,0.00026338936928966346,1.3805057016278295e-09,4.4699548872486385,1.0048526103230293,0,0,0,0,0,0,0,0,0,0,0,0,0,0,0,0
1419,0.031258230917790265,0.031228964196514664,0.067733070000000006,0,0,0,0,0,0,0,0,0,0,0,0,0,0,0,0,0,0,0,0,0,0,0,0,0,0,0,0,0,0,0,0,0,0,0,0,0,0,0,0,0,0,0,0,0.00026338936928966346,1.3805057016278295e-09,1,1,0,0,0,0,0,0,0,0,0,0,0,0,0,0,0,0
1420,2.8145728883039793e-05,3.0268429376592458e-10,0.067730024,0,0,0,0,0,0,0,0,0,0,0,0,0,0,0,0,0,0,0,0,0,0,0,0,0,0,0,0,0,0,0,0,0,0,0,0,0,0,0,0,0,0,0,0,0.00090066332425727338,9.76496482008583e-09,0,0,0,0,0,0,0,0,0,0,0,0,0,0,0,0,0,0
1421,3.3529913168738634e-05,3.454757836520478e-10,0.067835867999999994,0,0,0,0,0,0,0,0,0,0,0,0,0,0,0,0,0,0,0,0,0,0,0,0,0,0,0,0,0,0,0,0,0,0,0,0,0,0,0,0,0,0,0,0,0.00090066332425727338,9.76496482008583e-09,0.00017229389714236342,1.3702500561813074e-09,0,0,0,0,0,0,0,0,0,0,0,0,0,0,0,0
1422,4.0264435525883613e-05,6.024343139396579e-10,0.067748488999999995,0,0,0,0,0,0,0,0,0,0,0,0,0,0,0,0,0,0,0,0,0,0,0,0,0,0,0,0,0,0,0,0,0,0,0,0,0,0,0,0,0,0,0,0,0.00090066332425727338,9.76496482008583e-09,0.00038779861257099915,9.5984618221157533e-09,0,0,0,0,0,0,0,0,0,0,0,0,0,0,0,0
1423,0.00010210106723348345,6.9929328794475374e-09,0.067748660000000002,0,0,0,0,0,0,0,0,0,0,0,0,0,0,0,0,0,0,0,0,0,0,0,0,0,0,0,0,0,0,0,0,0,0,0,0,0,0,0,0,0,0,0,0,0.00090066332425727338,9.76496482008583e-09,0.0023665708272142061,2.1423216449796942e-07,0,0,0,0,0,0,0,0,0,0,0,0,0,0,0,0
1424,0.00060647902534092699,4.7472201202192608e-07,0.067799999,0,0,0,0,0,0,0,0,0,0,0,0,0,0,0,0,0,0,0,0,0,0,0,0,0,0,0,0,0,0,0,0,0,0,0,0,0,0,0,0,0,0,0,0,0.00090066332425727338,9.76496482008583e-09,0.018506665486652338,1.5191644698583416e-05,0,0,0,0,0,0,0,0,0,0,0,0,0,0,0,0
1425,0.0011794404262674277,1.8913401183173909e-06,0.067759501,0,0,0,0,0,0,0,0,0,0,0,0,0,0,0,0,0,0,0,0,0,0,0,0,0,0,0,0,0,0,0,0,0,0,0,0,0,0,0,0,0,0,0,0,0.00090066332425727338,9.76496482008583e-09,0.036841430316300515,6.0553959609901829e-05,0,0,0,0,0,0,0,0,0,0,0,0,0,0,0,0
1426,0.0022995762566927931,7.604170712800339e-06,0.067644387,0,0,0,0,0,0,0,0,0,0,0,0,0,0,0,0,0,0,0,0,0,0,0,0,0,0,0,0,0,0,0,0,0,0,0,0,0,0,0,0,0,0,0,0,0.00090066332425727338,9.76496482008583e-09,0.072685776889912693,0.00024348767993318237,0,0,0,0,0,0,0,0,0,0,0,0,0,0,0,0
1427,0.0044793665417723399,3.0163241676586901e-05,0.067849265000000006,0,0,0,0,0,0,0,0,0,0,0,0,0,0,0,0,0,0,0,0,0,0,0,0,0,0,0,0,0,0,0,0,0,0,0,0,0,0,0,0,0,0,0,0,0.00090066332425727338,9.76496482008583e-09,0.14243906601245734,0.00096586421643117656,0,0,0,0,0,0,0,0,0,0,0,0,0,0,0,0
1428,6.7184457288784041e-05,1.5168447880205129e-09,0.067792184000000005,0,0,0,0,0,0,0,0,0,0,0,0,0,0,0,0,0,0,0,0,0,0,0,0,0,0,0,0,0,0,0,0,0,0,0,0,0,0,0,0,0,0,0,0,0.0021499026332410893,4.8935264556559382e-08,0,0,0,0,0,0,0,0,0,0,0,0,0,0,0,0,0,0
1429,7.2568641574482723e-05,1.559636277906636e-09,0.067558983000000003,0,0,0,0,0,0,0,0,0,0,0,0,0,0,0,0,0,0,0,0,0,0,0,0,0,0,0,0,0,0,0,0,0,0,0,0,0,0,0,0,0,0,0,0,0.0021499026332410893,4.8935264556559382e-08,0.00017229389714236342,1.3702500561813074e-09,0,0,0,0,0,0,0,0,0,0,0,0,0,0,0,0
1430,0.00021713352413764935,2.9761708272683803e-08,0.067652024000000005,0,0,0,0,0,0,0,0,0,0,0,0,0,0,0,0,0,0,0,0,0,0,0,0,0,0,0,0,0,0,0,0,0,0,0,0,0,0,0,0,0,0,0,0,0.0021499026332410893,4.8935264556559382e-08,0.0047983701391636656,9.0444445565434765e-07,0,0,0,0,0,0,0,0,0,0,0,0,0,0,0,0
1431,0.017680943802950648,0.0004910964539636605,0.067674657999999999,0,0,0,0,0,0,0,0,0,0,0,0,0,0,0,0,0,0,0,0,0,0,0,0,0,0,0,0,0,0,0,0,0,0,0,0,0,0,0,0,0,0,0,0,0.0021499026332410893,4.8935264556559382e-08,0.56364029906118163,0.015725623645455534,0,0,0,0,0,0,0,0,0,0,0,0,0,0,0,0
1432,0.00014234883179527715,6.7549423320237355e-09,0.067805771000000001,0,0,0,0,0,0,0,0,0,0,0,0,0,0,0,0,0,0,0,0,0,0,0,0,0,0,0,0,0,0,0,0,0,0,0,0,0,0,0,0,0,0,0,0,0.0045551626174488687,2.179226857569645e-07,0,0,0,0,0,0,0,0,0,0,0,0,0,0,0,0,0,0
1433,0.0002922978986441411,3.4999805816687029e-08,0.067784339999999998,0,0,0,0,0,0,0,0,0,0,0,0,0,0,0,0,0,0,0,0,0,0,0,0,0,0,0,0,0,0,0,0,0,0,0,0,0,0,0,0,0,0,0,0,0.0045551626174488687,2.179226857569645e-07,0.0047983701391636656,9.0444445565434765e-07,0,0,0,0,0,0,0,0,0,0,0,0,0,0,0,0
1434,0.00043062658008632103,1.2363331230630109e-07,0.067796092000000002,0,0,0,0,0,0,0,0,0,0,0,0,0,0,0,0,0,0,0,0,0,0,0,0,0,0,0,0,0,0,0,0,0,0,0,0,0,0,0,0,0,0,0,0,0.0045551626174488687,2.179226857569645e-07,0.0092248879453133825,3.7426271777363103e-06,0,0,0,0,0,0,0,0,0,0,0,0,0,0,0,0
1435,0.0012936435291796636,1.8977923763556487e-06,0.067951994000000002,0,0,0,0,0,0,0,0,0,0,0,0,0,0,0,0,0,0,0,0,0,0,0,0,0,0,0,0,0,0,0,0,0,0,0,0,0,0,0,0,0,0,0,0,0.0045551626174488687,2.179226857569645e-07,0.036841430316300515,6.0553959609901829e-05,0,0,0,0,0,0,0,0,0,0,0,0,0,0,0,0
1436,0.0024137793596050406,7.6106229708385971e-06,0.067704555,0,0,0,0,0,0,0,0,0,0,0,0,0,0,0,0,0,0,0,0,0,0,0,0,0,0,0,0,0,0,0,0,0,0,0,0,0,0,0,0,0,0,0,0,0.0045551626174488687,2.179226857569645e-07,0.072685776889912693,0.00024348767993318237,0,0,0,0,0,0,0,0,0,0,0,0,0,0,0,0
1437,0.0089781025098249721,0.0001222156097064587,0.067675979999999997,0,0,0,0,0,0,0,0,0,0,0,0,0,0,0,0,0,0,0,0,0,0,0,0,0,0,0,0,0,0,0,0,0,0,0,0,0,0,0,0,0,0,0,0,0.0045551626174488687,2.179226857569645e-07,0.28274411769694968,0.0039133175907647491,0,0,0,0,0,0,0,0,0,0,0,0,0,0,0,0
1438,0.017756108177457229,0.00049110169206120443,0.067749763000000005,0,0,0,0,0,0,0,0,0,0,0,0,0,0,0,0,0,0,0,0,0,0,0,0,0,0,0,0,0,0,0,0,0,0,0,0,0,0,0,0,0,0,0,0,0.0045551626174488687,2.179226857569645e-07,0.56364029906118163,0.015725623645455534,0,0,0,0,0,0,0,0,0,0,0,0,0,0,0,0
1439,0.13982843905831488,0.031380512902495376,0.067685317999999994,0,0,0,0,0,0,0,0,0,0,0,0,0,0,0,0,0,0,0,0,0,0,0,0,0,0,0,0,0,0,0,0,0,0,0,0,0,0,0,0,0,0,0,0,0.0045551626174488687,2.179226857569645e-07,4.4699548872486385,1.0048526103230293,0,0,0,0,0,0,0,0,0,0,0,0,0,0,0,0
1440,0.0003012255696779189,2.865943442504575e-08,0.067522833000000004,0,0,0,0,0,0,0,0,0,0,0,0,0,0,0,0,0,0,0,0,0,0,0,0,0,0,0,0,0,0,0,0,0,0,0,0,0,0,0,0,0,0,0,0,0.0096392182296934047,9.2458834068394677e-07,0,0,0,0,0,0,0,0,0,0,0,0,0,0,0,0,0,0
1441,0.00030660975396361854,2.8702225914931873e-08,0.067732479999999998,0,0,0,0,0,0,0,0,0,0,0,0,0,0,0,0,0,0,0,0,0,0,0,0,0,0,0,0,0,0,0,0,0,0,0,0,0,0,0,0,0,0,0,0,0.0096392182296934047,9.2458834068394677e-07,0.00017229389714236342,1.3702500561813074e-09,0,0,0,0,0,0,0,0,0,0,0,0,0,0,0,0
1442,0.00045117463652678439,5.6904297909709041e-08,0.067785743999999995,0,0,0,0,0,0,0,0,0,0,0,0,0,0,0,0,0,0,0,0,0,0,0,0,0,0,0,0,0,0,0,0,0,0,0,0,0,0,0,0,0,0,0,0,0.0096392182296934047,9.2458834068394677e-07,0.0047983701391636656,9.0444445565434765e-07,0,0,0,0,0,0,0,0,0,0,0,0,0,0,0,0
1443,0.0025726560974876828,7.6325274629316194e-06,0.067705116999999995,0,0,0,0,0,0,0,0,0,0,0,0,0,0,0,0,0,0,0,0,0,0,0,0,0,0,0,0,0,0,0,0,0,0,0,0,0,0,0,0,0,0,0,0,0.0096392182296934047,9.2458834068394677e-07,0.072685776889912693,0.00024348767993318237,0,0,0,0,0,0,0,0,0,0,0,0,0,0,0,0
1444,0.0047524463825672101,3.0191598426718179e-05,0.067823886,0,0,0,0,0,0,0,0,0,0,0,0,0,0,0,0,0,0,0,0,0,0,0,0,0,0,0,0,0,0,0,0,0,0,0,0,0,0,0,0,0,0,0,0,0.0096392182296934047,9.2458834068394677e-07,0.14243906601245734,0.00096586421643117656,0,0,0,0,0,0,0,0,0,0,0,0,0,0,0,0
1445,0.0091369792477075957,0.00012223751419855171,0.067891157999999993,0,0,0,0,0,0,0,0,0,0,0,0,0,0,0,0,0,0,0,0,0,0,0,0,0,0,0,0,0,0,0,0,0,0,0,0,0,0,0,0,0,0,0,0,0.0096392182296934047,9.2458834068394677e-07,0.28274411769694968,0.0039133175907647491,0,0,0,0,0,0,0,0,0,0,0,0,0,0,0,0
1446,0.031551225569678008,0.031228992813157597,0.067658457000000005,0,0,0,0,0,0,0,0,0,0,0,0,0,0,0,0,0,0,0,0,0,0,0,0,0,0,0,0,0,0,0,0,0,0,0,0,0,0,0,0,0,0,0,0,0.0096392182296934047,9.2458834068394677e-07,1,1,0,0,0,0,0,0,0,0,0,0,0,0,0,0,0,0
1447,0.00061770679536275882,1.176936788509648e-07,0.067667573999999994,0,0,0,0,0,0,0,0,0,0,0,0,0,0,0,0,0,0,0,0,0,0,0,0,0,0,0,0,0,0,0,0,0,0,0,0,0,0,0,0,0,0,0,0,0.019766617451608282,3.7969417548137522e-06,0,0,0,0,0,0,0,0,0,0,0,0,0,0,0,0,0,0
1448,0.00062309097964845619,1.1773647034085093e-07,0.067693172999999995,0,0,0,0,0,0,0,0,0,0,0,0,0,0,0,0,0,0,0,0,0,0,0,0,0,0,0,0,0,0,0,0,0,0,0,0,0,0,0,0,0,0,0,0,0.019766617451608282,3.7969417548137522e-06,0.00017229389714236342,1.3702500561813074e-09,0,0,0,0,0,0,0,0,0,0,0,0,0,0,0,0
1449,0.00065046108402045495,1.1920661127419573e-07,0.067891768000000005,0,0,0,0,0,0,0,0,0,0,0,0,0,0,0,0,0,0,0,0,0,0,0,0,0,0,0,0,0,0,0,0,0,0,0,0,0,0,0,0,0,0,0,0,0.019766617451608282,3.7969417548137522e-06,0.0010481372370462229,4.8446449129198859e-08,0,0,0,0,0,0,0,0,0,0,0,0,0,0,0,0
1450,0.00076765586221162415,1.459385423356281e-07,0.067595415000000006,0,0,0,0,0,0,0,0,0,0,0,0,0,0,0,0,0,0,0,0,0,0,0,0,0,0,0,0,0,0,0,0,0,0,0,0,0,0,0,0,0,0,0,0,0.019766617451608282,3.7969417548137522e-06,0.0047983701391636656,9.0444445565434765e-07,0,0,0,0,0,0,0,0,0,0,0,0,0,0,0,0
1451,0.00090598454365380229,2.3457204882524216e-07,0.06779992,0,0,0,0,0,0,0,0,0,0,0,0,0,0,0,0,0,0,0,0,0,0,0,0,0,0,0,0,0,0,0,0,0,0,0,0,0,0,0,0,0,0,0,0,0.019766617451608282,3.7969417548137522e-06,0.0092248879453133825,3.7426271777363103e-06,0,0,0,0,0,0,0,0,0,0,0,0,0,0,0,0
1452,0.009453460473392402,0.00012232654844297763,0.067715958000000007,0,0,0,0,0,0,0,0,0,0,0,0,0,0,0,0,0,0,0,0,0,0,0,0,0,0,0,0,0,0,0,0,0,0,0,0,0,0,0,0,0,0,0,0,0.019766617451608282,3.7969417548137522e-06,0.28274411769694968,0.0039133175907647491,0,0,0,0,0,0,0,0,0,0,0,0,0,0,0,0
1453,0.031867706795362744,0.031229081847402022,0.067640432,0,0,0,0,0,0,0,0,0,0,0,0,0,0,0,0,0,0,0,0,0,0,0,0,0,0,0,0,0,0,0,0,0,0,0,0,0,0,0,0,0,0,0,0,0.019766617451608282,3.7969417548137522e-06,1,1,0,0,0,0,0,0,0,0,0,0,0,0,0,0,0,0
1454,0.0012357553294466,4.626457645304634e-07,0.067690709000000002,0,0,0,0,0,0,0,0,0,0,0,0,0,0,0,0,0,0,0,0,0,0,0,0,0,0,0,0,0,0,0,0,0,0,0,0,0,0,0,0,0,0,0,0,0.039544170542291202,1.4925517140626347e-05,0,0,0,0,0,0,0,0,0,0,0,0,0,0,0,0,0,0
1455,0.010071509007476274,0.00012267150052865713,0.067770393999999998,0,0,0,0,0,0,0,0,0,0,0,0,0,0,0,0,0,0,0,0,0,0,0,0,0,0,0,0,0,0,0,0,0,0,0,0,0,0,0,0,0,0,0,0,0.039544170542291202,1.4925517140626347e-05,0.28274411769694968,0.0039133175907647491,0,0,0,0,0,0,0,0,0,0,0,0,0,0,0,0
1456,0.018849514675108564,0.00049155758288340289,0.067772768999999997,0,0,0,0,0,0,0,0,0,0,0,0,0,0,0,0,0,0,0,0,0,0,0,0,0,0,0,0,0,0,0,0,0,0,0,0,0,0,0,0,0,0,0,0,0.039544170542291202,1.4925517140626347e-05,0.56364029906118163,0.015725623645455534,0,0,0,0,0,0,0,0,0,0,0,0,0,0,0,0
1457,0.036118227986451479,0.0019286285665036421,0.067725366999999995,0,0,0,0,0,0,0,0,0,0,0,0,0,0,0,0,0,0,0,0,0,0,0,0,0,0,0,0,0,0,0,0,0,0,0,0,0,0,0,0,0,0,0,0,0.039544170542291202,1.4925517140626347e-05,1.1162391250241608,0.061742871497363842,0,0,0,0,0,0,0,0,0,0,0,0,0,0,0,0
1458,0.071030508833485398,0.0077583386222311894,0.067701721000000006,0,0,0,0,0,0,0,0,0,0,0,0,0,0,0,0,0,0,0,0,0,0,0,0,0,0,0,0,0,0,0,0,0,0,0,0,0,0,0,0,0,0,0,0,0.039544170542291202,1.4925517140626347e-05,2.233432112129242,0.24841925394255354,0,0,0,0,0,0,0,0,0,0,0,0,0,0,0,0
1459,0.0024745298426547308,1.8949155656213045e-06,0.068020577999999998,0,0,0,0,0,0,0,0,0,0,0,0,0,0,0,0,0,0,0,0,0,0,0,0,0,0,0,0,0,0,0,0,0,0,0,0,0,0,0,0,0,0,0,0,0.079184954964951385,6.1132289373543272e-05,0,0,0,0,0,0,0,0,0,0,0,0,0,0,0,0,0,0
1460,0.0030528631391126106,2.3693348933494648e-06,0.067699988000000003,0,0,0,0,0,0,0,0,0,0,0,0,0,0,0,0,0,0,0,0,0,0,0,0,0,0,0,0,0,0,0,0,0,0,0,0,0,0,0,0,0,0,0,0,0.079184954964951385,6.1132289373543272e-05,0.018506665486652338,1.5191644698583416e-05,0,0,0,0,0,0,0,0,0,0,0,0,0,0,0,0
1461,0.0036258245400390935,3.7859529996449297e-06,0.067632076999999999,0,0,0,0,0,0,0,0,0,0,0,0,0,0,0,0,0,0,0,0,0,0,0,0,0,0,0,0,0,0,0,0,0,0,0,0,0,0,0,0,0,0,0,0,0.079184954964951385,6.1132289373543272e-05,0.036841430316300515,6.0553959609901829e-05,0,0,0,0,0,0,0,0,0,0,0,0,0,0,0,0
1462,0.037357002499659675,0.0019300608363047331,0.067782668000000004,0,0,0,0,0,0,0,0,0,0,0,0,0,0,0,0,0,0,0,0,0,0,0,0,0,0,0,0,0,0,0,0,0,0,0,0,0,0,0,0,0,0,0,0,0.079184954964951385,6.1132289373543272e-05,1.1162391250241608,0.061742871497363842,0,0,0,0,0,0,0,0,0,0,0,0,0,0,0,0
1463,0.033724529842654623,0.031230859069288793,0.067675529999999998,0,0,0,0,0,0,0,0,0,0,0,0,0,0,0,0,0,0,0,0,0,0,0,0,0,0,0,0,0,0,0,0,0,0,0,0,0,0,0,0,0,0,0,0,0.079184954964951385,6.1132289373543272e-05,1,1,0,0,0,0,0,0,0,0,0,0,0,0,0,0,0,0
1464,0.0049537162074938532,7.5200108207884766e-06,0.067631685999999996,0,0,0,0,0,0,0,0,0,0,0,0,0,0,0,0,0,0,0,0,0,0,0,0,0,0,0,0,0,0,0,0,0,0,0,0,0,0,0,0,0,0,0,0,0.1585189186398033,0.00024260472916527359,0,0,0,0,0,0,0,0,0,0,0,0,0,0,0,0,0,0
1465,0.0049658349141366879,7.5203105708086503e-06,0.067686240999999994,0,0,0,0,0,0,0,0,0,0,0,0,0,0,0,0,0,0,0,0,0,0,0,0,0,0,0,0,0,0,0,0,0,0,0,0,0,0,0,0,0,0,0,0,0.1585189186398033,0.00024260472916527359,0.00038779861257099915,9.5984618221157533e-09,0,0,0,0,0,0,0,0,0,0,0,0,0,0,0,0
1466,0.0049864704961515328,7.5215237532117082e-06,0.067751988999999999,0,0,0,0,0,0,0,0,0,0,0,0,0,0,0,0,0,0,0,0,0,0,0,0,0,0,0,0,0,0,0,0,0,0,0,0,0,0,0,0,0,0,0,0,0.1585189186398033,0.00024260472916527359,0.0010481372370462229,4.8446449129198859e-08,0,0,0,0,0,0,0,0,0,0,0,0,0,0,0,0
1467,0.0051036652743427051,7.5482556842731401e-06,0.067629520999999998,0,0,0,0,0,0,0,0,0,0,0,0,0,0,0,0,0,0,0,0,0,0,0,0,0,0,0,0,0,0,0,0,0,0,0,0,0,0,0,0,0,0,0,0,0.1585189186398033,0.00024260472916527359,0.0047983701391636656,9.0444445565434765e-07,0,0,0,0,0,0,0,0,0,0,0,0,0,0,0,0
1468,0.0052419939557848995,7.6368891907627545e-06,0.067918831999999998,0,0,0,0,0,0,0,0,0,0,0,0,0,0,0,0,0,0,0,0,0,0,0,0,0,0,0,0,0,0,0,0,0,0,0,0,0,0,0,0,0,0,0,0,0.1585189186398033,0.00024260472916527359,0.0092248879453133825,3.7426271777363103e-06,0,0,0,0,0,0,0,0,0,0,0,0,0,0,0,0
1469,0.0055320495039517473,7.9944301485166373e-06,0.067777487999999997,0,0,0,0,0,0,0,0,0,0,0,0,0,0,0,0,0,0,0,0,0,0,0,0,0,0,0,0,0,0,0,0,0,0,0,0,0,0,0,0,0,0,0,0,0.1585189186398033,0.00024260472916527359,0.018506665486652338,1.5191644698583416e-05,0,0,0,0,0,0,0,0,0,0,0,0,0,0,0,0
1470,0.0072251467353036392,1.512387884929505e-05,0.067808358999999999,0,0,0,0,0,0,0,0,0,0,0,0,0,0,0,0,0,0,0,0,0,0,0,0,0,0,0,0,0,0,0,0,0,0,0,0,0,0,0,0,0,0,0,0,0.1585189186398033,0.00024260472916527359,0.072685776889912693,0.00024348767993318237,0,0,0,0,0,0,0,0,0,0,0,0,0,0,0,0
1471,0.013789469885523525,0.00012972886558491515,0.067773140999999995,0,0,0,0,0,0,0,0,0,0,0,0,0,0,0,0,0,0,0,0,0,0,0,0,0,0,0,0,0,0,0,0,0,0,0,0,0,0,0,0,0,0,0,0,0.1585189186398033,0.00024260472916527359,0.28274411769694968,0.0039133175907647491,0,0,0,0,0,0,0,0,0,0,0,0,0,0,0,0
1472,0.039836188864498828,0.0019356859315599001,0.067884416000000003,0,0,0,0,0,0,0,0,0,0,0,0,0,0,0,0,0,0,0,0,0,0,0,0,0,0,0,0,0,0,0,0,0,0,0,0,0,0,0,0,0,0,0,0,0.1585189186398033,0.00024260472916527359,1.1162391250241608,0.061742871497363842,0,0,0,0,0,0,0,0,0,0,0,0,0,0,0,0
1473,0.074748469711532123,0.0077653959872874476,0.067786356000000006,0,0,0,0,0,0,0,0,0,0,0,0,0,0,0,0,0,0,0,0,0,0,0,0,0,0,0,0,0,0,0,0,0,0,0,0,0,0,0,0,0,0,0,0,0.1585189186398033,0.00024260472916527359,2.233432112129242,0.24841925394255354,0,0,0,0,0,0,0,0,0,0,0,0,0,0,0,0
1474,0.0099093027403959946,3.0221429265079423e-05,0.067680872000000003,0,0,0,0,0,0,0,0,0,0,0,0,0,0,0,0,0,0,0,0,0,0,0,0,0,0,0,0,0,0,0,0,0,0,0,0,0,0,0,0,0,0,0,0,0.31709768769267183,0.00097498020103557737,0,0,0,0,0,0,0,0,0,0,0,0,0,0,0,0,0,0
1475,0.0099420570290536976,3.0222942197502652e-05,0.067801074000000003,0,0,0,0,0,0,0,0,0,0,0,0,0,0,0,0,0,0,0,0,0,0,0,0,0,0,0,0,0,0,0,0,0,0,0,0,0,0,0,0,0,0,0,0,0.31709768769267183,0.00097498020103557737,0.0010481372370462229,4.8446449129198859e-08,0,0,0,0,0,0,0,0,0,0,0,0,0,0,0,0
1476,0.011060597437780373,3.2112466699103049e-05,0.067800172000000006,0,0,0,0,0,0,0,0,0,0,0,0,0,0,0,0,0,0,0,0,0,0,0,0,0,0,0,0,0,0,0,0,0,0,0,0,0,0,0,0,0,0,0,0,0.31709768769267183,0.00097498020103557737,0.036841430316300515,6.0553959609901829e-05,0,0,0,0,0,0,0,0,0,0,0,0,0,0,0,0
1477,0.012180733268205816,3.7825297293585994e-05,0.067740446999999995,0,0,0,0,0,0,0,0,0,0,0,0,0,0,0,0,0,0,0,0,0,0,0,0,0,0,0,0,0,0,0,0,0,0,0,0,0,0,0,0,0,0,0,0,0.31709768769267183,0.00097498020103557737,0.072685776889912693,0.00024348767993318237,0,0,0,0,0,0,0,0,0,0,0,0,0,0,0,0
1478,0.018745056418425547,0.00015243028402920608,0.067821223,0,0,0,0,0,0,0,0,0,0,0,0,0,0,0,0,0,0,0,0,0,0,0,0,0,0,0,0,0,0,0,0,0,0,0,0,0,0,0,0,0,0,0,0,0.31709768769267183,0.00097498020103557737,0.28274411769694968,0.0039133175907647491,0,0,0,0,0,0,0,0,0,0,0,0,0,0,0,0
1479,0.027523062086057985,0.0005213163663839519,0.067759713999999999,0,0,0,0,0,0,0,0,0,0,0,0,0,0,0,0,0,0,0,0,0,0,0,0,0,0,0,0,0,0,0,0,0,0,0,0,0,0,0,0,0,0,0,0,0.31709768769267183,0.00097498020103557737,0.56364029906118163,0.015725623645455534,0,0,0,0,0,0,0,0,0,0,0,0,0,0,0,0
1480,0.044791775397400757,0.0019583873500041912,0.067745226000000006,0,0,0,0,0,0,0,0,0,0,0,0,0,0,0,0,0,0,0,0,0,0,0,0,0,0,0,0,0,0,0,0,0,0,0,0,0,0,0,0,0,0,0,0,0.31709768769267183,0.00097498020103557737,1.1162391250241608,0.061742871497363842,0,0,0,0,0,0,0,0,0,0,0,0,0,0,0,0
1481,0.07970405624443426,0.007788097405731738,0.067668328,0,0,0,0,0,0,0,0,0,0,0,0,0,0,0,0,0,0,0,0,0,0,0,0,0,0,0,0,0,0,0,0,0,0,0,0,0,0,0,0,0,0,0,0,0.31709768769267183,0.00097498020103557737,2.233432112129242,0.24841925394255354,0,0,0,0,0,0,0,0,0,0,0,0,0,0,0,0
1482,0.14959539296691554,0.03141072757681812,0.067690379999999994,0,0,0,0,0,0,0,0,0,0,0,0,0,0,0,0,0,0,0,0,0,0,0,0,0,0,0,0,0,0,0,0,0,0,0,0,0,0,0,0,0,0,0,0,0.31709768769267183,0.00097498020103557737,4.4699548872486385,1.0048526103230293,0,0,0,0,0,0,0,0,0,0,0,0,0,0,0,0
1483,0.019850257311381757,0.00012218394683342107,0.067723304999999998,0,0,0,0,0,0,0,0,0,0,0,0,0,0,0,0,0,0,0,0,0,0,0,0,0,0,0,0,0,0,0,0,0,0,0,0,0,0,0,0,0,0,0,0,0.63520823396421622,0.0039418032814423909,0,0,0,0,0,0,0,0,0,0,0,0,0,0,0,0,0,0
1484,0.019883011600039403,0.00012218545976584429,0.067782008000000005,0,0,0,0,0,0,0,0,0,0,0,0,0,0,0,0,0,0,0,0,0,0,0,0,0,0,0,0,0,0,0,0,0,0,0,0,0,0,0,0,0,0,0,0,0.63520823396421622,0.0039418032814423909,0.0010481372370462229,4.8446449129198859e-08,0,0,0,0,0,0,0,0,0,0,0,0,0,0,0,0
1485,0.019924212649732126,0.00012219063708200674,0.067821173999999998,0,0,0,0,0,0,0,0,0,0,0,0,0,0,0,0,0,0,0,0,0,0,0,0,0,0,0,0,0,0,0,0,0,0,0,0,0,0,0,0,0,0,0,0,0.63520823396421622,0.0039418032814423909,0.0023665708272142061,2.1423216449796942e-07,0,0,0,0,0,0,0,0,0,0,0,0,0,0,0,0
1486,0.020000206378230547,0.00012221219169690573,0.067890539,0,0,0,0,0,0,0,0,0,0,0,0,0,0,0,0,0,0,0,0,0,0,0,0,0,0,0,0,0,0,0,0,0,0,0,0,0,0,0,0,0,0,0,0,0.63520823396421622,0.0039418032814423909,0.0047983701391636656,9.0444445565434765e-07,0,0,0,0,0,0,0,0,0,0,0,0,0,0,0,0
1487,0.020138535059672762,0.00012230082520339535,0.067677615999999996,0,0,0,0,0,0,0,0,0,0,0,0,0,0,0,0,0,0,0,0,0,0,0,0,0,0,0,0,0,0,0,0,0,0,0,0,0,0,0,0,0,0,0,0,0.63520823396421622,0.0039418032814423909,0.0092248879453133825,3.7426271777363103e-06,0,0,0,0,0,0,0,0,0,0,0,0,0,0,0,0
1488,0.021001552008766178,0.00012407498426744468,0.067770976999999996,0,0,0,0,0,0,0,0,0,0,0,0,0,0,0,0,0,0,0,0,0,0,0,0,0,0,0,0,0,0,0,0,0,0,0,0,0,0,0,0,0,0,0,0,0.63520823396421622,0.0039418032814423909,0.036841430316300515,6.0553959609901829e-05,0,0,0,0,0,0,0,0,0,0,0,0,0,0,0,0
1489,0.024301478124270887,0.00015234688582571419,0.067795654999999996,0,0,0,0,0,0,0,0,0,0,0,0,0,0,0,0,0,0,0,0,0,0,0,0,0,0,0,0,0,0,0,0,0,0,0,0,0,0,0,0,0,0,0,0,0.63520823396421622,0.0039418032814423909,0.14243906601245734,0.00096586421643117656,0,0,0,0,0,0,0,0,0,0,0,0,0,0,0,0
1490,0.054732729968386705,0.0020503498675725328,0.067910708,0,0,0,0,0,0,0,0,0,0,0,0,0,0,0,0,0,0,0,0,0,0,0,0,0,0,0,0,0,0,0,0,0,0,0,0,0,0,0,0,0,0,0,0,0.63520823396421622,0.0039418032814423909,1.1162391250241608,0.061742871497363842,0,0,0,0,0,0,0,0,0,0,0,0,0,0,0,0
1491,0.08964501081542034,0.0078800599233000805,0.067791948000000005,0,0,0,0,0,0,0,0,0,0,0,0,0,0,0,0,0,0,0,0,0,0,0,0,0,0,0,0,0,0,0,0,0,0,0,0,0,0,0,0,0,0,0,0,0.63520823396421622,0.0039418032814423909,2.233432112129242,0.24841925394255354,0,0,0,0,0,0,0,0,0,0,0,0,0,0,0,0
1492,0.051100257311381708,0.031351148100556593,0.067996352999999995,0,0,0,0,0,0,0,0,0,0,0,0,0,0,0,0,0,0,0,0,0,0,0,0,0,0,0,0,0,0,0,0,0,0,0,0,0,0,0,0,0,0,0,0,0.63520823396421622,0.0039418032814423909,1,1,0,0,0,0,0,0,0,0,0,0,0,0,0,0,0,0
1493,0.039634230305524633,0.0004835583961027342,0.067728163999999993,0,0,0,0,0,0,0,0,0,0,0,0,0,0,0,0,0,0,0,0,0,0,0,0,0,0,0,0,0,0,0,0,0,0,0,0,0,0,0,0,0,0,0,0,1.2682953697767883,0.015600184164335755,0,0,0,0,0,0,0,0,0,0,0,0,0,0,0,0,0,0
1494,0.039639614489810432,0.00048355843889422406,0.067676093000000007,0,0,0,0,0,0,0,0,0,0,0,0,0,0,0,0,0,0,0,0,0,0,0,0,0,0,0,0,0,0,0,0,0,0,0,0,0,0,0,0,0,0,0,0,1.2682953697767883,0.015600184164335755,0.00017229389714236342,1.3702500561813074e-09,0,0,0,0,0,0,0,0,0,0,0,0,0,0,0,0
1495,0.039922508053815829,0.00048367527447270843,0.067824752000000002,0,0,0,0,0,0,0,0,0,0,0,0,0,0,0,0,0,0,0,0,0,0,0,0,0,0,0,0,0,0,0,0,0,0,0,0,0,0,0,0,0,0,0,0,1.2682953697767883,0.015600184164335755,0.0092248879453133825,3.7426271777363103e-06,0,0,0,0,0,0,0,0,0,0,0,0,0,0,0,0
1496,0.044085451118413901,0.00051372133509502732,0.067779082000000004,0,0,0,0,0,0,0,0,0,0,0,0,0,0,0,0,0,0,0,0,0,0,0,0,0,0,0,0,0,0,0,0,0,0,0,0,0,0,0,0,0,0,0,0,1.2682953697767883,0.015600184164335755,0.14243906601245734,0.00096586421643117656,0,0,0,0,0,0,0,0,0,0,0,0,0,0,0,0
1497,0.04846998398355444,0.00060576725086686082,0.067844959999999996,0,0,0,0,0,0,0,0,0,0,0,0,0,0,0,0,0,0,0,0,0,0,0,0,0,0,0,0,0,0,0,0,0,0,0,0,0,0,0,0,0,0,0,0,1.2682953697767883,0.015600184164335755,0.28274411769694968,0.0039133175907647491,0,0,0,0,0,0,0,0,0,0,0,0,0,0,0,0
1498,0.074516702962529921,0.0024117243168418458,0.067796767999999993,0,0,0,0,0,0,0,0,0,0,0,0,0,0,0,0,0,0,0,0,0,0,0,0,0,0,0,0,0,0,0,0,0,0,0,0,0,0,0,0,0,0,0,0,1.2682953697767883,0.015600184164335755,1.1162391250241608,0.061742871497363842,0,0,0,0,0,0,0,0,0,0,0,0,0,0,0,0
1499,0.10942898380956365,0.0082414343725693926,0.067861563,0,0,0,0,0,0,0,0,0,0,0,0,0,0,0,0,0,0,0,0,0,0,0,0,0,0,0,0,0,0,0,0,0,0,0,0,0,0,0,0,0,0,0,0,1.2682953697767883,0.015600184164335755,2.233432112129242,0.24841925394255354,0,0,0,0,0,0,0,0,0,0,0,0,0,0,0,0
1500,0.079066033776449579,0.0019082904518677184,0.067881963000000003,0,0,0,0,0,0,0,0,0,0,0,0,0,0,0,0,0,0,0,0,0,0,0,0,0,0,0,0,0,0,0,0,0,0,0,0,0,0,0,0,0,0,0,0,2.5301130808463865,0.061563779531304423,0,0,0,0,0,0,0,0,0,0,0,0,0,0,0,0,0,0
1501,0.079071417960735274,0.0019082904946592083,0.067710019999999996,0,0,0,0,0,0,0,0,0,0,0,0,0,0,0,0,0,0,0,0,0,0,0,0,0,0,0,0,0,0,0,0,0,0,0,0,0,0,0,0,0,0,0,0,2.5301130808463865,0.061563779531304423,0.00017229389714236342,1.3702500561813074e-09,0,0,0,0,0,0,0,0,0,0,0,0,0,0,0,0
1502,0.11394850643345378,0.0038364563726068302,0.067786297999999995,0,0,0,0,0,0,0,0,0,0,0,0,0,0,0,0,0,0,0,0,0,0,0,0,0,0,0,0,0,0,0,0,0,0,0,0,0,0,0,0,0,0,0,0,2.5301130808463865,0.061563779531304423,1.1162391250241608,0.061742871497363842,0,0,0,0,0,0,0,0,0,0,0,0,0,0,0,0
1503,0.21875212400296828,0.033288796599420759,0.067752482000000003,0,0,0,0,0,0,0,0,0,0,0,0,0,0,0,0,0,0,0,0,0,0,0,0,0,0,0,0,0,0,0,0,0,0,0,0,0,0,0,0,0,0,0,0,2.5301130808463865,0.061563779531304423,4.4699548872486385,1.0048526103230293,0,0,0,0,0,0,0,0,0,0,0,0,0,0,0,0
1504,0.1103160337764493,0.033137254605590888,0.067689460000000007,0,0,0,0,0,0,0,0,0,0,0,0,0,0,0,0,0,0,0,0,0,0,0,0,0,0,0,0,0,0,0,0,0,0,0,0,0,0,0,0,0,0,0,0,2.5301130808463865,0.061563779531304423,1,1,0,0,0,0,0,0,0,0,0,0,0,0,0,0,0,0
1505,0.15809440127160951,0.0077441220752353206,0.067595398000000001,0,0,0,0,0,0,0,0,0,0,0,0,0,0,0,0,0,0,0,0,0,0,0,0,0,0,0,0,0,0,0,0,0,0,0,0,0,0,0,0,0,0,0,0,5.0590208406915043,0.24983483181853886,0,0,0,0,0,0,0,0,0,0,0,0,0,0,0,0,0,0
1506,0.15809978545589504,0.0077441221180268105,0.067776900000000001,0,0,0,0,0,0,0,0,0,0,0,0,0,0,0,0,0,0,0,0,0,0,0,0,0,0,0,0,0,0,0,0,0,0,0,0,0,0,0,0,0,0,0,0,5.0590208406915043,0.24983483181853886,0.00017229389714236342,1.3702500561813074e-09,0,0,0,0,0,0,0,0,0,0,0,0,0,0,0,0
1507,0.15812715556026841,0.007744123588167744,0.067910086999999994,0,0,0,0,0,0,0,0,0,0,0,0,0,0,0,0,0,0,0,0,0,0,0,0,0,0,0,0,0,0,0,0,0,0,0,0,0,0,0,0,0,0,0,0,5.0590208406915043,0.24983483181853886,0.0010481372370462229,4.8446449129198859e-08,0,0,0,0,0,0,0,0,0,0,0,0,0,0,0,0
1508,0.15867273456806733,0.0077445964945630488,0.067766539000000001,0,0,0,0,0,0,0,0,0,0,0,0,0,0,0,0,0,0,0,0,0,0,0,0,0,0,0,0,0,0,0,0,0,0,0,0,0,0,0,0,0,0,0,0,5.0590208406915043,0.24983483181853886,0.018506665486652338,1.5191644698583416e-05,0,0,0,0,0,0,0,0,0,0,0,0,0,0,0,0
1509,0.15924569596899338,0.0077460131126693439,0.067755599,0,0,0,0,0,0,0,0,0,0,0,0,0,0,0,0,0,0,0,0,0,0,0,0,0,0,0,0,0,0,0,0,0,0,0,0,0,0,0,0,0,0,0,0,5.0590208406915043,0.24983483181853886,0.036841430316300515,6.0553959609901829e-05,0,0,0,0,0,0,0,0,0,0,0,0,0,0,0,0
1510,0.16036583179941832,0.0077517259432638265,0.067908373999999994,0,0,0,0,0,0,0,0,0,0,0,0,0,0,0,0,0,0,0,0,0,0,0,0,0,0,0,0,0,0,0,0,0,0,0,0,0,0,0,0,0,0,0,0,5.0590208406915043,0.24983483181853886,0.072685776889912693,0.00024348767993318237,0,0,0,0,0,0,0,0,0,0,0,0,0,0,0,0
1511,0.16254562208449858,0.0077742850142276136,0.067683017999999998,0,0,0,0,0,0,0,0,0,0,0,0,0,0,0,0,0,0,0,0,0,0,0,0,0,0,0,0,0,0,0,0,0,0,0,0,0,0,0,0,0,0,0,0,5.0590208406915043,0.24983483181853886,0.14243906601245734,0.00096586421643117656,0,0,0,0,0,0,0,0,0,0,0,0,0,0,0,0
1512,0.16693015494963878,0.0078663309299994467,0.067753414999999997,0,0,0,0,0,0,0,0,0,0,0,0,0,0,0,0,0,0,0,0,0,0,0,0,0,0,0,0,0,0,0,0,0,0,0,0,0,0,0,0,0,0,0,0,5.0590208406915043,0.24983483181853886,0.28274411769694968,0.0039133175907647491,0,0,0,0,0,0,0,0,0,0,0,0,0,0,0,0
1513,0.31636904461457188,0.031309749726258315,0.067899788000000003,0,0,0,0,0,0,0,0,0,0,0,0,0,0,0,0,0,0,0,0,0,0,0,0,0,0,0,0,0,0,0,0,0,0,0,0,0,0,0,0,0,0,0,0,10.1238094276663,1.0100907476852492,0,0,0,0,0,0,0,0,0,0,0,0,0,0,0,0,0,0
1514,0.31638116332121335,0.031309750026008339,0.067916391000000007,0,0,0,0,0,0,0,0,0,0,0,0,0,0,0,0,0,0,0,0,0,0,0,0,0,0,0,0,0,0,0,0,0,0,0,0,0,0,0,0,0,0,0,0,10.1238094276663,1.0100907476852492,0.00038779861257099915,9.5984618221157533e-09,0,0,0,0,0,0,0,0,0,0,0,0,0,0,0,0
1515,0.31644299995292136,0.0313097564165069,0.067783593000000003,0,0,0,0,0,0,0,0,0,0,0,0,0,0,0,0,0,0,0,0,0,0,0,0,0,0,0,0,0,0,0,0,0,0,0,0,0,0,0,0,0,0,0,0,10.1238094276663,1.0100907476852492,0.0023665708272142061,2.1423216449796942e-07,0,0,0,0,0,0,0,0,0,0,0,0,0,0,0,0
1516,0.32520479829260157,0.031431958581022441,0.067784725000000004,0,0,0,0,0,0,0,0,0,0,0,0,0,0,0,0,0,0,0,0,0,0,0,0,0,0,0,0,0,0,0,0,0,0,0,0,0,0,0,0,0,0,0,0,10.1238094276663,1.0100907476852492,0.28274411769694968,0.0039133175907647491,0,0,0,0,0,0,0,0,0,0,0,0,0,0,0,0
1517,0.03125,0.030996967151722326,0.067797710999999997,0,0,0,0,0,0,0,0,0,0,0,0,0,0,0,0,0,0,0,0,0,0,0,0,0,0,0,0,0,0,0,0,0,0,0,0,0,0,0,0,0,0,0,0,1,1,0,0,0,0,0,0,0,0,0,0,0,0,0,0,0,0,0,0
1518,0.031399949066848849,0.030996995396585809,0.067683610000000005,0,0,0,0,0,0,0,0,0,0,0,0,0,0,0,0,0,0,0,0,0,0,0,0,0,0,0,0,0,0,0,0,0,0,0,0,0,0,0,0,0,0,0,0,1,1,0.0047983701391636656,9.0444445565434765e-07,0,0,0,0,0,0,0,0,0,0,0,0,0,0,0,0
1519,0.031538277748291009,0.030997084030092301,0.067872686000000002,0,0,0,0,0,0,0,0,0,0,0,0,0,0,0,0,0,0,0,0,0,0,0,0,0,0,0,0,0,0,0,0,0,0,0,0,0,0,0,0,0,0,0,0,1,1,0.0092248879453133825,3.7426271777363103e-06,0,0,0,0,0,0,0,0,0,0,0,0,0,0,0,0
1520,0.031828333296457845,0.030997441571050055,0.067842938000000005,0,0,0,0,0,0,0,0,0,0,0,0,0,0,0,0,0,0,0,0,0,0,0,0,0,0,0,0,0,0,0,0,0,0,0,0,0,0,0,0,0,0,0,0,1,1,0.018506665486652338,1.5191644698583416e-05,0,0,0,0,0,0,0,0,0,0,0,0,0,0,0,0
1521,0.032401294697384342,0.030998858189156351,0.067777030000000002,0,0,0,0,0,0,0,0,0,0,0,0,0,0,0,0,0,0,0,0,0,0,0,0,0,0,0,0,0,0,0,0,0,0,0,0,0,0,0,0,0,0,0,0,1,1,0.036841430316300515,6.0553959609901829e-05,0,0,0,0,0,0,0,0,0,0,0,0,0,0,0,0
1522,0.040085753678029717,0.031119176006486452,0.067742854000000005,0,0,0,0,0,0,0,0,0,0,0,0,0,0,0,0,0,0,0,0,0,0,0,0,0,0,0,0,0,0,0,0,0,0,0,0,0,0,0,0,0,0,0,0,1,1,0.28274411769694968,0.0039133175907647491,0,0,0,0,0,0,0,0,0,0,0,0,0,0,0,0
1523,0.048863759345662339,0.031488062088841196,0.067793262000000007,0,0,0,0,0,0,0,0,0,0,0,0,0,0,0,0,0,0,0,0,0,0,0,0,0,0,0,0,0,0,0,0,0,0,0,0,0,0,0,0,0,0,0,0,1,1,0.56364029906118163,0.015725623645455534,0,0,0,0,0,0,0,0,0,0,0,0,0,0,0,0
1524,0.10104475350403865,0.038754843128188984,0.067780707999999995,0,0,0,0,0,0,0,0,0,0,0,0,0,0,0,0,0,0,0,0,0,0,0,0,0,0,0,0,0,0,0,0,0,0,0,0,0,0,0,0,0,0,0,0,1,1,2.233432112129242,0.24841925394255354,0,0,0,0,0,0,0,0,0,0,0,0,0,0,0,0
1525,7.7055818049746842e-06,4.3804512911998782e-11,0.067605427999999995,0,0,0,0,0,0,0,0,0,0,0,0,0,0,0,0,0,0,0,0,0,0,0,0,0,0,0,0,0,0,0,0,0,0,0,0,0,0,0,0,0,0,0,0,0,0,0,0,0,0,0.0002465786177591899,1.4134376907708704e-09,0,0,0,0,0,0,0,0,0,0,0,0
1526,2.256462906984635e-05,3.0457061250376187e-10,0.067568516999999995,0,0,0,0,0,0,0,0,0,0,0,0,0,0,0,0,0,0,0,0,0,0,0,0,0,0,0,0,0,0,0,0,0,0,0,0,0,0,0,0,0,0,0,0,0,0,0,0,0,0,0.00072206813023508321,9.8275623810456293e-09,0,0,0,0,0,0,0,0,0,0,0,0
1527,5.1147563577114654e-05,1.5242503356579481e-09,0.067884970000000003,0,0,0,0,0,0,0,0,0,0,0,0,0,0,0,0,0,0,0,0,0,0,0,0,0,0,0,0,0,0,0,0,0,0,0,0,0,0,0,0,0,0,0,0,0,0,0,0,0,0,0.0016367220344676689,4.9182897636991171e-08,0,0,0,0,0,0,0,0,0,0,0,0
1528,0.00010958034007380171,6.7221064132539759e-09,0.067656286999999996,0,0,0,0,0,0,0,0,0,0,0,0,0,0,0,0,0,0,0,0,0,0,0,0,0,0,0,0,0,0,0,0,0,0,0,0,0,0,0,0,0,0,0,0,0,0,0,0,0,0,0.0035065708823616547,2.1690181979544853e-07,0,0,0,0,0,0,0,0,0,0,0,0
1529,0.0002354390823091832,2.8245981303174603e-08,0.067783775000000004,0,0,0,0,0,0,0,0,0,0,0,0,0,0,0,0,0,0,0,0,0,0,0,0,0,0,0,0,0,0,0,0,0,0,0,0,0,0,0,0,0,0,0,0,0,0,0,0,0,0,0.0075340506338938623,9.1141144901945624e-07,0,0,0,0,0,0,0,0,0,0,0,0
1530,0.00048348026672820728,1.147785479007797e-07,0.067777632000000004,0,0,0,0,0,0,0,0,0,0,0,0,0,0,0,0,0,0,0,0,0,0,0,0,0,0,0,0,0,0,0,0,0,0,0,0,0,0,0,0,0,0,0,0,0,0,0,0,0,0,0.015471368535302633,3.7035527828109617e-06,0,0,0,0,0,0,0,0,0,0,0,0
1531,0.0010159118399379436,4.7267273630423675e-07,0.067873048000000005,0,0,0,0,0,0,0,0,0,0,0,0,0,0,0,0,0,0,0,0,0,0,0,0,0,0,0,0,0,0,0,0,0,0,0,0,0,0,0,0,0,0,0,0,0,0,0,0,0,0,0.032509178878014196,1.5251703910836253e-05,0,0,0,0,0,0,0,0,0,0,0,0
1532,0.0020264014054456256,1.8754164792373099e-06,0.067604548,0,0,0,0,0,0,0,0,0,0,0,0,0,0,0,0,0,0,0,0,0,0,0,0,0,0,0,0,0,0,0,0,0,0,0,0,0,0,0,0,0,0,0,0,0,0,0,0,0,0,0.064844844974260019,6.0513955330861024e-05,0,0,0,0,0,0,0,0,0,0,0,0
1533,0.0040702803785090686,7.598920004866255e-06,0.067814685,0,0,0,0,0,0,0,0,0,0,0,0,0,0,0,0,0,0,0,0,0,0,0,0,0,0,0,0,0,0,0,0,0,0,0,0,0,0,0,0,0,0,0,0,0,0,0,0,0,0,0.1302489721122902,0.00024519391336705635,0,0,0,0,0,0,0,0,0,0,0,0
1534,0.0081854477657923464,3.0836873449490287e-05,0.067916711000000005,0,0,0,0,0,0,0,0,0,0,0,0,0,0,0,0,0,0,0,0,0,0,0,0,0,0,0,0,0,0,0,0,0,0,0,0,0,0,0,0,0,0,0,0,0,0,0,0,0,0,0.26193432850535509,0.00099501161641959925,0,0,0,0,0,0,0,0,0,0,0,0
1535,0.016298590729142554,0.00012267183451186923,0.067779415999999995,0,0,0,0,0,0,0,0,0,0,0,0,0,0,0,0,0,0,0,0,0,0,0,0,0,0,0,0,0,0,0,0,0,0,0,0,0,0,0,0,0,0,0,0,0,0,0,0,0,0,0.52155490333256171,0.0039582450064771443,0,0,0,0,0,0,0,0,0,0,0,0
1536,0.032367672058394484,0.00048863313131794765,0.067681616999999999,0,0,0,0,0,0,0,0,0,0,0,0,0,0,0,0,0,0,0,0,0,0,0,0,0,0,0,0,0,0,0,0,0,0,0,0,0,0,0,0,0,0,0,0,0,0,0,0,0,0,1.0357655058686235,0.015766697055887097,0,0,0,0,0,0,0,0,0,0,0,0
1537,0.06465772135726279,0.0019459043295092127,0.067824442999999998,0,0,0,0,0,0,0,0,0,0,0,0,0,0,0,0,0,0,0,0,0,0,0,0,0,0,0,0,0,0,0,0,0,0,0,0,0,0,0,0,0,0,0,0,0,0,0,0,0,0,2.0690470834324093,0.062788382728692693,0,0,0,0,0,0,0,0,0,0,0,0
1538,0.12934146814579628,0.0078307949147820004,0.067693660000000003,0,0,0,0,0,0,0,0,0,0,0,0,0,0,0,0,0,0,0,0,0,0,0,0,0,0,0,0,0,0,0,0,0,0,0,0,0,0,0,0,0,0,0,0,0,0,0,0,0,0,4.1389269806654809,0.25267580770697129,0,0,0,0,0,0,0,0,0,0,0,0
1539,0.25858492870162963,0.03105372695328517,0.067676585999999997,0,0,0,0,0,0,0,0,0,0,0,0,0,0,0,0,0,0,0,0,0,0,0,0,0,0,0,0,0,0,0,0,0,0,0,0,0,0,0,0,0,0,0,0,0,0,0,0,0,0,8.2747177184521483,1.0020088159148928,0,0,0,0,0,0,0,0,0,0,0,0
1540,0.03125,0.030991470793529197,0.067713860000000001,0,0,0,0,0,0,0,0,0,0,0,0,0,0,0,0,0,0,0,0,0,0,0,0,0,0,0,0,0,0,0,0,0,0,0,0,0,0,0,0,0,0,0,0,0,0,0,0,0,0,1,1,0,0,0,0,0,0,0,0,0,0,0,0
1541,3.4498990186514346e-06,4.3804512911998782e-11,0.067843621000000007,0,0,0,0,0,0,0,0,0,0,0,0,0,0,0,0,0,0,0,0,0,0,0,0,0,0,0,0,0,0,0,0,0,0,0,0,0,0,0,0,0,0,0,0,0,0,0,0,0.00011039676859684591,1.3865882672489964e-09,0,0,0,0,0,0,0,0,0,0,0,0,0,0
1542,0.00011303023909245285,6.7659109261659749e-09,0.067710694000000002,0,0,0,0,0,0,0,0,0,0,0,0,0,0,0,0,0,0,0,0,0,0,0,0,0,0,0,0,0,0,0,0,0,0,0,0,0,0,0,0,0,0,0,0,0,0,0,0,0.00011039676859684591,1.3865882672489964e-09,0.0035065708823616547,2.1690181979544853e-07,0,0,0,0,0,0,0,0,0,0,0,0
1543,0.0040737302775277111,7.5989638093791674e-06,0.067888838000000007,0,0,0,0,0,0,0,0,0,0,0,0,0,0,0,0,0,0,0,0,0,0,0,0,0,0,0,0,0,0,0,0,0,0,0,0,0,0,0,0,0,0,0,0,0,0,0,0,0.00011039676859684591,1.3865882672489964e-09,0.1302489721122902,0.00024519391336705635,0,0,0,0,0,0,0,0,0,0,0,0
1544,0.016302040628161221,0.00012267187831638211,0.067900911999999994,0,0,0,0,0,0,0,0,0,0,0,0,0,0,0,0,0,0,0,0,0,0,0,0,0,0,0,0,0,0,0,0,0,0,0,0,0,0,0,0,0,0,0,0,0,0,0,0,0.00011039676859684591,1.3865882672489964e-09,0.52155490333256171,0.0039582450064771443,0,0,0,0,0,0,0,0,0,0,0,0
1545,0.032371121957413124,0.00048863317512246062,0.067777714000000003,0,0,0,0,0,0,0,0,0,0,0,0,0,0,0,0,0,0,0,0,0,0,0,0,0,0,0,0,0,0,0,0,0,0,0,0,0,0,0,0,0,0,0,0,0,0,0,0,0.00011039676859684591,1.3865882672489964e-09,1.0357655058686235,0.015766697055887097,0,0,0,0,0,0,0,0,0,0,0,0
1546,0.25858837860064787,0.031053726997089682,0.067842007999999995,0,0,0,0,0,0,0,0,0,0,0,0,0,0,0,0,0,0,0,0,0,0,0,0,0,0,0,0,0,0,0,0,0,0,0,0,0,0,0,0,0,0,0,0,0,0,0,0,0.00011039676859684591,1.3865882672489964e-09,8.2747177184521483,1.0020088159148928,0,0,0,0,0,0,0,0,0,0,0,0
1547,1.1669978016849776e-05,3.0226511182418297e-10,0.067787363000000003,0,0,0,0,0,0,0,0,0,0,0,0,0,0,0,0,0,0,0,0,0,0,0,0,0,0,0,0,0,0,0,0,0,0,0,0,0,0,0,0,0,0,0,0,0,0,0,0,0.00037343929653919282,9.5679013369262889e-09,0,0,0,0,0,0,0,0,0,0,0,0,0,0
1548,1.9375559821824402e-05,3.4606962473618177e-10,0.06784316,0,0,0,0,0,0,0,0,0,0,0,0,0,0,0,0,0,0,0,0,0,0,0,0,0,0,0,0,0,0,0,0,0,0,0,0,0,0,0,0,0,0,0,0,0,0,0,0,0.00037343929653919282,9.5679013369262889e-09,0.0002465786177591899,1.4134376907708704e-09,0,0,0,0,0,0,0,0,0,0,0,0
1549,3.423460708669609e-05,6.0683572432794484e-10,0.067646891000000001,0,0,0,0,0,0,0,0,0,0,0,0,0,0,0,0,0,0,0,0,0,0,0,0,0,0,0,0,0,0,0,0,0,0,0,0,0,0,0,0,0,0,0,0,0,0,0,0,0.00037343929653919282,9.5679013369262889e-09,0.00072206813023508321,9.8275623810456293e-09,0,0,0,0,0,0,0,0,0,0,0,0
1550,0.06466939133527963,0.0019459046317743245,0.067800357000000006,0,0,0,0,0,0,0,0,0,0,0,0,0,0,0,0,0,0,0,0,0,0,0,0,0,0,0,0,0,0,0,0,0,0,0,0,0,0,0,0,0,0,0,0,0,0,0,0,0.00037343929653919282,9.5679013369262889e-09,2.0690470834324093,0.062788382728692693,0,0,0,0,0,0,0,0,0,0,0,0
1551,0.12935313812381288,0.0078307952170471127,0.067899759000000004,0,0,0,0,0,0,0,0,0,0,0,0,0,0,0,0,0,0,0,0,0,0,0,0,0,0,0,0,0,0,0,0,0,0,0,0,0,0,0,0,0,0,0,0,0,0,0,0,0.00037343929653919282,9.5679013369262889e-09,4.1389269806654809,0.25267580770697129,0,0,0,0,0,0,0,0,0,0,0,0
1552,2.7309837995531293e-05,1.5266955636514407e-09,0.067648964000000006,0,0,0,0,0,0,0,0,0,0,0,0,0,0,0,0,0,0,0,0,0,0,0,0,0,0,0,0,0,0,0,0,0,0,0,0,0,0,0,0,0,0,0,0,0,0,0,0,0.00087391481585700136,4.8326028883666177e-08,0,0,0,0,0,0,0,0,0,0,0,0,0,0
1553,0.00013689017806933372,8.2488019769054164e-09,0.067761291000000001,0,0,0,0,0,0,0,0,0,0,0,0,0,0,0,0,0,0,0,0,0,0,0,0,0,0,0,0,0,0,0,0,0,0,0,0,0,0,0,0,0,0,0,0,0,0,0,0,0.00087391481585700136,4.8326028883666177e-08,0.0035065708823616547,2.1690181979544853e-07,0,0,0,0,0,0,0,0,0,0,0,0
1554,0.00051079010472374119,1.1630524346443115e-07,0.067962623,0,0,0,0,0,0,0,0,0,0,0,0,0,0,0,0,0,0,0,0,0,0,0,0,0,0,0,0,0,0,0,0,0,0,0,0,0,0,0,0,0,0,0,0,0,0,0,0,0.00087391481585700136,4.8326028883666177e-08,0.015471368535302633,3.7035527828109617e-06,0,0,0,0,0,0,0,0,0,0,0,0
1555,0.002053711243441148,1.8769431748009612e-06,0.067909730000000001,0,0,0,0,0,0,0,0,0,0,0,0,0,0,0,0,0,0,0,0,0,0,0,0,0,0,0,0,0,0,0,0,0,0,0,0,0,0,0,0,0,0,0,0,0,0,0,0,0.00087391481585700136,4.8326028883666177e-08,0.064844844974260019,6.0513955330861024e-05,0,0,0,0,0,0,0,0,0,0,0,0
1556,0.0040975902165045928,7.6004467004299062e-06,0.067773466000000004,0,0,0,0,0,0,0,0,0,0,0,0,0,0,0,0,0,0,0,0,0,0,0,0,0,0,0,0,0,0,0,0,0,0,0,0,0,0,0,0,0,0,0,0,0,0,0,0,0.00087391481585700136,4.8326028883666177e-08,0.1302489721122902,0.00024519391336705635,0,0,0,0,0,0,0,0,0,0,0,0
1557,0.016325900567138042,0.00012267336120743287,0.067770430000000006,0,0,0,0,0,0,0,0,0,0,0,0,0,0,0,0,0,0,0,0,0,0,0,0,0,0,0,0,0,0,0,0,0,0,0,0,0,0,0,0,0,0,0,0,0,0,0,0,0.00087391481585700136,4.8326028883666177e-08,0.52155490333256171,0.0039582450064771443,0,0,0,0,0,0,0,0,0,0,0,0
1558,0.25861223853962456,0.031053728479980735,0.067717847999999997,0,0,0,0,0,0,0,0,0,0,0,0,0,0,0,0,0,0,0,0,0,0,0,0,0,0,0,0,0,0,0,0,0,0,0,0,0,0,0,0,0,0,0,0,0,0,0,0,0.00087391481585700136,4.8326028883666177e-08,8.2747177184521483,1.0020088159148928,0,0,0,0,0,0,0,0,0,0,0,0
1559,0.031277309837995683,0.030991472320224759,0.067612024000000007,0,0,0,0,0,0,0,0,0,0,0,0,0,0,0,0,0,0,0,0,0,0,0,0,0,0,0,0,0,0,0,0,0,0,0,0,0,0,0,0,0,0,0,0,0,0,0,0,0.00087391481585700136,4.8326028883666177e-08,1,1,0,0,0,0,0,0,0,0,0,0,0,0
1560,6.3124936590650251e-05,6.7116967283673924e-09,0.067732917000000004,0,0,0,0,0,0,0,0,0,0,0,0,0,0,0,0,0,0,0,0,0,0,0,0,0,0,0,0,0,0,0,0,0,0,0,0,0,0,0,0,0,0,0,0,0,0,0,0,0.002019997970900808,2.1245208126349316e-07,0,0,0,0,0,0,0,0,0,0,0,0,0,0
1561,7.083051839562448e-05,6.7555012412793914e-09,0.067871405999999995,0,0,0,0,0,0,0,0,0,0,0,0,0,0,0,0,0,0,0,0,0,0,0,0,0,0,0,0,0,0,0,0,0,0,0,0,0,0,0,0,0,0,0,0,0,0,0,0,0.002019997970900808,2.1245208126349316e-07,0.0002465786177591899,1.4134376907708704e-09,0,0,0,0,0,0,0,0,0,0,0,0
1562,0.00011427250016776454,8.2359470640253409e-09,0.067529975000000006,0,0,0,0,0,0,0,0,0,0,0,0,0,0,0,0,0,0,0,0,0,0,0,0,0,0,0,0,0,0,0,0,0,0,0,0,0,0,0,0,0,0,0,0,0,0,0,0,0.002019997970900808,2.1245208126349316e-07,0.0016367220344676689,4.9182897636991171e-08,0,0,0,0,0,0,0,0,0,0,0,0
1563,0.00029856401889983523,3.4957678031541996e-08,0.067750161000000003,0,0,0,0,0,0,0,0,0,0,0,0,0,0,0,0,0,0,0,0,0,0,0,0,0,0,0,0,0,0,0,0,0,0,0,0,0,0,0,0,0,0,0,0,0,0,0,0,0.002019997970900808,2.1245208126349316e-07,0.0075340506338938623,9.1141144901945624e-07,0,0,0,0,0,0,0,0,0,0,0,0
1564,0.0010790367765285871,4.7938443303260419e-07,0.067644074999999998,0,0,0,0,0,0,0,0,0,0,0,0,0,0,0,0,0,0,0,0,0,0,0,0,0,0,0,0,0,0,0,0,0,0,0,0,0,0,0,0,0,0,0,0,0,0,0,0,0.002019997970900808,2.1245208126349316e-07,0.032509178878014196,1.5251703910836253e-05,0,0,0,0,0,0,0,0,0,0,0,0
1565,0.0041334053150996995,7.6056317015946224e-06,0.067703350999999995,0,0,0,0,0,0,0,0,0,0,0,0,0,0,0,0,0,0,0,0,0,0,0,0,0,0,0,0,0,0,0,0,0,0,0,0,0,0,0,0,0,0,0,0,0,0,0,0,0.002019997970900808,2.1245208126349316e-07,0.1302489721122902,0.00024519391336705635,0,0,0,0,0,0,0,0,0,0,0,0
1566,0.016361715665733134,0.00012267854620859759,0.067659225000000003,0,0,0,0,0,0,0,0,0,0,0,0,0,0,0,0,0,0,0,0,0,0,0,0,0,0,0,0,0,0,0,0,0,0,0,0,0,0,0,0,0,0,0,0,0,0,0,0,0.002019997970900808,2.1245208126349316e-07,0.52155490333256171,0.0039582450064771443,0,0,0,0,0,0,0,0,0,0,0,0
1567,0.12940459308238739,0.0078308016264787284,0.067769337999999998,0,0,0,0,0,0,0,0,0,0,0,0,0,0,0,0,0,0,0,0,0,0,0,0,0,0,0,0,0,0,0,0,0,0,0,0,0,0,0,0,0,0,0,0,0,0,0,0,0.002019997970900808,2.1245208126349316e-07,4.1389269806654809,0.25267580770697129,0,0,0,0,0,0,0,0,0,0,0,0
1568,0.0001358493959842026,2.8272180174533453e-08,0.067818012999999996,0,0,0,0,0,0,0,0,0,0,0,0,0,0,0,0,0,0,0,0,0,0,0,0,0,0,0,0,0,0,0,0,0,0,0,0,0,0,0,0,0,0,0,0,0,0,0,0,0.0043471806714944832,8.9492773035309172e-07,0,0,0,0,0,0,0,0,0,0,0,0,0,0
1569,0.00015841402505405053,2.8576750787037215e-08,0.067684364999999996,0,0,0,0,0,0,0,0,0,0,0,0,0,0,0,0,0,0,0,0,0,0,0,0,0,0,0,0,0,0,0,0,0,0,0,0,0,0,0,0,0,0,0,0,0,0,0,0,0.0043471806714944832,8.9492773035309172e-07,0.00072206813023508321,9.8275623810456293e-09,0,0,0,0,0,0,0,0,0,0,0,0
1570,0.00024542973605800456,3.499428658778743e-08,0.067693591999999997,0,0,0,0,0,0,0,0,0,0,0,0,0,0,0,0,0,0,0,0,0,0,0,0,0,0,0,0,0,0,0,0,0,0,0,0,0,0,0,0,0,0,0,0,0,0,0,0,0.0043471806714944832,8.9492773035309172e-07,0.0035065708823616547,2.1690181979544853e-07,0,0,0,0,0,0,0,0,0,0,0,0
1571,0.001151761235922148,5.0094491647877026e-07,0.067884161999999998,0,0,0,0,0,0,0,0,0,0,0,0,0,0,0,0,0,0,0,0,0,0,0,0,0,0,0,0,0,0,0,0,0,0,0,0,0,0,0,0,0,0,0,0,0,0,0,0,0.0043471806714944832,8.9492773035309172e-07,0.032509178878014196,1.5251703910836253e-05,0,0,0,0,0,0,0,0,0,0,0,0
1572,0.0021622508014298367,1.9036886594118432e-06,0.067853943,0,0,0,0,0,0,0,0,0,0,0,0,0,0,0,0,0,0,0,0,0,0,0,0,0,0,0,0,0,0,0,0,0,0,0,0,0,0,0,0,0,0,0,0,0,0,0,0,0.0043471806714944832,8.9492773035309172e-07,0.064844844974260019,6.0513955330861024e-05,0,0,0,0,0,0,0,0,0,0,0,0
1573,0.0083212971617765679,3.0865145629664818e-05,0.067774118999999994,0,0,0,0,0,0,0,0,0,0,0,0,0,0,0,0,0,0,0,0,0,0,0,0,0,0,0,0,0,0,0,0,0,0,0,0,0,0,0,0,0,0,0,0,0,0,0,0,0.0043471806714944832,8.9492773035309172e-07,0.26193432850535509,0.00099501161641959925,0,0,0,0,0,0,0,0,0,0,0,0
1574,0.12947731754178077,0.0078308231869621756,0.067794908000000001,0,0,0,0,0,0,0,0,0,0,0,0,0,0,0,0,0,0,0,0,0,0,0,0,0,0,0,0,0,0,0,0,0,0,0,0,0,0,0,0,0,0,0,0,0,0,0,0,0.0043471806714944832,8.9492773035309172e-07,4.1389269806654809,0.25267580770697129,0,0,0,0,0,0,0,0,0,0,0,0
1575,0.00028444490131571679,1.1583034525626637e-07,0.067948436000000001,0,0,0,0,0,0,0,0,0,0,0,0,0,0,0,0,0,0,0,0,0,0,0,0,0,0,0,0,0,0,0,0,0,0,0,0,0,0,0,0,0,0,0,0,0,0,0,0,0.0091022368421029374,3.6664943186651876e-06,0,0,0,0,0,0,0,0,0,0,0,0,0,0
1576,0.0002921504831206917,1.1587414976917837e-07,0.067779016999999997,0,0,0,0,0,0,0,0,0,0,0,0,0,0,0,0,0,0,0,0,0,0,0,0,0,0,0,0,0,0,0,0,0,0,0,0,0,0,0,0,0,0,0,0,0,0,0,0,0.0091022368421029374,3.6664943186651876e-06,0.0002465786177591899,1.4134376907708704e-09,0,0,0,0,0,0,0,0,0,0,0,0
1577,0.00030700953038556393,1.1613491586877013e-07,0.067827181,0,0,0,0,0,0,0,0,0,0,0,0,0,0,0,0,0,0,0,0,0,0,0,0,0,0,0,0,0,0,0,0,0,0,0,0,0,0,0,0,0,0,0,0,0,0,0,0,0.0091022368421029374,3.6664943186651876e-06,0.00072206813023508321,9.8275623810456293e-09,0,0,0,0,0,0,0,0,0,0,0,0
1578,0.00033559246489283241,1.1735459559192431e-07,0.067715435000000004,0,0,0,0,0,0,0,0,0,0,0,0,0,0,0,0,0,0,0,0,0,0,0,0,0,0,0,0,0,0,0,0,0,0,0,0,0,0,0,0,0,0,0,0,0,0,0,0,0.0091022368421029374,3.6664943186651876e-06,0.0016367220344676689,4.9182897636991171e-08,0,0,0,0,0,0,0,0,0,0,0,0
1579,0.00039402524138951981,1.2255245166952035e-07,0.067688131999999998,0,0,0,0,0,0,0,0,0,0,0,0,0,0,0,0,0,0,0,0,0,0,0,0,0,0,0,0,0,0,0,0,0,0,0,0,0,0,0,0,0,0,0,0,0,0,0,0,0.0091022368421029374,3.6664943186651876e-06,0.0035065708823616547,2.1690181979544853e-07,0,0,0,0,0,0,0,0,0,0,0,0
1580,0.00076792516804392234,2.3060889315704606e-07,0.067692841000000004,0,0,0,0,0,0,0,0,0,0,0,0,0,0,0,0,0,0,0,0,0,0,0,0,0,0,0,0,0,0,0,0,0,0,0,0,0,0,0,0,0,0,0,0,0,0,0,0,0.0091022368421029374,3.6664943186651876e-06,0.015471368535302633,3.7035527828109617e-06,0,0,0,0,0,0,0,0,0,0,0,0
1581,0.0043547252798247808,7.7147503501225215e-06,0.067899931999999996,0,0,0,0,0,0,0,0,0,0,0,0,0,0,0,0,0,0,0,0,0,0,0,0,0,0,0,0,0,0,0,0,0,0,0,0,0,0,0,0,0,0,0,0,0,0,0,0,0.0091022368421029374,3.6664943186651876e-06,0.1302489721122902,0.00024519391336705635,0,0,0,0,0,0,0,0,0,0,0,0
1582,0.016583035630458258,0.00012278766485712548,0.067685396999999994,0,0,0,0,0,0,0,0,0,0,0,0,0,0,0,0,0,0,0,0,0,0,0,0,0,0,0,0,0,0,0,0,0,0,0,0,0,0,0,0,0,0,0,0,0,0,0,0,0.0091022368421029374,3.6664943186651876e-06,0.52155490333256171,0.0039582450064771443,0,0,0,0,0,0,0,0,0,0,0,0
1583,0.12962591304711224,0.0078309107451272567,0.067588499999999996,0,0,0,0,0,0,0,0,0,0,0,0,0,0,0,0,0,0,0,0,0,0,0,0,0,0,0,0,0,0,0,0,0,0,0,0,0,0,0,0,0,0,0,0,0,0,0,0,0.0091022368421029374,3.6664943186651876e-06,4.1389269806654809,0.25267580770697129,0,0,0,0,0,0,0,0,0,0,0,0
1584,0.00058973435551112289,4.6886202313552073e-07,0.067618076999999999,0,0,0,0,0,0,0,0,0,0,0,0,0,0,0,0,0,0,0,0,0,0,0,0,0,0,0,0,0,0,0,0,0,0,0,0,0,0,0,0,0,0,0,0,0,0,0,0,0.018871499376355932,1.4841360787286879e-05,0,0,0,0,0,0,0,0,0,0,0,0,0,0
1585,0.00059743993731609742,4.6890582764843272e-07,0.067938316999999998,0,0,0,0,0,0,0,0,0,0,0,0,0,0,0,0,0,0,0,0,0,0,0,0,0,0,0,0,0,0,0,0,0,0,0,0,0,0,0,0,0,0,0,0,0,0,0,0,0.018871499376355932,1.4841360787286879e-05,0.0002465786177591899,1.4134376907708704e-09,0,0,0,0,0,0,0,0,0,0,0,0
1586,0.0010732146222393229,5.8364057103630045e-07,0.067689235,0,0,0,0,0,0,0,0,0,0,0,0,0,0,0,0,0,0,0,0,0,0,0,0,0,0,0,0,0,0,0,0,0,0,0,0,0,0,0,0,0,0,0,0,0,0,0,0,0.018871499376355932,1.4841360787286879e-05,0.015471368535302633,3.7035527828109617e-06,0,0,0,0,0,0,0,0,0,0,0,0
1587,0.0026161357609567398,2.3442785023728303e-06,0.067744181000000001,0,0,0,0,0,0,0,0,0,0,0,0,0,0,0,0,0,0,0,0,0,0,0,0,0,0,0,0,0,0,0,0,0,0,0,0,0,0,0,0,0,0,0,0,0,0,0,0,0.018871499376355932,1.4841360787286879e-05,0.064844844974260019,6.0513955330861024e-05,0,0,0,0,0,0,0,0,0,0,0,0
1588,0.0087751821213035378,3.1305735472625807e-05,0.067814948,0,0,0,0,0,0,0,0,0,0,0,0,0,0,0,0,0,0,0,0,0,0,0,0,0,0,0,0,0,0,0,0,0,0,0,0,0,0,0,0,0,0,0,0,0,0,0,0,0.018871499376355932,1.4841360787286879e-05,0.26193432850535509,0.00099501161641959925,0,0,0,0,0,0,0,0,0,0,0,0
1589,0.032957406413905453,0.00048910199334108325,0.067717178000000003,0,0,0,0,0,0,0,0,0,0,0,0,0,0,0,0,0,0,0,0,0,0,0,0,0,0,0,0,0,0,0,0,0,0,0,0,0,0,0,0,0,0,0,0,0,0,0,0,0.018871499376355932,1.4841360787286879e-05,1.0357655058686235,0.015766697055887097,0,0,0,0,0,0,0,0,0,0,0,0
1590,0.12993120250130763,0.0078312637768051356,0.067672050999999997,0,0,0,0,0,0,0,0,0,0,0,0,0,0,0,0,0,0,0,0,0,0,0,0,0,0,0,0,0,0,0,0,0,0,0,0,0,0,0,0,0,0,0,0,0,0,0,0,0.018871499376355932,1.4841360787286879e-05,4.1389269806654809,0.25267580770697129,0,0,0,0,0,0,0,0,0,0,0,0
1591,0.0011761975163154794,1.9240627531673951e-06,0.067766845000000006,0,0,0,0,0,0,0,0,0,0,0,0,0,0,0,0,0,0,0,0,0,0,0,0,0,0,0,0,0,0,0,0,0,0,0,0,0,0,0,0,0,0,0,0,0,0,0,0,0.037638320522095342,6.0904291855781247e-05,0,0,0,0,0,0,0,0,0,0,0,0,0,0
1592,0.0016596777830437026,2.0388413010681748e-06,0.067772486000000007,0,0,0,0,0,0,0,0,0,0,0,0,0,0,0,0,0,0,0,0,0,0,0,0,0,0,0,0,0,0,0,0,0,0,0,0,0,0,0,0,0,0,0,0,0,0,0,0,0.037638320522095342,6.0904291855781247e-05,0.015471368535302633,3.7035527828109617e-06,0,0,0,0,0,0,0,0,0,0,0,0
1593,0.0021921093562534393,2.3967354894716319e-06,0.067478816999999996,0,0,0,0,0,0,0,0,0,0,0,0,0,0,0,0,0,0,0,0,0,0,0,0,0,0,0,0,0,0,0,0,0,0,0,0,0,0,0,0,0,0,0,0,0,0,0,0,0.037638320522095342,6.0904291855781247e-05,0.032509178878014196,1.5251703910836253e-05,0,0,0,0,0,0,0,0,0,0,0,0
1594,0.0093616452821079013,3.2760936202657679e-05,0.067725283999999997,0,0,0,0,0,0,0,0,0,0,0,0,0,0,0,0,0,0,0,0,0,0,0,0,0,0,0,0,0,0,0,0,0,0,0,0,0,0,0,0,0,0,0,0,0,0,0,0,0.037638320522095342,6.0904291855781247e-05,0.26193432850535509,0.00099501161641959925,0,0,0,0,0,0,0,0,0,0,0,0
1595,0.25976112621794517,0.031055651016038337,0.067879623,0,0,0,0,0,0,0,0,0,0,0,0,0,0,0,0,0,0,0,0,0,0,0,0,0,0,0,0,0,0,0,0,0,0,0,0,0,0,0,0,0,0,0,0,0,0,0,0,0.037638320522095342,6.0904291855781247e-05,8.2747177184521483,1.0020088159148928,0,0,0,0,0,0,0,0,0,0,0,0
1596,0.0023395418247988149,7.6728200346038778e-06,0.067638136000000001,0,0,0,0,0,0,0,0,0,0,0,0,0,0,0,0,0,0,0,0,0,0,0,0,0,0,0,0,0,0,0,0,0,0,0,0,0,0,0,0,0,0,0,0,0,0,0,0,0.074865338393562075,0.00024287548312814511,0,0,0,0,0,0,0,0,0,0,0,0,0,0
1597,0.0023472474066037951,7.6728638391167902e-06,0.067709926000000004,0,0,0,0,0,0,0,0,0,0,0,0,0,0,0,0,0,0,0,0,0,0,0,0,0,0,0,0,0,0,0,0,0,0,0,0,0,0,0,0,0,0,0,0,0,0,0,0,0.074865338393562075,0.00024287548312814511,0.0002465786177591899,1.4134376907708704e-09,0,0,0,0,0,0,0,0,0,0,0,0
1598,0.0023621064538686606,7.673124605216381e-06,0.067908970999999999,0,0,0,0,0,0,0,0,0,0,0,0,0,0,0,0,0,0,0,0,0,0,0,0,0,0,0,0,0,0,0,0,0,0,0,0,0,0,0,0,0,0,0,0,0,0,0,0,0.074865338393562075,0.00024287548312814511,0.00072206813023508321,9.8275623810456293e-09,0,0,0,0,0,0,0,0,0,0,0,0
1599,0.0025749809071079883,7.7010660159070519e-06,0.067618169000000006,0,0,0,0,0,0,0,0,0,0,0,0,0,0,0,0,0,0,0,0,0,0,0,0,0,0,0,0,0,0,0,0,0,0,0,0,0,0,0,0,0,0,0,0,0,0,0,0,0.074865338393562075,0.00024287548312814511,0.0075340506338938623,9.1141144901945624e-07,0,0,0,0,0,0,0,0,0,0,0,0
1600,0.00436594323024443,9.5482365138411885e-06,0.067691951,0,0,0,0,0,0,0,0,0,0,0,0,0,0,0,0,0,0,0,0,0,0,0,0,0,0,0,0,0,0,0,0,0,0,0,0,0,0,0,0,0,0,0,0,0,0,0,0,0.074865338393562075,0.00024287548312814511,0.064844844974260019,6.0513955330861024e-05,0,0,0,0,0,0,0,0,0,0,0,0
1601,0.066997263182061298,0.0019535771495438167,0.067714284,0,0,0,0,0,0,0,0,0,0,0,0,0,0,0,0,0,0,0,0,0,0,0,0,0,0,0,0,0,0,0,0,0,0,0,0,0,0,0,0,0,0,0,0,0,0,0,0,0.074865338393562075,0.00024287548312814511,2.0690470834324093,0.062788382728692693,0,0,0,0,0,0,0,0,0,0,0,0
1602,0.13168100997059554,0.0078384677348166034,0.067823195000000003,0,0,0,0,0,0,0,0,0,0,0,0,0,0,0,0,0,0,0,0,0,0,0,0,0,0,0,0,0,0,0,0,0,0,0,0,0,0,0,0,0,0,0,0,0,0,0,0,0.074865338393562075,0.00024287548312814511,4.1389269806654809,0.25267580770697129,0,0,0,0,0,0,0,0,0,0,0,0
1603,0.26092447052642798,0.031061399773319773,0.067632795999999995,0,0,0,0,0,0,0,0,0,0,0,0,0,0,0,0,0,0,0,0,0,0,0,0,0,0,0,0,0,0,0,0,0,0,0,0,0,0,0,0,0,0,0,0,0,0,0,0,0.074865338393562075,0.00024287548312814511,8.2747177184521483,1.0020088159148928,0,0,0,0,0,0,0,0,0,0,0,0
1604,0.033589541824798667,0.0309991436135638,0.067663236000000002,0,0,0,0,0,0,0,0,0,0,0,0,0,0,0,0,0,0,0,0,0,0,0,0,0,0,0,0,0,0,0,0,0,0,0,0,0,0,0,0,0,0,0,0,0,0,0,0,0.074865338393562075,0.00024287548312814511,1,1,0,0,0,0,0,0,0,0,0,0,0,0
1605,0.0046534284019240264,3.048454480959099e-05,0.067736516999999996,0,0,0,0,0,0,0,0,0,0,0,0,0,0,0,0,0,0,0,0,0,0,0,0,0,0,0,0,0,0,0,0,0,0,0,0,0,0,0,0,0,0,0,0,0,0,0,0,0.14890970886156885,0.00096495793139676344,0,0,0,0,0,0,0,0,0,0,0,0,0,0
1606,0.0046611339837290076,3.0484588614103901e-05,0.067747668999999996,0,0,0,0,0,0,0,0,0,0,0,0,0,0,0,0,0,0,0,0,0,0,0,0,0,0,0,0,0,0,0,0,0,0,0,0,0,0,0,0,0,0,0,0,0,0,0,0,0.14890970886156885,0.00096495793139676344,0.0002465786177591899,1.4134376907708704e-09,0,0,0,0,0,0,0,0,0,0,0,0
1607,0.0047630087419978425,3.0491266916004246e-05,0.067636402999999998,0,0,0,0,0,0,0,0,0,0,0,0,0,0,0,0,0,0,0,0,0,0,0,0,0,0,0,0,0,0,0,0,0,0,0,0,0,0,0,0,0,0,0,0,0,0,0,0,0.14890970886156885,0.00096495793139676344,0.0035065708823616547,2.1690181979544853e-07,0,0,0,0,0,0,0,0,0,0,0,0
1608,0.0048888674842331925,3.0512790790894165e-05,0.067773409000000007,0,0,0,0,0,0,0,0,0,0,0,0,0,0,0,0,0,0,0,0,0,0,0,0,0,0,0,0,0,0,0,0,0,0,0,0,0,0,0,0,0,0,0,0,0,0,0,0,0.14890970886156885,0.00096495793139676344,0.0075340506338938623,9.1141144901945624e-07,0,0,0,0,0,0,0,0,0,0,0,0
1609,0.005136908668652209,3.0599323357491773e-05,0.067915824,0,0,0,0,0,0,0,0,0,0,0,0,0,0,0,0,0,0,0,0,0,0,0,0,0,0,0,0,0,0,0,0,0,0,0,0,0,0,0,0,0,0,0,0,0,0,0,0,0.14890970886156885,0.00096495793139676344,0.015471368535302633,3.7035527828109617e-06,0,0,0,0,0,0,0,0,0,0,0,0
1610,0.0066798298073696355,3.2359961288828303e-05,0.067855839000000001,0,0,0,0,0,0,0,0,0,0,0,0,0,0,0,0,0,0,0,0,0,0,0,0,0,0,0,0,0,0,0,0,0,0,0,0,0,0,0,0,0,0,0,0,0,0,0,0,0.14890970886156885,0.00096495793139676344,0.064844844974260019,6.0513955330861024e-05,0,0,0,0,0,0,0,0,0,0,0,0
1611,0.020952019131066528,0.0001531563793214602,0.067908221000000005,0,0,0,0,0,0,0,0,0,0,0,0,0,0,0,0,0,0,0,0,0,0,0,0,0,0,0,0,0,0,0,0,0,0,0,0,0,0,0,0,0,0,0,0,0,0,0,0,0.14890970886156885,0.00096495793139676344,0.52155490333256171,0.0039582450064771443,0,0,0,0,0,0,0,0,0,0,0,0
1612,0.069311149759186896,0.0019763888743188039,0.067882790999999998,0,0,0,0,0,0,0,0,0,0,0,0,0,0,0,0,0,0,0,0,0,0,0,0,0,0,0,0,0,0,0,0,0,0,0,0,0,0,0,0,0,0,0,0,0,0,0,0,0.14890970886156885,0.00096495793139676344,2.0690470834324093,0.062788382728692693,0,0,0,0,0,0,0,0,0,0,0,0
1613,0.0093634304829120375,0.00012207337117832733,0.067630862999999999,0,0,0,0,0,0,0,0,0,0,0,0,0,0,0,0,0,0,0,0,0,0,0,0,0,0,0,0,0,0,0,0,0,0,0,0,0,0,0,0,0,0,0,0,0,0,0,0,0.2996297754531852,0.0038641110919198428,0,0,0,0,0,0,0,0,0,0,0,0,0,0
1614,0.0093711360647170134,0.00012207341498284024,0.067761686000000002,0,0,0,0,0,0,0,0,0,0,0,0,0,0,0,0,0,0,0,0,0,0,0,0,0,0,0,0,0,0,0,0,0,0,0,0,0,0,0,0,0,0,0,0,0,0,0,0,0.2996297754531852,0.0038641110919198428,0.0002465786177591899,1.4134376907708704e-09,0,0,0,0,0,0,0,0,0,0,0,0
1615,0.0094145780464891769,0.00012207489542866298,0.067714936000000003,0,0,0,0,0,0,0,0,0,0,0,0,0,0,0,0,0,0,0,0,0,0,0,0,0,0,0,0,0,0,0,0,0,0,0,0,0,0,0,0,0,0,0,0,0,0,0,0,0.2996297754531852,0.0038641110919198428,0.0016367220344676689,4.9182897636991171e-08,0,0,0,0,0,0,0,0,0,0,0,0
1616,0.0095988695652212408,0.0001221016171596305,0.067834787999999993,0,0,0,0,0,0,0,0,0,0,0,0,0,0,0,0,0,0,0,0,0,0,0,0,0,0,0,0,0,0,0,0,0,0,0,0,0,0,0,0,0,0,0,0,0,0,0,0,0.2996297754531852,0.0038641110919198428,0.0075340506338938623,9.1141144901945624e-07,0,0,0,0,0,0,0,0,0,0,0,0
1617,0.010379342322850029,0.00012254604391463158,0.067687191999999993,0,0,0,0,0,0,0,0,0,0,0,0,0,0,0,0,0,0,0,0,0,0,0,0,0,0,0,0,0,0,0,0,0,0,0,0,0,0,0,0,0,0,0,0,0,0,0,0,0.2996297754531852,0.0038641110919198428,0.032509178878014196,1.5251703910836253e-05,0,0,0,0,0,0,0,0,0,0,0,0
1618,0.013433710861421181,0.00012967229118319358,0.067892098999999997,0,0,0,0,0,0,0,0,0,0,0,0,0,0,0,0,0,0,0,0,0,0,0,0,0,0,0,0,0,0,0,0,0,0,0,0,0,0,0,0,0,0,0,0,0,0,0,0,0.2996297754531852,0.0038641110919198428,0.1302489721122902,0.00024519391336705635,0,0,0,0,0,0,0,0,0,0,0,0
1619,0.01754887824870436,0.00015291024462781762,0.067782497999999997,0,0,0,0,0,0,0,0,0,0,0,0,0,0,0,0,0,0,0,0,0,0,0,0,0,0,0,0,0,0,0,0,0,0,0,0,0,0,0,0,0,0,0,0,0,0,0,0,0.2996297754531852,0.0038641110919198428,0.26193432850535509,0.00099501161641959925,0,0,0,0,0,0,0,0,0,0,0,0
1620,0.025662021212054468,0.00024474520569019653,0.067835820000000005,0,0,0,0,0,0,0,0,0,0,0,0,0,0,0,0,0,0,0,0,0,0,0,0,0,0,0,0,0,0,0,0,0,0,0,0,0,0,0,0,0,0,0,0,0,0,0,0,0.2996297754531852,0.0038641110919198428,0.52155490333256171,0.0039582450064771443,0,0,0,0,0,0,0,0,0,0,0,0
1621,0.018779199219193653,0.00048990734486513106,0.067688916000000002,0,0,0,0,0,0,0,0,0,0,0,0,0,0,0,0,0,0,0,0,0,0,0,0,0,0,0,0,0,0,0,0,0,0,0,0,0,0,0,0,0,0,0,0,0,0,0,0,0.60093437501419689,0.015507529504865858,0,0,0,0,0,0,0,0,0,0,0,0,0,0
1622,0.018801763848263531,0.0004899076494357435,0.067805582000000003,0,0,0,0,0,0,0,0,0,0,0,0,0,0,0,0,0,0,0,0,0,0,0,0,0,0,0,0,0,0,0,0,0,0,0,0,0,0,0,0,0,0,0,0,0,0,0,0,0.60093437501419689,0.015507529504865858,0.00072206813023508321,9.8275623810456293e-09,0,0,0,0,0,0,0,0,0,0,0,0
1623,0.018830346782770797,0.00048990886911546671,0.067732960999999994,0,0,0,0,0,0,0,0,0,0,0,0,0,0,0,0,0,0,0,0,0,0,0,0,0,0,0,0,0,0,0,0,0,0,0,0,0,0,0,0,0,0,0,0,0,0,0,0,0.60093437501419689,0.015507529504865858,0.0016367220344676689,4.9182897636991171e-08,0,0,0,0,0,0,0,0,0,0,0,0
1624,0.020805600624639355,0.00049178276134436837,0.067672213999999994,0,0,0,0,0,0,0,0,0,0,0,0,0,0,0,0,0,0,0,0,0,0,0,0,0,0,0,0,0,0,0,0,0,0,0,0,0,0,0,0,0,0,0,0,0,0,0,0,0.60093437501419689,0.015507529504865858,0.064844844974260019,6.0513955330861024e-05,0,0,0,0,0,0,0,0,0,0,0,0
1625,0.022849479597702761,0.00049750626486999724,0.067857672999999993,0,0,0,0,0,0,0,0,0,0,0,0,0,0,0,0,0,0,0,0,0,0,0,0,0,0,0,0,0,0,0,0,0,0,0,0,0,0,0,0,0,0,0,0,0,0,0,0,0.60093437501419689,0.015507529504865858,0.1302489721122902,0.00024519391336705635,0,0,0,0,0,0,0,0,0,0,0,0
1626,0.035077789948336102,0.00061257917937700026,0.067927328999999995,0,0,0,0,0,0,0,0,0,0,0,0,0,0,0,0,0,0,0,0,0,0,0,0,0,0,0,0,0,0,0,0,0,0,0,0,0,0,0,0,0,0,0,0,0,0,0,0,0.60093437501419689,0.015507529504865858,0.52155490333256171,0.0039582450064771443,0,0,0,0,0,0,0,0,0,0,0,0
1627,0.083436920576456589,0.0024358116743743437,0.067693194999999998,0,0,0,0,0,0,0,0,0,0,0,0,0,0,0,0,0,0,0,0,0,0,0,0,0,0,0,0,0,0,0,0,0,0,0,0,0,0,0,0,0,0,0,0,0,0,0,0,0.60093437501419689,0.015507529504865858,2.0690470834324093,0.062788382728692693,0,0,0,0,0,0,0,0,0,0,0,0
1628,0.037801649406602501,0.0019739204819469603,0.067674178000000001,0,0,0,0,0,0,0,0,0,0,0,0,0,0,0,0,0,0,0,0,0,0,0,0,0,0,0,0,0,0,0,0,0,0,0,0,0,0,0,0,0,0,0,0,0,0,0,0,1.20965278101128,0.062482488647885998,0,0,0,0,0,0,0,0,0,0,0,0,0,0
1629,0.038285129673330871,0.0019740352604948612,0.067889946000000007,0,0,0,0,0,0,0,0,0,0,0,0,0,0,0,0,0,0,0,0,0,0,0,0,0,0,0,0,0,0,0,0,0,0,0,0,0,0,0,0,0,0,0,0,0,0,0,0,1.20965278101128,0.062482488647885998,0.015471368535302633,3.7035527828109617e-06,0,0,0,0,0,0,0,0,0,0,0,0
1630,0.039828050812048058,0.0019757958984261974,0.067831553000000003,0,0,0,0,0,0,0,0,0,0,0,0,0,0,0,0,0,0,0,0,0,0,0,0,0,0,0,0,0,0,0,0,0,0,0,0,0,0,0,0,0,0,0,0,0,0,0,0,1.20965278101128,0.062482488647885998,0.064844844974260019,6.0513955330861024e-05,0,0,0,0,0,0,0,0,0,0,0,0
1631,0.070169321464996548,0.0024625536132649077,0.067718554,0,0,0,0,0,0,0,0,0,0,0,0,0,0,0,0,0,0,0,0,0,0,0,0,0,0,0,0,0,0,0,0,0,0,0,0,0,0,0,0,0,0,0,0,0,0,0,0,1.20965278101128,0.062482488647885998,1.0357655058686235,0.015766697055887097,0,0,0,0,0,0,0,0,0,0,0,0
1632,0.10245937076386497,0.0039198248114561728,0.067813518000000003,0,0,0,0,0,0,0,0,0,0,0,0,0,0,0,0,0,0,0,0,0,0,0,0,0,0,0,0,0,0,0,0,0,0,0,0,0,0,0,0,0,0,0,0,0,0,0,0,1.20965278101128,0.062482488647885998,2.0690470834324093,0.062788382728692693,0,0,0,0,0,0,0,0,0,0,0,0
1633,0.16714311755239974,0.0098047153967289608,0.067732101000000003,0,0,0,0,0,0,0,0,0,0,0,0,0,0,0,0,0,0,0,0,0,0,0,0,0,0,0,0,0,0,0,0,0,0,0,0,0,0,0,0,0,0,0,0,0,0,0,0,1.20965278101128,0.062482488647885998,4.1389269806654809,0.25267580770697129,0,0,0,0,0,0,0,0,0,0,0,0
1634,0.07591602355519407,0.0079356388586978247,0.067633218999999994,0,0,0,0,0,0,0,0,0,0,0,0,0,0,0,0,0,0,0,0,0,0,0,0,0,0,0,0,0,0,0,0,0,0,0,0,0,0,0,0,0,0,0,0,0,0,0,0,2.4293127537662103,0.25119475147916981,0,0,0,0,0,0,0,0,0,0,0,0,0,0
1635,0.075923729136998866,0.0079356389025023368,0.067749543999999995,0,0,0,0,0,0,0,0,0,0,0,0,0,0,0,0,0,0,0,0,0,0,0,0,0,0,0,0,0,0,0,0,0,0,0,0,0,0,0,0,0,0,0,0,0,0,0,0,2.4293127537662103,0.25119475147916981,0.0002465786177591899,1.4134376907708704e-09,0,0,0,0,0,0,0,0,0,0,0,0
1636,0.075967171118771118,0.00793564038294816,0.067906447999999994,0,0,0,0,0,0,0,0,0,0,0,0,0,0,0,0,0,0,0,0,0,0,0,0,0,0,0,0,0,0,0,0,0,0,0,0,0,0,0,0,0,0,0,0,0,0,0,0,2.4293127537662103,0.25119475147916981,0.0016367220344676689,4.9182897636991171e-08,0,0,0,0,0,0,0,0,0,0,0,0
1637,0.077942424960639703,0.0079375142751770614,0.067665059999999999,0,0,0,0,0,0,0,0,0,0,0,0,0,0,0,0,0,0,0,0,0,0,0,0,0,0,0,0,0,0,0,0,0,0,0,0,0,0,0,0,0,0,0,0,0,0,0,0,2.4293127537662103,0.25119475147916981,0.064844844974260019,6.0513955330861024e-05,0,0,0,0,0,0,0,0,0,0,0,0
1638,0.092214614284336707,0.0080583106932096936,0.067751727999999997,0,0,0,0,0,0,0,0,0,0,0,0,0,0,0,0,0,0,0,0,0,0,0,0,0,0,0,0,0,0,0,0,0,0,0,0,0,0,0,0,0,0,0,0,0,0,0,0,2.4293127537662103,0.25119475147916981,0.52155490333256171,0.0039582450064771443,0,0,0,0,0,0,0,0,0,0,0,0
1639,0.20525749170099092,0.015766433773479825,0.067799771999999994,0,0,0,0,0,0,0,0,0,0,0,0,0,0,0,0,0,0,0,0,0,0,0,0,0,0,0,0,0,0,0,0,0,0,0,0,0,0,0,0,0,0,0,0,0,0,0,0,2.4293127537662103,0.25119475147916981,4.1389269806654809,0.25267580770697129,0,0,0,0,0,0,0,0,0,0,0,0
1640,0.10716602355519433,0.038927109652227024,0.067857062999999995,0,0,0,0,0,0,0,0,0,0,0,0,0,0,0,0,0,0,0,0,0,0,0,0,0,0,0,0,0,0,0,0,0,0,0,0,0,0,0,0,0,0,0,0,0,0,0,0,2.4293127537662103,0.25119475147916981,1,1,0,0,0,0,0,0,0,0,0,0,0,0
1641,0.15188743594604218,0.031496636988344567,0.067693746999999999,0,0,0,0,0,0,0,0,0,0,0,0,0,0,0,0,0,0,0,0,0,0,0,0,0,0,0,0,0,0,0,0,0,0,0,0,0,0,0,0,0,0,0,0,0,0,0,0,4.8603979502733496,0.99699470220285491,0,0,0,0,0,0,0,0,0,0,0,0,0,0
1642,0.15212287502835109,0.031496665234325871,0.067775736000000003,0,0,0,0,0,0,0,0,0,0,0,0,0,0,0,0,0,0,0,0,0,0,0,0,0,0,0,0,0,0,0,0,0,0,0,0,0,0,0,0,0,0,0,0,0,0,0,0,4.8603979502733496,0.99699470220285491,0.0075340506338938623,9.1141144901945624e-07,0,0,0,0,0,0,0,0,0,0,0,0
1643,0.15237091621276985,0.03149675176689247,0.067964461000000004,0,0,0,0,0,0,0,0,0,0,0,0,0,0,0,0,0,0,0,0,0,0,0,0,0,0,0,0,0,0,0,0,0,0,0,0,0,0,0,0,0,0,0,0,0,0,0,0,4.8603979502733496,0.99699470220285491,0.015471368535302633,3.7035527828109617e-06,0,0,0,0,0,0,0,0,0,0,0,0
1644,0.16007288371183384,0.031527473861794053,0.067744645000000006,0,0,0,0,0,0,0,0,0,0,0,0,0,0,0,0,0,0,0,0,0,0,0,0,0,0,0,0,0,0,0,0,0,0,0,0,0,0,0,0,0,0,0,0,0,0,0,0,4.8603979502733496,0.99699470220285491,0.26193432850535509,0.00099501161641959925,0,0,0,0,0,0,0,0,0,0,0,0
1645,0.21654515730330523,0.033442541317853777,0.067747451,0,0,0,0,0,0,0,0,0,0,0,0,0,0,0,0,0,0,0,0,0,0,0,0,0,0,0,0,0,0,0,0,0,0,0,0,0,0,0,0,0,0,0,0,0,0,0,0,4.8603979502733496,0.99699470220285491,2.0690470834324093,0.062788382728692693,0,0,0,0,0,0,0,0,0,0,0,0
1646,0.03125,0.031591579091396274,0.067878435000000001,0,0,0,0,0,0,0,0,0,0,0,0,0,0,0,0,0,0,0,0,0,0,0,0,0,0,0,0,0,0,0,0,0,0,0,0,0,0,0,0,0,0,0,0,0,0,0,0,1,1,0,0,0,0,0,0,0,0,0,0,0,0,0,0
1647,0.03125770558180499,0.03159157913520079,0.067743602999999999,0,0,0,0,0,0,0,0,0,0,0,0,0,0,0,0,0,0,0,0,0,0,0,0,0,0,0,0,0,0,0,0,0,0,0,0,0,0,0,0,0,0,0,0,0,0,0,0,1,1,0.0002465786177591899,1.4134376907708704e-09,0,0,0,0,0,0,0,0,0,0,0,0
1648,0.031733480266728287,0.031591693869944176,0.067860198999999996,0,0,0,0,0,0,0,0,0,0,0,0,0,0,0,0,0,0,0,0,0,0,0,0,0,0,0,0,0,0,0,0,0,0,0,0,0,0,0,0,0,0,0,0,0,0,0,0,1,1,0.015471368535302633,3.7035527828109617e-06,0,0,0,0,0,0,0,0,0,0,0,0
1649,0.03226591183993794,0.03159205176413258,0.067621547000000004,0,0,0,0,0,0,0,0,0,0,0,0,0,0,0,0,0,0,0,0,0,0,0,0,0,0,0,0,0,0,0,0,0,0,0,0,0,0,0,0,0,0,0,0,0,0,0,0,1,1,0.032509178878014196,1.5251703910836253e-05,0,0,0,0,0,0,0,0,0,0,0,0
1650,0.039435447765792241,0.031622415964845767,0.067970994000000007,0,0,0,0,0,0,0,0,0,0,0,0,0,0,0,0,0,0,0,0,0,0,0,0,0,0,0,0,0,0,0,0,0,0,0,0,0,0,0,0,0,0,0,0,0,0,0,0,1,1,0.26193432850535509,0.00099501161641959925,0,0,0,0,0,0,0,0,0,0,0,0
1651,0.28983492870162958,0.062645306044681437,0.067613111000000004,0,0,0,0,0,0,0,0,0,0,0,0,0,0,0,0,0,0,0,0,0,0,0,0,0,0,0,0,0,0,0,0,0,0,0,0,0,0,0,0,0,0,0,0,0,0,0,0,1,1,8.2747177184521483,1.0020088159148928,0,0,0,0,0,0,0,0,0,0,0,0
1652,7.6990181244462851e-06,4.4031569797108826e-11,0.067880688999999994,0,0,0,0,0,0,0,0,0,0,0,0,0,0,0,0,0,0,0,0,0,0,0,0,0,0,0,0,0,0,0,0,0,0,0,0,0,0,0,0,0,0,0,0,0,0,0,0,0,0,0,0,0,0,0.00024636857998228112,1.4070896942050035e-09,0,0,0,0,0,0,0,0
1653,1.735998483236135e-05,3.0595041972866136e-10,0.067905707999999995,0,0,0,0,0,0,0,0,0,0,0,0,0,0,0,0,0,0,0,0,0,0,0,0,0,0,0,0,0,0,0,0,0,0,0,0,0,0,0,0,0,0,0,0,0,0,0,0,0,0,0,0,0,0,0.0005555195146355632,9.7770686923399626e-09,0,0,0,0,0,0,0,0
1654,3.5813900010474348e-05,1.5312192354394025e-09,0.067786407000000007,0,0,0,0,0,0,0,0,0,0,0,0,0,0,0,0,0,0,0,0,0,0,0,0,0,0,0,0,0,0,0,0,0,0,0,0,0,0,0,0,0,0,0,0,0,0,0,0,0,0,0,0,0,0,0.0011460448003351791,4.8932227846592008e-08,0,0,0,0,0,0,0,0
1655,6.8956758143215452e-05,6.7012695775665696e-09,0.067619414000000003,0,0,0,0,0,0,0,0,0,0,0,0,0,0,0,0,0,0,0,0,0,0,0,0,0,0,0,0,0,0,0,0,0,0,0,0,0,0,0,0,0,0,0,0,0,0,0,0,0,0,0,0,0,0,0.0022066162605828945,2.1414833502716905e-07,0,0,0,0,0,0,0,0
1656,0.00013437955432774851,2.8111126979333478e-08,0.067866161999999994,0,0,0,0,0,0,0,0,0,0,0,0,0,0,0,0,0,0,0,0,0,0,0,0,0,0,0,0,0,0,0,0,0,0,0,0,0,0,0,0,0,0,0,0,0,0,0,0,0,0,0,0,0,0,0.0043001457384879522,8.9832993116919482e-07,0,0,0,0,0,0,0,0
1657,0.00027272926385594836,1.1523278393239946e-07,0.067887221999999997,0,0,0,0,0,0,0,0,0,0,0,0,0,0,0,0,0,0,0,0,0,0,0,0,0,0,0,0,0,0,0,0,0,0,0,0,0,0,0,0,0,0,0,0,0,0,0,0,0,0,0,0,0,0,0.0087273364433903475,3.6824229400169541e-06,0,0,0,0,0,0,0,0
1658,0.00054076717780408205,4.6523964492004632e-07,0.067769443999999998,0,0,0,0,0,0,0,0,0,0,0,0,0,0,0,0,0,0,0,0,0,0,0,0,0,0,0,0,0,0,0,0,0,0,0,0,0,0,0,0,0,0,0,0,0,0,0,0,0,0,0,0,0,0,0.017304549689730626,1.4867376128515331e-05,0,0,0,0,0,0,0,0
1659,0.0010644373886418198,1.8567157772591047e-06,0.067878865999999996,0,0,0,0,0,0,0,0,0,0,0,0,0,0,0,0,0,0,0,0,0,0,0,0,0,0,0,0,0,0,0,0,0,0,0,0,0,0,0,0,0,0,0,0,0,0,0,0,0,0,0,0,0,0,0.034061996436538233,5.9333919896280056e-05,0,0,0,0,0,0,0,0
1660,0.0021098758950446458,7.5090902753763099e-06,0.067897121000000005,0,0,0,0,0,0,0,0,0,0,0,0,0,0,0,0,0,0,0,0,0,0,0,0,0,0,0,0,0,0,0,0,0,0,0,0,0,0,0,0,0,0,0,0,0,0,0,0,0,0,0,0,0,0,0.067516028641428666,0.00023996336237893555,0,0,0,0,0,0,0,0
1661,0.0041814847312592676,3.0191309068916977e-05,0.067652778999999996,0,0,0,0,0,0,0,0,0,0,0,0,0,0,0,0,0,0,0,0,0,0,0,0,0,0,0,0,0,0,0,0,0,0,0,0,0,0,0,0,0,0,0,0,0,0,0,0,0,0,0,0,0,0,0.13380751140029656,0.00096480502605702156,0,0,0,0,0,0,0,0
1662,0.0083673172034351758,0.00012155821716423977,0.067792579000000006,0,0,0,0,0,0,0,0,0,0,0,0,0,0,0,0,0,0,0,0,0,0,0,0,0,0,0,0,0,0,0,0,0,0,0,0,0,0,0,0,0,0,0,0,0,0,0,0,0,0,0,0,0,0,0.26775415050992563,0.0038845609049570273,0,0,0,0,0,0,0,0
1663,0.016757862882871028,0.00048918300676611081,0.067788009999999996,0,0,0,0,0,0,0,0,0,0,0,0,0,0,0,0,0,0,0,0,0,0,0,0,0,0,0,0,0,0,0,0,0,0,0,0,0,0,0,0,0,0,0,0,0,0,0,0,0,0,0,0,0,0,0.5362516122518729,0.01563251936218743,0,0,0,0,0,0,0,0
1664,0.033479158941063437,0.0019408616784623541,0.067693658000000004,0,0,0,0,0,0,0,0,0,0,0,0,0,0,0,0,0,0,0,0,0,0,0,0,0,0,0,0,0,0,0,0,0,0,0,0,0,0,0,0,0,0,0,0,0,0,0,0,0,0,0,0,0,0,1.07133308611403,0.06202291851564018,0,0,0,0,0,0,0,0
1665,0.066780026347644933,0.0077431996675906894,0.067733816000000002,0,0,0,0,0,0,0,0,0,0,0,0,0,0,0,0,0,0,0,0,0,0,0,0,0,0,0,0,0,0,0,0,0,0,0,0,0,0,0,0,0,0,0,0,0,0,0,0,0,0,0,0,0,0,2.1369608431246379,0.24744465170428409,0,0,0,0,0,0,0,0
1666,0.13345513789492791,0.030883465646899234,0.067884265999999999,0,0,0,0,0,0,0,0,0,0,0,0,0,0,0,0,0,0,0,0,0,0,0,0,0,0,0,0,0,0,0,0,0,0,0,0,0,0,0,0,0,0,0,0,0,0,0,0,0,0,0,0,0,0,4.2705644126376932,0.98692384653384635,0,0,0,0,0,0,0,0
1667,0.03125,0.031292653182273762,0.067661235,0,0,0,0,0,0,0,0,0,0,0,0,0,0,0,0,0,0,0,0,0,0,0,0,0,0,0,0,0,0,0,0,0,0,0,0,0,0,0,0,0,0,0,0,0,0,0,0,0,0,0,0,0,0,1,1,0,0,0,0,0,0,0,0
1668,7.7560071248030871e-06,4.4031569797108826e-11,0.067777019999999993,0,0,0,0,0,0,0,0,0,0,0,0,0,0,0,0,0,0,0,0,0,0,0,0,0,0,0,0,0,0,0,0,0,0,0,0,0,0,0,0,0,0,0,0,0,0,0,0,0,0,0,0,0.00024819222799369879,1.3972049125918421e-09,0,0,0,0,0,0,0,0,0,0
1669,0.004189240738384066,3.0191353100486776e-05,0.06777184,0,0,0,0,0,0,0,0,0,0,0,0,0,0,0,0,0,0,0,0,0,0,0,0,0,0,0,0,0,0,0,0,0,0,0,0,0,0,0,0,0,0,0,0,0,0,0,0,0,0,0,0,0.00024819222799369879,1.3972049125918421e-09,0.13380751140029656,0.00096480502605702156,0,0,0,0,0,0,0,0
1670,0.033486914948188277,0.001940861722493924,0.067741029999999994,0,0,0,0,0,0,0,0,0,0,0,0,0,0,0,0,0,0,0,0,0,0,0,0,0,0,0,0,0,0,0,0,0,0,0,0,0,0,0,0,0,0,0,0,0,0,0,0,0,0,0,0,0.00024819222799369879,1.3972049125918421e-09,1.07133308611403,0.06202291851564018,0,0,0,0,0,0,0,0
1671,0.1334628939020529,0.030883465690930804,0.067581682000000004,0,0,0,0,0,0,0,0,0,0,0,0,0,0,0,0,0,0,0,0,0,0,0,0,0,0,0,0,0,0,0,0,0,0,0,0,0,0,0,0,0,0,0,0,0,0,0,0,0,0,0,0,0.00024819222799369879,1.3972049125918421e-09,4.2705644126376932,0.98692384653384635,0,0,0,0,0,0,0,0
1672,1.9523316826375051e-05,3.0483260121735036e-10,0.067634263,0,0,0,0,0,0,0,0,0,0,0,0,0,0,0,0,0,0,0,0,0,0,0,0,0,0,0,0,0,0,0,0,0,0,0,0,0,0,0,0,0,0,0,0,0,0,0,0,0,0,0,0,0.00062474613844400162,9.6729144543694641e-09,0,0,0,0,0,0,0,0,0,0
1673,0.00056029049463045678,4.6554447752126366e-07,0.067697254999999998,0,0,0,0,0,0,0,0,0,0,0,0,0,0,0,0,0,0,0,0,0,0,0,0,0,0,0,0,0,0,0,0,0,0,0,0,0,0,0,0,0,0,0,0,0,0,0,0,0,0,0,0,0.00062474613844400162,9.6729144543694641e-09,0.017304549689730626,1.4867376128515331e-05,0,0,0,0,0,0,0,0
1674,0.0021293992118710248,7.5093951079775275e-06,0.067735959999999998,0,0,0,0,0,0,0,0,0,0,0,0,0,0,0,0,0,0,0,0,0,0,0,0,0,0,0,0,0,0,0,0,0,0,0,0,0,0,0,0,0,0,0,0,0,0,0,0,0,0,0,0,0.00062474613844400162,9.6729144543694641e-09,0.067516028641428666,0.00023996336237893555,0,0,0,0,0,0,0,0
1675,3.8519828689802626e-05,1.5171766403910584e-09,0.067750888999999995,0,0,0,0,0,0,0,0,0,0,0,0,0,0,0,0,0,0,0,0,0,0,0,0,0,0,0,0,0,0,0,0,0,0,0,0,0,0,0,0,0,0,0,0,0,0,0,0,0,0,0,0,0.001232634518073684,4.8142881686747462e-08,0,0,0,0,0,0,0,0,0,0
1676,0.00031124909254575246,1.1674996057279052e-07,0.067707114999999998,0,0,0,0,0,0,0,0,0,0,0,0,0,0,0,0,0,0,0,0,0,0,0,0,0,0,0,0,0,0,0,0,0,0,0,0,0,0,0,0,0,0,0,0,0,0,0,0,0,0,0,0,0.001232634518073684,4.8142881686747462e-08,0.0087273364433903475,3.6824229400169541e-06,0,0,0,0,0,0,0,0
1677,0.00057928700649388686,4.6675682156043738e-07,0.067577995000000002,0,0,0,0,0,0,0,0,0,0,0,0,0,0,0,0,0,0,0,0,0,0,0,0,0,0,0,0,0,0,0,0,0,0,0,0,0,0,0,0,0,0,0,0,0,0,0,0,0,0,0,0,0.001232634518073684,4.8142881686747462e-08,0.017304549689730626,1.4867376128515331e-05,0,0,0,0,0,0,0,0
1678,0.00214839572373445,7.510607452016701e-06,0.067686144000000004,0,0,0,0,0,0,0,0,0,0,0,0,0,0,0,0,0,0,0,0,0,0,0,0,0,0,0,0,0,0,0,0,0,0,0,0,0,0,0,0,0,0,0,0,0,0,0,0,0,0,0,0,0.001232634518073684,4.8142881686747462e-08,0.067516028641428666,0.00023996336237893555,0,0,0,0,0,0,0,0
1679,0.0084058370321249479,0.00012155973434088017,0.067788833000000007,0,0,0,0,0,0,0,0,0,0,0,0,0,0,0,0,0,0,0,0,0,0,0,0,0,0,0,0,0,0,0,0,0,0,0,0,0,0,0,0,0,0,0,0,0,0,0,0,0,0,0,0,0.001232634518073684,4.8142881686747462e-08,0.26775415050992563,0.0038845609049570273,0,0,0,0,0,0,0,0
1680,0.13349365772361768,0.030883467164075876,0.067818711000000004,0,0,0,0,0,0,0,0,0,0,0,0,0,0,0,0,0,0,0,0,0,0,0,0,0,0,0,0,0,0,0,0,0,0,0,0,0,0,0,0,0,0,0,0,0,0,0,0,0,0,0,0,0.001232634518073684,4.8142881686747462e-08,4.2705644126376932,0.98692384653384635,0,0,0,0,0,0,0,0
1681,0.031288519828689861,0.031292654699450403,0.067769445999999997,0,0,0,0,0,0,0,0,0,0,0,0,0,0,0,0,0,0,0,0,0,0,0,0,0,0,0,0,0,0,0,0,0,0,0,0,0,0,0,0,0,0,0,0,0,0,0,0,0,0,0,0,0.001232634518073684,4.8142881686747462e-08,1,1,0,0,0,0,0,0,0,0
1682,7.743776298598247e-05,6.6731145238129248e-09,0.067648561999999995,0,0,0,0,0,0,0,0,0,0,0,0,0,0,0,0,0,0,0,0,0,0,0,0,0,0,0,0,0,0,0,0,0,0,0,0,0,0,0,0,0,0,0,0,0,0,0,0,0,0,0,0,0.002478008415551439,2.1175053349044113e-07,0,0,0,0,0,0,0,0,0,0
1683,8.5136781110428704e-05,6.7171460936100332e-09,0.067770228000000002,0,0,0,0,0,0,0,0,0,0,0,0,0,0,0,0,0,0,0,0,0,0,0,0,0,0,0,0,0,0,0,0,0,0,0,0,0,0,0,0,0,0,0,0,0,0,0,0,0,0,0,0,0.002478008415551439,2.1175053349044113e-07,0.00024636857998228112,1.4070896942050035e-09,0,0,0,0,0,0,0,0
1684,9.4797747818343376e-05,6.9790649435415856e-09,0.067992477999999995,0,0,0,0,0,0,0,0,0,0,0,0,0,0,0,0,0,0,0,0,0,0,0,0,0,0,0,0,0,0,0,0,0,0,0,0,0,0,0,0,0,0,0,0,0,0,0,0,0,0,0,0,0.002478008415551439,2.1175053349044113e-07,0.0005555195146355632,9.7770686923399626e-09,0,0,0,0,0,0,0,0
1685,0.00011325166299645692,8.2043337592523277e-09,0.067808873000000006,0,0,0,0,0,0,0,0,0,0,0,0,0,0,0,0,0,0,0,0,0,0,0,0,0,0,0,0,0,0,0,0,0,0,0,0,0,0,0,0,0,0,0,0,0,0,0,0,0,0,0,0,0.002478008415551439,2.1175053349044113e-07,0.0011460448003351791,4.8932227846592008e-08,0,0,0,0,0,0,0,0
1686,0.00021181731731373298,3.4784241503146401e-08,0.067740119000000001,0,0,0,0,0,0,0,0,0,0,0,0,0,0,0,0,0,0,0,0,0,0,0,0,0,0,0,0,0,0,0,0,0,0,0,0,0,0,0,0,0,0,0,0,0,0,0,0,0,0,0,0,0.002478008415551439,2.1175053349044113e-07,0.0043001457384879522,8.9832993116919482e-07,0,0,0,0,0,0,0,0
1687,0.00035016702684193273,1.2190589845621238e-07,0.067933143000000001,0,0,0,0,0,0,0,0,0,0,0,0,0,0,0,0,0,0,0,0,0,0,0,0,0,0,0,0,0,0,0,0,0,0,0,0,0,0,0,0,0,0,0,0,0,0,0,0,0,0,0,0,0.002478008415551439,2.1175053349044113e-07,0.0087273364433903475,3.6824229400169541e-06,0,0,0,0,0,0,0,0
1688,0.00061820494079006707,4.7191275944385924e-07,0.067565691999999997,0,0,0,0,0,0,0,0,0,0,0,0,0,0,0,0,0,0,0,0,0,0,0,0,0,0,0,0,0,0,0,0,0,0,0,0,0,0,0,0,0,0,0,0,0,0,0,0,0,0,0,0,0.002478008415551439,2.1175053349044113e-07,0.017304549689730626,1.4867376128515331e-05,0,0,0,0,0,0,0,0
1689,0.0021873136580306289,7.5157633899001226e-06,0.067668309999999995,0,0,0,0,0,0,0,0,0,0,0,0,0,0,0,0,0,0,0,0,0,0,0,0,0,0,0,0,0,0,0,0,0,0,0,0,0,0,0,0,0,0,0,0,0,0,0,0,0,0,0,0,0.002478008415551439,2.1175053349044113e-07,0.067516028641428666,0.00023996336237893555,0,0,0,0,0,0,0,0
1690,0.004258922494245216,3.0197982183440792e-05,0.067757754000000003,0,0,0,0,0,0,0,0,0,0,0,0,0,0,0,0,0,0,0,0,0,0,0,0,0,0,0,0,0,0,0,0,0,0,0,0,0,0,0,0,0,0,0,0,0,0,0,0,0,0,0,0,0.002478008415551439,2.1175053349044113e-07,0.13380751140029656,0.00096480502605702156,0,0,0,0,0,0,0,0
1691,0.016835300645857056,0.00048918967988063455,0.067825985000000005,0,0,0,0,0,0,0,0,0,0,0,0,0,0,0,0,0,0,0,0,0,0,0,0,0,0,0,0,0,0,0,0,0,0,0,0,0,0,0,0,0,0,0,0,0,0,0,0,0,0,0,0,0.002478008415551439,2.1175053349044113e-07,0.5362516122518729,0.01563251936218743,0,0,0,0,0,0,0,0
1692,0.066857464110630455,0.007743206340705213,0.067615007000000005,0,0,0,0,0,0,0,0,0,0,0,0,0,0,0,0,0,0,0,0,0,0,0,0,0,0,0,0,0,0,0,0,0,0,0,0,0,0,0,0,0,0,0,0,0,0,0,0,0,0,0,0,0.002478008415551439,2.1175053349044113e-07,2.1369608431246379,0.24744465170428409,0,0,0,0,0,0,0,0
1693,0.00016342914525643132,2.8110358479106951e-08,0.067758124000000003,0,0,0,0,0,0,0,0,0,0,0,0,0,0,0,0,0,0,0,0,0,0,0,0,0,0,0,0,0,0,0,0,0,0,0,0,0,0,0,0,0,0,0,0,0,0,0,0,0,0,0,0,0.0052297326482058024,8.9199479243424304e-07,0,0,0,0,0,0,0,0,0,0
1694,0.0001807891300887939,2.8416308898835613e-08,0.067886622999999993,0,0,0,0,0,0,0,0,0,0,0,0,0,0,0,0,0,0,0,0,0,0,0,0,0,0,0,0,0,0,0,0,0,0,0,0,0,0,0,0,0,0,0,0,0,0,0,0,0,0,0,0,0.0052297326482058024,8.9199479243424304e-07,0.0005555195146355632,9.7770686923399626e-09,0,0,0,0,0,0,0,0
1695,0.00029780869958417997,5.6221485458440426e-08,0.067589447999999996,0,0,0,0,0,0,0,0,0,0,0,0,0,0,0,0,0,0,0,0,0,0,0,0,0,0,0,0,0,0,0,0,0,0,0,0,0,0,0,0,0,0,0,0,0,0,0,0,0,0,0,0,0.0052297326482058024,8.9199479243424304e-07,0.0043001457384879522,8.9832993116919482e-07,0,0,0,0,0,0,0,0
1696,0.00070419632306051229,4.9335000339915328e-07,0.067732315000000001,0,0,0,0,0,0,0,0,0,0,0,0,0,0,0,0,0,0,0,0,0,0,0,0,0,0,0,0,0,0,0,0,0,0,0,0,0,0,0,0,0,0,0,0,0,0,0,0,0,0,0,0,0.0052297326482058024,8.9199479243424304e-07,0.017304549689730626,1.4867376128515331e-05,0,0,0,0,0,0,0,0
1697,0.0043449138765156966,3.0219419427396084e-05,0.067832970000000006,0,0,0,0,0,0,0,0,0,0,0,0,0,0,0,0,0,0,0,0,0,0,0,0,0,0,0,0,0,0,0,0,0,0,0,0,0,0,0,0,0,0,0,0,0,0,0,0,0,0,0,0,0.0052297326482058024,8.9199479243424304e-07,0.13380751140029656,0.00096480502605702156,0,0,0,0,0,0,0,0
1698,0.033642588086320049,0.0019408897888208334,0.067942552000000003,0,0,0,0,0,0,0,0,0,0,0,0,0,0,0,0,0,0,0,0,0,0,0,0,0,0,0,0,0,0,0,0,0,0,0,0,0,0,0,0,0,0,0,0,0,0,0,0,0,0,0,0,0.0052297326482058024,8.9199479243424304e-07,1.07133308611403,0.06202291851564018,0,0,0,0,0,0,0,0
1699,0.066943455492900858,0.0077432277779491679,0.067684181999999996,0,0,0,0,0,0,0,0,0,0,0,0,0,0,0,0,0,0,0,0,0,0,0,0,0,0,0,0,0,0,0,0,0,0,0,0,0,0,0,0,0,0,0,0,0,0,0,0,0,0,0,0,0.0052297326482058024,8.9199479243424304e-07,2.1369608431246379,0.24744465170428409,0,0,0,0,0,0,0,0
1700,0.031413429145256598,0.031292681292632248,0.067806559000000002,0,0,0,0,0,0,0,0,0,0,0,0,0,0,0,0,0,0,0,0,0,0,0,0,0,0,0,0,0,0,0,0,0,0,0,0,0,0,0,0,0,0,0,0,0,0,0,0,0,0,0,0,0.0052297326482058024,8.9199479243424304e-07,1,1,0,0,0,0,0,0,0,0
1701,0.00033778626545118531,1.1728544803745118e-07,0.067884710000000001,0,0,0,0,0,0,0,0,0,0,0,0,0,0,0,0,0,0,0,0,0,0,0,0,0,0,0,0,0,0,0,0,0,0,0,0,0,0,0,0,0,0,0,0,0,0,0,0,0,0,0,0,0.01080916049443793,3.72168889114242e-06,0,0,0,0,0,0,0,0,0,0
1702,0.00034548528357563214,1.173294796072483e-07,0.067825776000000004,0,0,0,0,0,0,0,0,0,0,0,0,0,0,0,0,0,0,0,0,0,0,0,0,0,0,0,0,0,0,0,0,0,0,0,0,0,0,0,0,0,0,0,0,0,0,0,0,0,0,0,0,0.01080916049443793,3.72168889114242e-06,0.00024636857998228112,1.4070896942050035e-09,0,0,0,0,0,0,0,0
1703,0.00040674302359440089,1.2398671761501775e-07,0.067732514999999993,0,0,0,0,0,0,0,0,0,0,0,0,0,0,0,0,0,0,0,0,0,0,0,0,0,0,0,0,0,0,0,0,0,0,0,0,0,0,0,0,0,0,0,0,0,0,0,0,0,0,0,0,0.01080916049443793,3.72168889114242e-06,0.0022066162605828945,2.1414833502716905e-07,0,0,0,0,0,0,0,0
1704,0.00061051552930712889,2.3251823196985064e-07,0.067869219999999994,0,0,0,0,0,0,0,0,0,0,0,0,0,0,0,0,0,0,0,0,0,0,0,0,0,0,0,0,0,0,0,0,0,0,0,0,0,0,0,0,0,0,0,0,0,0,0,0,0,0,0,0,0.01080916049443793,3.72168889114242e-06,0.0087273364433903475,3.6824229400169541e-06,0,0,0,0,0,0,0,0
1705,0.00087855344325526324,5.8252509295749748e-07,0.067838270000000006,0,0,0,0,0,0,0,0,0,0,0,0,0,0,0,0,0,0,0,0,0,0,0,0,0,0,0,0,0,0,0,0,0,0,0,0,0,0,0,0,0,0,0,0,0,0,0,0,0,0,0,0,0.01080916049443793,3.72168889114242e-06,0.017304549689730626,1.4867376128515331e-05,0,0,0,0,0,0,0,0
1706,0.0024476621604958308,7.6263757234137617e-06,0.067769547999999999,0,0,0,0,0,0,0,0,0,0,0,0,0,0,0,0,0,0,0,0,0,0,0,0,0,0,0,0,0,0,0,0,0,0,0,0,0,0,0,0,0,0,0,0,0,0,0,0,0,0,0,0,0.01080916049443793,3.72168889114242e-06,0.067516028641428666,0.00023996336237893555,0,0,0,0,0,0,0,0
1707,0.0045192709967104552,3.030859451695443e-05,0.067872005999999999,0,0,0,0,0,0,0,0,0,0,0,0,0,0,0,0,0,0,0,0,0,0,0,0,0,0,0,0,0,0,0,0,0,0,0,0,0,0,0,0,0,0,0,0,0,0,0,0,0,0,0,0,0.01080916049443793,3.72168889114242e-06,0.13380751140029656,0.00096480502605702156,0,0,0,0,0,0,0,0
1708,0.067117812613095865,0.0077433169530387261,0.067855333000000004,0,0,0,0,0,0,0,0,0,0,0,0,0,0,0,0,0,0,0,0,0,0,0,0,0,0,0,0,0,0,0,0,0,0,0,0,0,0,0,0,0,0,0,0,0,0,0,0,0,0,0,0,0.01080916049443793,3.72168889114242e-06,2.1369608431246379,0.24744465170428409,0,0,0,0,0,0,0,0
1709,0.00068889312238071916,4.6959836861393258e-07,0.067682678999999996,0,0,0,0,0,0,0,0,0,0,0,0,0,0,0,0,0,0,0,0,0,0,0,0,0,0,0,0,0,0,0,0,0,0,0,0,0,0,0,0,0,0,0,0,0,0,0,0,0,0,0,0,0.022044579916183013,1.4901243598532418e-05,0,0,0,0,0,0,0,0,0,0
1710,0.00069659214050516512,4.6964240018372969e-07,0.067790820000000002,0,0,0,0,0,0,0,0,0,0,0,0,0,0,0,0,0,0,0,0,0,0,0,0,0,0,0,0,0,0,0,0,0,0,0,0,0,0,0,0,0,0,0,0,0,0,0,0,0,0,0,0,0.022044579916183013,1.4901243598532418e-05,0.00024636857998228112,1.4070896942050035e-09,0,0,0,0,0,0,0,0
1711,0.00072470702239119437,4.7112958784937197e-07,0.067879389999999998,0,0,0,0,0,0,0,0,0,0,0,0,0,0,0,0,0,0,0,0,0,0,0,0,0,0,0,0,0,0,0,0,0,0,0,0,0,0,0,0,0,0,0,0,0,0,0,0,0,0,0,0,0.022044579916183013,1.4901243598532418e-05,0.0011460448003351791,4.8932227846592008e-08,0,0,0,0,0,0,0,0
1712,0.00075784988052393198,4.7629963819149912e-07,0.067621100000000003,0,0,0,0,0,0,0,0,0,0,0,0,0,0,0,0,0,0,0,0,0,0,0,0,0,0,0,0,0,0,0,0,0,0,0,0,0,0,0,0,0,0,0,0,0,0,0,0,0,0,0,0,0.022044579916183013,1.4901243598532418e-05,0.0022066162605828945,2.1414833502716905e-07,0,0,0,0,0,0,0,0
1713,0.00096162238623666459,5.8483115254633204e-07,0.067663482999999996,0,0,0,0,0,0,0,0,0,0,0,0,0,0,0,0,0,0,0,0,0,0,0,0,0,0,0,0,0,0,0,0,0,0,0,0,0,0,0,0,0,0,0,0,0,0,0,0,0,0,0,0,0.022044579916183013,1.4901243598532418e-05,0.0087273364433903475,3.6824229400169541e-06,0,0,0,0,0,0,0,0
1714,0.0012296603001848015,9.3483801353397885e-07,0.067690545000000005,0,0,0,0,0,0,0,0,0,0,0,0,0,0,0,0,0,0,0,0,0,0,0,0,0,0,0,0,0,0,0,0,0,0,0,0,0,0,0,0,0,0,0,0,0,0,0,0,0,0,0,0,0.022044579916183013,1.4901243598532418e-05,0.017304549689730626,1.4867376128515331e-05,0,0,0,0,0,0,0,0
1715,0.0048703778536399933,3.0660907437530914e-05,0.067777895000000005,0,0,0,0,0,0,0,0,0,0,0,0,0,0,0,0,0,0,0,0,0,0,0,0,0,0,0,0,0,0,0,0,0,0,0,0,0,0,0,0,0,0,0,0,0,0,0,0,0,0,0,0,0.022044579916183013,1.4901243598532418e-05,0.13380751140029656,0.00096480502605702156,0,0,0,0,0,0,0,0
1716,0.0090562103258158555,0.00012202781553285371,0.067597365000000006,0,0,0,0,0,0,0,0,0,0,0,0,0,0,0,0,0,0,0,0,0,0,0,0,0,0,0,0,0,0,0,0,0,0,0,0,0,0,0,0,0,0,0,0,0,0,0,0,0,0,0,0,0.022044579916183013,1.4901243598532418e-05,0.26775415050992563,0.0038845609049570273,0,0,0,0,0,0,0,0
1717,0.01744675600525172,0.0004896526051347247,0.067673241999999995,0,0,0,0,0,0,0,0,0,0,0,0,0,0,0,0,0,0,0,0,0,0,0,0,0,0,0,0,0,0,0,0,0,0,0,0,0,0,0,0,0,0,0,0,0,0,0,0,0,0,0,0,0.022044579916183013,1.4901243598532418e-05,0.5362516122518729,0.01563251936218743,0,0,0,0,0,0,0,0
1718,0.03416805206344399,0.0019413312768309682,0.067833322000000001,0,0,0,0,0,0,0,0,0,0,0,0,0,0,0,0,0,0,0,0,0,0,0,0,0,0,0,0,0,0,0,0,0,0,0,0,0,0,0,0,0,0,0,0,0,0,0,0,0,0,0,0,0.022044579916183013,1.4901243598532418e-05,1.07133308611403,0.06202291851564018,0,0,0,0,0,0,0,0
1719,0.067468919470025326,0.0077436692659593031,0.067673181999999998,0,0,0,0,0,0,0,0,0,0,0,0,0,0,0,0,0,0,0,0,0,0,0,0,0,0,0,0,0,0,0,0,0,0,0,0,0,0,0,0,0,0,0,0,0,0,0,0,0,0,0,0,0.022044579916183013,1.4901243598532418e-05,2.1369608431246379,0.24744465170428409,0,0,0,0,0,0,0,0
1720,0.13414403101730851,0.030883935245267849,0.067560253000000001,0,0,0,0,0,0,0,0,0,0,0,0,0,0,0,0,0,0,0,0,0,0,0,0,0,0,0,0,0,0,0,0,0,0,0,0,0,0,0,0,0,0,0,0,0,0,0,0,0,0,0,0,0.022044579916183013,1.4901243598532418e-05,4.2705644126376932,0.98692384653384635,0,0,0,0,0,0,0,0
1721,0.031938893122380657,0.031293122780642377,0.067790929,0,0,0,0,0,0,0,0,0,0,0,0,0,0,0,0,0,0,0,0,0,0,0,0,0,0,0,0,0,0,0,0,0,0,0,0,0,0,0,0,0,0,0,0,0,0,0,0,0,0,0,0,0.022044579916183013,1.4901243598532418e-05,1,1,0,0,0,0,0,0,0,0
1722,0.0013809157169706982,1.8876115124115136e-06,0.067823934000000002,0,0,0,0,0,0,0,0,0,0,0,0,0,0,0,0,0,0,0,0,0,0,0,0,0,0,0,0,0,0,0,0,0,0,0,0,0,0,0,0,0,0,0,0,0,0,0,0,0,0,0,0,0.044189302943062343,5.9897480157054442e-05,0,0,0,0,0,0,0,0,0,0
1723,0.0014498724751139114,1.8943127819890801e-06,0.067548780000000003,0,0,0,0,0,0,0,0,0,0,0,0,0,0,0,0,0,0,0,0,0,0,0,0,0,0,0,0,0,0,0,0,0,0,0,0,0,0,0,0,0,0,0,0,0,0,0,0,0,0,0,0,0.044189302943062343,5.9897480157054442e-05,0.0022066162605828945,2.1414833502716905e-07,0,0,0,0,0,0,0,0
1724,0.0055624004482299969,3.2078920581328493e-05,0.067794427000000004,0,0,0,0,0,0,0,0,0,0,0,0,0,0,0,0,0,0,0,0,0,0,0,0,0,0,0,0,0,0,0,0,0,0,0,0,0,0,0,0,0,0,0,0,0,0,0,0,0,0,0,0,0.044189302943062343,5.9897480157054442e-05,0.13380751140029656,0.00096480502605702156,0,0,0,0,0,0,0,0
1725,0.018138778599841702,0.00049107061827852226,0.067861447000000005,0,0,0,0,0,0,0,0,0,0,0,0,0,0,0,0,0,0,0,0,0,0,0,0,0,0,0,0,0,0,0,0,0,0,0,0,0,0,0,0,0,0,0,0,0,0,0,0,0,0,0,0,0.044189302943062343,5.9897480157054442e-05,0.5362516122518729,0.01563251936218743,0,0,0,0,0,0,0,0
1726,0.034860074658034076,0.0019427492899747657,0.067755412000000001,0,0,0,0,0,0,0,0,0,0,0,0,0,0,0,0,0,0,0,0,0,0,0,0,0,0,0,0,0,0,0,0,0,0,0,0,0,0,0,0,0,0,0,0,0,0,0,0,0,0,0,0,0.044189302943062343,5.9897480157054442e-05,1.07133308611403,0.06202291851564018,0,0,0,0,0,0,0,0
1727,0.002742958246294014,7.481291596136802e-06,0.067674545000000003,0,0,0,0,0,0,0,0,0,0,0,0,0,0,0,0,0,0,0,0,0,0,0,0,0,0,0,0,0,0,0,0,0,0,0,0,0,0,0,0,0,0,0,0,0,0,0,0,0,0,0,0,0.087774663881408449,0.00023739551914273916,0,0,0,0,0,0,0,0,0,0
1728,0.0028119150044372339,7.4879928657143689e-06,0.067835747000000002,0,0,0,0,0,0,0,0,0,0,0,0,0,0,0,0,0,0,0,0,0,0,0,0,0,0,0,0,0,0,0,0,0,0,0,0,0,0,0,0,0,0,0,0,0,0,0,0,0,0,0,0,0.087774663881408449,0.00023739551914273916,0.0022066162605828945,2.1414833502716905e-07,0,0,0,0,0,0,0,0
1729,0.0069244429775533276,3.7672600665053782e-05,0.067651780999999994,0,0,0,0,0,0,0,0,0,0,0,0,0,0,0,0,0,0,0,0,0,0,0,0,0,0,0,0,0,0,0,0,0,0,0,0,0,0,0,0,0,0,0,0,0,0,0,0,0,0,0,0,0.087774663881408449,0.00023739551914273916,0.13380751140029656,0.00096480502605702156,0,0,0,0,0,0,0,0
1730,0.011110275449729147,0.00012903950876037658,0.067697047999999996,0,0,0,0,0,0,0,0,0,0,0,0,0,0,0,0,0,0,0,0,0,0,0,0,0,0,0,0,0,0,0,0,0,0,0,0,0,0,0,0,0,0,0,0,0,0,0,0,0,0,0,0,0.087774663881408449,0.00023739551914273916,0.26775415050992563,0.0038845609049570273,0,0,0,0,0,0,0,0
1731,0.019500821129164923,0.00049666429836224763,0.067793915999999996,0,0,0,0,0,0,0,0,0,0,0,0,0,0,0,0,0,0,0,0,0,0,0,0,0,0,0,0,0,0,0,0,0,0,0,0,0,0,0,0,0,0,0,0,0,0,0,0,0,0,0,0,0.087774663881408449,0.00023739551914273916,0.5362516122518729,0.01563251936218743,0,0,0,0,0,0,0,0
1732,0.036222117187357315,0.001948342970058491,0.067699232999999998,0,0,0,0,0,0,0,0,0,0,0,0,0,0,0,0,0,0,0,0,0,0,0,0,0,0,0,0,0,0,0,0,0,0,0,0,0,0,0,0,0,0,0,0,0,0,0,0,0,0,0,0,0.087774663881408449,0.00023739551914273916,1.07133308611403,0.06202291851564018,0,0,0,0,0,0,0,0
1733,0.06952298459393863,0.0077506809591868257,0.067614428000000004,0,0,0,0,0,0,0,0,0,0,0,0,0,0,0,0,0,0,0,0,0,0,0,0,0,0,0,0,0,0,0,0,0,0,0,0,0,0,0,0,0,0,0,0,0,0,0,0,0,0,0,0,0.087774663881408449,0.00023739551914273916,2.1369608431246379,0.24744465170428409,0,0,0,0,0,0,0,0
1734,0.0055470721150970726,3.0343148295719191e-05,0.067821018999999996,0,0,0,0,0,0,0,0,0,0,0,0,0,0,0,0,0,0,0,0,0,0,0,0,0,0,0,0,0,0,0,0,0,0,0,0,0,0,0,0,0,0,0,0,0,0,0,0,0,0,0,0,0.17750630768310632,0.00096284543243937179,0,0,0,0,0,0,0,0,0,0
1735,0.0060878392929011507,3.0808387940639235e-05,0.067771914000000003,0,0,0,0,0,0,0,0,0,0,0,0,0,0,0,0,0,0,0,0,0,0,0,0,0,0,0,0,0,0,0,0,0,0,0,0,0,0,0,0,0,0,0,0,0,0,0,0,0,0,0,0,0.17750630768310632,0.00096284543243937179,0.017304549689730626,1.4867376128515331e-05,0,0,0,0,0,0,0,0
1736,0.0076569480101417384,3.7852238571095499e-05,0.067614188000000006,0,0,0,0,0,0,0,0,0,0,0,0,0,0,0,0,0,0,0,0,0,0,0,0,0,0,0,0,0,0,0,0,0,0,0,0,0,0,0,0,0,0,0,0,0,0,0,0,0,0,0,0,0.17750630768310632,0.00096284543243937179,0.067516028641428666,0.00023996336237893555,0,0,0,0,0,0,0,0
1737,0.022304934997968071,0.00051952615506182999,0.067695425000000004,0,0,0,0,0,0,0,0,0,0,0,0,0,0,0,0,0,0,0,0,0,0,0,0,0,0,0,0,0,0,0,0,0,0,0,0,0,0,0,0,0,0,0,0,0,0,0,0,0,0,0,0,0.17750630768310632,0.00096284543243937179,0.5362516122518729,0.01563251936218743,0,0,0,0,0,0,0,0
1738,0.139002210010024,0.030913808795194953,0.067853451999999995,0,0,0,0,0,0,0,0,0,0,0,0,0,0,0,0,0,0,0,0,0,0,0,0,0,0,0,0,0,0,0,0,0,0,0,0,0,0,0,0,0,0,0,0,0,0,0,0,0,0,0,0,0.17750630768310632,0.00096284543243937179,4.2705644126376932,0.98692384653384635,0,0,0,0,0,0,0,0
1739,0.036797072115096967,0.031322996330569487,0.067753298000000003,0,0,0,0,0,0,0,0,0,0,0,0,0,0,0,0,0,0,0,0,0,0,0,0,0,0,0,0,0,0,0,0,0,0,0,0,0,0,0,0,0,0,0,0,0,0,0,0,0,0,0,0,0.17750630768310632,0.00096284543243937179,1,1,0,0,0,0,0,0,0,0
1740,0.011059804708461124,0.00012081310093246988,0.067675586999999995,0,0,0,0,0,0,0,0,0,0,0,0,0,0,0,0,0,0,0,0,0,0,0,0,0,0,0,0,0,0,0,0,0,0,0,0,0,0,0,0,0,0,0,0,0,0,0,0,0,0,0,0,0.35391375067075598,0.0038336279834243988,0,0,0,0,0,0,0,0,0,0
1741,0.011128761466604352,0.00012081980220204745,0.067754049999999996,0,0,0,0,0,0,0,0,0,0,0,0,0,0,0,0,0,0,0,0,0,0,0,0,0,0,0,0,0,0,0,0,0,0,0,0,0,0,0,0,0,0,0,0,0,0,0,0,0,0,0,0,0.35391375067075598,0.0038336279834243988,0.0022066162605828945,2.1414833502716905e-07,0,0,0,0,0,0,0,0
1742,0.011194184262788861,0.00012084121205944921,0.067760101000000003,0,0,0,0,0,0,0,0,0,0,0,0,0,0,0,0,0,0,0,0,0,0,0,0,0,0,0,0,0,0,0,0,0,0,0,0,0,0,0,0,0,0,0,0,0,0,0,0,0,0,0,0,0.35391375067075598,0.0038336279834243988,0.0043001457384879522,8.9832993116919482e-07,0,0,0,0,0,0,0,0
1743,0.015241289439720293,0.00015100441000138687,0.067803084999999999,0,0,0,0,0,0,0,0,0,0,0,0,0,0,0,0,0,0,0,0,0,0,0,0,0,0,0,0,0,0,0,0,0,0,0,0,0,0,0,0,0,0,0,0,0,0,0,0,0,0,0,0,0.35391375067075598,0.0038336279834243988,0.13380751140029656,0.00096480502605702156,0,0,0,0,0,0,0,0
1744,0.077839831056106271,0.0078640127685231584,0.067722238000000004,0,0,0,0,0,0,0,0,0,0,0,0,0,0,0,0,0,0,0,0,0,0,0,0,0,0,0,0,0,0,0,0,0,0,0,0,0,0,0,0,0,0,0,0,0,0,0,0,0,0,0,0,0.35391375067075598,0.0038336279834243988,2.1369608431246379,0.24744465170428409,0,0,0,0,0,0,0,0
1745,0.022206420151833935,0.00048802392209813605,0.067869161999999997,0,0,0,0,0,0,0,0,0,0,0,0,0,0,0,0,0,0,0,0,0,0,0,0,0,0,0,0,0,0,0,0,0,0,0,0,0,0,0,0,0,0,0,0,0,0,0,0,0,0,0,0,0.71060544485868593,0.015485921227878334,0,0,0,0,0,0,0,0,0,0
1746,0.022214119169958316,0.00048802396612970583,0.067803674999999994,0,0,0,0,0,0,0,0,0,0,0,0,0,0,0,0,0,0,0,0,0,0,0,0,0,0,0,0,0,0,0,0,0,0,0,0,0,0,0,0,0,0,0,0,0,0,0,0,0,0,0,0,0.71060544485868593,0.015485921227878334,0.00024636857998228112,1.4070896942050035e-09,0,0,0,0,0,0,0,0
1747,0.022223780136666194,0.00048802422804855578,0.067725795000000005,0,0,0,0,0,0,0,0,0,0,0,0,0,0,0,0,0,0,0,0,0,0,0,0,0,0,0,0,0,0,0,0,0,0,0,0,0,0,0,0,0,0,0,0,0,0,0,0,0,0,0,0,0.71060544485868593,0.015485921227878334,0.0005555195146355632,9.7770686923399626e-09,0,0,0,0,0,0,0,0
1748,0.02224223405184441,0.00048802545331737149,0.067745443000000002,0,0,0,0,0,0,0,0,0,0,0,0,0,0,0,0,0,0,0,0,0,0,0,0,0,0,0,0,0,0,0,0,0,0,0,0,0,0,0,0,0,0,0,0,0,0,0,0,0,0,0,0,0.71060544485868593,0.015485921227878334,0.0011460448003351791,4.8932227846592008e-08,0,0,0,0,0,0,0,0
1749,0.022340799706161749,0.00048805203322511536,0.067764089,0,0,0,0,0,0,0,0,0,0,0,0,0,0,0,0,0,0,0,0,0,0,0,0,0,0,0,0,0,0,0,0,0,0,0,0,0,0,0,0,0,0,0,0,0,0,0,0,0,0,0,0,0.71060544485868593,0.015485921227878334,0.0043001457384879522,8.9832993116919482e-07,0,0,0,0,0,0,0,0
1750,0.022479149415689913,0.00048813915488206844,0.067681017999999996,0,0,0,0,0,0,0,0,0,0,0,0,0,0,0,0,0,0,0,0,0,0,0,0,0,0,0,0,0,0,0,0,0,0,0,0,0,0,0,0,0,0,0,0,0,0,0,0,0,0,0,0,0.71060544485868593,0.015485921227878334,0.0087273364433903475,3.6824229400169541e-06,0,0,0,0,0,0,0,0
1751,0.022747187329638069,0.00048848916174305606,0.067671881000000003,0,0,0,0,0,0,0,0,0,0,0,0,0,0,0,0,0,0,0,0,0,0,0,0,0,0,0,0,0,0,0,0,0,0,0,0,0,0,0,0,0,0,0,0,0,0,0,0,0,0,0,0,0.71060544485868593,0.015485921227878334,0.017304549689730626,1.4867376128515331e-05,0,0,0,0,0,0,0,0
1752,0.024316296046878478,0.0004955330123735123,0.067808364999999995,0,0,0,0,0,0,0,0,0,0,0,0,0,0,0,0,0,0,0,0,0,0,0,0,0,0,0,0,0,0,0,0,0,0,0,0,0,0,0,0,0,0,0,0,0,0,0,0,0,0,0,0,0.71060544485868593,0.015485921227878334,0.067516028641428666,0.00023996336237893555,0,0,0,0,0,0,0,0
1753,0.030573737355269224,0.00060958213926237583,0.067616404000000005,0,0,0,0,0,0,0,0,0,0,0,0,0,0,0,0,0,0,0,0,0,0,0,0,0,0,0,0,0,0,0,0,0,0,0,0,0,0,0,0,0,0,0,0,0,0,0,0,0,0,0,0,0.71060544485868593,0.015485921227878334,0.26775415050992563,0.0038845609049570273,0,0,0,0,0,0,0,0
1754,0.044601482590395647,0.0019758512347915203,0.067680246999999999,0,0,0,0,0,0,0,0,0,0,0,0,0,0,0,0,0,0,0,0,0,0,0,0,0,0,0,0,0,0,0,0,0,0,0,0,0,0,0,0,0,0,0,0,0,0,0,0,0,0,0,0,1.4272474428926607,0.062697493287705547,0,0,0,0,0,0,0,0,0,0
1755,0.044609181608520114,0.0019758512788230899,0.067859494000000006,0,0,0,0,0,0,0,0,0,0,0,0,0,0,0,0,0,0,0,0,0,0,0,0,0,0,0,0,0,0,0,0,0,0,0,0,0,0,0,0,0,0,0,0,0,0,0,0,0,0,0,0,1.4272474428926607,0.062697493287705547,0.00024636857998228112,1.4070896942050035e-09,0,0,0,0,0,0,0,0
1756,0.044618842575228031,0.0019758515407419398,0.067738089000000001,0,0,0,0,0,0,0,0,0,0,0,0,0,0,0,0,0,0,0,0,0,0,0,0,0,0,0,0,0,0,0,0,0,0,0,0,0,0,0,0,0,0,0,0,0,0,0,0,0,0,0,0,1.4272474428926607,0.062697493287705547,0.0005555195146355632,9.7770686923399626e-09,0,0,0,0,0,0,0,0
1757,0.052968799793830713,0.0020974094519557599,0.067755633999999995,0,0,0,0,0,0,0,0,0,0,0,0,0,0,0,0,0,0,0,0,0,0,0,0,0,0,0,0,0,0,0,0,0,0,0,0,0,0,0,0,0,0,0,0,0,0,0,0,0,0,0,0,1.4272474428926607,0.062697493287705547,0.26775415050992563,0.0038845609049570273,0,0,0,0,0,0,0,0
1758,0.1113815089380407,0.0097190509023822088,0.067878470999999996,0,0,0,0,0,0,0,0,0,0,0,0,0,0,0,0,0,0,0,0,0,0,0,0,0,0,0,0,0,0,0,0,0,0,0,0,0,0,0,0,0,0,0,0,0,0,0,0,0,0,0,0,1.4272474428926607,0.062697493287705547,2.1369608431246379,0.24744465170428409,0,0,0,0,0,0,0,0
1759,0.089404624841729188,0.0079151889175853585,0.067799177000000002,0,0,0,0,0,0,0,0,0,0,0,0,0,0,0,0,0,0,0,0,0,0,0,0,0,0,0,0,0,0,0,0,0,0,0,0,0,0,0,0,0,0,0,0,0,0,0,0,0,0,0,0,2.860947994935334,0.25116390105330577,0,0,0,0,0,0,0,0,0,0
1760,0.089440438741739348,0.0079151904488045932,0.067668754999999997,0,0,0,0,0,0,0,0,0,0,0,0,0,0,0,0,0,0,0,0,0,0,0,0,0,0,0,0,0,0,0,0,0,0,0,0,0,0,0,0,0,0,0,0,0,0,0,0,0,0,0,0,2.860947994935334,0.25116390105330577,0.0011460448003351791,4.8932227846592008e-08,0,0,0,0,0,0,0,0
1761,0.097771942045164428,0.008036747134749599,0.067745915000000004,0,0,0,0,0,0,0,0,0,0,0,0,0,0,0,0,0,0,0,0,0,0,0,0,0,0,0,0,0,0,0,0,0,0,0,0,0,0,0,0,0,0,0,0,0,0,0,0,0,0,0,0,2.860947994935334,0.25116390105330577,0.26775415050992563,0.0038845609049570273,0,0,0,0,0,0,0,0
1762,0.10616248772459976,0.0084043719243514694,0.067856288000000001,0,0,0,0,0,0,0,0,0,0,0,0,0,0,0,0,0,0,0,0,0,0,0,0,0,0,0,0,0,0,0,0,0,0,0,0,0,0,0,0,0,0,0,0,0,0,0,0,0,0,0,0,2.860947994935334,0.25116390105330577,0.5362516122518729,0.01563251936218743,0,0,0,0,0,0,0,0
1763,0.1561846511893733,0.015658388585176049,0.067594832999999993,0,0,0,0,0,0,0,0,0,0,0,0,0,0,0,0,0,0,0,0,0,0,0,0,0,0,0,0,0,0,0,0,0,0,0,0,0,0,0,0,0,0,0,0,0,0,0,0,0,0,0,0,2.860947994935334,0.25116390105330577,2.1369608431246379,0.24744465170428409,0,0,0,0,0,0,0,0
1764,0.17899357548772885,0.031671847710159663,0.067856959999999994,0,0,0,0,0,0,0,0,0,0,0,0,0,0,0,0,0,0,0,0,0,0,0,0,0,0,0,0,0,0,0,0,0,0,0,0,0,0,0,0,0,0,0,0,0,0,0,0,0,0,0,0,5.7277944156073231,1.0050075755963943,0,0,0,0,0,0,0,0,0,0
1765,0.17901093547256222,0.031671848016110081,0.067850527999999993,0,0,0,0,0,0,0,0,0,0,0,0,0,0,0,0,0,0,0,0,0,0,0,0,0,0,0,0,0,0,0,0,0,0,0,0,0,0,0,0,0,0,0,0,0,0,0,0,0,0,0,0,5.7277944156073231,1.0050075755963943,0.0005555195146355632,9.7770686923399626e-09,0,0,0,0,0,0,0,0
1766,0.17906253224587204,0.031671854411429237,0.067862641000000001,0,0,0,0,0,0,0,0,0,0,0,0,0,0,0,0,0,0,0,0,0,0,0,0,0,0,0,0,0,0,0,0,0,0,0,0,0,0,0,0,0,0,0,0,0,0,0,0,0,0,0,0,5.7277944156073231,1.0050075755963943,0.0022066162605828945,2.1414833502716905e-07,0,0,0,0,0,0,0,0
1767,0.17912795504205647,0.031671875821286645,0.067643167000000004,0,0,0,0,0,0,0,0,0,0,0,0,0,0,0,0,0,0,0,0,0,0,0,0,0,0,0,0,0,0,0,0,0,0,0,0,0,0,0,0,0,0,0,0,0,0,0,0,0,0,0,0,5.7277944156073231,1.0050075755963943,0.0043001457384879522,8.9832993116919482e-07,0,0,0,0,0,0,0,0
1768,0.17926630475158425,0.031671962942943596,0.067873903999999999,0,0,0,0,0,0,0,0,0,0,0,0,0,0,0,0,0,0,0,0,0,0,0,0,0,0,0,0,0,0,0,0,0,0,0,0,0,0,0,0,0,0,0,0,0,0,0,0,0,0,0,0,5.7277944156073231,1.0050075755963943,0.0087273364433903475,3.6824229400169541e-06,0,0,0,0,0,0,0,0
1769,0.18736089269116379,0.031793405927323902,0.067783758999999999,0,0,0,0,0,0,0,0,0,0,0,0,0,0,0,0,0,0,0,0,0,0,0,0,0,0,0,0,0,0,0,0,0,0,0,0,0,0,0,0,0,0,0,0,0,0,0,0,0,0,0,0,5.7277944156073231,1.0050075755963943,0.26775415050992563,0.0038845609049570273,0,0,0,0,0,0,0,0
1770,0.31244871338265612,0.062555313357058898,0.067659818999999996,0,0,0,0,0,0,0,0,0,0,0,0,0,0,0,0,0,0,0,0,0,0,0,0,0,0,0,0,0,0,0,0,0,0,0,0,0,0,0,0,0,0,0,0,0,0,0,0,0,0,0,0,5.7277944156073231,1.0050075755963943,4.2705644126376932,0.98692384653384635,0,0,0,0,0,0,0,0
1771,0.03125,0.031514038778627976,0.067681772000000001,0,0,0,0,0,0,0,0,0,0,0,0,0,0,0,0,0,0,0,0,0,0,0,0,0,0,0,0,0,0,0,0,0,0,0,0,0,0,0,0,0,0,0,0,0,0,0,0,0,0,0,0,1,1,0,0,0,0,0,0,0,0,0,0
1772,0.03125769901812437,0.031514038822659546,0.067855948999999999,0,0,0,0,0,0,0,0,0,0,0,0,0,0,0,0,0,0,0,0,0,0,0,0,0,0,0,0,0,0,0,0,0,0,0,0,0,0,0,0,0,0,0,0,0,0,0,0,0,0,0,0,1,1,0.00024636857998228112,1.4070896942050035e-09,0,0,0,0,0,0,0,0
1773,0.031285813900010395,0.03151404030984721,0.067807364999999994,0,0,0,0,0,0,0,0,0,0,0,0,0,0,0,0,0,0,0,0,0,0,0,0,0,0,0,0,0,0,0,0,0,0,0,0,0,0,0,0,0,0,0,0,0,0,0,0,0,0,0,0,1,1,0.0011460448003351791,4.8932227846592008e-08,0,0,0,0,0,0,0,0
1774,0.031318956758143113,0.031514045479897557,0.067683615000000003,0,0,0,0,0,0,0,0,0,0,0,0,0,0,0,0,0,0,0,0,0,0,0,0,0,0,0,0,0,0,0,0,0,0,0,0,0,0,0,0,0,0,0,0,0,0,0,0,0,0,0,0,1,1,0.0022066162605828945,2.1414833502716905e-07,0,0,0,0,0,0,0,0
1775,0.031522729263855936,0.031514154011411909,0.067756345999999995,0,0,0,0,0,0,0,0,0,0,0,0,0,0,0,0,0,0,0,0,0,0,0,0,0,0,0,0,0,0,0,0,0,0,0,0,0,0,0,0,0,0,0,0,0,0,0,0,0,0,0,0,1,1,0.0087273364433903475,3.6824229400169541e-06,0,0,0,0,0,0,0,0
1776,0.033359875895044709,0.031521547868903356,0.067792816000000006,0,0,0,0,0,0,0,0,0,0,0,0,0,0,0,0,0,0,0,0,0,0,0,0,0,0,0,0,0,0,0,0,0,0,0,0,0,0,0,0,0,0,0,0,0,0,0,0,0,0,0,0,1,1,0.067516028641428666,0.00023996336237893555,0,0,0,0,0,0,0,0
1777,0.035431484731259351,0.031544230087696898,0.067673445999999998,0,0,0,0,0,0,0,0,0,0,0,0,0,0,0,0,0,0,0,0,0,0,0,0,0,0,0,0,0,0,0,0,0,0,0,0,0,0,0,0,0,0,0,0,0,0,0,0,0,0,0,0,1,1,0.13380751140029656,0.00096480502605702156,0,0,0,0,0,0,0,0
1778,0.048007862882870969,0.032003221785394088,0.067777035999999999,0,0,0,0,0,0,0,0,0,0,0,0,0,0,0,0,0,0,0,0,0,0,0,0,0,0,0,0,0,0,0,0,0,0,0,0,0,0,0,0,0,0,0,0,0,0,0,0,0,0,0,0,1,1,0.5362516122518729,0.01563251936218743,0,0,0,0,0,0,0,0
1779,3.7693154562174221e-06,4.442455286749159e-11,0.067935272000000005,0,0,0,0,0,0,0,0,0,0,0,0,0,0,0,0,0,0,0,0,0,0,0,0,0,0,0,0,0,0,0,0,0,0,0,0,0,0,0,0,0,0,0,0,0,0,0,0,0,0,0,0,0,0,0,0,0,0,0.00012061809459895751,1.4214427977762844e-09,0,0,0,0
1780,1.9156645619137745e-05,3.1126879061450807e-10,0.067640671999999999,0,0,0,0,0,0,0,0,0,0,0,0,0,0,0,0,0,0,0,0,0,0,0,0,0,0,0,0,0,0,0,0,0,0,0,0,0,0,0,0,0,0,0,0,0,0,0,0,0,0,0,0,0,0,0,0,0,0,0.00061301265981240785,9.9596000867191101e-09,0,0,0,0
1781,4.8296479228337982e-05,1.5324855142217468e-09,0.067657586000000006,0,0,0,0,0,0,0,0,0,0,0,0,0,0,0,0,0,0,0,0,0,0,0,0,0,0,0,0,0,0,0,0,0,0,0,0,0,0,0,0,0,0,0,0,0,0,0,0,0,0,0,0,0,0,0,0,0,0,0.0015454873353068154,4.9034607132332559e-08,0,0,0,0
1782,0.00011383639063861348,6.7205606798438038e-09,0.067726288999999995,0,0,0,0,0,0,0,0,0,0,0,0,0,0,0,0,0,0,0,0,0,0,0,0,0,0,0,0,0,0,0,0,0,0,0,0,0,0,0,0,0,0,0,0,0,0,0,0,0,0,0,0,0,0,0,0,0,0,0.0036427645004356315,2.150363247071183e-07,0,0,0,0
1783,0.00022821980253805431,2.8423565986202013e-08,0.067747960999999995,0,0,0,0,0,0,0,0,0,0,0,0,0,0,0,0,0,0,0,0,0,0,0,0,0,0,0,0,0,0,0,0,0,0,0,0,0,0,0,0,0,0,0,0,0,0,0,0,0,0,0,0,0,0,0,0,0,0,0.007303033681217738,9.0946268561705693e-07,0,0,0,0
1784,0.0004790067784112,1.1597111179207747e-07,0.067669417999999995,0,0,0,0,0,0,0,0,0,0,0,0,0,0,0,0,0,0,0,0,0,0,0,0,0,0,0,0,0,0,0,0,0,0,0,0,0,0,0,0,0,0,0,0,0,0,0,0,0,0,0,0,0,0,0,0,0,0,0.0153282169091584,3.7107025499762746e-06,0,0,0,0
1785,0.00096902544183581922,4.6997976305021758e-07,0.067668667000000002,0,0,0,0,0,0,0,0,0,0,0,0,0,0,0,0,0,0,0,0,0,0,0,0,0,0,0,0,0,0,0,0,0,0,0,0,0,0,0,0,0,0,0,0,0,0,0,0,0,0,0,0,0,0,0,0,0,0,0.031008814138746215,1.5037840702212061e-05,0,0,0,0
1786,0.0019682057701911376,1.9144494353735065e-06,0.067913460999999994,0,0,0,0,0,0,0,0,0,0,0,0,0,0,0,0,0,0,0,0,0,0,0,0,0,0,0,0,0,0,0,0,0,0,0,0,0,0,0,0,0,0,0,0,0,0,0,0,0,0,0,0,0,0,0,0,0,0,0.062982584646116405,6.1256224001522542e-05,0,0,0,0
1787,0.0039319044323887237,7.5797727431257384e-06,0.067656172000000001,0,0,0,0,0,0,0,0,0,0,0,0,0,0,0,0,0,0,0,0,0,0,0,0,0,0,0,0,0,0,0,0,0,0,0,0,0,0,0,0,0,0,0,0,0,0,0,0,0,0,0,0,0,0,0,0,0,0,0.12582094183643916,0.00024252834702994351,0,0,0,0
1788,0.0078515548854035666,3.025251243569049e-05,0.067630122000000001,0,0,0,0,0,0,0,0,0,0,0,0,0,0,0,0,0,0,0,0,0,0,0,0,0,0,0,0,0,0,0,0,0,0,0,0,0,0,0,0,0,0,0,0,0,0,0,0,0,0,0,0,0,0,0,0,0,0,0.25124975633291413,0.00096798308909524947,0,0,0,0
1789,0.015690402329228918,0.00012036376158343553,0.067810752000000002,0,0,0,0,0,0,0,0,0,0,0,0,0,0,0,0,0,0,0,0,0,0,0,0,0,0,0,0,0,0,0,0,0,0,0,0,0,0,0,0,0,0,0,0,0,0,0,0,0,0,0,0,0,0,0,0,0,0,0.50209287453532536,0.0038512532141034648,0,0,0,0
1790,0.03131234350900429,0.00048377138858660194,0.067686912000000002,0,0,0,0,0,0,0,0,0,0,0,0,0,0,0,0,0,0,0,0,0,0,0,0,0,0,0,0,0,0,0,0,0,0,0,0,0,0,0,0,0,0,0,0,0,0,0,0,0,0,0,0,0,0,0,0,0,0,1.0019949922881373,0.015479128357864903,0,0,0,0
1791,0.062616791858413179,0.0019345249715679805,0.067558373000000005,0,0,0,0,0,0,0,0,0,0,0,0,0,0,0,0,0,0,0,0,0,0,0,0,0,0,0,0,0,0,0,0,0,0,0,0,0,0,0,0,0,0,0,0,0,0,0,0,0,0,0,0,0,0,0,0,0,0,2.0037373394692217,0.061898576585694844,0,0,0,0
1792,0.12529711206323965,0.0077558546435482004,0.067845579000000003,0,0,0,0,0,0,0,0,0,0,0,0,0,0,0,0,0,0,0,0,0,0,0,0,0,0,0,0,0,0,0,0,0,0,0,0,0,0,0,0,0,0,0,0,0,0,0,0,0,0,0,0,0,0,0,0,0,0,4.0095075860236689,0.24816240146648066,0,0,0,0
1793,0.25068834301335652,0.031229154849500378,0.067892238999999993,0,0,0,0,0,0,0,0,0,0,0,0,0,0,0,0,0,0,0,0,0,0,0,0,0,0,0,0,0,0,0,0,0,0,0,0,0,0,0,0,0,0,0,0,0,0,0,0,0,0,0,0,0,0,0,0,0,0,8.0220269764274086,0.99923250491387838,0,0,0,0
1794,0.03125,0.031253141482013684,0.067593552000000001,0,0,0,0,0,0,0,0,0,0,0,0,0,0,0,0,0,0,0,0,0,0,0,0,0,0,0,0,0,0,0,0,0,0,0,0,0,0,0,0,0,0,0,0,0,0,0,0,0,0,0,0,0,0,0,0,0,0,1,1,0,0,0,0
1795,7.9397869591567752e-06,4.442455286749159e-11,0.067780274000000001,0,0,0,0,0,0,0,0,0,0,0,0,0,0,0,0,0,0,0,0,0,0,0,0,0,0,0,0,0,0,0,0,0,0,0,0,0,0,0,0,0,0,0,0,0,0,0,0,0,0,0,0,0,0,0,0,0.00025407318269301681,1.4349538421629566e-09,0,0,0,0,0,0
1796,2.7096432578294561e-05,3.5569334348199971e-10,0.067759423999999999,0,0,0,0,0,0,0,0,0,0,0,0,0,0,0,0,0,0,0,0,0,0,0,0,0,0,0,0,0,0,0,0,0,0,0,0,0,0,0,0,0,0,0,0,0,0,0,0,0,0,0,0,0,0,0,0,0.00025407318269301681,1.4349538421629566e-09,0.00061301265981240785,9.9596000867191101e-09,0,0,0,0
1797,0.00012177617759777047,6.7649852327112948e-09,0.067680972000000006,0,0,0,0,0,0,0,0,0,0,0,0,0,0,0,0,0,0,0,0,0,0,0,0,0,0,0,0,0,0,0,0,0,0,0,0,0,0,0,0,0,0,0,0,0,0,0,0,0,0,0,0,0,0,0,0,0.00025407318269301681,1.4349538421629566e-09,0.0036427645004356315,2.150363247071183e-07,0,0,0,0
1798,0.00023615958949721073,2.8467990539069506e-08,0.067593552000000001,0,0,0,0,0,0,0,0,0,0,0,0,0,0,0,0,0,0,0,0,0,0,0,0,0,0,0,0,0,0,0,0,0,0,0,0,0,0,0,0,0,0,0,0,0,0,0,0,0,0,0,0,0,0,0,0,0.00025407318269301681,1.4349538421629566e-09,0.007303033681217738,9.0946268561705693e-07,0,0,0,0
1799,0.003939844219347878,7.5798171676786055e-06,0.067755705999999999,0,0,0,0,0,0,0,0,0,0,0,0,0,0,0,0,0,0,0,0,0,0,0,0,0,0,0,0,0,0,0,0,0,0,0,0,0,0,0,0,0,0,0,0,0,0,0,0,0,0,0,0,0,0,0,0,0.00025407318269301681,1.4349538421629566e-09,0.12582094183643916,0.00024252834702994351,0,0,0,0
1800,0.12530505185019891,0.0077558546879727529,0.067917959999999999,0,0,0,0,0,0,0,0,0,0,0,0,0,0,0,0,0,0,0,0,0,0,0,0,0,0,0,0,0,0,0,0,0,0,0,0,0,0,0,0,0,0,0,0,0,0,0,0,0,0,0,0,0,0,0,0,0.00025407318269301681,1.4349538421629566e-09,4.0095075860236689,0.24816240146648066,0,0,0,0
1801,0.25069628280031658,0.031229154893924929,0.067623459999999996,0,0,0,0,0,0,0,0,0,0,0,0,0,0,0,0,0,0,0,0,0,0,0,0,0,0,0,0,0,0,0,0,0,0,0,0,0,0,0,0,0,0,0,0,0,0,0,0,0,0,0,0,0,0,0,0,0.00025407318269301681,1.4349538421629566e-09,8.0220269764274086,0.99923250491387838,0,0,0,0
1802,1.5388067447850845e-05,3.0494612965990541e-10,0.067726640000000005,0,0,0,0,0,0,0,0,0,0,0,0,0,0,0,0,0,0,0,0,0,0,0,0,0,0,0,0,0,0,0,0,0,0,0,0,0,0,0,0,0,0,0,0,0,0,0,0,0,0,0,0,0,0,0,0,0.00049241815833122704,9.8500399478058348e-09,0,0,0,0,0,0
1803,6.3684546676188864e-05,1.8374316438816523e-09,0.067730257000000002,0,0,0,0,0,0,0,0,0,0,0,0,0,0,0,0,0,0,0,0,0,0,0,0,0,0,0,0,0,0,0,0,0,0,0,0,0,0,0,0,0,0,0,0,0,0,0,0,0,0,0,0,0,0,0,0,0.00049241815833122704,9.8500399478058348e-09,0.0015454873353068154,4.9034607132332559e-08,0,0,0,0
1804,0.00012922445808646418,7.0255068095037091e-09,0.067854939000000003,0,0,0,0,0,0,0,0,0,0,0,0,0,0,0,0,0,0,0,0,0,0,0,0,0,0,0,0,0,0,0,0,0,0,0,0,0,0,0,0,0,0,0,0,0,0,0,0,0,0,0,0,0,0,0,0,0.00049241815833122704,9.8500399478058348e-09,0.0036427645004356315,2.150363247071183e-07,0,0,0,0
1805,0.001983593837638983,1.9147543815031667e-06,0.067692383999999994,0,0,0,0,0,0,0,0,0,0,0,0,0,0,0,0,0,0,0,0,0,0,0,0,0,0,0,0,0,0,0,0,0,0,0,0,0,0,0,0,0,0,0,0,0,0,0,0,0,0,0,0,0,0,0,0,0.00049241815833122704,9.8500399478058348e-09,0.062982584646116405,6.1256224001522542e-05,0,0,0,0
1806,0.0039472924998365617,7.5800776892553986e-06,0.067880738999999995,0,0,0,0,0,0,0,0,0,0,0,0,0,0,0,0,0,0,0,0,0,0,0,0,0,0,0,0,0,0,0,0,0,0,0,0,0,0,0,0,0,0,0,0,0,0,0,0,0,0,0,0,0,0,0,0,0.00049241815833122704,9.8500399478058348e-09,0.12582094183643916,0.00024252834702994351,0,0,0,0
1807,0.015705790396676751,0.0001203640665295652,0.067814319999999997,0,0,0,0,0,0,0,0,0,0,0,0,0,0,0,0,0,0,0,0,0,0,0,0,0,0,0,0,0,0,0,0,0,0,0,0,0,0,0,0,0,0,0,0,0,0,0,0,0,0,0,0,0,0,0,0,0.00049241815833122704,9.8500399478058348e-09,0.50209287453532536,0.0038512532141034648,0,0,0,0
1808,0.062632179925860954,0.0019345252765141103,0.067706881999999996,0,0,0,0,0,0,0,0,0,0,0,0,0,0,0,0,0,0,0,0,0,0,0,0,0,0,0,0,0,0,0,0,0,0,0,0,0,0,0,0,0,0,0,0,0,0,0,0,0,0,0,0,0,0,0,0,0.00049241815833122704,9.8500399478058348e-09,2.0037373394692217,0.061898576585694844,0,0,0,0
1809,0.12531250013068829,0.0077558549484943303,0.067816854999999995,0,0,0,0,0,0,0,0,0,0,0,0,0,0,0,0,0,0,0,0,0,0,0,0,0,0,0,0,0,0,0,0,0,0,0,0,0,0,0,0,0,0,0,0,0,0,0,0,0,0,0,0,0,0,0,0,0.00049241815833122704,9.8500399478058348e-09,4.0095075860236689,0.24816240146648066,0,0,0,0
1810,3.3132853830949662e-05,1.5303546726845604e-09,0.067831512999999996,0,0,0,0,0,0,0,0,0,0,0,0,0,0,0,0,0,0,0,0,0,0,0,0,0,0,0,0,0,0,0,0,0,0,0,0,0,0,0,0,0,0,0,0,0,0,0,0,0,0,0,0,0,0,0,0,0.0010602513225903892,4.9431860889875044e-08,0,0,0,0,0,0
1811,5.2289499450087476e-05,1.8416234632990684e-09,0.067664700999999994,0,0,0,0,0,0,0,0,0,0,0,0,0,0,0,0,0,0,0,0,0,0,0,0,0,0,0,0,0,0,0,0,0,0,0,0,0,0,0,0,0,0,0,0,0,0,0,0,0,0,0,0,0,0,0,0,0.0010602513225903892,4.9431860889875044e-08,0.00061301265981240785,9.9596000867191101e-09,0,0,0,0
1812,8.1429333059287475e-05,3.0628401869063072e-09,0.067615827000000003,0,0,0,0,0,0,0,0,0,0,0,0,0,0,0,0,0,0,0,0,0,0,0,0,0,0,0,0,0,0,0,0,0,0,0,0,0,0,0,0,0,0,0,0,0,0,0,0,0,0,0,0,0,0,0,0,0.0010602513225903892,4.9431860889875044e-08,0.0015454873353068154,4.9034607132332559e-08,0,0,0,0
1813,0.00051213963224215012,1.1750146646476204e-07,0.067911569000000005,0,0,0,0,0,0,0,0,0,0,0,0,0,0,0,0,0,0,0,0,0,0,0,0,0,0,0,0,0,0,0,0,0,0,0,0,0,0,0,0,0,0,0,0,0,0,0,0,0,0,0,0,0,0,0,0,0.0010602513225903892,4.9431860889875044e-08,0.0153282169091584,3.7107025499762746e-06,0,0,0,0
1814,0.0078846877392345343,3.0254042790363174e-05,0.067664260000000004,0,0,0,0,0,0,0,0,0,0,0,0,0,0,0,0,0,0,0,0,0,0,0,0,0,0,0,0,0,0,0,0,0,0,0,0,0,0,0,0,0,0,0,0,0,0,0,0,0,0,0,0,0,0,0,0,0.0010602513225903892,4.9431860889875044e-08,0.25124975633291413,0.00096798308909524947,0,0,0,0
1815,0.015723535183059908,0.00012036529193810821,0.067634932999999994,0,0,0,0,0,0,0,0,0,0,0,0,0,0,0,0,0,0,0,0,0,0,0,0,0,0,0,0,0,0,0,0,0,0,0,0,0,0,0,0,0,0,0,0,0,0,0,0,0,0,0,0,0,0,0,0,0.0010602513225903892,4.9431860889875044e-08,0.50209287453532536,0.0038512532141034648,0,0,0,0
1816,0.12533024491707051,0.0077558561739028732,0.067718615999999995,0,0,0,0,0,0,0,0,0,0,0,0,0,0,0,0,0,0,0,0,0,0,0,0,0,0,0,0,0,0,0,0,0,0,0,0,0,0,0,0,0,0,0,0,0,0,0,0,0,0,0,0,0,0,0,0,0.0010602513225903892,4.9431860889875044e-08,4.0095075860236689,0.24816240146648066,0,0,0,0
1817,6.1062179911784695e-05,6.7828441300209117e-09,0.067852936000000003,0,0,0,0,0,0,0,0,0,0,0,0,0,0,0,0,0,0,0,0,0,0,0,0,0,0,0,0,0,0,0,0,0,0,0,0,0,0,0,0,0,0,0,0,0,0,0,0,0,0,0,0,0,0,0,0,0.0019539897571771102,2.1909209247862346e-07,0,0,0,0,0,0
1818,6.4831495368002047e-05,6.8272686828884035e-09,0.067589225000000003,0,0,0,0,0,0,0,0,0,0,0,0,0,0,0,0,0,0,0,0,0,0,0,0,0,0,0,0,0,0,0,0,0,0,0,0,0,0,0,0,0,0,0,0,0,0,0,0,0,0,0,0,0,0,0,0,0.0019539897571771102,2.1909209247862346e-07,0.00012061809459895751,1.4214427977762844e-09,0,0,0,0
1819,0.0001093586591401224,8.3153296442426595e-09,0.067915977000000002,0,0,0,0,0,0,0,0,0,0,0,0,0,0,0,0,0,0,0,0,0,0,0,0,0,0,0,0,0,0,0,0,0,0,0,0,0,0,0,0,0,0,0,0,0,0,0,0,0,0,0,0,0,0,0,0,0.0019539897571771102,2.1909209247862346e-07,0.0015454873353068154,4.9034607132332559e-08,0,0,0,0
1820,0.00017489857055039834,1.3503404809864716e-08,0.067776968000000007,0,0,0,0,0,0,0,0,0,0,0,0,0,0,0,0,0,0,0,0,0,0,0,0,0,0,0,0,0,0,0,0,0,0,0,0,0,0,0,0,0,0,0,0,0,0,0,0,0,0,0,0,0,0,0,0,0.0019539897571771102,2.1909209247862346e-07,0.0036427645004356315,2.150363247071183e-07,0,0,0,0
1821,0.01575146450914067,0.00012037054442756556,0.067711773000000003,0,0,0,0,0,0,0,0,0,0,0,0,0,0,0,0,0,0,0,0,0,0,0,0,0,0,0,0,0,0,0,0,0,0,0,0,0,0,0,0,0,0,0,0,0,0,0,0,0,0,0,0,0,0,0,0,0.0019539897571771102,2.1909209247862346e-07,0.50209287453532536,0.0038512532141034648,0,0,0,0
1822,0.25074940519326872,0.031229161632344508,0.067534278000000003,0,0,0,0,0,0,0,0,0,0,0,0,0,0,0,0,0,0,0,0,0,0,0,0,0,0,0,0,0,0,0,0,0,0,0,0,0,0,0,0,0,0,0,0,0,0,0,0,0,0,0,0,0,0,0,0,0.0019539897571771102,2.1909209247862346e-07,8.0220269764274086,0.99923250491387838,0,0,0,0
1823,0.00013452891805017125,2.8158887521820664e-08,0.067773211999999999,0,0,0,0,0,0,0,0,0,0,0,0,0,0,0,0,0,0,0,0,0,0,0,0,0,0,0,0,0,0,0,0,0,0,0,0,0,0,0,0,0,0,0,0,0,0,0,0,0,0,0,0,0,0,0,0,0.0043049253776054801,9.0955791859054096e-07,0,0,0,0,0,0
1824,0.00036274872058822297,5.6582453508022673e-08,0.067691693999999997,0,0,0,0,0,0,0,0,0,0,0,0,0,0,0,0,0,0,0,0,0,0,0,0,0,0,0,0,0,0,0,0,0,0,0,0,0,0,0,0,0,0,0,0,0,0,0,0,0,0,0,0,0,0,0,0,0.0043049253776054801,9.0955791859054096e-07,0.007303033681217738,9.0946268561705693e-07,0,0,0,0
1825,0.031384528918050353,0.031253169640901204,0.067750588,0,0,0,0,0,0,0,0,0,0,0,0,0,0,0,0,0,0,0,0,0,0,0,0,0,0,0,0,0,0,0,0,0,0,0,0,0,0,0,0,0,0,0,0,0,0,0,0,0,0,0,0,0,0,0,0,0.0043049253776054801,9.0955791859054096e-07,1,1,0,0,0,0
1826,0.00028896039352940985,1.1558235547294061e-07,0.067703266999999998,0,0,0,0,0,0,0,0,0,0,0,0,0,0,0,0,0,0,0,0,0,0,0,0,0,0,0,0,0,0,0,0,0,0,0,0,0,0,0,0,0,0,0,0,0,0,0,0,0,0,0,0,0,0,0,0,0.0092467325929411152,3.7334161936722201e-06,0,0,0,0,0,0
1827,0.00033725687275774734,1.1711484098716235e-07,0.067920778000000001,0,0,0,0,0,0,0,0,0,0,0,0,0,0,0,0,0,0,0,0,0,0,0,0,0,0,0,0,0,0,0,0,0,0,0,0,0,0,0,0,0,0,0,0,0,0,0,0,0,0,0,0,0,0,0,0,0.0092467325929411152,3.7334161936722201e-06,0.0015454873353068154,4.9034607132332559e-08,0,0,0,0
1828,0.0012579858353652272,5.8556211852315822e-07,0.067580268999999998,0,0,0,0,0,0,0,0,0,0,0,0,0,0,0,0,0,0,0,0,0,0,0,0,0,0,0,0,0,0,0,0,0,0,0,0,0,0,0,0,0,0,0,0,0,0,0,0,0,0,0,0,0,0,0,0,0.0092467325929411152,3.7334161936722201e-06,0.031008814138746215,1.5037840702212061e-05,0,0,0,0
1829,0.0022571661637205451,2.0300317908464472e-06,0.067802419000000003,0,0,0,0,0,0,0,0,0,0,0,0,0,0,0,0,0,0,0,0,0,0,0,0,0,0,0,0,0,0,0,0,0,0,0,0,0,0,0,0,0,0,0,0,0,0,0,0,0,0,0,0,0,0,0,0,0.0092467325929411152,3.7334161936722201e-06,0.062982584646116405,6.1256224001522542e-05,0,0,0,0
1830,0.004220864825918119,7.6953550985986782e-06,0.067917620999999997,0,0,0,0,0,0,0,0,0,0,0,0,0,0,0,0,0,0,0,0,0,0,0,0,0,0,0,0,0,0,0,0,0,0,0,0,0,0,0,0,0,0,0,0,0,0,0,0,0,0,0,0,0,0,0,0,0.0092467325929411152,3.7334161936722201e-06,0.12582094183643916,0.00024252834702994351,0,0,0,0
1831,0.008140515278932987,3.0368094791163432e-05,0.067727123,0,0,0,0,0,0,0,0,0,0,0,0,0,0,0,0,0,0,0,0,0,0,0,0,0,0,0,0,0,0,0,0,0,0,0,0,0,0,0,0,0,0,0,0,0,0,0,0,0,0,0,0,0,0,0,0,0.0092467325929411152,3.7334161936722201e-06,0.25124975633291413,0.00096798308909524947,0,0,0,0
1832,0.015979362722758326,0.00012047934393890848,0.067698066000000001,0,0,0,0,0,0,0,0,0,0,0,0,0,0,0,0,0,0,0,0,0,0,0,0,0,0,0,0,0,0,0,0,0,0,0,0,0,0,0,0,0,0,0,0,0,0,0,0,0,0,0,0,0,0,0,0,0.0092467325929411152,3.7334161936722201e-06,0.50209287453532536,0.0038512532141034648,0,0,0,0
1833,0.062905752251942559,0.0019346405539234536,0.067754545999999999,0,0,0,0,0,0,0,0,0,0,0,0,0,0,0,0,0,0,0,0,0,0,0,0,0,0,0,0,0,0,0,0,0,0,0,0,0,0,0,0,0,0,0,0,0,0,0,0,0,0,0,0,0,0,0,0,0.0092467325929411152,3.7334161936722201e-06,2.0037373394692217,0.061898576585694844,0,0,0,0
1834,0.00060699448611188254,4.7306630448274655e-07,0.067837616000000003,0,0,0,0,0,0,0,0,0,0,0,0,0,0,0,0,0,0,0,0,0,0,0,0,0,0,0,0,0,0,0,0,0,0,0,0,0,0,0,0,0,0,0,0,0,0,0,0,0,0,0,0,0,0,0,0,0.019423823555580241,1.5280475939513447e-05,0,0,0,0,0,0
1835,0.0015760199279477058,9.4304606753296419e-07,0.067745518000000005,0,0,0,0,0,0,0,0,0,0,0,0,0,0,0,0,0,0,0,0,0,0,0,0,0,0,0,0,0,0,0,0,0,0,0,0,0,0,0,0,0,0,0,0,0,0,0,0,0,0,0,0,0,0,0,0,0.019423823555580241,1.5280475939513447e-05,0.031008814138746215,1.5037840702212061e-05,0,0,0,0
1836,0.016297396815340821,0.00012083682788791827,0.067782418999999997,0,0,0,0,0,0,0,0,0,0,0,0,0,0,0,0,0,0,0,0,0,0,0,0,0,0,0,0,0,0,0,0,0,0,0,0,0,0,0,0,0,0,0,0,0,0,0,0,0,0,0,0,0,0,0,0,0.019423823555580241,1.5280475939513447e-05,0.50209287453532536,0.0038512532141034648,0,0,0,0
1837,0.031919337995116363,0.0004842444548910847,0.067943982999999999,0,0,0,0,0,0,0,0,0,0,0,0,0,0,0,0,0,0,0,0,0,0,0,0,0,0,0,0,0,0,0,0,0,0,0,0,0,0,0,0,0,0,0,0,0,0,0,0,0,0,0,0,0,0,0,0,0.019423823555580241,1.5280475939513447e-05,1.0019949922881373,0.015479128357864903,0,0,0,0
1838,0.12590410654935144,0.0077563277098526831,0.067721542999999995,0,0,0,0,0,0,0,0,0,0,0,0,0,0,0,0,0,0,0,0,0,0,0,0,0,0,0,0,0,0,0,0,0,0,0,0,0,0,0,0,0,0,0,0,0,0,0,0,0,0,0,0,0,0,0,0,0.019423823555580241,1.5280475939513447e-05,4.0095075860236689,0.24816240146648066,0,0,0,0
1839,0.25129533749946698,0.031229627915804858,0.067651386999999993,0,0,0,0,0,0,0,0,0,0,0,0,0,0,0,0,0,0,0,0,0,0,0,0,0,0,0,0,0,0,0,0,0,0,0,0,0,0,0,0,0,0,0,0,0,0,0,0,0,0,0,0,0,0,0,0,0.019423823555580241,1.5280475939513447e-05,8.0220269764274086,0.99923250491387838,0,0,0,0
1840,0.031856994486112039,0.031253614548318168,0.067721032,0,0,0,0,0,0,0,0,0,0,0,0,0,0,0,0,0,0,0,0,0,0,0,0,0,0,0,0,0,0,0,0,0,0,0,0,0,0,0,0,0,0,0,0,0,0,0,0,0,0,0,0,0,0,0,0,0.019423823555580241,1.5280475939513447e-05,1,1,0,0,0,0
1841,0.0012546396305297396,1.92691894538998e-06,0.067770236999999997,0,0,0,0,0,0,0,0,0,0,0,0,0,0,0,0,0,0,0,0,0,0,0,0,0,0,0,0,0,0,0,0,0,0,0,0,0,0,0,0,0,0,0,0,0,0,0,0,0,0,0,0,0,0,0,0,0.040148468176951668,6.2241250969287943e-05,0,0,0,0,0,0
1842,0.0013029361097580796,1.9284514309042018e-06,0.067552846,0,0,0,0,0,0,0,0,0,0,0,0,0,0,0,0,0,0,0,0,0,0,0,0,0,0,0,0,0,0,0,0,0,0,0,0,0,0,0,0,0,0,0,0,0,0,0,0,0,0,0,0,0,0,0,0,0.040148468176951668,6.2241250969287943e-05,0.0015454873353068154,4.9034607132332559e-08,0,0,0,0
1843,0.0014828594330677858,1.955342511376182e-06,0.067674281000000003,0,0,0,0,0,0,0,0,0,0,0,0,0,0,0,0,0,0,0,0,0,0,0,0,0,0,0,0,0,0,0,0,0,0,0,0,0,0,0,0,0,0,0,0,0,0,0,0,0,0,0,0,0,0,0,0,0.040148468176951668,6.2241250969287943e-05,0.007303033681217738,9.0946268561705693e-07,0,0,0,0
1844,0.0022236650723655572,2.3968987084401974e-06,0.067757913000000003,0,0,0,0,0,0,0,0,0,0,0,0,0,0,0,0,0,0,0,0,0,0,0,0,0,0,0,0,0,0,0,0,0,0,0,0,0,0,0,0,0,0,0,0,0,0,0,0,0,0,0,0,0,0,0,0,0.040148468176951668,6.2241250969287943e-05,0.031008814138746215,1.5037840702212061e-05,0,0,0,0
1845,0.0051865440629184313,9.5066916885157189e-06,0.067546012000000002,0,0,0,0,0,0,0,0,0,0,0,0,0,0,0,0,0,0,0,0,0,0,0,0,0,0,0,0,0,0,0,0,0,0,0,0,0,0,0,0,0,0,0,0,0,0,0,0,0,0,0,0,0,0,0,0,0.040148468176951668,6.2241250969287943e-05,0.12582094183643916,0.00024252834702994351,0,0,0,0
1846,0.12655175169376909,0.00775778156249359,0.067703779000000006,0,0,0,0,0,0,0,0,0,0,0,0,0,0,0,0,0,0,0,0,0,0,0,0,0,0,0,0,0,0,0,0,0,0,0,0,0,0,0,0,0,0,0,0,0,0,0,0,0,0,0,0,0,0,0,0,0.040148468176951668,6.2241250969287943e-05,4.0095075860236689,0.24816240146648066,0,0,0,0
1847,0.032504639630529741,0.031255068400959075,0.067882074000000001,0,0,0,0,0,0,0,0,0,0,0,0,0,0,0,0,0,0,0,0,0,0,0,0,0,0,0,0,0,0,0,0,0,0,0,0,0,0,0,0,0,0,0,0,0,0,0,0,0,0,0,0,0,0,0,0,0.040148468176951668,6.2241250969287943e-05,1,1,0,0,0,0
1848,0.0025140394305804615,7.6196466917655119e-06,0.067721271999999999,0,0,0,0,0,0,0,0,0,0,0,0,0,0,0,0,0,0,0,0,0,0,0,0,0,0,0,0,0,0,0,0,0,0,0,0,0,0,0,0,0,0,0,0,0,0,0,0,0,0,0,0,0,0,0,0,0.080449261778574768,0.00024612158346053279,0,0,0,0,0,0
1849,0.0025331960761996006,7.6199579605561261e-06,0.067749646999999996,0,0,0,0,0,0,0,0,0,0,0,0,0,0,0,0,0,0,0,0,0,0,0,0,0,0,0,0,0,0,0,0,0,0,0,0,0,0,0,0,0,0,0,0,0,0,0,0,0,0,0,0,0,0,0,0,0.080449261778574768,0.00024612158346053279,0.00061301265981240785,9.9596000867191101e-09,0,0,0,0
1850,0.0025623359098088045,7.6211791772797336e-06,0.067835032000000003,0,0,0,0,0,0,0,0,0,0,0,0,0,0,0,0,0,0,0,0,0,0,0,0,0,0,0,0,0,0,0,0,0,0,0,0,0,0,0,0,0,0,0,0,0,0,0,0,0,0,0,0,0,0,0,0,0.080449261778574768,0.00024612158346053279,0.0015454873353068154,4.9034607132332559e-08,0,0,0,0
1851,0.0026278758212190797,7.6263672524453553e-06,0.067696905000000002,0,0,0,0,0,0,0,0,0,0,0,0,0,0,0,0,0,0,0,0,0,0,0,0,0,0,0,0,0,0,0,0,0,0,0,0,0,0,0,0,0,0,0,0,0,0,0,0,0,0,0,0,0,0,0,0,0.080449261778574768,0.00024612158346053279,0.0036427645004356315,2.150363247071183e-07,0,0,0,0
1852,0.0027422592331185227,7.6480702577517143e-06,0.067744498,0,0,0,0,0,0,0,0,0,0,0,0,0,0,0,0,0,0,0,0,0,0,0,0,0,0,0,0,0,0,0,0,0,0,0,0,0,0,0,0,0,0,0,0,0,0,0,0,0,0,0,0,0,0,0,0,0.080449261778574768,0.00024612158346053279,0.007303033681217738,9.0946268561705693e-07,0,0,0,0
1853,0.033826382939584725,0.00049139103527836745,0.067740389999999998,0,0,0,0,0,0,0,0,0,0,0,0,0,0,0,0,0,0,0,0,0,0,0,0,0,0,0,0,0,0,0,0,0,0,0,0,0,0,0,0,0,0,0,0,0,0,0,0,0,0,0,0,0,0,0,0,0.080449261778574768,0.00024612158346053279,1.0019949922881373,0.015479128357864903,0,0,0,0
1854,0.253202382443936,0.031236774496192141,0.067892224000000001,0,0,0,0,0,0,0,0,0,0,0,0,0,0,0,0,0,0,0,0,0,0,0,0,0,0,0,0,0,0,0,0,0,0,0,0,0,0,0,0,0,0,0,0,0,0,0,0,0,0,0,0,0,0,0,0,0.080449261778574768,0.00024612158346053279,8.0220269764274086,0.99923250491387838,0,0,0,0
1855,0.0050399184180428208,3.0708152272701309e-05,0.067786298999999994,0,0,0,0,0,0,0,0,0,0,0,0,0,0,0,0,0,0,0,0,0,0,0,0,0,0,0,0,0,0,0,0,0,0,0,0,0,0,0,0,0,0,0,0,0,0,0,0,0,0,0,0,0,0,0,0,0.16127738937737027,0.0009919015104299005,0,0,0,0,0,0
1856,0.005518925196454038,3.0824123384493386e-05,0.067775548000000005,0,0,0,0,0,0,0,0,0,0,0,0,0,0,0,0,0,0,0,0,0,0,0,0,0,0,0,0,0,0,0,0,0,0,0,0,0,0,0,0,0,0,0,0,0,0,0,0,0,0,0,0,0,0,0,0,0.16127738937737027,0.0009919015104299005,0.0153282169091584,3.7107025499762746e-06,0,0,0,0
1857,0.0060089438598786675,3.1178132035751526e-05,0.067797289999999996,0,0,0,0,0,0,0,0,0,0,0,0,0,0,0,0,0,0,0,0,0,0,0,0,0,0,0,0,0,0,0,0,0,0,0,0,0,0,0,0,0,0,0,0,0,0,0,0,0,0,0,0,0,0,0,0,0.16127738937737027,0.0009919015104299005,0.031008814138746215,1.5037840702212061e-05,0,0,0,0
1858,0.0070081241882339442,3.2622601708074818e-05,0.067669723000000001,0,0,0,0,0,0,0,0,0,0,0,0,0,0,0,0,0,0,0,0,0,0,0,0,0,0,0,0,0,0,0,0,0,0,0,0,0,0,0,0,0,0,0,0,0,0,0,0,0,0,0,0,0,0,0,0,0.16127738937737027,0.0009919015104299005,0.062982584646116405,6.1256224001522542e-05,0,0,0,0
1859,0.0089718228504315298,3.8287925015827053e-05,0.067567935999999995,0,0,0,0,0,0,0,0,0,0,0,0,0,0,0,0,0,0,0,0,0,0,0,0,0,0,0,0,0,0,0,0,0,0,0,0,0,0,0,0,0,0,0,0,0,0,0,0,0,0,0,0,0,0,0,0,0.16127738937737027,0.0009919015104299005,0.12582094183643916,0.00024252834702994351,0,0,0,0
1860,0.036352261927047068,0.00051447954085930329,0.067814734000000002,0,0,0,0,0,0,0,0,0,0,0,0,0,0,0,0,0,0,0,0,0,0,0,0,0,0,0,0,0,0,0,0,0,0,0,0,0,0,0,0,0,0,0,0,0,0,0,0,0,0,0,0,0,0,0,0,0.16127738937737027,0.0009919015104299005,1.0019949922881373,0.015479128357864903,0,0,0,0
1861,0.067656710276456145,0.0019652331238406819,0.06798825,0,0,0,0,0,0,0,0,0,0,0,0,0,0,0,0,0,0,0,0,0,0,0,0,0,0,0,0,0,0,0,0,0,0,0,0,0,0,0,0,0,0,0,0,0,0,0,0,0,0,0,0,0,0,0,0,0.16127738937737027,0.0009919015104299005,2.0037373394692217,0.061898576585694844,0,0,0,0
1862,0.010052296257023157,0.00012229549417845463,0.067720570999999993,0,0,0,0,0,0,0,0,0,0,0,0,0,0,0,0,0,0,0,0,0,0,0,0,0,0,0,0,0,0,0,0,0,0,0,0,0,0,0,0,0,0,0,0,0,0,0,0,0,0,0,0,0,0,0,0,0.32167348022474102,0.0039502567369452931,0,0,0,0,0,0
1863,0.010071452902642303,0.00012229580544724524,0.067640446000000007,0,0,0,0,0,0,0,0,0,0,0,0,0,0,0,0,0,0,0,0,0,0,0,0,0,0,0,0,0,0,0,0,0,0,0,0,0,0,0,0,0,0,0,0,0,0,0,0,0,0,0,0,0,0,0,0,0.32167348022474102,0.0039502567369452931,0.00061301265981240785,9.9596000867191101e-09,0,0,0,0
1864,0.010100592736251506,0.00012229702666396886,0.0678589,0,0,0,0,0,0,0,0,0,0,0,0,0,0,0,0,0,0,0,0,0,0,0,0,0,0,0,0,0,0,0,0,0,0,0,0,0,0,0,0,0,0,0,0,0,0,0,0,0,0,0,0,0,0,0,0,0.32167348022474102,0.0039502567369452931,0.0015454873353068154,4.9034607132332559e-08,0,0,0,0
1865,0.010166132647661794,0.00012230221473913448,0.067621580000000001,0,0,0,0,0,0,0,0,0,0,0,0,0,0,0,0,0,0,0,0,0,0,0,0,0,0,0,0,0,0,0,0,0,0,0,0,0,0,0,0,0,0,0,0,0,0,0,0,0,0,0,0,0,0,0,0,0.32167348022474102,0.0039502567369452931,0.0036427645004356315,2.150363247071183e-07,0,0,0,0
1866,0.01202050202721427,0.00012420994361382815,0.067677149000000006,0,0,0,0,0,0,0,0,0,0,0,0,0,0,0,0,0,0,0,0,0,0,0,0,0,0,0,0,0,0,0,0,0,0,0,0,0,0,0,0,0,0,0,0,0,0,0,0,0,0,0,0,0,0,0,0,0.32167348022474102,0.0039502567369452931,0.062982584646116405,6.1256224001522542e-05,0,0,0,0
1867,0.26074063927037927,0.031351450343678831,0.067831687000000002,0,0,0,0,0,0,0,0,0,0,0,0,0,0,0,0,0,0,0,0,0,0,0,0,0,0,0,0,0,0,0,0,0,0,0,0,0,0,0,0,0,0,0,0,0,0,0,0,0,0,0,0,0,0,0,0,0.32167348022474102,0.0039502567369452931,8.0220269764274086,0.99923250491387838,0,0,0,0
1868,0.041302296257023106,0.031375436976192141,0.067959574999999994,0,0,0,0,0,0,0,0,0,0,0,0,0,0,0,0,0,0,0,0,0,0,0,0,0,0,0,0,0,0,0,0,0,0,0,0,0,0,0,0,0,0,0,0,0,0,0,0,0,0,0,0,0,0,0,0,0.32167348022474102,0.0039502567369452931,1,1,0,0,0,0
1869,0.019970712153033969,0.00048810662771699761,0.067598996999999994,0,0,0,0,0,0,0,0,0,0,0,0,0,0,0,0,0,0,0,0,0,0,0,0,0,0,0,0,0,0,0,0,0,0,0,0,0,0,0,0,0,0,0,0,0,0,0,0,0,0,0,0,0,0,0,0,0.63906278889708701,0.015766292187945615,0,0,0,0,0,0
1870,0.019989868798653113,0.00048810693898578824,0.067717967000000004,0,0,0,0,0,0,0,0,0,0,0,0,0,0,0,0,0,0,0,0,0,0,0,0,0,0,0,0,0,0,0,0,0,0,0,0,0,0,0,0,0,0,0,0,0,0,0,0,0,0,0,0,0,0,0,0,0.63906278889708701,0.015766292187945615,0.00061301265981240785,9.9596000867191101e-09,0,0,0,0
1871,0.020449718931445142,0.00048822259882878969,0.067878068,0,0,0,0,0,0,0,0,0,0,0,0,0,0,0,0,0,0,0,0,0,0,0,0,0,0,0,0,0,0,0,0,0,0,0,0,0,0,0,0,0,0,0,0,0,0,0,0,0,0,0,0,0,0,0,0,0.63906278889708701,0.015766292187945615,0.0153282169091584,3.7107025499762746e-06,0,0,0,0
1872,0.082587504011447238,0.0024226315992849782,0.067687678000000001,0,0,0,0,0,0,0,0,0,0,0,0,0,0,0,0,0,0,0,0,0,0,0,0,0,0,0,0,0,0,0,0,0,0,0,0,0,0,0,0,0,0,0,0,0,0,0,0,0,0,0,0,0,0,0,0,0.63906278889708701,0.015766292187945615,2.0037373394692217,0.061898576585694844,0,0,0,0
1873,0.14526782421627346,0.0082439612712651988,0.067738175999999997,0,0,0,0,0,0,0,0,0,0,0,0,0,0,0,0,0,0,0,0,0,0,0,0,0,0,0,0,0,0,0,0,0,0,0,0,0,0,0,0,0,0,0,0,0,0,0,0,0,0,0,0,0,0,0,0,0.63906278889708701,0.015766292187945615,4.0095075860236689,0.24816240146648066,0,0,0,0
1874,0.27065905516638966,0.031717261477217373,0.067689692999999995,0,0,0,0,0,0,0,0,0,0,0,0,0,0,0,0,0,0,0,0,0,0,0,0,0,0,0,0,0,0,0,0,0,0,0,0,0,0,0,0,0,0,0,0,0,0,0,0,0,0,0,0,0,0,0,0,0.63906278889708701,0.015766292187945615,8.0220269764274086,0.99923250491387838,0,0,0,0
1875,0.039939627146672943,0.0019591974966465331,0.067755609999999994,0,0,0,0,0,0,0,0,0,0,0,0,0,0,0,0,0,0,0,0,0,0,0,0,0,0,0,0,0,0,0,0,0,0,0,0,0,0,0,0,0,0,0,0,0,0,0,0,0,0,0,0,0,0,0,0,1.2780680686935342,0.063283877808621616,0,0,0,0,0,0
1876,0.039958783792292056,0.0019591978079153238,0.067580732000000004,0,0,0,0,0,0,0,0,0,0,0,0,0,0,0,0,0,0,0,0,0,0,0,0,0,0,0,0,0,0,0,0,0,0,0,0,0,0,0,0,0,0,0,0,0,0,0,0,0,0,0,0,0,0,0,0,1.2780680686935342,0.063283877808621616,0.00061301265981240785,9.9596000867191101e-09,0,0,0,0
1877,0.040167846949210891,0.0019592259202125192,0.067846645999999997,0,0,0,0,0,0,0,0,0,0,0,0,0,0,0,0,0,0,0,0,0,0,0,0,0,0,0,0,0,0,0,0,0,0,0,0,0,0,0,0,0,0,0,0,0,0,0,0,0,0,0,0,0,0,0,0,1.2780680686935342,0.063283877808621616,0.007303033681217738,9.0946268561705693e-07,0,0,0,0
1878,0.040418633925083984,0.001959313467758325,0.067785047000000001,0,0,0,0,0,0,0,0,0,0,0,0,0,0,0,0,0,0,0,0,0,0,0,0,0,0,0,0,0,0,0,0,0,0,0,0,0,0,0,0,0,0,0,0,0,0,0,0,0,0,0,0,0,0,0,0,1.2780680686935342,0.063283877808621616,0.0153282169091584,3.7107025499762746e-06,0,0,0,0
1879,0.040908652588508627,0.0019596674764095832,0.067649774999999995,0,0,0,0,0,0,0,0,0,0,0,0,0,0,0,0,0,0,0,0,0,0,0,0,0,0,0,0,0,0,0,0,0,0,0,0,0,0,0,0,0,0,0,0,0,0,0,0,0,0,0,0,0,0,0,0,1.2780680686935342,0.063283877808621616,0.031008814138746215,1.5037840702212061e-05,0,0,0,0
1880,0.055630029475901781,0.0020795612582299684,0.067823322000000005,0,0,0,0,0,0,0,0,0,0,0,0,0,0,0,0,0,0,0,0,0,0,0,0,0,0,0,0,0,0,0,0,0,0,0,0,0,0,0,0,0,0,0,0,0,0,0,0,0,0,0,0,0,0,0,0,1.2780680686935342,0.063283877808621616,0.50209287453532536,0.0038512532141034648,0,0,0,0
1881,0.10255641900508604,0.0038937224682145137,0.067828883000000006,0,0,0,0,0,0,0,0,0,0,0,0,0,0,0,0,0,0,0,0,0,0,0,0,0,0,0,0,0,0,0,0,0,0,0,0,0,0,0,0,0,0,0,0,0,0,0,0,0,0,0,0,0,0,0,0,1.2780680686935342,0.063283877808621616,2.0037373394692217,0.061898576585694844,0,0,0,0
1882,0.079933096086805752,0.0079077468624581902,0.067747354999999995,0,0,0,0,0,0,0,0,0,0,0,0,0,0,0,0,0,0,0,0,0,0,0,0,0,0,0,0,0,0,0,0,0,0,0,0,0,0,0,0,0,0,0,0,0,0,0,0,0,0,0,0,0,0,0,0,2.5578590747777841,0.25542748346804378,0,0,0,0,0,0
1883,0.079936865402261956,0.0079077469068827427,0.067615649999999999,0,0,0,0,0,0,0,0,0,0,0,0,0,0,0,0,0,0,0,0,0,0,0,0,0,0,0,0,0,0,0,0,0,0,0,0,0,0,0,0,0,0,0,0,0,0,0,0,0,0,0,0,0,0,0,0,2.5578590747777841,0.25542748346804378,0.00012061809459895751,1.4214427977762844e-09,0,0,0,0
1884,0.079952252732424886,0.0079077471737269804,0.067909849999999994,0,0,0,0,0,0,0,0,0,0,0,0,0,0,0,0,0,0,0,0,0,0,0,0,0,0,0,0,0,0,0,0,0,0,0,0,0,0,0,0,0,0,0,0,0,0,0,0,0,0,0,0,0,0,0,0,2.5578590747777841,0.25542748346804378,0.00061301265981240785,9.9596000867191101e-09,0,0,0,0
1885,0.079981392566034315,0.0079077483949437054,0.067652300999999998,0,0,0,0,0,0,0,0,0,0,0,0,0,0,0,0,0,0,0,0,0,0,0,0,0,0,0,0,0,0,0,0,0,0,0,0,0,0,0,0,0,0,0,0,0,0,0,0,0,0,0,0,0,0,0,0,2.5578590747777841,0.25542748346804378,0.0015454873353068154,4.9034607132332559e-08,0,0,0,0
1886,0.080412102865216967,0.007907862833569982,0.067695624999999995,0,0,0,0,0,0,0,0,0,0,0,0,0,0,0,0,0,0,0,0,0,0,0,0,0,0,0,0,0,0,0,0,0,0,0,0,0,0,0,0,0,0,0,0,0,0,0,0,0,0,0,0,0,0,0,0,2.5578590747777841,0.25542748346804378,0.0153282169091584,3.7107025499762746e-06,0,0,0,0
1887,0.08386500051919453,0.0079153266352013155,0.067650066999999994,0,0,0,0,0,0,0,0,0,0,0,0,0,0,0,0,0,0,0,0,0,0,0,0,0,0,0,0,0,0,0,0,0,0,0,0,0,0,0,0,0,0,0,0,0,0,0,0,0,0,0,0,0,0,0,0,2.5578590747777841,0.25542748346804378,0.12582094183643916,0.00024252834702994351,0,0,0,0
1888,0.095623498416034639,0.0080281106240416254,0.067807712000000006,0,0,0,0,0,0,0,0,0,0,0,0,0,0,0,0,0,0,0,0,0,0,0,0,0,0,0,0,0,0,0,0,0,0,0,0,0,0,0,0,0,0,0,0,0,0,0,0,0,0,0,0,0,0,0,0,2.5578590747777841,0.25542748346804378,0.50209287453532536,0.0038512532141034648,0,0,0,0
1889,0.20523020815004483,0.015663601506006392,0.067611141,0,0,0,0,0,0,0,0,0,0,0,0,0,0,0,0,0,0,0,0,0,0,0,0,0,0,0,0,0,0,0,0,0,0,0,0,0,0,0,0,0,0,0,0,0,0,0,0,0,0,0,0,0,0,0,0,2.5578590747777841,0.25542748346804378,4.0095075860236689,0.24816240146648066,0,0,0,0
1890,0.15973233617092036,0.031438911220867373,0.067731403999999995,0,0,0,0,0,0,0,0,0,0,0,0,0,0,0,0,0,0,0,0,0,0,0,0,0,0,0,0,0,0,0,0,0,0,0,0,0,0,0,0,0,0,0,0,0,0,0,0,0,0,0,0,0,0,0,0,5.1114347574694516,1.0155056953384938,0,0,0,0,0,0
1891,0.15978063265014861,0.031438912753352886,0.067672689999999994,0,0,0,0,0,0,0,0,0,0,0,0,0,0,0,0,0,0,0,0,0,0,0,0,0,0,0,0,0,0,0,0,0,0,0,0,0,0,0,0,0,0,0,0,0,0,0,0,0,0,0,0,0,0,0,0,5.1114347574694516,1.0155056953384938,0.0015454873353068154,4.9034607132332559e-08,0,0,0,0
1892,0.1599605559734589,0.03143893964443336,0.067874952000000002,0,0,0,0,0,0,0,0,0,0,0,0,0,0,0,0,0,0,0,0,0,0,0,0,0,0,0,0,0,0,0,0,0,0,0,0,0,0,0,0,0,0,0,0,0,0,0,0,0,0,0,0,0,0,0,0,5.1114347574694516,1.0155056953384938,0.007303033681217738,9.0946268561705693e-07,0,0,0,0
1893,0.16021134294933087,0.031439027191979163,0.067596372000000002,0,0,0,0,0,0,0,0,0,0,0,0,0,0,0,0,0,0,0,0,0,0,0,0,0,0,0,0,0,0,0,0,0,0,0,0,0,0,0,0,0,0,0,0,0,0,0,0,0,0,0,0,0,0,0,0,5.1114347574694516,1.0155056953384938,0.0153282169091584,3.7107025499762746e-06,0,0,0,0
1894,0.16070136161275581,0.031439381200630424,0.067722336999999994,0,0,0,0,0,0,0,0,0,0,0,0,0,0,0,0,0,0,0,0,0,0,0,0,0,0,0,0,0,0,0,0,0,0,0,0,0,0,0,0,0,0,0,0,0,0,0,0,0,0,0,0,0,0,0,0,5.1114347574694516,1.0155056953384938,0.031008814138746215,1.5037840702212061e-05,0,0,0,0
1895,0.28502944823416004,0.039194765864415573,0.067913617999999995,0,0,0,0,0,0,0,0,0,0,0,0,0,0,0,0,0,0,0,0,0,0,0,0,0,0,0,0,0,0,0,0,0,0,0,0,0,0,0,0,0,0,0,0,0,0,0,0,0,0,0,0,0,0,0,0,5.1114347574694516,1.0155056953384938,4.0095075860236689,0.24816240146648066,0,0,0,0
1896,0.03125,0.030958872377754597,0.067736184000000005,0,0,0,0,0,0,0,0,0,0,0,0,0,0,0,0,0,0,0,0,0,0,0,0,0,0,0,0,0,0,0,0,0,0,0,0,0,0,0,0,0,0,0,0,0,0,0,0,0,0,0,0,0,0,0,0,1,1,0,0,0,0,0,0
1897,0.031253769315456224,0.030958872422179151,0.067727407000000003,0,0,0,0,0,0,0,0,0,0,0,0,0,0,0,0,0,0,0,0,0,0,0,0,0,0,0,0,0,0,0,0,0,0,0,0,0,0,0,0,0,0,0,0,0,0,0,0,0,0,0,0,0,0,0,0,1,1,0.00012061809459895751,1.4214427977762844e-09,0,0,0,0
1898,0.031269156645619085,0.030958872689023389,0.067732518000000005,0,0,0,0,0,0,0,0,0,0,0,0,0,0,0,0,0,0,0,0,0,0,0,0,0,0,0,0,0,0,0,0,0,0,0,0,0,0,0,0,0,0,0,0,0,0,0,0,0,0,0,0,0,0,0,0,1,1,0.00061301265981240785,9.9596000867191101e-09,0,0,0,0
1899,0.031298296479228126,0.03095887391024011,0.067811881000000004,0,0,0,0,0,0,0,0,0,0,0,0,0,0,0,0,0,0,0,0,0,0,0,0,0,0,0,0,0,0,0,0,0,0,0,0,0,0,0,0,0,0,0,0,0,0,0,0,0,0,0,0,0,0,0,0,1,1,0.0015454873353068154,4.9034607132332559e-08,0,0,0,0
1900,0.032219025441835678,0.030959342357517648,0.067694444000000006,0,0,0,0,0,0,0,0,0,0,0,0,0,0,0,0,0,0,0,0,0,0,0,0,0,0,0,0,0,0,0,0,0,0,0,0,0,0,0,0,0,0,0,0,0,0,0,0,0,0,0,0,0,0,0,0,1,1,0.031008814138746215,1.5037840702212061e-05,0,0,0,0
1901,0.033218205770190988,0.03096078682718997,0.067723028000000005,0,0,0,0,0,0,0,0,0,0,0,0,0,0,0,0,0,0,0,0,0,0,0,0,0,0,0,0,0,0,0,0,0,0,0,0,0,0,0,0,0,0,0,0,0,0,0,0,0,0,0,0,0,0,0,0,1,1,0.062982584646116405,6.1256224001522542e-05,0,0,0,0
1902,0.039101554885403622,0.030989124890190289,0.067793785999999995,0,0,0,0,0,0,0,0,0,0,0,0,0,0,0,0,0,0,0,0,0,0,0,0,0,0,0,0,0,0,0,0,0,0,0,0,0,0,0,0,0,0,0,0,0,0,0,0,0,0,0,0,0,0,0,0,1,1,0.25124975633291413,0.00096798308909524947,0,0,0,0
1903,0.046940402329228949,0.031079236139338034,0.067567077000000003,0,0,0,0,0,0,0,0,0,0,0,0,0,0,0,0,0,0,0,0,0,0,0,0,0,0,0,0,0,0,0,0,0,0,0,0,0,0,0,0,0,0,0,0,0,0,0,0,0,0,0,0,0,0,0,0,1,1,0.50209287453532536,0.0038512532141034648,0,0,0,0
1904,0.093866791858413262,0.032893397349322576,0.067753757999999997,0,0,0,0,0,0,0,0,0,0,0,0,0,0,0,0,0,0,0,0,0,0,0,0,0,0,0,0,0,0,0,0,0,0,0,0,0,0,0,0,0,0,0,0,0,0,0,0,0,0,0,0,0,0,0,0,1,1,2.0037373394692217,0.061898576585694844,0,0,0,0
1905,0.0625,0.062212013859768281,0.067824304000000002,0,0,0,0,0,0,0,0,0,0,0,0,0,0,0,0,0,0,0,0,0,0,0,0,0,0,0,0,0,0,0,0,0,0,0,0,0,0,0,0,0,0,0,0,0,0,0,0,0,0,0,0,0,0,0,0,1,1,1,1,0,0,0,0
1906,5.9412632423877264e-06,4.4057768668467677e-11,0.067574160999999994,0,0,0,0,0,0,0,0,0,0,0,0,0,0,0,0,0,0,0,0,0,0,0,0,0,0,0,0,0,0,0,0,0,0,0,0,0,0,0,0,0,0,0,0,0,0,0,0,0,0,0,0,0,0,0,0,0,0,0,0,0,0,0.00019012042375640725,1.4141590052458069e-09
1907,1.7101797125293494e-05,3.008765716421639e-10,0.067562518000000002,0,0,0,0,0,0,0,0,0,0,0,0,0,0,0,0,0,0,0,0,0,0,0,0,0,0,0,0,0,0,0,0,0,0,0,0,0,0,0,0,0,0,0,0,0,0,0,0,0,0,0,0,0,0,0,0,0,0,0,0,0,0,0.00054725750800939182,9.6574866615924256e-09
1908,4.0392057088364854e-05,1.5284508880324838e-09,0.067964617000000005,0,0,0,0,0,0,0,0,0,0,0,0,0,0,0,0,0,0,0,0,0,0,0,0,0,0,0,0,0,0,0,0,0,0,0,0,0,0,0,0,0,0,0,0,0,0,0,0,0,0,0,0,0,0,0,0,0,0,0,0,0,0,0.0012925458268276753,4.9059964966724757e-08
1909,8.1024067230804815e-05,6.746427698832109e-09,0.067671690000000007,0,0,0,0,0,0,0,0,0,0,0,0,0,0,0,0,0,0,0,0,0,0,0,0,0,0,0,0,0,0,0,0,0,0,0,0,0,0,0,0,0,0,0,0,0,0,0,0,0,0,0,0,0,0,0,0,0,0,0,0,0,0,0.0025927701513857541,2.1654572557532547e-07
1910,0.00015439326057310369,2.7862019377496404e-08,0.067641601999999995,0,0,0,0,0,0,0,0,0,0,0,0,0,0,0,0,0,0,0,0,0,0,0,0,0,0,0,0,0,0,0,0,0,0,0,0,0,0,0,0,0,0,0,0,0,0,0,0,0,0,0,0,0,0,0,0,0,0,0,0,0,0,0.004940584338339318,8.9431051090019005e-07
1911,0.00030499299819949905,1.1582427585106824e-07,0.067612365999999993,0,0,0,0,0,0,0,0,0,0,0,0,0,0,0,0,0,0,0,0,0,0,0,0,0,0,0,0,0,0,0,0,0,0,0,0,0,0,0,0,0,0,0,0,0,0,0,0,0,0,0,0,0,0,0,0,0,0,0,0,0,0,0.0097597759423839695,3.7177085374750397e-06
1912,0.0006269702648625024,4.7202832266542313e-07,0.067832762000000005,0,0,0,0,0,0,0,0,0,0,0,0,0,0,0,0,0,0,0,0,0,0,0,0,0,0,0,0,0,0,0,0,0,0,0,0,0,0,0,0,0,0,0,0,0,0,0,0,0,0,0,0,0,0,0,0,0,0,0,0,0,0,0.020063048475600077,1.5151087388275535e-05
1913,0.0012581894040387617,1.9236721541943059e-06,0.067630370999999995,0,0,0,0,0,0,0,0,0,0,0,0,0,0,0,0,0,0,0,0,0,0,0,0,0,0,0,0,0,0,0,0,0,0,0,0,0,0,0,0,0,0,0,0,0,0,0,0,0,0,0,0,0,0,0,0,0,0,0,0,0,0,0.040262060929240374,6.1745712100519162e-05
1914,0.0024643965877788258,7.590368143078428e-06,0.067698562000000004,0,0,0,0,0,0,0,0,0,0,0,0,0,0,0,0,0,0,0,0,0,0,0,0,0,0,0,0,0,0,0,0,0,0,0,0,0,0,0,0,0,0,0,0,0,0,0,0,0,0,0,0,0,0,0,0,0,0,0,0,0,0,0.078860690808922426,0.0002436343870121505
1915,0.0048545949428432213,3.0525285460560101e-05,0.067626533000000003,0,0,0,0,0,0,0,0,0,0,0,0,0,0,0,0,0,0,0,0,0,0,0,0,0,0,0,0,0,0,0,0,0,0,0,0,0,0,0,0,0,0,0,0,0,0,0,0,0,0,0,0,0,0,0,0,0,0,0,0,0,0,0.15534703817098308,0.00097979558716611076
1916,0.0096586256940865197,0.00012085190693651645,0.071891269999999993,0,0,0,0,0,0,0,0,0,0,0,0,0,0,0,0,0,0,0,0,0,0,0,0,0,0,0,0,0,0,0,0,0,0,0,0,0,0,0,0,0,0,0,0,0,0,0,0,0,0,0,0,0,0,0,0,0,0,0,0,0,0,0.30907602221076863,0.0038790846123289832
1917,0.019369275506844225,0.00048920039907025445,0.083324344999999994,0,0,0,0,0,0,0,0,0,0,0,0,0,0,0,0,0,0,0,0,0,0,0,0,0,0,0,0,0,0,0,0,0,0,0,0,0,0,0,0,0,0,0,0,0,0,0,0,0,0,0,0,0,0,0,0,0,0,0,0,0,0,0.61981681621901519,0.015702273869583686
1918,0.038963518613193159,0.0019873415459485139,0.084584515999999998,0,0,0,0,0,0,0,0,0,0,0,0,0,0,0,0,0,0,0,0,0,0,0,0,0,0,0,0,0,0,0,0,0,0,0,0,0,0,0,0,0,0,0,0,0,0,0,0,0,0,0,0,0,0,0,0,0,0,0,0,0,0,1.2468325956221811,0.06378936175480085
1919,0.077842303690234968,0.007894214345235415,0.084224357999999999,0,0,0,0,0,0,0,0,0,0,0,0,0,0,0,0,0,0,0,0,0,0,0,0,0,0,0,0,0,0,0,0,0,0,0,0,0,0,0,0,0,0,0,0,0,0,0,0,0,0,0,0,0,0,0,0,0,0,0,0,0,0,2.490953718087519,0.25338719238510099
1920,0.15532230480463394,0.030952509924050391,0.084443151999999994,0,0,0,0,0,0,0,0,0,0,0,0,0,0,0,0,0,0,0,0,0,0,0,0,0,0,0,0,0,0,0,0,0,0,0,0,0,0,0,0,0,0,0,0,0,0,0,0,0,0,0,0,0,0,0,0,0,0,0,0,0,0,4.970313753748286,0.99350856765889062
1921,0.03125,0.031154748868434085,0.084285055999999997,0,0,0,0,0,0,0,0,0,0,0,0,0,0,0,0,0,0,0,0,0,0,0,0,0,0,0,0,0,0,0,0,0,0,0,0,0,0,0,0,0,0,0,0,0,0,0,0,0,0,0,0,0,0,0,0,0,0,0,0,0,0,1,1
1922,4.8249534518953928e-06,4.4057768668467677e-11,0.084714397999999996,0,0,0,0,0,0,0,0,0,0,0,0,0,0,0,0,0,0,0,0,0,0,0,0,0,0,0,0,0,0,0,0,0,0,0,0,0,0,0,0,0,0,0,0,0,0,0,0,0,0,0,0,0,0,0,0,0,0,0,0,0.00015439851046065257,1.4067209105938954e-09,0,0
1923,2.1926750577188875e-05,3.4493434031063156e-10,0.085163948000000003,0,0,0,0,0,0,0,0,0,0,0,0,0,0,0,0,0,0,0,0,0,0,0,0,0,0,0,0,0,0,0,0,0,0,0,0,0,0,0,0,0,0,0,0,0,0,0,0,0,0,0,0,0,0,0,0,0,0,0,0,0.00015439851046065257,1.4067209105938954e-09,0.00054725750800939182,9.6574866615924256e-09
1924,0.002469221541230718,7.590412200847096e-06,0.084827858000000006,0,0,0,0,0,0,0,0,0,0,0,0,0,0,0,0,0,0,0,0,0,0,0,0,0,0,0,0,0,0,0,0,0,0,0,0,0,0,0,0,0,0,0,0,0,0,0,0,0,0,0,0,0,0,0,0,0,0,0,0,0.00015439851046065257,1.4067209105938954e-09,0.078860690808922426,0.0002436343870121505
1925,0.004859419896295113,3.0525329518328771e-05,0.084289766000000002,0,0,0,0,0,0,0,0,0,0,0,0,0,0,0,0,0,0,0,0,0,0,0,0,0,0,0,0,0,0,0,0,0,0,0,0,0,0,0,0,0,0,0,0,0,0,0,0,0,0,0,0,0,0,0,0,0,0,0,0,0.00015439851046065257,1.4067209105938954e-09,0.15534703817098308,0.00097979558716611076
1926,0.019374100460296161,0.00048920044312802317,0.084569627999999994,0,0,0,0,0,0,0,0,0,0,0,0,0,0,0,0,0,0,0,0,0,0,0,0,0,0,0,0,0,0,0,0,0,0,0,0,0,0,0,0,0,0,0,0,0,0,0,0,0,0,0,0,0,0,0,0,0,0,0,0,0.00015439851046065257,1.4067209105938954e-09,0.61981681621901519,0.015702273869583686
1927,0.038968343566645074,0.0019873415900062827,0.084490966000000001,0,0,0,0,0,0,0,0,0,0,0,0,0,0,0,0,0,0,0,0,0,0,0,0,0,0,0,0,0,0,0,0,0,0,0,0,0,0,0,0,0,0,0,0,0,0,0,0,0,0,0,0,0,0,0,0,0,0,0,0,0.00015439851046065257,1.4067209105938954e-09,1.2468325956221811,0.06378936175480085
1928,0.15532712975808566,0.030952509968108159,0.084412221999999995,0,0,0,0,0,0,0,0,0,0,0,0,0,0,0,0,0,0,0,0,0,0,0,0,0,0,0,0,0,0,0,0,0,0,0,0,0,0,0,0,0,0,0,0,0,0,0,0,0,0,0,0,0,0,0,0,0,0,0,0,0.00015439851046065257,1.4067209105938954e-09,4.970313753748286,0.99350856765889062
1929,1.5185535542481851e-05,3.0548757300132164e-10,0.084198257999999998,0,0,0,0,0,0,0,0,0,0,0,0,0,0,0,0,0,0,0,0,0,0,0,0,0,0,0,0,0,0,0,0,0,0,0,0,0,0,0,0,0,0,0,0,0,0,0,0,0,0,0,0,0,0,0,0,0,0,0,0,0.00048593713735941923,9.7539155943478803e-09,0,0
1930,9.6209602773286295e-05,7.0519152718334309e-09,0.084618632999999999,0,0,0,0,0,0,0,0,0,0,0,0,0,0,0,0,0,0,0,0,0,0,0,0,0,0,0,0,0,0,0,0,0,0,0,0,0,0,0,0,0,0,0,0,0,0,0,0,0,0,0,0,0,0,0,0,0,0,0,0,0.00048593713735941923,9.7539155943478803e-09,0.0025927701513857541,2.1654572557532547e-07
1931,0.00016957879611558674,2.8167506950497723e-08,0.08557787,0,0,0,0,0,0,0,0,0,0,0,0,0,0,0,0,0,0,0,0,0,0,0,0,0,0,0,0,0,0,0,0,0,0,0,0,0,0,0,0,0,0,0,0,0,0,0,0,0,0,0,0,0,0,0,0,0,0,0,0,0.00048593713735941923,9.7539155943478803e-09,0.004940584338339318,8.9431051090019005e-07
1932,0.00064215580040498463,4.7233381023842442e-07,0.085358064999999997,0,0,0,0,0,0,0,0,0,0,0,0,0,0,0,0,0,0,0,0,0,0,0,0,0,0,0,0,0,0,0,0,0,0,0,0,0,0,0,0,0,0,0,0,0,0,0,0,0,0,0,0,0,0,0,0,0,0,0,0,0.00048593713735941923,9.7539155943478803e-09,0.020063048475600077,1.5151087388275535e-05
1933,0.0048697804783856954,3.0525590948133103e-05,0.084922863000000001,0,0,0,0,0,0,0,0,0,0,0,0,0,0,0,0,0,0,0,0,0,0,0,0,0,0,0,0,0,0,0,0,0,0,0,0,0,0,0,0,0,0,0,0,0,0,0,0,0,0,0,0,0,0,0,0,0,0,0,0,0.00048593713735941923,9.7539155943478803e-09,0.15534703817098308,0.00097979558716611076
1934,0.0096738112296290077,0.00012085221242408946,0.084886672999999996,0,0,0,0,0,0,0,0,0,0,0,0,0,0,0,0,0,0,0,0,0,0,0,0,0,0,0,0,0,0,0,0,0,0,0,0,0,0,0,0,0,0,0,0,0,0,0,0,0,0,0,0,0,0,0,0,0,0,0,0,0.00048593713735941923,9.7539155943478803e-09,0.30907602221076863,0.0038790846123289832
1935,0.077857489225777274,0.0078942146507229877,0.084751841999999994,0,0,0,0,0,0,0,0,0,0,0,0,0,0,0,0,0,0,0,0,0,0,0,0,0,0,0,0,0,0,0,0,0,0,0,0,0,0,0,0,0,0,0,0,0,0,0,0,0,0,0,0,0,0,0,0,0,0,0,0,0.00048593713735941923,9.7539155943478803e-09,2.490953718087519,0.25338719238510099
1936,3.9624139027143976e-05,1.5341797079029525e-09,0.084966085999999996,0,0,0,0,0,0,0,0,0,0,0,0,0,0,0,0,0,0,0,0,0,0,0,0,0,0,0,0,0,0,0,0,0,0,0,0,0,0,0,0,0,0,0,0,0,0,0,0,0,0,0,0,0,0,0,0,0,0,0,0,0.0012679724488686072,4.8984838337047333e-08,0,0
1937,4.5565402269531753e-05,1.5782374765714202e-09,0.084766810999999997,0,0,0,0,0,0,0,0,0,0,0,0,0,0,0,0,0,0,0,0,0,0,0,0,0,0,0,0,0,0,0,0,0,0,0,0,0,0,0,0,0,0,0,0,0,0,0,0,0,0,0,0,0,0,0,0,0,0,0,0,0.0012679724488686072,4.8984838337047333e-08,0.00019012042375640725,1.4141590052458069e-09
1938,8.0016196115508437e-05,3.0626305959354363e-09,0.084649023000000004,0,0,0,0,0,0,0,0,0,0,0,0,0,0,0,0,0,0,0,0,0,0,0,0,0,0,0,0,0,0,0,0,0,0,0,0,0,0,0,0,0,0,0,0,0,0,0,0,0,0,0,0,0,0,0,0,0,0,0,0,0.0012679724488686072,4.8984838337047333e-08,0.0012925458268276753,4.9059964966724757e-08
1939,0.00019401739960024932,2.9396199085399355e-08,0.084437762999999999,0,0,0,0,0,0,0,0,0,0,0,0,0,0,0,0,0,0,0,0,0,0,0,0,0,0,0,0,0,0,0,0,0,0,0,0,0,0,0,0,0,0,0,0,0,0,0,0,0,0,0,0,0,0,0,0,0,0,0,0,0.0012679724488686072,4.8984838337047333e-08,0.004940584338339318,8.9431051090019005e-07
1940,0.0025040207268059765,7.5919023227863302e-06,0.084414196999999996,0,0,0,0,0,0,0,0,0,0,0,0,0,0,0,0,0,0,0,0,0,0,0,0,0,0,0,0,0,0,0,0,0,0,0,0,0,0,0,0,0,0,0,0,0,0,0,0,0,0,0,0,0,0,0,0,0,0,0,0,0.0012679724488686072,4.8984838337047333e-08,0.078860690808922426,0.0002436343870121505
1941,0.019408899645871447,0.00048920193324996232,0.084661245999999996,0,0,0,0,0,0,0,0,0,0,0,0,0,0,0,0,0,0,0,0,0,0,0,0,0,0,0,0,0,0,0,0,0,0,0,0,0,0,0,0,0,0,0,0,0,0,0,0,0,0,0,0,0,0,0,0,0,0,0,0,0.0012679724488686072,4.8984838337047333e-08,0.61981681621901519,0.015702273869583686
1942,0.03900314275222027,0.0019873430801282221,0.084543176999999997,0,0,0,0,0,0,0,0,0,0,0,0,0,0,0,0,0,0,0,0,0,0,0,0,0,0,0,0,0,0,0,0,0,0,0,0,0,0,0,0,0,0,0,0,0,0,0,0,0,0,0,0,0,0,0,0,0,0,0,0,0.0012679724488686072,4.8984838337047333e-08,1.2468325956221811,0.06378936175480085
1943,0.07788192782926201,0.0078942158794151236,0.084537034999999996,0,0,0,0,0,0,0,0,0,0,0,0,0,0,0,0,0,0,0,0,0,0,0,0,0,0,0,0,0,0,0,0,0,0,0,0,0,0,0,0,0,0,0,0,0,0,0,0,0,0,0,0,0,0,0,0,0,0,0,0,0.0012679724488686072,4.8984838337047333e-08,2.490953718087519,0.25338719238510099
1944,0.15536192894366058,0.030952511458230098,0.084769345999999995,0,0,0,0,0,0,0,0,0,0,0,0,0,0,0,0,0,0,0,0,0,0,0,0,0,0,0,0,0,0,0,0,0,0,0,0,0,0,0,0,0,0,0,0,0,0,0,0,0,0,0,0,0,0,0,0,0,0,0,0,0.0012679724488686072,4.8984838337047333e-08,4.970313753748286,0.99350856765889062
1945,0.031289624139027084,0.031154750402613791,0.084865623000000001,0,0,0,0,0,0,0,0,0,0,0,0,0,0,0,0,0,0,0,0,0,0,0,0,0,0,0,0,0,0,0,0,0,0,0,0,0,0,0,0,0,0,0,0,0,0,0,0,0,0,0,0,0,0,0,0,0,0,0,0,0.0012679724488686072,4.8984838337047333e-08,1,1
1946,7.9104069903505273e-05,6.7953322587019639e-09,0.084804424000000003,0,0,0,0,0,0,0,0,0,0,0,0,0,0,0,0,0,0,0,0,0,0,0,0,0,0,0,0,0,0,0,0,0,0,0,0,0,0,0,0,0,0,0,0,0,0,0,0,0,0,0,0,0,0,0,0,0,0,0,0,0.0025313302369121687,2.1696822766221506e-07,0,0
1947,0.00023349733047661094,3.4657351636198367e-08,0.085071512000000002,0,0,0,0,0,0,0,0,0,0,0,0,0,0,0,0,0,0,0,0,0,0,0,0,0,0,0,0,0,0,0,0,0,0,0,0,0,0,0,0,0,0,0,0,0,0,0,0,0,0,0,0,0,0,0,0,0,0,0,0,0.0025313302369121687,2.1696822766221506e-07,0.004940584338339318,8.9431051090019005e-07
1948,0.00070607433476600962,4.7882365492412503e-07,0.084967670999999995,0,0,0,0,0,0,0,0,0,0,0,0,0,0,0,0,0,0,0,0,0,0,0,0,0,0,0,0,0,0,0,0,0,0,0,0,0,0,0,0,0,0,0,0,0,0,0,0,0,0,0,0,0,0,0,0,0,0,0,0,0.0025313302369121687,2.1696822766221506e-07,0.020063048475600077,1.5151087388275535e-05
1949,0.0013372934739422655,1.930467486453008e-06,0.085008669999999995,0,0,0,0,0,0,0,0,0,0,0,0,0,0,0,0,0,0,0,0,0,0,0,0,0,0,0,0,0,0,0,0,0,0,0,0,0,0,0,0,0,0,0,0,0,0,0,0,0,0,0,0,0,0,0,0,0,0,0,0,0.0025313302369121687,2.1696822766221506e-07,0.040262060929240374,6.1745712100519162e-05
1950,0.0097377297639900176,0.00012085870226877516,0.085368616999999994,0,0,0,0,0,0,0,0,0,0,0,0,0,0,0,0,0,0,0,0,0,0,0,0,0,0,0,0,0,0,0,0,0,0,0,0,0,0,0,0,0,0,0,0,0,0,0,0,0,0,0,0,0,0,0,0,0,0,0,0,0.0025313302369121687,2.1696822766221506e-07,0.30907602221076863,0.0038790846123289832
1951,0.019448379576747783,0.00048920719440251315,0.084750418999999994,0,0,0,0,0,0,0,0,0,0,0,0,0,0,0,0,0,0,0,0,0,0,0,0,0,0,0,0,0,0,0,0,0,0,0,0,0,0,0,0,0,0,0,0,0,0,0,0,0,0,0,0,0,0,0,0,0,0,0,0,0.0025313302369121687,2.1696822766221506e-07,0.61981681621901519,0.015702273869583686
1952,0.031329104069903545,0.031154755663766343,0.085032495999999999,0,0,0,0,0,0,0,0,0,0,0,0,0,0,0,0,0,0,0,0,0,0,0,0,0,0,0,0,0,0,0,0,0,0,0,0,0,0,0,0,0,0,0,0,0,0,0,0,0,0,0,0,0,0,0,0,0,0,0,0,0.0025313302369121687,2.1696822766221506e-07,1,1
1953,0.00015060584110930262,2.8695073623050907e-08,0.084957130000000006,0,0,0,0,0,0,0,0,0,0,0,0,0,0,0,0,0,0,0,0,0,0,0,0,0,0,0,0,0,0,0,0,0,0,0,0,0,0,0,0,0,0,0,0,0,0,0,0,0,0,0,0,0,0,0,0,0,0,0,0,0.0048193869154976839,9.1620527585790163e-07,0,0
1954,0.0001677076382345971,2.8995950194693068e-08,0.084623143999999997,0,0,0,0,0,0,0,0,0,0,0,0,0,0,0,0,0,0,0,0,0,0,0,0,0,0,0,0,0,0,0,0,0,0,0,0,0,0,0,0,0,0,0,0,0,0,0,0,0,0,0,0,0,0,0,0,0,0,0,0,0.0048193869154976839,9.1620527585790163e-07,0.00054725750800939182,9.6574866615924256e-09
1955,0.001408795245148059,1.9523672278173571e-06,0.084579769999999999,0,0,0,0,0,0,0,0,0,0,0,0,0,0,0,0,0,0,0,0,0,0,0,0,0,0,0,0,0,0,0,0,0,0,0,0,0,0,0,0,0,0,0,0,0,0,0,0,0,0,0,0,0,0,0,0,0,0,0,0,0.0048193869154976839,9.1620527585790163e-07,0.040262060929240374,6.1745712100519162e-05
1956,0.005005200783952524,3.0553980534183149e-05,0.084984393000000005,0,0,0,0,0,0,0,0,0,0,0,0,0,0,0,0,0,0,0,0,0,0,0,0,0,0,0,0,0,0,0,0,0,0,0,0,0,0,0,0,0,0,0,0,0,0,0,0,0,0,0,0,0,0,0,0,0,0,0,0,0.0048193869154976839,9.1620527585790163e-07,0.15534703817098308,0.00097979558716611076
1957,0.019519881347953544,0.00048922909414387747,0.085647978999999999,0,0,0,0,0,0,0,0,0,0,0,0,0,0,0,0,0,0,0,0,0,0,0,0,0,0,0,0,0,0,0,0,0,0,0,0,0,0,0,0,0,0,0,0,0,0,0,0,0,0,0,0,0,0,0,0,0,0,0,0,0.0048193869154976839,9.1620527585790163e-07,0.61981681621901519,0.015702273869583686
1958,0.03911412445430245,0.0019873702410221372,0.085563774999999995,0,0,0,0,0,0,0,0,0,0,0,0,0,0,0,0,0,0,0,0,0,0,0,0,0,0,0,0,0,0,0,0,0,0,0,0,0,0,0,0,0,0,0,0,0,0,0,0,0,0,0,0,0,0,0,0,0,0,0,0,0.0048193869154976839,9.1620527585790163e-07,1.2468325956221811,0.06378936175480085
1959,0.15547291064574306,0.030952538619124014,0.085422702000000003,0,0,0,0,0,0,0,0,0,0,0,0,0,0,0,0,0,0,0,0,0,0,0,0,0,0,0,0,0,0,0,0,0,0,0,0,0,0,0,0,0,0,0,0,0,0,0,0,0,0,0,0,0,0,0,0,0,0,0,0,0.0048193869154976839,9.1620527585790163e-07,4.970313753748286,0.99350856765889062
1960,0.00030388567800960733,1.1867946378358429e-07,0.084921051999999997,0,0,0,0,0,0,0,0,0,0,0,0,0,0,0,0,0,0,0,0,0,0,0,0,0,0,0,0,0,0,0,0,0,0,0,0,0,0,0,0,0,0,0,0,0,0,0,0,0,0,0,0,0,0,0,0,0,0,0,0,0.0097243416963074345,3.7893177164445218e-06,0,0
1961,0.00034427773509797325,1.2020791467161678e-07,0.085362975999999993,0,0,0,0,0,0,0,0,0,0,0,0,0,0,0,0,0,0,0,0,0,0,0,0,0,0,0,0,0,0,0,0,0,0,0,0,0,0,0,0,0,0,0,0,0,0,0,0,0,0,0,0,0,0,0,0,0,0,0,0,0.0097243416963074345,3.7893177164445218e-06,0.0012925458268276753,4.9059964966724757e-08
1962,0.00093085594287210935,5.9070778644900739e-07,0.084814193999999996,0,0,0,0,0,0,0,0,0,0,0,0,0,0,0,0,0,0,0,0,0,0,0,0,0,0,0,0,0,0,0,0,0,0,0,0,0,0,0,0,0,0,0,0,0,0,0,0,0,0,0,0,0,0,0,0,0,0,0,0,0.0097243416963074345,3.7893177164445218e-06,0.020063048475600077,1.5151087388275535e-05
1963,0.005158480620852811,3.0643964924343686e-05,0.085082744000000002,0,0,0,0,0,0,0,0,0,0,0,0,0,0,0,0,0,0,0,0,0,0,0,0,0,0,0,0,0,0,0,0,0,0,0,0,0,0,0,0,0,0,0,0,0,0,0,0,0,0,0,0,0,0,0,0,0,0,0,0,0.0097243416963074345,3.7893177164445218e-06,0.15534703817098308,0.00097979558716611076
1964,0.019673161184853794,0.00048931907853403799,0.085068175999999995,0,0,0,0,0,0,0,0,0,0,0,0,0,0,0,0,0,0,0,0,0,0,0,0,0,0,0,0,0,0,0,0,0,0,0,0,0,0,0,0,0,0,0,0,0,0,0,0,0,0,0,0,0,0,0,0,0,0,0,0,0.0097243416963074345,3.7893177164445218e-06,0.61981681621901519,0.015702273869583686
1965,0.00058056523500787417,4.7841581709368188e-07,0.086547299999999994,0,0,0,0,0,0,0,0,0,0,0,0,0,0,0,0,0,0,0,0,0,0,0,0,0,0,0,0,0,0,0,0,0,0,0,0,0,0,0,0,0,0,0,0,0,0,0,0,0,0,0,0,0,0,0,0,0,0,0,0,0.018578087520251974,1.5275343127992177e-05,0,0
1966,0.00059766703213316762,4.7871669366532401e-07,0.085199901999999994,0,0,0,0,0,0,0,0,0,0,0,0,0,0,0,0,0,0,0,0,0,0,0,0,0,0,0,0,0,0,0,0,0,0,0,0,0,0,0,0,0,0,0,0,0,0,0,0,0,0,0,0,0,0,0,0,0,0,0,0,0.018578087520251974,1.5275343127992177e-05,0.00054725750800939182,9.6574866615924256e-09
1967,0.00066158930223867785,4.8516224479251396e-07,0.085620856999999995,0,0,0,0,0,0,0,0,0,0,0,0,0,0,0,0,0,0,0,0,0,0,0,0,0,0,0,0,0,0,0,0,0,0,0,0,0,0,0,0,0,0,0,0,0,0,0,0,0,0,0,0,0,0,0,0,0,0,0,0,0.018578087520251974,1.5275343127992177e-05,0.0025927701513857541,2.1654572557532547e-07
1968,0.0018387546390466333,2.4020879712879877e-06,0.085865450999999995,0,0,0,0,0,0,0,0,0,0,0,0,0,0,0,0,0,0,0,0,0,0,0,0,0,0,0,0,0,0,0,0,0,0,0,0,0,0,0,0,0,0,0,0,0,0,0,0,0,0,0,0,0,0,0,0,0,0,0,0,0.018578087520251974,1.5275343127992177e-05,0.040262060929240374,6.1745712100519162e-05
1969,0.0030449618227866891,8.0687839601721086e-06,0.085699288999999998,0,0,0,0,0,0,0,0,0,0,0,0,0,0,0,0,0,0,0,0,0,0,0,0,0,0,0,0,0,0,0,0,0,0,0,0,0,0,0,0,0,0,0,0,0,0,0,0,0,0,0,0,0,0,0,0,0,0,0,0,0.018578087520251974,1.5275343127992177e-05,0.078860690808922426,0.0002436343870121505
1970,0.039544083848200975,0.0019878199617656077,0.085203449000000001,0,0,0,0,0,0,0,0,0,0,0,0,0,0,0,0,0,0,0,0,0,0,0,0,0,0,0,0,0,0,0,0,0,0,0,0,0,0,0,0,0,0,0,0,0,0,0,0,0,0,0,0,0,0,0,0,0,0,0,0,0.018578087520251974,1.5275343127992177e-05,1.2468325956221811,0.06378936175480085
1971,0.15590287003964121,0.030952988339867486,0.085303192,0,0,0,0,0,0,0,0,0,0,0,0,0,0,0,0,0,0,0,0,0,0,0,0,0,0,0,0,0,0,0,0,0,0,0,0,0,0,0,0,0,0,0,0,0,0,0,0,0,0,0,0,0,0,0,0,0,0,0,0,0.018578087520251974,1.5275343127992177e-05,4.970313753748286,0.99350856765889062
1972,0.0011408829262298677,1.9069140985273598e-06,0.085493781000000005,0,0,0,0,0,0,0,0,0,0,0,0,0,0,0,0,0,0,0,0,0,0,0,0,0,0,0,0,0,0,0,0,0,0,0,0,0,0,0,0,0,0,0,0,0,0,0,0,0,0,0,0,0,0,0,0,0,0,0,0,0.036508253639355767,6.0885878204372576e-05,0,0
1973,0.0012219069934606666,1.9136605262261918e-06,0.085048098000000003,0,0,0,0,0,0,0,0,0,0,0,0,0,0,0,0,0,0,0,0,0,0,0,0,0,0,0,0,0,0,0,0,0,0,0,0,0,0,0,0,0,0,0,0,0,0,0,0,0,0,0,0,0,0,0,0,0,0,0,0,0.036508253639355767,6.0885878204372576e-05,0.0025927701513857541,2.1654572557532547e-07
1974,0.0012952761868029765,1.9347761179048562e-06,0.084942032000000001,0,0,0,0,0,0,0,0,0,0,0,0,0,0,0,0,0,0,0,0,0,0,0,0,0,0,0,0,0,0,0,0,0,0,0,0,0,0,0,0,0,0,0,0,0,0,0,0,0,0,0,0,0,0,0,0,0,0,0,0,0.036508253639355767,6.0885878204372576e-05,0.004940584338339318,8.9431051090019005e-07
1975,0.0017678531910923756,2.3789424211927828e-06,0.085781648000000002,0,0,0,0,0,0,0,0,0,0,0,0,0,0,0,0,0,0,0,0,0,0,0,0,0,0,0,0,0,0,0,0,0,0,0,0,0,0,0,0,0,0,0,0,0,0,0,0,0,0,0,0,0,0,0,0,0,0,0,0,0.036508253639355767,6.0885878204372576e-05,0.020063048475600077,1.5151087388275535e-05
1976,0.002399072330268621,3.830586252721666e-06,0.085496346000000001,0,0,0,0,0,0,0,0,0,0,0,0,0,0,0,0,0,0,0,0,0,0,0,0,0,0,0,0,0,0,0,0,0,0,0,0,0,0,0,0,0,0,0,0,0,0,0,0,0,0,0,0,0,0,0,0,0,0,0,0,0.036508253639355767,6.0885878204372576e-05,0.040262060929240374,6.1745712100519162e-05
1977,0.0036052795140086745,9.4972822416057878e-06,0.085407544000000002,0,0,0,0,0,0,0,0,0,0,0,0,0,0,0,0,0,0,0,0,0,0,0,0,0,0,0,0,0,0,0,0,0,0,0,0,0,0,0,0,0,0,0,0,0,0,0,0,0,0,0,0,0,0,0,0,0,0,0,0,0.036508253639355767,6.0885878204372576e-05,0.078860690808922426,0.0002436343870121505
1978,0.078983186616464973,0.0078961212593339422,0.085314353999999995,0,0,0,0,0,0,0,0,0,0,0,0,0,0,0,0,0,0,0,0,0,0,0,0,0,0,0,0,0,0,0,0,0,0,0,0,0,0,0,0,0,0,0,0,0,0,0,0,0,0,0,0,0,0,0,0,0,0,0,0,0.036508253639355767,6.0885878204372576e-05,2.490953718087519,0.25338719238510099
1979,0.032390882926229742,0.03115665578253261,0.084871688000000001,0,0,0,0,0,0,0,0,0,0,0,0,0,0,0,0,0,0,0,0,0,0,0,0,0,0,0,0,0,0,0,0,0,0,0,0,0,0,0,0,0,0,0,0,0,0,0,0,0,0,0,0,0,0,0,0,0,0,0,0,0.036508253639355767,6.0885878204372576e-05,1,1
1980,0.0022473972875437075,7.6365700972425607e-06,0.085411153000000004,0,0,0,0,0,0,0,0,0,0,0,0,0,0,0,0,0,0,0,0,0,0,0,0,0,0,0,0,0,0,0,0,0,0,0,0,0,0,0,0,0,0,0,0,0,0,0,0,0,0,0,0,0,0,0,0,0,0,0,0,0.071916713201398641,0.00024382811852874508,0,0
1981,0.0022644990846689989,7.6368709738142021e-06,0.085682006000000005,0,0,0,0,0,0,0,0,0,0,0,0,0,0,0,0,0,0,0,0,0,0,0,0,0,0,0,0,0,0,0,0,0,0,0,0,0,0,0,0,0,0,0,0,0,0,0,0,0,0,0,0,0,0,0,0,0,0,0,0,0.071916713201398641,0.00024382811852874508,0.00054725750800939182,9.6574866615924256e-09
1982,0.0028743675524062042,8.1085984199079829e-06,0.085038139999999998,0,0,0,0,0,0,0,0,0,0,0,0,0,0,0,0,0,0,0,0,0,0,0,0,0,0,0,0,0,0,0,0,0,0,0,0,0,0,0,0,0,0,0,0,0,0,0,0,0,0,0,0,0,0,0,0,0,0,0,0,0.071916713201398641,0.00024382811852874508,0.020063048475600077,1.5151087388275535e-05
1983,0.003505586691582443,9.560242251436867e-06,0.085817879999999999,0,0,0,0,0,0,0,0,0,0,0,0,0,0,0,0,0,0,0,0,0,0,0,0,0,0,0,0,0,0,0,0,0,0,0,0,0,0,0,0,0,0,0,0,0,0,0,0,0,0,0,0,0,0,0,0,0,0,0,0,0.071916713201398641,0.00024382811852874508,0.040262060929240374,6.1745712100519162e-05
1984,0.080089700977778525,0.0079018509153326571,0.085732995000000006,0,0,0,0,0,0,0,0,0,0,0,0,0,0,0,0,0,0,0,0,0,0,0,0,0,0,0,0,0,0,0,0,0,0,0,0,0,0,0,0,0,0,0,0,0,0,0,0,0,0,0,0,0,0,0,0,0,0,0,0,0.071916713201398641,0.00024382811852874508,2.490953718087519,0.25338719238510099
1985,0.033497397287543605,0.031162385438531327,0.085504704000000001,0,0,0,0,0,0,0,0,0,0,0,0,0,0,0,0,0,0,0,0,0,0,0,0,0,0,0,0,0,0,0,0,0,0,0,0,0,0,0,0,0,0,0,0,0,0,0,0,0,0,0,0,0,0,0,0,0,0,0,0,0.071916713201398641,0.00024382811852874508,1,1
1986,0.0044164881615853741,3.0196785707184705e-05,0.085685762999999998,0,0,0,0,0,0,0,0,0,0,0,0,0,0,0,0,0,0,0,0,0,0,0,0,0,0,0,0,0,0,0,0,0,0,0,0,0,0,0,0,0,0,0,0,0,0,0,0,0,0,0,0,0,0,0,0,0,0,0,0,0.14132762117073197,0.0009641534551299598,0,0
1987,0.0044224294248277609,3.0196829764953372e-05,0.085463974999999998,0,0,0,0,0,0,0,0,0,0,0,0,0,0,0,0,0,0,0,0,0,0,0,0,0,0,0,0,0,0,0,0,0,0,0,0,0,0,0,0,0,0,0,0,0,0,0,0,0,0,0,0,0,0,0,0,0,0,0,0,0.14132762117073197,0.0009641534551299598,0.00019012042375640725,1.4141590052458069e-09
1988,0.0044568802186737439,3.0198314158072737e-05,0.085123885999999996,0,0,0,0,0,0,0,0,0,0,0,0,0,0,0,0,0,0,0,0,0,0,0,0,0,0,0,0,0,0,0,0,0,0,0,0,0,0,0,0,0,0,0,0,0,0,0,0,0,0,0,0,0,0,0,0,0,0,0,0,0.14132762117073197,0.0009641534551299598,0.0012925458268276753,4.9059964966724757e-08
1989,0.0044975122288161721,3.0203532134883536e-05,0.085866074000000001,0,0,0,0,0,0,0,0,0,0,0,0,0,0,0,0,0,0,0,0,0,0,0,0,0,0,0,0,0,0,0,0,0,0,0,0,0,0,0,0,0,0,0,0,0,0,0,0,0,0,0,0,0,0,0,0,0,0,0,0,0.14132762117073197,0.0009641534551299598,0.0025927701513857541,2.1654572557532547e-07
1990,0.0047214811597848768,3.0312609983035772e-05,0.085530313999999996,0,0,0,0,0,0,0,0,0,0,0,0,0,0,0,0,0,0,0,0,0,0,0,0,0,0,0,0,0,0,0,0,0,0,0,0,0,0,0,0,0,0,0,0,0,0,0,0,0,0,0,0,0,0,0,0,0,0,0,0,0.14132762117073197,0.0009641534551299598,0.0097597759423839695,3.7177085374750397e-06
1991,0.009271083104428552,6.0722071167744806e-05,0.085462371999999995,0,0,0,0,0,0,0,0,0,0,0,0,0,0,0,0,0,0,0,0,0,0,0,0,0,0,0,0,0,0,0,0,0,0,0,0,0,0,0,0,0,0,0,0,0,0,0,0,0,0,0,0,0,0,0,0,0,0,0,0,0.14132762117073197,0.0009641534551299598,0.15534703817098308,0.00097979558716611076
1992,0.15973879296621851,0.030982706709757574,0.085375244000000003,0,0,0,0,0,0,0,0,0,0,0,0,0,0,0,0,0,0,0,0,0,0,0,0,0,0,0,0,0,0,0,0,0,0,0,0,0,0,0,0,0,0,0,0,0,0,0,0,0,0,0,0,0,0,0,0,0,0,0,0,0.14132762117073197,0.0009641534551299598,4.970313753748286,0.99350856765889062
1993,0.0087587286144552631,0.00012034849094249111,0.085967129000000003,0,0,0,0,0,0,0,0,0,0,0,0,0,0,0,0,0,0,0,0,0,0,0,0,0,0,0,0,0,0,0,0,0,0,0,0,0,0,0,0,0,0,0,0,0,0,0,0,0,0,0,0,0,0,0,0,0,0,0,0,0.28027931566256842,0.0038426081003141827,0,0
1994,0.0087991206715436303,0.00012035001939337914,0.08624068,0,0,0,0,0,0,0,0,0,0,0,0,0,0,0,0,0,0,0,0,0,0,0,0,0,0,0,0,0,0,0,0,0,0,0,0,0,0,0,0,0,0,0,0,0,0,0,0,0,0,0,0,0,0,0,0,0,0,0,0,0.28027931566256842,0.0038426081003141827,0.0012925458268276753,4.9059964966724757e-08
1995,0.0088397526816860871,0.00012035523737018995,0.085639595999999998,0,0,0,0,0,0,0,0,0,0,0,0,0,0,0,0,0,0,0,0,0,0,0,0,0,0,0,0,0,0,0,0,0,0,0,0,0,0,0,0,0,0,0,0,0,0,0,0,0,0,0,0,0,0,0,0,0,0,0,0,0.28027931566256842,0.0038426081003141827,0.0025927701513857541,2.1654572557532547e-07
1996,0.0093856988793177467,0.00012082051926515653,0.085812861000000004,0,0,0,0,0,0,0,0,0,0,0,0,0,0,0,0,0,0,0,0,0,0,0,0,0,0,0,0,0,0,0,0,0,0,0,0,0,0,0,0,0,0,0,0,0,0,0,0,0,0,0,0,0,0,0,0,0,0,0,0,0.28027931566256842,0.0038426081003141827,0.020063048475600077,1.5151087388275535e-05
1997,0.010016918018494032,0.00012227216309668542,0.085269669000000006,0,0,0,0,0,0,0,0,0,0,0,0,0,0,0,0,0,0,0,0,0,0,0,0,0,0,0,0,0,0,0,0,0,0,0,0,0,0,0,0,0,0,0,0,0,0,0,0,0,0,0,0,0,0,0,0,0,0,0,0,0.28027931566256842,0.0038426081003141827,0.040262060929240374,6.1745712100519162e-05
1998,0.028128004121299188,0.00060954889001274559,0.085423606999999999,0,0,0,0,0,0,0,0,0,0,0,0,0,0,0,0,0,0,0,0,0,0,0,0,0,0,0,0,0,0,0,0,0,0,0,0,0,0,0,0,0,0,0,0,0,0,0,0,0,0,0,0,0,0,0,0,0,0,0,0,0.28027931566256842,0.0038426081003141827,0.61981681621901519,0.015702273869583686
1999,0.16408103341908906,0.031072858414992882,0.085520374999999996,0,0,0,0,0,0,0,0,0,0,0,0,0,0,0,0,0,0,0,0,0,0,0,0,0,0,0,0,0,0,0,0,0,0,0,0,0,0,0,0,0,0,0,0,0,0,0,0,0,0,0,0,0,0,0,0,0,0,0,0,0.28027931566256842,0.0038426081003141827,4.970313753748286,0.99350856765889062
2000,0.017496847542220216,0.0004926479081331837,0.085462152,0,0,0,0,0,0,0,0,0,0,0,0,0,0,0,0,0,0,0,0,0,0,0,0,0,0,0,0,0,0,0,0,0,0,0,0,0,0,0,0,0,0,0,0,0,0,0,0,0,0,0,0,0,0,0,0,0,0,0,0,0.55989912135104691,0.015729759696779332,0,0
2001,0.017502788805462563,0.00049264795219095242,0.085744749999999995,0,0,0,0,0,0,0,0,0,0,0,0,0,0,0,0,0,0,0,0,0,0,0,0,0,0,0,0,0,0,0,0,0,0,0,0,0,0,0,0,0,0,0,0,0,0,0,0,0,0,0,0,0,0,0,0,0,0,0,0,0.55989912135104691,0.015729759696779332,0.00019012042375640725,1.4141590052458069e-09
2002,0.017513949339345507,0.0004926482090097554,0.085325459000000006,0,0,0,0,0,0,0,0,0,0,0,0,0,0,0,0,0,0,0,0,0,0,0,0,0,0,0,0,0,0,0,0,0,0,0,0,0,0,0,0,0,0,0,0,0,0,0,0,0,0,0,0,0,0,0,0,0,0,0,0,0.55989912135104691,0.015729759696779332,0.00054725750800939182,9.6574866615924256e-09
2003,0.017537239599308568,0.00049264943658407169,0.085274399000000001,0,0,0,0,0,0,0,0,0,0,0,0,0,0,0,0,0,0,0,0,0,0,0,0,0,0,0,0,0,0,0,0,0,0,0,0,0,0,0,0,0,0,0,0,0,0,0,0,0,0,0,0,0,0,0,0,0,0,0,0,0.55989912135104691,0.015729759696779332,0.0012925458268276753,4.9059964966724757e-08
2004,0.017651240802793313,0.00049267577015256123,0.086095698999999998,0,0,0,0,0,0,0,0,0,0,0,0,0,0,0,0,0,0,0,0,0,0,0,0,0,0,0,0,0,0,0,0,0,0,0,0,0,0,0,0,0,0,0,0,0,0,0,0,0,0,0,0,0,0,0,0,0,0,0,0,0.55989912135104691,0.015729759696779332,0.004940584338339318,8.9431051090019005e-07
2005,0.018755036946258959,0.00049457158028737801,0.085357821,0,0,0,0,0,0,0,0,0,0,0,0,0,0,0,0,0,0,0,0,0,0,0,0,0,0,0,0,0,0,0,0,0,0,0,0,0,0,0,0,0,0,0,0,0,0,0,0,0,0,0,0,0,0,0,0,0,0,0,0,0.55989912135104691,0.015729759696779332,0.040262060929240374,6.1745712100519162e-05
2006,0.027155473236306644,0.0006134998150697002,0.085412577000000003,0,0,0,0,0,0,0,0,0,0,0,0,0,0,0,0,0,0,0,0,0,0,0,0,0,0,0,0,0,0,0,0,0,0,0,0,0,0,0,0,0,0,0,0,0,0,0,0,0,0,0,0,0,0,0,0,0,0,0,0,0.55989912135104691,0.015729759696779332,0.30907602221076863,0.0038790846123289832
2007,0.036866123049064212,0.00098184830720343826,0.085122294000000001,0,0,0,0,0,0,0,0,0,0,0,0,0,0,0,0,0,0,0,0,0,0,0,0,0,0,0,0,0,0,0,0,0,0,0,0,0,0,0,0,0,0,0,0,0,0,0,0,0,0,0,0,0,0,0,0,0,0,0,0,0.55989912135104691,0.015729759696779332,0.61981681621901519,0.015702273869583686
2008,0.056460366155413375,0.0024799894540816977,0.085265612000000005,0,0,0,0,0,0,0,0,0,0,0,0,0,0,0,0,0,0,0,0,0,0,0,0,0,0,0,0,0,0,0,0,0,0,0,0,0,0,0,0,0,0,0,0,0,0,0,0,0,0,0,0,0,0,0,0,0,0,0,0,0.55989912135104691,0.015729759696779332,1.2468325956221811,0.06378936175480085
2009,0.03481705952960866,0.0019799986187835372,0.085250643000000001,0,0,0,0,0,0,0,0,0,0,0,0,0,0,0,0,0,0,0,0,0,0,0,0,0,0,0,0,0,0,0,0,0,0,0,0,0,0,0,0,0,0,0,0,0,0,0,0,0,0,0,0,0,0,0,0,0,0,0,0,1.1141459049474771,0.063219394539680521,0,0
2010,0.034823000792851014,0.0019799986628413059,0.085553270000000001,0,0,0,0,0,0,0,0,0,0,0,0,0,0,0,0,0,0,0,0,0,0,0,0,0,0,0,0,0,0,0,0,0,0,0,0,0,0,0,0,0,0,0,0,0,0,0,0,0,0,0,0,0,0,0,0,0,0,0,0,1.1141459049474771,0.063219394539680521,0.00019012042375640725,1.4141590052458069e-09
2011,0.035444029794471081,0.0019804706471062026,0.085408639999999994,0,0,0,0,0,0,0,0,0,0,0,0,0,0,0,0,0,0,0,0,0,0,0,0,0,0,0,0,0,0,0,0,0,0,0,0,0,0,0,0,0,0,0,0,0,0,0,0,0,0,0,0,0,0,0,0,0,0,0,0,1.1141459049474771,0.063219394539680521,0.020063048475600077,1.5151087388275535e-05
2012,0.036075248933647365,0.0019819222909377315,0.085740864,0,0,0,0,0,0,0,0,0,0,0,0,0,0,0,0,0,0,0,0,0,0,0,0,0,0,0,0,0,0,0,0,0,0,0,0,0,0,0,0,0,0,0,0,0,0,0,0,0,0,0,0,0,0,0,0,0,0,0,0,1.1141459049474771,0.063219394539680521,0.040262060929240374,6.1745712100519162e-05
2013,0.044475685223695383,0.0021008505257200535,0.085866877999999994,0,0,0,0,0,0,0,0,0,0,0,0,0,0,0,0,0,0,0,0,0,0,0,0,0,0,0,0,0,0,0,0,0,0,0,0,0,0,0,0,0,0,0,0,0,0,0,0,0,0,0,0,0,0,0,0,0,0,0,0,1.1141459049474771,0.063219394539680521,0.30907602221076863,0.0038790846123289832
2014,0.073780578142802006,0.0039673401647320515,0.085860164000000003,0,0,0,0,0,0,0,0,0,0,0,0,0,0,0,0,0,0,0,0,0,0,0,0,0,0,0,0,0,0,0,0,0,0,0,0,0,0,0,0,0,0,0,0,0,0,0,0,0,0,0,0,0,0,0,0,0,0,0,0,1.1141459049474771,0.063219394539680521,1.2468325956221811,0.06378936175480085
2015,0.11265936321984359,0.0098742129640189517,0.085510597999999993,0,0,0,0,0,0,0,0,0,0,0,0,0,0,0,0,0,0,0,0,0,0,0,0,0,0,0,0,0,0,0,0,0,0,0,0,0,0,0,0,0,0,0,0,0,0,0,0,0,0,0,0,0,0,0,0,0,0,0,0,1.1141459049474771,0.063219394539680521,2.490953718087519,0.25338719238510099
2016,0.19013936433424192,0.03293250854283393,0.086182248000000003,0,0,0,0,0,0,0,0,0,0,0,0,0,0,0,0,0,0,0,0,0,0,0,0,0,0,0,0,0,0,0,0,0,0,0,0,0,0,0,0,0,0,0,0,0,0,0,0,0,0,0,0,0,0,0,0,0,0,0,0,1.1141459049474771,0.063219394539680521,4.970313753748286,0.99350856765889062
2017,0.069293170956715167,0.0077731825864441407,0.085742156,0,0,0,0,0,0,0,0,0,0,0,0,0,0,0,0,0,0,0,0,0,0,0,0,0,0,0,0,0,0,0,0,0,0,0,0,0,0,0,0,0,0,0,0,0,0,0,0,0,0,0,0,0,0,0,0,0,0,0,0,2.2173814706148853,0.24819001998258985,0,0
2018,0.069598163954914638,0.0077732984107199915,0.089396923000000003,0,0,0,0,0,0,0,0,0,0,0,0,0,0,0,0,0,0,0,0,0,0,0,0,0,0,0,0,0,0,0,0,0,0,0,0,0,0,0,0,0,0,0,0,0,0,0,0,0,0,0,0,0,0,0,0,0,0,0,0,2.2173814706148853,0.24819001998258985,0.0097597759423839695,3.7177085374750397e-06
2019,0.069920141221577484,0.0077736546147668057,0.085907606999999997,0,0,0,0,0,0,0,0,0,0,0,0,0,0,0,0,0,0,0,0,0,0,0,0,0,0,0,0,0,0,0,0,0,0,0,0,0,0,0,0,0,0,0,0,0,0,0,0,0,0,0,0,0,0,0,0,0,0,0,0,2.2173814706148853,0.24819001998258985,0.020063048475600077,1.5151087388275535e-05
2020,0.07414776589955821,0.0078037078719047004,0.085996398000000002,0,0,0,0,0,0,0,0,0,0,0,0,0,0,0,0,0,0,0,0,0,0,0,0,0,0,0,0,0,0,0,0,0,0,0,0,0,0,0,0,0,0,0,0,0,0,0,0,0,0,0,0,0,0,0,0,0,0,0,0,2.2173814706148853,0.24819001998258985,0.15534703817098308,0.00097979558716611076
2021,0.13810258220178365,0.030809820315349339,0.086175525000000003,0,0,0,0,0,0,0,0,0,0,0,0,0,0,0,0,0,0,0,0,0,0,0,0,0,0,0,0,0,0,0,0,0,0,0,0,0,0,0,0,0,0,0,0,0,0,0,0,0,0,0,0,0,0,0,0,0,0,0,0,4.4192826304570767,0.98372704290541446,0,0
2022,0.138729552466647,0.030810292343672007,0.086029032000000005,0,0,0,0,0,0,0,0,0,0,0,0,0,0,0,0,0,0,0,0,0,0,0,0,0,0,0,0,0,0,0,0,0,0,0,0,0,0,0,0,0,0,0,0,0,0,0,0,0,0,0,0,0,0,0,0,0,0,0,0,4.4192826304570767,0.98372704290541446,0.020063048475600077,1.5151087388275535e-05
2023,0.13936077160582286,0.030811743987503533,0.086017460000000004,0,0,0,0,0,0,0,0,0,0,0,0,0,0,0,0,0,0,0,0,0,0,0,0,0,0,0,0,0,0,0,0,0,0,0,0,0,0,0,0,0,0,0,0,0,0,0,0,0,0,0,0,0,0,0,0,0,0,0,0,4.4192826304570767,0.98372704290541446,0.040262060929240374,6.1745712100519162e-05
2024,0.17706610081497626,0.032797161861297858,0.086225552999999996,0,0,0,0,0,0,0,0,0,0,0,0,0,0,0,0,0,0,0,0,0,0,0,0,0,0,0,0,0,0,0,0,0,0,0,0,0,0,0,0,0,0,0,0,0,0,0,0,0,0,0,0,0,0,0,0,0,0,0,0,4.4192826304570767,0.98372704290541446,1.2468325956221811,0.06378936175480085
2025,0.2159448858920176,0.038704034660584752,0.085636823000000001,0,0,0,0,0,0,0,0,0,0,0,0,0,0,0,0,0,0,0,0,0,0,0,0,0,0,0,0,0,0,0,0,0,0,0,0,0,0,0,0,0,0,0,0,0,0,0,0,0,0,0,0,0,0,0,0,0,0,0,0,4.4192826304570767,0.98372704290541446,2.490953718087519,0.25338719238510099
2026,0.03125,0.031319480883999357,0.085533422999999997,0,0,0,0,0,0,0,0,0,0,0,0,0,0,0,0,0,0,0,0,0,0,0,0,0,0,0,0,0,0,0,0,0,0,0,0,0,0,0,0,0,0,0,0,0,0,0,0,0,0,0,0,0,0,0,0,0,0,0,0,1,1,0,0
2027,0.031255941263242382,0.031319480928057121,0.085628416999999998,0,0,0,0,0,0,0,0,0,0,0,0,0,0,0,0,0,0,0,0,0,0,0,0,0,0,0,0,0,0,0,0,0,0,0,0,0,0,0,0,0,0,0,0,0,0,0,0,0,0,0,0,0,0,0,0,0,0,0,0,1,1,0.00019012042375640725,1.4141590052458069e-09
2028,0.031290392057088182,0.031319482412450243,0.085707881,0,0,0,0,0,0,0,0,0,0,0,0,0,0,0,0,0,0,0,0,0,0,0,0,0,0,0,0,0,0,0,0,0,0,0,0,0,0,0,0,0,0,0,0,0,0,0,0,0,0,0,0,0,0,0,0,0,0,0,0,1,1,0.0012925458268276753,4.9059964966724757e-08
2029,0.031554992998199478,0.031319596708275207,0.085657523999999999,0,0,0,0,0,0,0,0,0,0,0,0,0,0,0,0,0,0,0,0,0,0,0,0,0,0,0,0,0,0,0,0,0,0,0,0,0,0,0,0,0,0,0,0,0,0,0,0,0,0,0,0,0,0,0,0,0,0,0,0,1,1,0.0097597759423839695,3.7177085374750397e-06
2030,0.10909230369023483,0.03921369522923477,0.085409322999999995,0,0,0,0,0,0,0,0,0,0,0,0,0,0,0,0,0,0,0,0,0,0,0,0,0,0,0,0,0,0,0,0,0,0,0,0,0,0,0,0,0,0,0,0,0,0,0,0,0,0,0,0,0,0,0,0,0,0,0,0,1,1,2.490953718087519,0.25338719238510099
2031,0.18657230480463349,0.062271990808049744,0.085773356999999995,0,0,0,0,0,0,0,0,0,0,0,0,0,0,0,0,0,0,0,0,0,0,0,0,0,0,0,0,0,0,0,0,0,0,0,0,0,0,0,0,0,0,0,0,0,0,0,0,0,0,0,0,0,0,0,0,0,0,0,0,1,1,4.970313753748286,0.99350856765889062
2032,0.0625,0.062474229752433441,0.086210733999999997,0,0,0,0,0,0,0,0,0,0,0,0,0,0,0,0,0,0,0,0,0,0,0,0,0,0,0,0,0,0,0,0,0,0,0,0,0,0,0,0,0,0,0,0,0,0,0,0,0,0,0,0,0,0,0,0,0,0,0,0,1,1,1,1
