config_id,overall_MAPE,overall_NMSE,runtime_sec,s0_MAPE,s0_NMSE,s1_MAPE,s1_NMSE,s2_MAPE,s2_NMSE,s3_MAPE,s3_NMSE,s4_MAPE,s4_NMSE
0,0,0,0.015245659,0,0,0,0,0,0,0,0,0,0
1,0.0003441145397622694,2.8488482178333717e-09,0.015054147,0,0,0,0,0,0,0,0,0.0003441145397622694,2.8488482178333717e-09
2,0.0011137781542328951,1.9666077745222721e-08,0.014907412,0,0,0,0,0,0,0,0,0.0011137781542328951,1.9666077745222721e-08
3,0.0025502881807835864,9.853245885274214e-08,0.014967980000000001,0,0,0,0,0,0,0,0,0.0025502881807835864,9.853245885274214e-08
4,0.0055576717676975368,4.4941701671434056e-07,0.015000403000000001,0,0,0,0,0,0,0,0,0.0055576717676975368,4.4941701671434056e-07
5,0.011998077590687784,1.9024147497166475e-06,0.015065037999999999,0,0,0,0,0,0,0,0,0.011998077590687784,1.9024147497166475e-06
6,0.024380651360960948,7.631216362179021e-06,0.014978180000000001,0,0,0,0,0,0,0,0,0.024380651360960948,7.631216362179021e-06
7,0.048165930627978824,3.1024997526312467e-05,0.014947190000000001,0,0,0,0,0,0,0,0,0.048165930627978824,3.1024997526312467e-05
8,0.095166505640853619,0.00012474732005306627,0.014884609,0,0,0,0,0,0,0,0,0.095166505640853619,0.00012474732005306627
9,0.19041559486652979,0.0004957115273660211,0.0148495,0,0,0,0,0,0,0,0,0.19041559486652979,0.0004957115273660211
10,0.00087948544621906403,1.7115793815610178e-08,0.014871974,0,0,0,0,0,0,0.00059882329038815337,6.6185493683973793e-09,0,0
11,0.00170877626884116,6.0561438653463164e-08,0.014900329,0,0,0,0,0,0,0.00059882329038815337,6.6185493683973793e-09,0.0011137781542328951,1.9666077745222721e-08
12,0.0029739362401572109,0.0073121970832199096,0.014829401000000001,0,0,0,0,0,0,0.0016266125358492093,4.650168832398788e-08,0,0
13,0.050308162028290561,0.0073180526565914212,0.014829241,0,0,0,0,0,0,0.0016266125358492093,4.650168832398788e-08,0.048165930627978824,3.1024997526312467e-05
14,0.097279589152466941,0.0073864126262395248,0.014946909,0,0,0,0,0,0,0.0016266125358492093,4.650168832398788e-08,0.095166505640853619,0.00012474732005306627
15,0.0061648302841776168,0.0073112848807718117,0.014890029000000001,0,0,0,0,0,0,0.0036204138554804133,2.2943610162988871e-07,0,0
16,0.19310949729788859,0.0077159399791956948,0.014807458000000001,0,0,0,0,0,0,0.0036204138554804133,2.2943610162988871e-07,0.19041559486652979,0.0004957115273660211
17,0.012898298143288108,0.0073120574527624094,0.014820834,0,0,0,0,0,0,0.0075661031970618185,1.0157051859989345e-06,0,0
18,0.022758566356909555,0.0097522347400245367,0.014827056999999999,0,0,0,0,0,0,0.016534326377095288,4.2141881657428466e-06,0,0
19,0.023814621755404556,0.0097524375758607177,0.014803751,0,0,0,0,0,0,0.016534326377095288,4.2141881657428466e-06,0.0011137781542328951,1.9666077745222721e-08
20,0.025276488204609857,0.0097528737703392303,0.014759425,0,0,0,0,0,0,0.016534326377095288,4.2141881657428466e-06,0.0025502881807835864,9.853245885274214e-08
21,0.068581431701580362,0.0097837109976060491,0.014757470999999999,0,0,0,0,0,0,0.016534326377095288,4.2141881657428466e-06,0.048165930627978824,3.1024997526312467e-05
22,0.11988647427288997,0.0098689464111416172,0.014777248999999999,0,0,0,0,0,0,0.016534326377095288,4.2141881657428466e-06,0.095166505640853619,0.00012474732005306627
23,0.048201776899621587,0.014635975933810979,0.014778862,0,0,0,0,0,0,0.032922391524293174,1.7197917793120815e-05,0,0
24,0.048569387044598927,0.014636230644908432,0.014726461,0,0,0,0,0,0,0.032922391524293174,1.7197917793120815e-05,0.0003441145397622694,2.8488482178333717e-09
25,0.049280560610290187,0.014636904058363353,0.014708366,0,0,0,0,0,0,0.032922391524293174,1.7197917793120815e-05,0.0011137781542328951,1.9666077745222721e-08
26,0.050370033202195845,0.014637988439317269,0.01472042,0,0,0,0,0,0,0.032922391524293174,1.7197917793120815e-05,0.0025502881807835864,9.853245885274214e-08
27,0.052512972862017705,0.014640919945569148,0.014750027000000001,0,0,0,0,0,0,0.032922391524293174,1.7197917793120815e-05,0.0055576717676975368,4.4941701671434056e-07
28,0.090438203581291024,0.014696085071975135,0.014793732,0,0,0,0,0,0,0.032922391524293174,1.7197917793120815e-05,0.048165930627978824,3.1024997526312467e-05
29,0.10626091218792037,0.017172186053728233,0.014790396000000001,0,0,0,0,0,0,0.067329104785706195,7.0057662713197101e-05,0,0
30,0.10727818718281726,0.017174144079766113,0.014774453999999999,0,0,0,0,0,0,0.067329104785706195,7.0057662713197101e-05,0.0011137781542328951,1.9666077745222721e-08
31,0.22474799709233026,0.029637380800877716,0.014781206999999999,0,0,0,0,0,0,0.13466067744867269,0.00028084676437526779,0,0
32,0.22982799277280136,0.029658565091083635,0.014789754,0,0,0,0,0,0,0.13466067744867269,0.00028084676437526779,0.0055576717676975368,4.4941701671434056e-07
33,0.39278973636054482,0.090995375112508714,0.014801918000000001,0,0,0,0,0,0,0.27149403570967562,0.0011467575667019995,0,0
34,0.39278973636054482,0.090995375112508714,0.014742923,0,0,0,0,0,0,0.27149403570967562,0.0011467575667019995,0.0003441145397622694,2.8488482178333717e-09
35,0.39347308683392307,0.091001221407682784,0.014778582,0,0,0,0,0,0,0.27149403570967562,0.0011467575667019995,0.0011137781542328951,1.9666077745222721e-08
36,0.39647480496166554,0.091034135202929772,0.014759134,0,0,0,0,0,0,0.27149403570967562,0.0011467575667019995,0.0055576717676975368,4.4941701671434056e-07
37,0.57675855333641868,0.092703675733710911,0.014753854,0,0,0,0,0,0,0.27149403570967562,0.0011467575667019995,0.19041559486652979,0.0004957115273660211
38,0.00070197865786598382,1.389118598028215e-08,0.014805765,0,0,0,0,0.000556248333386102,5.9346873038682533e-09,0,0,0,0
39,0.0052256232805554933,4.0771337529958592e-07,0.014712855,0,0,0,0,0.000556248333386102,5.9346873038682533e-09,0,0,0.0055576717676975368,4.4941701671434056e-07
40,0.048088285194529803,3.0742953038556233e-05,0.01478785,0,0,0,0,0.000556248333386102,5.9346873038682533e-09,0,0,0.048165930627978824,3.1024997526312467e-05
41,0.00093954747263411489,1.9266478393687615e-08,0.014839400000000001,0,0,0,0,0.000556248333386102,5.9346873038682533e-09,0.00059882329038815337,6.6185493683973793e-09,0,0
42,0.096972595285211849,0.0049672994723828504,0.014897293000000001,0,0,0,0,0.000556248333386102,5.9346873038682533e-09,0.0016266125358492093,4.650168832398788e-08,0.095166505640853619,0.00012474732005306627
43,0.022698723523897443,0.009749589768644604,0.01499902,0,0,0,0,0.000556248333386102,5.9346873038682533e-09,0.016534326377095288,4.2141881657428466e-06,0,0
44,0.023692776352373355,0.0097497886590048009,0.015058716,0,0,0,0,0.000556248333386102,5.9346873038682533e-09,0.016534326377095288,4.2141881657428466e-06,0.0011137781542328951,1.9666077745222721e-08
45,0.047714441951577098,0.014633296204666428,0.014984391999999999,0,0,0,0,0.000556248333386102,5.9346873038682533e-09,0.032922391524293174,1.7197917793120815e-05,0,0
46,0.17837560159780941,0.017476377625459793,0.014915006999999999,0,0,0,0,0.000556248333386102,5.9346873038682533e-09,0.067329104785706195,7.0057662713197101e-05,0.095166505640853619,0.00012474732005306627
47,0.22450178844851415,0.029627294412042943,0.014938122999999999,0,0,0,0,0.000556248333386102,5.9346873038682533e-09,0.13466067744867269,0.00028084676437526779,0,0
48,0.22557749689893722,0.029631733947215792,0.01493208,0,0,0,0,0.000556248333386102,5.9346873038682533e-09,0.13466067744867269,0.00028084676437526779,0.0011137781542328951,1.9666077745222721e-08
49,0.39244298197920807,0.09097217117055241,0.014930156999999999,0,0,0,0,0.000556248333386102,5.9346873038682533e-09,0.27149403570967562,0.0011467575667019995,0,0
50,0.0014740012436632354,5.9236062963357373e-08,0.014892794000000001,0,0,0,0,0.0014914208778900066,4.0933148225877827e-08,0,0,0,0
51,0.094763403544540173,0.00012257756822865821,0.014956538,0,0,0,0,0.0014914208778900066,4.0933148225877827e-08,0,0,0.095166505640853619,0.00012474732005306627
52,0.0066158130169202932,7.0545121940701535e-07,0.014928343,0,0,0,0,0.0014914208778900066,4.0933148225877827e-08,0.0016266125358492093,4.650168832398788e-08,0.0055576717676975368,4.4941701671434056e-07
53,0.14764715970641692,0.017274738920822048,0.014911671,0,0,0,0,0.0014914208778900066,4.0933148225877827e-08,0.067329104785706195,7.0057662713197101e-05,0.048165930627978824,3.1024997526312467e-05
54,0.22387443540701146,0.029622208067990749,0.015000984,0,0,0,0,0.0014914208778900066,4.0933148225877827e-08,0.13466067744867269,0.00028084676437526779,0,0
55,0.30448046102548149,0.030137202978392341,0.014984452000000001,0,0,0,0,0.0014914208778900066,4.0933148225877827e-08,0.13466067744867269,0.00028084676437526779,0.095166505640853619,0.00012474732005306627
56,0.0033991903230726271,2.6902288445571144e-07,0.015014601000000001,0,0,0,0,0.0032657381748219037,2.0747590606460765e-07,0,0,0,0
57,0.0031046306157435813,2.1056104523595332e-07,0.014923313000000001,0,0,0,0,0.0032657381748219037,2.0747590606460765e-07,0,0,0.0011137781542328951,1.9666077745222721e-08
58,0.0027336537647794324,1.8555429945295531e-07,0.014869329000000001,0,0,0,0,0.0032657381748219037,2.0747590606460765e-07,0,0,0.0025502881807835864,9.853245885274214e-08
59,0.0076097690688408728,1.3247030690382128e-06,0.014898956,0,0,0,0,0.0032657381748219037,2.0747590606460765e-07,0,0,0.011998077590687784,1.9024147497166475e-06
60,0.13849446442706193,0.00048174792762597834,0.014840343000000001,0,0,0,0,0.0032657381748219037,2.0747590606460765e-07,0,0,0.19041559486652979,0.0004957115273660211
61,0.0026801529916179265,1.7840521730439758e-07,0.014782669999999999,0,0,0,0,0.0032657381748219037,2.0747590606460765e-07,0.0016266125358492093,4.650168832398788e-08,0,0
62,0.069788578498121978,0.0001244003225070787,0.014754295000000001,0,0,0,0,0.0032657381748219037,2.0747590606460765e-07,0.0016266125358492093,4.650168832398788e-08,0.095166505640853619,0.00012474732005306627
63,0.011931561421392241,0.0097498061732627424,0.014819923,0,0,0,0,0.0032657381748219037,2.0747590606460765e-07,0.0075661031970618185,1.0157051859989345e-06,0.0003441145397622694,2.8488482178333717e-09
64,0.046876429475665261,0.014630228651296122,0.014838208,0,0,0,0,0.0032657381748219037,2.0747590606460765e-07,0.032922391524293174,1.7197917793120815e-05,0.0011137781542328951,1.9666077745222721e-08
65,0.40198048556717569,0.088658229909592268,0.014795724999999999,0,0,0,0,0.0032657381748219037,2.0747590606460765e-07,0.27149403570967562,0.0011467575667019995,0.011998077590687784,1.9024147497166475e-06
66,0.57799258928774211,0.090321064454873992,0.014841544,0,0,0,0,0.0032657381748219037,2.0747590606460765e-07,0.27149403570967562,0.0011467575667019995,0.19041559486652979,0.0004957115273660211
67,0.006591427852080672,1.1410865993951167e-06,0.014935186,0,0,0,0,0.0067340929936715345,9.2459189360104763e-07,0,0,0,0
68,0.0063525321362436762,1.0869505366782691e-06,0.014831755,0,0,0,0,0.0067340929936715345,9.2459189360104763e-07,0,0,0.0003441145397622694,2.8488482178333717e-09
69,0.0049817989352532845,7.3972594560459462e-07,0.014743454,0,0,0,0,0.0067340929936715345,9.2459189360104763e-07,0,0,0.0055576717676975368,4.4941701671434056e-07
70,0.12618817849253217,0.0004706213379729798,0.014779954,0,0,0,0,0.0067340929936715345,9.2459189360104763e-07,0.00059882329038815337,6.6185493683973793e-09,0.19041559486652979,0.0004957115273660211
71,0.0047172417789415558,7.3176574488594645e-07,0.014826585,0,0,0,0,0.0067340929936715345,9.2459189360104763e-07,0.0016266125358492093,4.650168832398788e-08,0.0011137781542328951,1.9666077745222721e-08
72,0.0055490086659468578,0.0048743052930966344,0.01474691,0,0,0,0,0.0067340929936715345,9.2459189360104763e-07,0.0036204138554804133,2.2943610162988871e-07,0,0
73,0.013189475149796837,0.0048719147802264969,0.014772119,0,0,0,0,0.0067340929936715345,9.2459189360104763e-07,0.0036204138554804133,2.2943610162988871e-07,0.011998077590687784,1.9024147497166475e-06
74,0.019601639960053426,0.0073152403126825307,0.014768702999999999,0,0,0,0,0.0067340929936715345,9.2459189360104763e-07,0.016534326377095288,4.2141881657428466e-06,0,0
75,0.044881261234085403,0.012200396359492287,0.014757942,0,0,0,0,0.0067340929936715345,9.2459189360104763e-07,0.032922391524293174,1.7197917793120815e-05,0,0
76,0.22275251577147737,0.027217067986762721,0.014843479,0,0,0,0,0.0067340929936715345,9.2459189360104763e-07,0.13466067744867269,0.00028084676437526779,0.0003441145397622694,2.8488482178333717e-09
77,0.38905959513795413,0.08381006310256707,0.014799352999999999,0,0,0,0,0.0067340929936715345,9.2459189360104763e-07,0.27149403570967562,0.0011467575667019995,0,0
78,0.017312153750238427,0.0024398562642416015,0.01481878,0,0,0,0,0.013875902228953515,3.8910972590460246e-06,0,0,0,0
79,0.015935486113985861,0.0024393643716301796,0.014837617000000001,0,0,0,0,0.013875902228953515,3.8910972590460246e-06,0,0,0.0025502881807835864,9.853245885274214e-08
80,0.013702146144867913,0.0024401127485611774,0.014823660000000001,0,0,0,0,0.013875902228953515,3.8910972590460246e-06,0,0,0.011998077590687784,1.9024147497166475e-06
81,0.016393736053834214,0.0024392602850809081,0.01482404,0,0,0,0,0.013875902228953515,3.8910972590460246e-06,0.0016266125358492093,4.650168832398788e-08,0,0
82,0.06136883752852472,0.0025409763837536425,0.014817468,0,0,0,0,0.013875902228953515,3.8910972590460246e-06,0.0016266125358492093,4.650168832398788e-08,0.095166505640853619,0.00012474732005306627
83,0.014751844419083907,0.0048758171681613635,0.014803982,0,0,0,0,0.013875902228953515,3.8910972590460246e-06,0.0036204138554804133,2.2943610162988871e-07,0,0
84,0.032405753347481976,0.0048909408314967108,0.01481328,0,0,0,0,0.013875902228953515,3.8910972590460246e-06,0.0036204138554804133,2.2943610162988871e-07,0.048165930627978824,3.1024997526312467e-05
85,0.016615082623678157,0.0024425513036039201,0.014763462999999999,0,0,0,0,0.013875902228953515,3.8910972590460246e-06,0.016534326377095288,4.2141881657428466e-06,0.0011137781542328951,1.9666077745222721e-08
86,0.043101394957169317,0.0097653385682706009,0.014977188000000001,0,0,0,0,0.013875902228953515,3.8910972590460246e-06,0.032922391524293174,1.7197917793120815e-05,0.0011137781542328951,1.9666077745222721e-08
87,0.043953568108872229,0.0097665406493971513,0.01492692,0,0,0,0,0.013875902228953515,3.8910972590460246e-06,0.032922391524293174,1.7197917793120815e-05,0.0025502881807835864,9.853245885274214e-08
88,0.22423533132094217,0.029633005790215498,0.014757371,0,0,0,0,0.013875902228953515,3.8910972590460246e-06,0.13466067744867269,0.00028084676437526779,0.0025502881807835864,9.853245885274214e-08
89,0.40715103419616716,0.090883065085577669,0.014841214,0,0,0,0,0.013875902228953515,3.8910972590460246e-06,0.27149403570967562,0.0011467575667019995,0,0
90,0.40715103419616716,0.090883065085577669,0.014780906999999999,0,0,0,0,0.013875902228953515,3.8910972590460246e-06,0.27149403570967562,0.0011467575667019995,0.0003441145397622694,2.8488482178333717e-09
91,0.02900284896856644,0.0048834060701308463,0.014735078,0,0,0,0,0.029482704752294028,1.5922870822089668e-05,0,0,0,0
92,0.027393460508780464,0.0048823916031702922,0.014726772000000001,0,0,0,0,0.029482704752294028,1.5922870822089668e-05,0.00059882329038815337,6.6185493683973793e-09,0.0025502881807835864,9.853245885274214e-08
93,0.10655526523551034,0.0052660692999792263,0.014823329,0,0,0,0,0.029482704752294028,1.5922870822089668e-05,0.00059882329038815337,6.6185493683973793e-09,0.19041559486652979,0.0004957115273660211
94,0.026593689827745057,0.004881778172756669,0.014794474,0,0,0,0,0.029482704752294028,1.5922870822089668e-05,0.0016266125358492093,4.650168832398788e-08,0.0011137781542328951,1.9666077745222721e-08
95,0.049924838926799969,0.012206035041233949,0.014862706,0,0,0,0,0.029482704752294028,1.5922870822089668e-05,0.032922391524293174,1.7197917793120815e-05,0.024380651360960948,7.631216362179021e-06
96,0.20348171164911832,0.024720756612213048,0.014736721,0,0,0,0,0.029482704752294028,1.5922870822089668e-05,0.13466067744867269,0.00028084676437526779,0,0
97,0.44491481805900712,0.081314844501692921,0.014834712,0,0,0,0,0.029482704752294028,1.5922870822089668e-05,0.27149403570967562,0.0011467575667019995,0.024380651360960948,7.631216362179021e-06
98,0.6074258962105793,0.082839048732160372,0.014904957999999999,0,0,0,0,0.029482704752294028,1.5922870822089668e-05,0.27149403570967562,0.0011467575667019995,0.19041559486652979,0.0004957115273660211
99,0.051731970702714021,0.0097888205592887474,0.014843369,0,0,0,0,0.058191510134582916,6.3561167843227188e-05,0,0,0,0
100,0.050121181096482788,0.0097867356740794602,0.014894808000000001,0,0,0,0,0.058191510134582916,6.3561167843227188e-05,0,0,0.0025502881807835864,9.853245885274214e-08
101,0.043061350674754563,0.009771698023936919,0.014865101,0,0,0,0,0.058191510134582916,6.3561167843227188e-05,0,0,0.024380651360960948,7.631216362179021e-06
102,0.035590355992205135,0.0097687367747787603,0.014854038999999999,0,0,0,0,0.058191510134582916,6.3561167843227188e-05,0,0,0.048165930627978824,3.1024997526312467e-05
103,0.046842015809759614,0.0098101480547770469,0.014863627000000001,0,0,0,0,0.058191510134582916,6.3561167843227188e-05,0,0,0.095166505640853619,0.00012474732005306627
104,0.049863954089751583,0.0097855265500143389,0.014776097,0,0,0,0,0.058191510134582916,6.3561167843227188e-05,0.00059882329038815337,6.6185493683973793e-09,0.0025502881807835864,9.853245885274214e-08
105,0.039065982304497308,0.007340867164004684,0.014849831000000001,0,0,0,0,0.058191510134582916,6.3561167843227188e-05,0.016534326377095288,4.2141881657428466e-06,0.048165930627978824,3.1024997526312467e-05
106,0.037126015514959948,0.0097788599063198169,0.014810274,0,0,0,0,0.058191510134582916,6.3561167843227188e-05,0.032922391524293174,1.7197917793120815e-05,0,0
107,0.037819866505810006,0.0097788442044492753,0.014682976,0,0,0,0,0.058191510134582916,6.3561167843227188e-05,0.032922391524293174,1.7197917793120815e-05,0.0055576717676975368,4.4941701671434056e-07
108,0.16182067407719067,0.010172987172148025,0.014767690999999999,0,0,0,0,0.058191510134582916,6.3561167843227188e-05,0.032922391524293174,1.7197917793120815e-05,0.19041559486652979,0.0004957115273660211
109,0.41908587502501998,0.071482564506847784,0.014777871,0,0,0,0,0.058191510134582916,6.3561167843227188e-05,0.27149403570967562,0.0011467575667019995,0,0
110,0.13428062939056121,0.021994318134286366,0.014838709,0,0,0,0,0.11753286278100532,0.00026025549033156434,0,0,0,0
111,0.13267948311838634,0.021990209551950884,0.014789953999999999,0,0,0,0,0.11753286278100532,0.00026025549033156434,0,0,0.0025502881807835864,9.853245885274214e-08
112,0.12646398310568854,0.021976904737150863,0.014850051,0,0,0,0,0.11753286278100532,0.00026025549033156434,0,0,0.011998077590687784,1.9024147497166475e-06
113,0.10397405557905154,0.021955063908048435,0.014846263,0,0,0,0,0.11753286278100532,0.00026025549033156434,0,0,0.095166505640853619,0.00012474732005306627
114,0.088095076476685533,0.02208081767866768,0.014781528,0,0,0,0,0.11753286278100532,0.00026025549033156434,0,0,0.19041559486652979,0.0004957115273660211
115,0.11093791775235434,0.021945365123205687,0.01476703,0,0,0,0,0.11753286278100532,0.00026025549033156434,0.00059882329038815337,6.6185493683973793e-09,0.048165930627978824,3.1024997526312467e-05
116,0.10069328701766202,0.0122503188213043,0.014836474000000001,0,0,0,0,0.11753286278100532,0.00026025549033156434,0.032922391524293174,1.7197917793120815e-05,0,0
117,0.086455326579802649,0.014695462858322355,0.014845191000000001,0,0,0,0,0.11753286278100532,0.00026025549033156434,0.067329104785706195,7.0057662713197101e-05,0,0
118,0.086593129804644814,0.014696161831377843,0.014863807999999999,0,0,0,0,0.11753286278100532,0.00026025549033156434,0.067329104785706195,7.0057662713197101e-05,0.0025502881807835864,9.853245885274214e-08
119,0.26570518321353503,0.05062268208178531,0.014837006,0,0,0,0,0.23357852699496401,0.001044597176994619,0,0,0,0
120,0.26484643131315933,0.050619086040108993,0.014821947,0,0,0,0,0.23357852699496401,0.001044597176994619,0,0,0.0011137781542328951,1.9666077745222721e-08
121,0.26411412449024618,0.050614750705007955,0.014802358,0,0,0,0,0.23357852699496401,0.001044597176994619,0,0,0.0025502881807835864,9.853245885274214e-08
122,0.26272929861911865,0.050606996970008804,0.014788681999999999,0,0,0,0,0.23357852699496401,0.001044597176994619,0,0,0.0055576717676975368,4.4941701671434056e-07
123,0.26411412449024618,0.050614750705007955,0.014866032,0,0,0,0,0.23357852699496401,0.001044597176994619,0.00059882329038815337,6.6185493683973793e-09,0.0025502881807835864,9.853245885274214e-08
124,0.26427401239835679,0.050616851766612014,0.01487526,0,0,0,0,0.23357852699496401,0.001044597176994619,0.0016266125358492093,4.650168832398788e-08,0,0
125,0.26411096909013837,0.050615974153347558,0.014852867,0,0,0,0,0.23357852699496401,0.001044597176994619,0.0016266125358492093,4.650168832398788e-08,0.0003441145397622694,2.8488482178333717e-09
126,0.25207892283571404,0.05054978909171777,0.014795665,0,0,0,0,0.23357852699496401,0.001044597176994619,0.0016266125358492093,4.650168832398788e-08,0.024380651360960948,7.631216362179021e-06
127,0.24600729569600477,0.045725770130267102,0.014863107,0,0,0,0,0.23357852699496401,0.001044597176994619,0.016534326377095288,4.2141881657428466e-06,0.0025502881807835864,9.853245885274214e-08
128,0.24188628277088728,0.045706756766276294,0.014785566,0,0,0,0,0.23357852699496401,0.001044597176994619,0.016534326377095288,4.2141881657428466e-06,0.011998077590687784,1.9024147497166475e-06
129,0.21967532972102749,0.045653441784867917,0.014811055,0,0,0,0,0.23357852699496401,0.001044597176994619,0.016534326377095288,4.2141881657428466e-06,0.048165930627978824,3.1024997526312467e-05
130,0.23047532848499078,0.043261070253272089,0.014862665000000001,0,0,0,0,0.23357852699496401,0.001044597176994619,0.032922391524293174,1.7197917793120815e-05,0,0
131,0.22835061530590051,0.04325044875946988,0.014817939,0,0,0,0,0.23357852699496401,0.001044597176994619,0.032922391524293174,1.7197917793120815e-05,0.0055576717676975368,4.4941701671434056e-07
132,0.30757810240878702,0.054745004870855214,0.014868818000000001,0,0,0,0,0.23357852699496401,0.001044597176994619,0.27149403570967562,0.0011467575667019995,0,0
133,0.0013813515085810241,4.3706746686867395e-08,0.014961337999999999,0,0,0.00054984026108467472,5.4234620717900624e-09,0,0,0,0,0,0
134,0.0013801638554147917,4.917285713471266e-08,0.01499374,0,0,0.00054984026108467472,5.4234620717900624e-09,0,0,0,0,0.0025502881807835864,9.853245885274214e-08
135,0.017177539814574587,6.8517796634029105e-06,0.014907914,0,0,0.00054984026108467472,5.4234620717900624e-09,0,0,0,0,0.024380651360960948,7.631216362179021e-06
136,0.03486667373125197,2.9474116115790949e-05,0.014868858,0,0,0.00054984026108467472,5.4234620717900624e-09,0,0,0,0,0.048165930627978824,3.1024997526312467e-05
137,0.069328772289855789,0.00012186410175009917,0.014857646,0,0,0.00054984026108467472,5.4234620717900624e-09,0,0,0,0,0.095166505640853619,0.00012474732005306627
138,0.0011596307254600883,2.1287179659973091e-08,0.014869689,0,0,0.00054984026108467472,5.4234620717900624e-09,0,0,0.00059882329038815337,6.6185493683973793e-09,0.0003441145397622694,2.8488482178333717e-09
139,0.19259163190802028,0.005312725648411335,0.014892634,0,0,0.00054984026108467472,5.4234620717900624e-09,0,0,0.0036204138554804133,2.2943610162988871e-07,0.19041559486652979,0.0004957115273660211
140,0.11832304669273362,0.0098632915717364027,0.014827908000000001,0,0,0.00054984026108467472,5.4234620717900624e-09,0,0,0.016534326377095288,4.2141881657428466e-06,0.095166505640853619,0.00012474732005306627
141,0.13817644726247044,0.014785390441233302,0.014857375000000001,0,0,0.00054984026108467472,5.4234620717900624e-09,0,0,0.032922391524293174,1.7197917793120815e-05,0.095166505640853619,0.00012474732005306627
142,0.0015877773340662311,5.598193926683641e-08,0.014837115999999999,0,0,0.00054984026108467472,5.4234620717900624e-09,0.000556248333386102,5.9346873038682533e-09,0,0,0.0003441145397622694,2.8488482178333717e-09
143,0.034747467577091649,2.8927173585180717e-05,0.014832928,0,0,0.00054984026108467472,5.4234620717900624e-09,0.000556248333386102,5.9346873038682533e-09,0,0,0.048165930627978824,3.1024997526312467e-05
144,0.57822927546809322,0.092669975704035262,0.014869469,0,0,0.00054984026108467472,5.4234620717900624e-09,0.000556248333386102,5.9346873038682533e-09,0.27149403570967562,0.0011467575667019995,0.19041559486652979,0.0004957115273660211
145,0.020719258204307752,0.0097499994022537187,0.014848498,0,0,0.00054984026108467472,5.4234620717900624e-09,0.0014914208778900066,4.0933148225877827e-08,0.016534326377095288,4.2141881657428466e-06,0.0003441145397622694,2.8488482178333717e-09
146,0.11689689041674621,0.0028981888516372957,0.014822949,0,0,0.00054984026108467472,5.4234620717900624e-09,0.0067340929936715345,9.2459189360104763e-07,0,0,0.19041559486652979,0.0004957115273660211
147,0.019515153646064921,0.0097479602944423038,0.014883466,0,0,0.00054984026108467472,5.4234620717900624e-09,0.0067340929936715345,9.2459189360104763e-07,0.016534326377095288,4.2141881657428466e-06,0.0003441145397622694,2.8488482178333717e-09
148,0.12085817056840471,0.01720234750229795,0.014829411000000001,0,0,0.00054984026108467472,5.4234620717900624e-09,0.0067340929936715345,9.2459189360104763e-07,0.067329104785706195,7.0057662713197101e-05,0.024380651360960948,7.631216362179021e-06
149,0.22032872970247258,0.029583679961454026,0.014949634,0,0,0.00054984026108467472,5.4234620717900624e-09,0.013875902228953515,3.8910972590460246e-06,0.13466067744867269,0.00028084676437526779,0,0
150,0.049362616136525962,0.0049523187106570825,0.014965104,0,0,0.00054984026108467472,5.4234620717900624e-09,0.029482704752294028,1.5922870822089668e-05,0,0,0.095166505640853619,0.00012474732005306627
151,0.037054598991177592,0.012190727952146832,0.014955886999999999,0,0,0.00054984026108467472,5.4234620717900624e-09,0.029482704752294028,1.5922870822089668e-05,0.032922391524293174,1.7197917793120815e-05,0.011998077590687784,1.9024147497166475e-06
152,0.3935589770120077,0.078728464290402436,0.014927361,0,0,0.00054984026108467472,5.4234620717900624e-09,0.029482704752294028,1.5922870822089668e-05,0.27149403570967562,0.0011467575667019995,0.0011137781542328951,1.9666077745222721e-08
153,0.40950470559584762,0.078893921453391497,0.01491116,0,0,0.00054984026108467472,5.4234620717900624e-09,0.029482704752294028,1.5922870822089668e-05,0.27149403570967562,0.0011467575667019995,0.024380651360960948,7.631216362179021e-06
154,0.052257869984716127,0.0097913705423836213,0.014931349,0,0,0.00054984026108467472,5.4234620717900624e-09,0.058191510134582916,6.3561167843227188e-05,0,0,0,0
155,0.043388858168516252,0.0049190207006335907,0.014925977999999999,0,0,0.00054984026108467472,5.4234620717900624e-09,0.058191510134582916,6.3561167843227188e-05,0.0075661031970618185,1.0157051859989345e-06,0,0
156,0.16026116230079337,0.029419443957054866,0.014895289000000001,0,0,0.00054984026108467472,5.4234620717900624e-09,0.058191510134582916,6.3561167843227188e-05,0.13466067744867269,0.00028084676437526779,0,0
157,0.13535462794256212,0.019575165271379358,0.014900299000000001,0,0,0.00054984026108467472,5.4234620717900624e-09,0.11753286278100532,0.00026025549033156434,0,0,0,0
158,0.11757095705897595,0.019534229934075196,0.014850191,0,0,0.00054984026108467472,5.4234620717900624e-09,0.11753286278100532,0.00026025549033156434,0.0036204138554804133,2.2943610162988871e-07,0.024380651360960948,7.631216362179021e-06
159,0.22557686209313921,0.048003658488783442,0.014881582000000001,0,0,0.00054984026108467472,5.4234620717900624e-09,0.23357852699496401,0.001044597176994619,0.0016266125358492093,4.650168832398788e-08,0.095166505640853619,0.00012474732005306627
160,0.24260273555920153,0.04332447555650374,0.014735368,0,0,0.00054984026108467472,5.4234620717900624e-09,0.23357852699496401,0.001044597176994619,0.016534326377095288,4.2141881657428466e-06,0.0055576717676975368,4.4941701671434056e-07
161,0.21582317104776047,0.040842371377231762,0.014767010000000001,0,0,0.00054984026108467472,5.4234620717900624e-09,0.23357852699496401,0.001044597176994619,0.032922391524293174,1.7197917793120815e-05,0.024380651360960948,7.631216362179021e-06
162,0.003970842956159573,3.0725557411672008e-07,0.014876283000000001,0,0,0.0014826382597978712,3.7927712872417375e-08,0,0,0,0,0,0
163,0.0036338280887031624,2.7044645714555526e-07,0.014787168999999999,0,0,0.0014826382597978712,3.7927712872417375e-08,0,0,0,0,0.0003441145397622694,2.8488482178333717e-09
164,0.05987812899219945,0.00011522668386667352,0.014797609,0,0,0.0014826382597978712,3.7927712872417375e-08,0,0,0,0,0.095166505640853619,0.00012474732005306627
165,0.12146787780405527,0.00047641218646657141,0.014832417000000001,0,0,0.0014826382597978712,3.7927712872417375e-08,0,0,0,0,0.19041559486652979,0.0004957115273660211
166,0.0033245839366877698,0.0024374243809187133,0.014765126,0,0,0.0014826382597978712,3.7927712872417375e-08,0,0,0.00059882329038815337,6.6185493683973793e-09,0,0
167,0.0049272581093027417,0.002436918787271571,0.014786977999999999,0,0,0.0014826382597978712,3.7927712872417375e-08,0,0,0.0016266125358492093,4.650168832398788e-08,0.0055576717676975368,4.4941701671434056e-07
168,0.0036733325378497674,0.0048742287193032831,0.014979882999999999,0,0,0.0014826382597978712,3.7927712872417375e-08,0,0,0.0036204138554804133,2.2943610162988871e-07,0,0
169,0.0038165922253990295,0.0048741711679148592,0.015001105000000001,0,0,0.0014826382597978712,3.7927712872417375e-08,0,0,0.0036204138554804133,2.2943610162988871e-07,0.0003441145397622694,2.8488482178333717e-09
170,0.012254207808740807,0.0073106964412108146,0.015165334000000001,0,0,0.0014826382597978712,3.7927712872417375e-08,0,0,0.0075661031970618185,1.0157051859989345e-06,0.0025502881807835864,9.853245885274214e-08
171,0.21215704426013207,0.010190625923451348,0.015051873,0,0,0.0014826382597978712,3.7927712872417375e-08,0,0,0.016534326377095288,4.2141881657428466e-06,0.19041559486652979,0.0004957115273660211
172,0.044737901595574822,0.014625631473611478,0.015218948,0,0,0.0014826382597978712,3.7927712872417375e-08,0,0,0.032922391524293174,1.7197917793120815e-05,0,0
173,0.04573810981582805,0.014626358944798561,0.015158430000000001,0,0,0.0014826382597978712,3.7927712872417375e-08,0,0,0.032922391524293174,1.7197917793120815e-05,0.0011137781542328951,1.9666077745222721e-08
174,0.10216111178535266,0.01715279049850026,0.015072444000000001,0,0,0.0014826382597978712,3.7927712872417375e-08,0,0,0.067329104785706195,7.0057662713197101e-05,0.0003441145397622694,2.8488482178333717e-09
175,0.22364114240478772,0.027215617177744348,0.014920699000000001,0,0,0.0014826382597978712,3.7927712872417375e-08,0,0,0.13466067744867269,0.00028084676437526779,0.0003441145397622694,2.8488482178333717e-09
176,0.0057192216702289548,8.8594298105266726e-07,0.01482326,0,0,0.0014826382597978712,3.7927712872417375e-08,0.000556248333386102,5.9346873038682533e-09,0,0,0.011998077590687784,1.9024147497166475e-06
177,0.12136093959984662,0.00047411572532051296,0.014883837,0,0,0.0014826382597978712,3.7927712872417375e-08,0.000556248333386102,5.9346873038682533e-09,0,0,0.19041559486652979,0.0004957115273660211
178,0.0063117917587910714,0.0024377744203012419,0.014810525,0,0,0.0014826382597978712,3.7927712872417375e-08,0.0032657381748219037,2.0747590606460765e-07,0.0036204138554804133,2.2943610162988871e-07,0.0055576717676975368,4.4941701671434056e-07
179,0.0084466455620337173,0.0048754395694786713,0.014827547999999999,0,0,0.0014826382597978712,3.7927712872417375e-08,0.0032657381748219037,2.0747590606460765e-07,0.0075661031970618185,1.0157051859989345e-06,0,0
180,0.04388132973044203,0.014627182910714848,0.014807358,0,0,0.0014826382597978712,3.7927712872417375e-08,0.0032657381748219037,2.0747590606460765e-07,0.032922391524293174,1.7197917793120815e-05,0,0
181,0.0082893466457736667,0.0048751495619521329,0.014807077,0,0,0.0014826382597978712,3.7927712872417375e-08,0.0067340929936715345,9.2459189360104763e-07,0.0075661031970618185,1.0157051859989345e-06,0,0
182,0.092124444536360761,0.0049671067928409827,0.014895158,0,0,0.0014826382597978712,3.7927712872417375e-08,0.0067340929936715345,9.2459189360104763e-07,0.0075661031970618185,1.0157051859989345e-06,0.095166505640853619,0.00012474732005306627
183,0.27882632026372428,0.029801908171668251,0.014956117,0,0,0.0014826382597978712,3.7927712872417375e-08,0.0067340929936715345,9.2459189360104763e-07,0.13466067744867269,0.00028084676437526779,0.048165930627978824,3.1024997526312467e-05
184,0.012975461027936834,0.0024419231464783996,0.014950005000000001,0,0,0.0014826382597978712,3.7927712872417375e-08,0.013875902228953515,3.8910972590460246e-06,0.016534326377095288,4.2141881657428466e-06,0,0
185,0.031583888069703532,0.004886757802780332,0.014970153999999999,0,0,0.0014826382597978712,3.7927712872417375e-08,0.029482704752294028,1.5922870822089668e-05,0,0,0.0011137781542328951,1.9666077745222721e-08
186,0.054486395634982775,0.0097953458072502237,0.014912943999999999,0,0,0.0014826382597978712,3.7927712872417375e-08,0.058191510134582916,6.3561167843227188e-05,0,0,0,0
187,0.13091537798195962,0.01958620815518524,0.014981828000000001,0,0,0.0014826382597978712,3.7927712872417375e-08,0.11753286278100532,0.00026025549033156434,0,0,0,0
188,0.11896810880887701,0.019551659476954388,0.014879859,0,0,0.0014826382597978712,3.7927712872417375e-08,0.11753286278100532,0.00026025549033156434,0.0075661031970618185,1.0157051859989345e-06,0.0055576717676975368,4.4941701671434056e-07
189,0.33208278337264219,0.057050899186251107,0.014892213,0,0,0.0014826382597978712,3.7927712872417375e-08,0.11753286278100532,0.00026025549033156434,0.27149403570967562,0.0011467575667019995,0.0025502881807835864,9.853245885274214e-08
190,0.25327818349633063,0.050622625779144864,0.014832797999999999,0,0,0.0014826382597978712,3.7927712872417375e-08,0.23357852699496401,0.001044597176994619,0,0,0,0
191,0.24955512225035303,0.048211812019445605,0.014938483000000001,0,0,0.0014826382597978712,3.7927712872417375e-08,0.23357852699496401,0.001044597176994619,0.0036204138554804133,2.2943610162988871e-07,0,0
192,0.2312676651418166,0.045699593802591178,0.014981246,0,0,0.0014826382597978712,3.7927712872417375e-08,0.23357852699496401,0.001044597176994619,0.016534326377095288,4.2141881657428466e-06,0.011998077590687784,1.9024147497166475e-06
193,0.0093739160284468676,0.002438175969402454,0.01506061,0,0,0.0032763021406752579,1.8605944461100654e-07,0,0,0,0,0,0
194,0.0085400829076782373,0.0024379214910262141,0.014950486000000001,0,0,0.0032763021406752579,1.8605944461100654e-07,0,0,0,0,0.0011137781542328951,1.9666077745222721e-08
195,0.0075867290989072647,0.0024376421256704734,0.014946759,0,0,0.0032763021406752579,1.8605944461100654e-07,0,0,0,0,0.0025502881807835864,9.853245885274214e-08
196,0.025423483310150326,0.002458073322651343,0.01494741,0,0,0.0032763021406752579,1.8605944461100654e-07,0,0,0,0,0.048165930627978824,3.1024997526312467e-05
197,0.0067508218320485956,0.0024378567479846872,0.014898926,0,0,0.0032763021406752579,1.8605944461100654e-07,0,0,0.0016266125358492093,4.650168832398788e-08,0,0
198,0.004023211659762045,4.676691711858787e-07,0.014827537,0,0,0.0032763021406752579,1.8605944461100654e-07,0,0,0.0036204138554804133,2.2943610162988871e-07,0,0
199,0.044375657489723747,2.6567212469441937e-05,0.014803581,0,0,0.0032763021406752579,1.8605944461100654e-07,0,0,0.0036204138554804133,2.2943610162988871e-07,0.048165930627978824,3.1024997526312467e-05
200,0.018707892030437791,0.0097470050743293547,0.014778421999999999,0,0,0.0032763021406752579,1.8605944461100654e-07,0,0,0.016534326377095288,4.2141881657428466e-06,0,0
201,0.020800859855097636,0.0097468500371599241,0.014824181000000001,0,0,0.0032763021406752579,1.8605944461100654e-07,0,0,0.016534326377095288,4.2141881657428466e-06,0.0025502881807835864,9.853245885274214e-08
202,0.047728079545472639,0.017045556314218571,0.014775787,0,0,0.0032763021406752579,1.8605944461100654e-07,0,0,0.032922391524293174,1.7197917793120815e-05,0.0025502881807835864,9.853245885274214e-08
203,0.10694566173122458,0.019563343176216951,0.014851143000000001,0,0,0.0032763021406752579,1.8605944461100654e-07,0,0,0.067329104785706195,7.0057662713197101e-05,0.0011137781542328951,1.9666077745222721e-08
204,0.22352584213594429,0.02718199968860692,0.014750708,0,0,0.0032763021406752579,1.8605944461100654e-07,0,0,0.13466067744867269,0.00028084676437526779,0,0
205,0.22866101037256958,0.027204032122760343,0.014758935000000001,0,0,0.0032763021406752579,1.8605944461100654e-07,0,0,0.13466067744867269,0.00028084676437526779,0.0055576717676975368,4.4941701671434056e-07
206,0.39156032382237305,0.088468356862952277,0.014850432,0,0,0.0032763021406752579,1.8605944461100654e-07,0,0,0.27149403570967562,0.0011467575667019995,0,0
207,0.0080879681315287333,0.0024383445850032584,0.014843258,0,0,0.0032763021406752579,1.8605944461100654e-07,0.000556248333386102,5.9346873038682533e-09,0,0,0.0025502881807835864,9.853245885274214e-08
208,0.01155751755876575,0.0024410097037965185,0.014803271,0,0,0.0032763021406752579,1.8605944461100654e-07,0.0014914208778900066,4.0933148225877827e-08,0.0016266125358492093,4.650168832398788e-08,0.024380651360960948,7.631216362179021e-06
209,0.22264181217057785,0.029578260188637802,0.014734908,0,0,0.0032763021406752579,1.8605944461100654e-07,0.0014914208778900066,4.0933148225877827e-08,0.13466067744867269,0.00028084676437526779,0.0011137781542328951,1.9666077745222721e-08
210,0.012293171335112421,0.002439366529693723,0.014756599,0,0,0.0032763021406752579,1.8605944461100654e-07,0.0032657381748219037,2.0747590606460765e-07,0,0,0,0
211,0.05228130197066249,0.0025338338722898763,0.014820865000000001,0,0,0.0032763021406752579,1.8605944461100654e-07,0.0032657381748219037,2.0747590606460765e-07,0,0,0.095166505640853619,0.00012474732005306627
212,0.0057050318935639669,5.4635618667537956e-07,0.014778292,0,0,0.0032763021406752579,1.8605944461100654e-07,0.0032657381748219037,2.0747590606460765e-07,0.0036204138554804133,2.2943610162988871e-07,0.0055576717676975368,4.4941701671434056e-07
213,0.40347421122661775,0.088640052571017508,0.014770287,0,0,0.0032763021406752579,1.8605944461100654e-07,0.0032657381748219037,2.0747590606460765e-07,0.27149403570967562,0.0011467575667019995,0.024380651360960948,7.631216362179021e-06
214,0.012494964650111419,0.0048780028506042383,0.014787168999999999,0,0,0.0032763021406752579,1.8605944461100654e-07,0.013875902228953515,3.8910972590460246e-06,0.0075661031970618185,1.0157051859989345e-06,0,0
215,0.013182970084199894,0.0048757793214483491,0.014738164,0,0,0.0032763021406752579,1.8605944461100654e-07,0.013875902228953515,3.8910972590460246e-06,0.016534326377095288,4.2141881657428466e-06,0,0
216,0.23257691935067096,0.027121955800930058,0.014685171,0,0,0.0032763021406752579,1.8605944461100654e-07,0.013875902228953515,3.8910972590460246e-06,0.13466067744867269,0.00028084676437526779,0.0011137781542328951,1.9666077745222721e-08
217,0.3040325538555837,0.029899751743943458,0.014762691999999999,0,0,0.0032763021406752579,1.8605944461100654e-07,0.029482704752294028,1.5922870822089668e-05,0.13466067744867269,0.00028084676437526779,0.095166505640853619,0.00012474732005306627
218,0.053781590288364052,0.0097919440247819581,0.014711422,0,0,0.0032763021406752579,1.8605944461100654e-07,0.058191510134582916,6.3561167843227188e-05,0,0,0.0025502881807835864,9.853245885274214e-08
219,0.082862997363100835,0.010018955717090185,0.014841715,0,0,0.0032763021406752579,1.8605944461100654e-07,0.058191510134582916,6.3561167843227188e-05,0.00059882329038815337,6.6185493683973793e-09,0.19041559486652979,0.0004957115273660211
220,0.069097017645083636,0.0097983103235871703,0.014711623,0,0,0.0032763021406752579,1.8605944461100654e-07,0.058191510134582916,6.3561167843227188e-05,0.0036204138554804133,2.2943610162988871e-07,0.095166505640853619,0.00012474732005306627
221,0.37881432413648713,0.066528876177927507,0.014666976,0,0,0.0032763021406752579,1.8605944461100654e-07,0.058191510134582916,6.3561167843227188e-05,0.27149403570967562,0.0011467575667019995,0.0003441145397622694,2.8488482178333717e-09
222,0.12469075520614484,0.022011885763148858,0.014821757,0,0,0.0032763021406752579,1.8605944461100654e-07,0.11753286278100532,0.00026025549033156434,0,0,0,0
223,0.11599429643348583,0.0219905073170404,0.014789162999999999,0,0,0.0032763021406752579,1.8605944461100654e-07,0.11753286278100532,0.00026025549033156434,0,0,0.011998077590687784,1.9024147497166475e-06
224,0.093555755883373809,0.021943532778542829,0.014720129,0,0,0.0032763021406752579,1.8605944461100654e-07,0.11753286278100532,0.00026025549033156434,0.0075661031970618185,1.0157051859989345e-06,0.048165930627978824,3.1024997526312467e-05
225,0.091187166521742108,0.021932279334259324,0.014737893,0,0,0.0032763021406752579,1.8605944461100654e-07,0.11753286278100532,0.00026025549033156434,0.016534326377095288,4.2141881657428466e-06,0.024380651360960948,7.631216362179021e-06
226,0.12373331736464929,0.022193935870312237,0.014784734000000001,0,0,0.0032763021406752579,1.8605944461100654e-07,0.11753286278100532,0.00026025549033156434,0.13466067744867269,0.00028084676437526779,0.0003441145397622694,2.8488482178333717e-09
227,0.45400202850079185,0.053576522484626729,0.014736651,0,0,0.0032763021406752579,1.8605944461100654e-07,0.11753286278100532,0.00026025549033156434,0.27149403570967562,0.0011467575667019995,0.19041559486652979,0.0004957115273660211
228,0.25791579605465215,0.048253207725853821,0.014751500000000001,0,0,0.0032763021406752579,1.8605944461100654e-07,0.23357852699496401,0.001044597176994619,0.0016266125358492093,4.650168832398788e-08,0,0
229,0.24656712776807513,0.045776343306133935,0.014773181999999999,0,0,0.0032763021406752579,1.8605944461100654e-07,0.23357852699496401,0.001044597176994619,0.0075661031970618185,1.0157051859989345e-06,0.0055576717676975368,4.4941701671434056e-07
230,0.027501260299418254,0.017086567641810213,0.014790225000000001,0,0,0.0065000668855896863,8.306447327947619e-07,0,0,0,0,0,0
231,0.027293714400749566,0.017086331043802114,0.014750167999999999,0,0,0.0065000668855896863,8.306447327947619e-07,0,0,0,0,0.0003441145397622694,2.8488482178333717e-09
232,0.016947780710370529,0.017083878391529975,0.014713326000000001,0,0,0.0065000668855896863,8.306447327947619e-07,0,0,0,0,0.011998077590687784,1.9024147497166475e-06
233,0.052313287432672301,0.017162791235143915,0.014670202,0,0,0.0065000668855896863,8.306447327947619e-07,0,0,0,0,0.095166505640853619,0.00012474732005306627
234,0.10454827631167386,0.0175038043812429,0.014742302000000001,0,0,0.0065000668855896863,8.306447327947619e-07,0,0,0,0,0.19041559486652979,0.0004957115273660211
235,0.016172060022081491,0.017084105624495884,0.014672587000000001,0,0,0.0065000668855896863,8.306447327947619e-07,0,0,0.0075661031970618185,1.0157051859989345e-06,0,0
236,0.22496647842915463,0.044200083976522662,0.014707104,0,0,0.0065000668855896863,8.306447327947619e-07,0,0,0.13466067744867269,0.00028084676437526779,0,0
237,0.027979201765329476,0.017086646271496819,0.014660183,0,0,0.0065000668855896863,8.306447327947619e-07,0.000556248333386102,5.9346873038682533e-09,0,0,0,0
238,0.027864598357517065,0.017086539532493328,0.014701563000000001,0,0,0.0065000668855896863,8.306447327947619e-07,0.0014914208778900066,4.0933148225877827e-08,0,0,0.0011137781542328951,1.9666077745222721e-08
239,0.020609558714537974,0.017085033742236907,0.014670903000000001,0,0,0.0065000668855896863,8.306447327947619e-07,0.0014914208778900066,4.0933148225877827e-08,0.00059882329038815337,6.6185493683973793e-09,0.011998077590687784,1.9024147497166475e-06
240,0.016532071601961022,0.017084927267173328,0.014693938,0,0,0.0065000668855896863,8.306447327947619e-07,0.0014914208778900066,4.0933148225877827e-08,0.0016266125358492093,4.650168832398788e-08,0.024380651360960948,7.631216362179021e-06
241,0.023253881476575245,0.017084373674492146,0.014712855,0,0,0.0065000668855896863,8.306447327947619e-07,0.0014914208778900066,4.0933148225877827e-08,0.0036204138554804133,2.2943610162988871e-07,0,0
242,0.15168767374416342,0.01995481021323544,0.014684310000000001,0,0,0.0065000668855896863,8.306447327947619e-07,0.0032657381748219037,2.0747590606460765e-07,0.016534326377095288,4.2141881657428466e-06,0.19041559486652979,0.0004957115273660211
243,0.25972778389035417,0.044374982509717664,0.014695631000000001,0,0,0.0065000668855896863,8.306447327947619e-07,0.0032657381748219037,2.0747590606460765e-07,0.13466067744867269,0.00028084676437526779,0.048165930627978824,3.1024997526312467e-05
244,0.028030387193525682,0.019540591337788352,0.014724327000000001,0,0,0.0065000668855896863,8.306447327947619e-07,0.0067340929936715345,9.2459189360104763e-07,0.0036204138554804133,2.2943610162988871e-07,0.048165930627978824,3.1024997526312467e-05
245,0.020950591843775335,0.019522918865748841,0.014729516999999999,0,0,0.0065000668855896863,8.306447327947619e-07,0.0067340929936715345,9.2459189360104763e-07,0.0075661031970618185,1.0157051859989345e-06,0.0011137781542328951,1.9666077745222721e-08
246,0.017847677066381285,0.019530385238864321,0.014767690999999999,0,0,0.0065000668855896863,8.306447327947619e-07,0.0067340929936715345,9.2459189360104763e-07,0.016534326377095288,4.2141881657428466e-06,0.0011137781542328951,1.9666077745222721e-08
247,0.037021705464803059,0.019530724250667018,0.014699649,0,0,0.0065000668855896863,8.306447327947619e-07,0.013875902228953515,3.8910972590460246e-06,0,0,0,0
248,0.03224906790366884,0.0195266788686017,0.014591208,0,0,0.0065000668855896863,8.306447327947619e-07,0.013875902228953515,3.8910972590460246e-06,0.00059882329038815337,6.6185493683973793e-09,0.0055576717676975368,4.4941701671434056e-07
249,0.1020058862013752,0.02933944089572546,0.014719838000000001,0,0,0.0065000668855896863,8.306447327947619e-07,0.013875902228953515,3.8910972590460246e-06,0.067329104785706195,7.0057662713197101e-05,0,0
250,0.10275877856691845,0.029340789114989291,0.014748974999999999,0,0,0.0065000668855896863,8.306447327947619e-07,0.013875902228953515,3.8910972590460246e-06,0.067329104785706195,7.0057662713197101e-05,0.0011137781542328951,1.9666077745222721e-08
251,0.048572628027225798,0.017113694041351758,0.014759115,0,0,0.0065000668855896863,8.306447327947619e-07,0.029482704752294028,1.5922870822089668e-05,0,0,0,0
252,0.048224871910707262,0.017113342254857292,0.014862576000000001,0,0,0.0065000668855896863,8.306447327947619e-07,0.029482704752294028,1.5922870822089668e-05,0,0,0.0003441145397622694,2.8488482178333717e-09
253,0.039154562907518189,0.014662258260323413,0.014845893000000001,0,0,0.0065000668855896863,8.306447327947619e-07,0.029482704752294028,1.5922870822089668e-05,0.0075661031970618185,1.0157051859989345e-06,0,0
254,0.056756737718323839,0.031649514623577131,0.014786237000000001,0,0,0.0065000668855896863,8.306447327947619e-07,0.058191510134582916,6.3561167843227188e-05,0,0,0.048165930627978824,3.1024997526312467e-05
255,0.061612047808463181,0.034076177008383002,0.01475692,0,0,0.0065000668855896863,8.306447327947619e-07,0.058191510134582916,6.3561167843227188e-05,0.032922391524293174,1.7197917793120815e-05,0.024380651360960948,7.631216362179021e-06
256,0.083669830710117424,0.031679965111326092,0.014744296,0,0,0.0065000668855896863,8.306447327947619e-07,0.058191510134582916,6.3561167843227188e-05,0.067329104785706195,7.0057662713197101e-05,0.011998077590687784,1.9024147497166475e-06
257,0.23536321214567446,0.0323082384612264,0.014726812000000001,0,0,0.0065000668855896863,8.306447327947619e-07,0.058191510134582916,6.3561167843227188e-05,0.067329104785706195,7.0057662713197101e-05,0.19041559486652979,0.0004957115273660211
258,0.18459866746484455,0.046492211820101235,0.014733345,0,0,0.0065000668855896863,8.306447327947619e-07,0.058191510134582916,6.3561167843227188e-05,0.13466067744867269,0.00028084676437526779,0,0
259,0.13920872356035097,0.02706410474477822,0.014734176,0,0,0.0065000668855896863,8.306447327947619e-07,0.11753286278100532,0.00026025549033156434,0,0,0,0
260,0.2715755145150987,0.065349124901538311,0.014744076,0,0,0.0065000668855896863,8.306447327947619e-07,0.23357852699496401,0.001044597176994619,0.0016266125358492093,4.650168832398788e-08,0.0055576717676975368,4.4941701671434056e-07
261,0.049995662003868291,0.019539982369945898,0.014763844,0,0,0.012588944289611177,3.5224865185964549e-06,0,0,0,0,0,0
262,0.049269652809567868,0.019539092604093207,0.01478265,0,0,0.012588944289611177,3.5224865185964549e-06,0,0,0,0,0.0011137781542328951,1.9666077745222721e-08
263,0.029814874731608695,0.0195281015331112,0.014782039,0,0,0.012588944289611177,3.5224865185964549e-06,0,0,0,0,0.024380651360960948,7.631216362179021e-06
264,0.046676956616977586,0.019536758190090556,0.014714298000000001,0,0,0.012588944289611177,3.5224865185964549e-06,0,0,0.0016266125358492093,4.650168832398788e-08,0.0011137781542328951,1.9666077745222721e-08
265,0.037646186319717188,0.019535910612620541,0.014714678,0,0,0.012588944289611177,3.5224865185964549e-06,0,0,0.0016266125358492093,4.650168832398788e-08,0.011998077590687784,1.9024147497166475e-06
266,0.025338806798472547,0.019533565799952947,0.014788470999999999,0,0,0.012588944289611177,3.5224865185964549e-06,0,0,0.0036204138554804133,2.2943610162988871e-07,0.024380651360960948,7.631216362179021e-06
267,0.038357791074025094,0.019530784670202493,0.014739376,0,0,0.012588944289611177,3.5224865185964549e-06,0,0,0.0075661031970618185,1.0157051859989345e-06,0.0003441145397622694,2.8488482178333717e-09
268,0.024859403758957989,0.014656946574590877,0.014738624000000001,0,0,0.012588944289611177,3.5224865185964549e-06,0,0,0.016534326377095288,4.2141881657428466e-06,0,0
269,0.078116745150291475,0.014730198650652403,0.014784033,0,0,0.012588944289611177,3.5224865185964549e-06,0,0,0.016534326377095288,4.2141881657428466e-06,0.095166505640853619,0.00012474732005306627
270,0.1542252262880161,0.015074897701169949,0.014686935,0,0,0.012588944289611177,3.5224865185964549e-06,0,0,0.016534326377095288,4.2141881657428466e-06,0.19041559486652979,0.0004957115273660211
271,0.22217071274043651,0.039276140198255455,0.014772370999999999,0,0,0.012588944289611177,3.5224865185964549e-06,0,0,0.13466067744867269,0.00028084676437526779,0,0
272,0.050674059349739335,0.019540388257878703,0.014824611999999999,0,0,0.012588944289611177,3.5224865185964549e-06,0.000556248333386102,5.9346873038682533e-09,0,0,0,0
273,0.025333565386697707,0.019534683515666403,0.014709448,0,0,0.012588944289611177,3.5224865185964549e-06,0.000556248333386102,5.9346873038682533e-09,0,0,0.048165930627978824,3.1024997526312467e-05
274,0.088423038063689258,0.019867945160889883,0.014773372,0,0,0.012588944289611177,3.5224865185964549e-06,0.000556248333386102,5.9346873038682533e-09,0.0016266125358492093,4.650168832398788e-08,0.19041559486652979,0.0004957115273660211
275,0.035053542188967161,0.019529262496372657,0.014730058000000001,0,0,0.012588944289611177,3.5224865185964549e-06,0.000556248333386102,5.9346873038682533e-09,0.0075661031970618185,1.0157051859989345e-06,0.0055576717676975368,4.4941701671434056e-07
276,0.050896858713038007,0.019540684888878015,0.014780346,0,0,0.012588944289611177,3.5224865185964549e-06,0.0014914208778900066,4.0933148225877827e-08,0.00059882329038815337,6.6185493683973793e-09,0,0
277,0.039855675714331192,0.019533589993877321,0.014820623999999999,0,0,0.012588944289611177,3.5224865185964549e-06,0.0014914208778900066,4.0933148225877827e-08,0.00059882329038815337,6.6185493683973793e-09,0.011998077590687784,1.9024147497166475e-06
278,0.024337702842599285,0.017090643393993861,0.014797138,0,0,0.012588944289611177,3.5224865185964549e-06,0.0014914208778900066,4.0933148225877827e-08,0.016534326377095288,4.2141881657428466e-06,0,0
279,0.047857876035367057,0.019539601439376567,0.014852597,0,0,0.012588944289611177,3.5224865185964549e-06,0.0032657381748219037,2.0747590606460765e-07,0,0,0.0055576717676975368,4.4941701671434056e-07
280,0.052078643520781863,0.019542771619396243,0.014753944999999999,0,0,0.012588944289611177,3.5224865185964549e-06,0.0032657381748219037,2.0747590606460765e-07,0.00059882329038815337,6.6185493683973793e-09,0,0
281,0.051251869975297314,0.01954206697191644,0.014777721000000001,0,0,0.012588944289611177,3.5224865185964549e-06,0.0032657381748219037,2.0747590606460765e-07,0.00059882329038815337,6.6185493683973793e-09,0.0011137781542328951,1.9666077745222721e-08
282,0.044021226841661258,0.019535564670834202,0.014821657,0,0,0.012588944289611177,3.5224865185964549e-06,0.0067340929936715345,9.2459189360104763e-07,0.0075661031970618185,1.0157051859989345e-06,0.0003441145397622694,2.8488482178333717e-09
283,0.061979154001812108,0.021977719800629323,0.014759095,0,0,0.012588944289611177,3.5224865185964549e-06,0.013875902228953515,3.8910972590460246e-06,0,0,0,0
284,0.055090485705431902,0.021968602079787951,0.014672707,0,0,0.012588944289611177,3.5224865185964549e-06,0.013875902228953515,3.8910972590460246e-06,0.0016266125358492093,4.650168832398788e-08,0.0055576717676975368,4.4941701671434056e-07
285,0.049519209597819899,0.021964158789289374,0.014697805,0,0,0.012588944289611177,3.5224865185964549e-06,0.013875902228953515,3.8910972590460246e-06,0.0016266125358492093,4.650168832398788e-08,0.011998077590687784,1.9024147497166475e-06
286,0.072881847036805517,0.026850916315642317,0.014728956,0,0,0.012588944289611177,3.5224865185964549e-06,0.029482704752294028,1.5922870822089668e-05,0,0,0.0011137781542328951,1.9666077745222721e-08
287,0.066024432694289328,0.026850195433871245,0.014719458,0,0,0.012588944289611177,3.5224865185964549e-06,0.029482704752294028,1.5922870822089668e-05,0.067329104785706195,7.0057662713197101e-05,0.0055576717676975368,4.4941701671434056e-07
288,0.112893605134469,0.024508570140421067,0.014803681000000001,0,0,0.012588944289611177,3.5224865185964549e-06,0.058191510134582916,6.3561167843227188e-05,0,0,0,0
289,0.057242494437679682,0.024433962356013545,0.01482879,0,0,0.012588944289611177,3.5224865185964549e-06,0.058191510134582916,6.3561167843227188e-05,0,0,0.095166505640853619,0.00012474732005306627
290,0.11219232321454149,0.024506264949959063,0.014806125999999999,0,0,0.012588944289611177,3.5224865185964549e-06,0.058191510134582916,6.3561167843227188e-05,0.00059882329038815337,6.6185493683973793e-09,0,0
291,0.18087475432230921,0.042031916082775463,0.014850713,0,0,0.012588944289611177,3.5224865185964549e-06,0.11753286278100532,0.00026025549033156434,0,0,0,0
292,0.13087854747767239,0.039532287682255772,0.014823869999999999,0,0,0.012588944289611177,3.5224865185964549e-06,0.11753286278100532,0.00026025549033156434,0.032922391524293174,1.7197917793120815e-05,0.0025502881807835864,9.853245885274214e-08
293,0.10680487001752942,0.039616057928441729,0.014785606,0,0,0.012588944289611177,3.5224865185964549e-06,0.11753286278100532,0.00026025549033156434,0.032922391524293174,1.7197917793120815e-05,0.19041559486652979,0.0004957115273660211
294,0.10618385337058403,0.037044005928595053,0.014807819999999999,0,0,0.012588944289611177,3.5224865185964549e-06,0.11753286278100532,0.00026025549033156434,0.067329104785706195,7.0057662713197101e-05,0,0
295,0.11535378223373846,0.039544278341933845,0.014724598,0,0,0.012588944289611177,3.5224865185964549e-06,0.11753286278100532,0.00026025549033156434,0.13466067744867269,0.00028084676437526779,0.0025502881807835864,9.853245885274214e-08
296,0.29400315301795649,0.070166937676378494,0.014865942,0,0,0.012588944289611177,3.5224865185964549e-06,0.23357852699496401,0.001044597176994619,0,0,0.011998077590687784,1.9024147497166475e-06
297,0.29386430722021278,0.070162449598398624,0.014799794,0,0,0.012588944289611177,3.5224865185964549e-06,0.23357852699496401,0.001044597176994619,0.0075661031970618185,1.0157051859989345e-06,0,0
298,0.24180588150200938,0.069965625480738161,0.014791728000000001,0,0,0.012588944289611177,3.5224865185964549e-06,0.23357852699496401,0.001044597176994619,0.0075661031970618185,1.0157051859989345e-06,0.095166505640853619,0.00012474732005306627
299,0.28389400648076318,0.070112725676162141,0.014831466,0,0,0.012588944289611177,3.5224865185964549e-06,0.23357852699496401,0.001044597176994619,0.016534326377095288,4.2141881657428466e-06,0.0011137781542328951,1.9666077745222721e-08
300,0.10415726422248185,0.040695580608500537,0.014790486,0,0,0.025011694954138793,1.4476156942003518e-05,0,0,0,0,0,0
301,0.10223187191212256,0.040690884915953032,0.014815333999999999,0,0,0.025011694954138793,1.4476156942003518e-05,0,0,0,0,0.0025502881807835864,9.853245885274214e-08
302,0.073553036712500436,0.040647885791604207,0.014807839,0,0,0.025011694954138793,1.4476156942003518e-05,0,0,0,0,0.048165930627978824,3.1024997526312467e-05
303,0.10165438793959182,0.040690350758331217,0.014741561,0,0,0.025011694954138793,1.4476156942003518e-05,0,0,0.0016266125358492093,4.650168832398788e-08,0.0003441145397622694,2.8488482178333717e-09
304,0.092200855840946255,0.038252407492546027,0.014749256000000001,0,0,0.025011694954138793,1.4476156942003518e-05,0,0,0.0075661031970618185,1.0157051859989345e-06,0,0
305,0.06667937942485215,0.043138959595884027,0.014778602,0,0,0.025011694954138793,1.4476156942003518e-05,0,0,0.067329104785706195,7.0057662713197101e-05,0.024380651360960948,7.631216362179021e-06
306,0.15647569516524035,0.050622947660395809,0.014820333999999999,0,0,0.025011694954138793,1.4476156942003518e-05,0,0,0.13466067744867269,0.00028084676437526779,0,0
307,0.10456645545046833,0.040697082417521374,0.014803360999999999,0,0,0.025011694954138793,1.4476156942003518e-05,0.000556248333386102,5.9346873038682533e-09,0,0,0,0
308,0.08195948270955189,0.038471550749515665,0.014804252,0,0,0.025011694954138793,1.4476156942003518e-05,0.0014914208778900066,4.0933148225877827e-08,0.0075661031970618185,1.0157051859989345e-06,0.19041559486652979,0.0004957115273660211
309,0.10541970097765896,0.033711088509935018,0.014765235999999999,0,0,0.025011694954138793,1.4476156942003518e-05,0.0014914208778900066,4.0933148225877827e-08,0.032922391524293174,1.7197917793120815e-05,0.19041559486652979,0.0004957115273660211
310,0.10478799569153169,0.040700125405748591,0.014788752,0,0,0.025011694954138793,1.4476156942003518e-05,0.0032657381748219037,2.0747590606460765e-07,0,0,0.0025502881807835864,9.853245885274214e-08
311,0.056319341632837992,0.038244433164514507,0.014764134,0,0,0.025011694954138793,1.4476156942003518e-05,0.0032657381748219037,2.0747590606460765e-07,0.067329104785706195,7.0057662713197101e-05,0,0
312,0.35807455777281477,0.080565625065412427,0.014730319,0,0,0.025011694954138793,1.4476156942003518e-05,0.0032657381748219037,2.0747590606460765e-07,0.27149403570967562,0.0011467575667019995,0,0
313,0.10896128917212974,0.040701620209293292,0.014784665000000001,0,0,0.025011694954138793,1.4476156942003518e-05,0.0067340929936715345,9.2459189360104763e-07,0,0,0.0003441145397622694,2.8488482178333717e-09
314,0.053432453042188743,0.035788450957189612,0.014758985000000001,0,0,0.025011694954138793,1.4476156942003518e-05,0.0067340929936715345,9.2459189360104763e-07,0.032922391524293174,1.7197917793120815e-05,0,0
315,0.042072549704307398,0.035773025377812961,0.014759125,0,0,0.025011694954138793,1.4476156942003518e-05,0.0067340929936715345,9.2459189360104763e-07,0.032922391524293174,1.7197917793120815e-05,0.024380651360960948,7.631216362179021e-06
316,0.05885816540981624,0.040644286273300009,0.014780958,0,0,0.025011694954138793,1.4476156942003518e-05,0.0067340929936715345,9.2459189360104763e-07,0.067329104785706195,7.0057662713197101e-05,0.0055576717676975368,4.4941701671434056e-07
317,0.10878911494225149,0.043122060505250845,0.014734196,0,0,0.025011694954138793,1.4476156942003518e-05,0.013875902228953515,3.8910972590460246e-06,0.0036204138554804133,2.2943610162988871e-07,0.0003441145397622694,2.8488482178333717e-09
318,0.094819775995735461,0.043115088765748585,0.014795786,0,0,0.025011694954138793,1.4476156942003518e-05,0.029482704752294028,1.5922870822089668e-05,0,0,0.048165930627978824,3.1024997526312467e-05
319,0.079750667509757733,0.040829216566579229,0.014748705000000001,0,0,0.025011694954138793,1.4476156942003518e-05,0.058191510134582916,6.3561167843227188e-05,0.016534326377095288,4.2141881657428466e-06,0.19041559486652979,0.0004957115273660211
320,0.31175387330556864,0.077986787959394718,0.014775236000000001,0,0,0.025011694954138793,1.4476156942003518e-05,0.058191510134582916,6.3561167843227188e-05,0.27149403570967562,0.0011467575667019995,0,0
321,0.12478637062716259,0.077436415513159593,0.014769255,0,0,0.025011694954138793,1.4476156942003518e-05,0.11753286278100532,0.00026025549033156434,0.00059882329038815337,6.6185493683973793e-09,0.19041559486652979,0.0004957115273660211
322,0.16786247718073022,0.075178193046211511,0.014778612999999999,0,0,0.025011694954138793,1.4476156942003518e-05,0.11753286278100532,0.00026025549033156434,0.0075661031970618185,1.0157051859989345e-06,0.024380651360960948,7.631216362179021e-06
323,0.12064600826501864,0.07502135444203635,0.014790686000000001,0,0,0.025011694954138793,1.4476156942003518e-05,0.11753286278100532,0.00026025549033156434,0.0075661031970618185,1.0157051859989345e-06,0.19041559486652979,0.0004957115273660211
324,0.31533359830473495,0.098815418853831438,0.01480302,0,0,0.025011694954138793,1.4476156942003518e-05,0.23357852699496401,0.001044597176994619,0,0,0.0025502881807835864,9.853245885274214e-08
325,0.30620765980264048,0.098763556254863882,0.014756009,0,0,0.025011694954138793,1.4476156942003518e-05,0.23357852699496401,0.001044597176994619,0.0075661031970618185,1.0157051859989345e-06,0.0003441145397622694,2.8488482178333717e-09
326,0.32454346980831117,0.074677928805670507,0.014752733000000001,0,0,0.025011694954138793,1.4476156942003518e-05,0.23357852699496401,0.001044597176994619,0.27149403570967562,0.0011467575667019995,0.024380651360960948,7.631216362179021e-06
327,0.26026988538664458,0.10950228249128527,0.014832407000000001,0,0,0.049308902239849808,5.8318337274775721e-05,0,0,0,0,0,0
328,0.25573872984697898,0.10948565685659184,0.014811927000000001,0,0,0.049308902239849808,5.8318337274775721e-05,0,0,0,0,0.0055576717676975368,4.4941701671434056e-07
329,0.22433851471785893,0.10941222499033799,0.014824853000000001,0,0,0.049308902239849808,5.8318337274775721e-05,0,0,0,0,0.048165930627978824,3.1024997526312467e-05
330,0.25198372608361919,0.10463830745955606,0.014872816000000001,0,0,0.049308902239849808,5.8318337274775721e-05,0,0,0.0036204138554804133,2.2943610162988871e-07,0.0025502881807835864,9.853245885274214e-08
331,0.24318859540409635,0.10461070224633529,0.014771869999999999,0,0,0.049308902239849808,5.8318337274775721e-05,0,0,0.0036204138554804133,2.2943610162988871e-07,0.011998077590687784,1.9024147497166475e-06
332,0.24737517506732223,0.10651778359277164,0.01474669,0,0,0.049308902239849808,5.8318337274775721e-05,0,0,0.0075661031970618185,1.0157051859989345e-06,0,0
333,0.20874484370039903,0.10157111019414035,0.014752121,0,0,0.049308902239849808,5.8318337274775721e-05,0,0,0.032922391524293174,1.7197917793120815e-05,0,0
334,0.20410448663856864,0.10156185389916873,0.014727453,0,0,0.049308902239849808,5.8318337274775721e-05,0,0,0.032922391524293174,1.7197917793120815e-05,0.0055576717676975368,4.4941701671434056e-07
335,0.1592137658243071,0.094559723758248185,0.014691974999999999,0,0,0.049308902239849808,5.8318337274775721e-05,0,0,0.067329104785706195,7.0057662713197101e-05,0.19041559486652979,0.0004957115273660211
336,0.25429841262314801,0.10464899053706743,0.014686293,0,0,0.049308902239849808,5.8318337274775721e-05,0.000556248333386102,5.9346873038682533e-09,0.0036204138554804133,2.2943610162988871e-07,0,0
337,0.13770748059579366,0.10629825259274486,0.014700171,0,0,0.049308902239849808,5.8318337274775721e-05,0.000556248333386102,5.9346873038682533e-09,0.0075661031970618185,1.0157051859989345e-06,0.19041559486652979,0.0004957115273660211
338,0.2358824605235037,0.10405518467691324,0.014691803999999999,0,0,0.049308902239849808,5.8318337274775721e-05,0.000556248333386102,5.9346873038682533e-09,0.016534326377095288,4.2141881657428466e-06,0,0
339,0.17631525848069066,0.098735574655381173,0.014726952,0,0,0.049308902239849808,5.8318337274775721e-05,0.000556248333386102,5.9346873038682533e-09,0.13466067744867269,0.00028084676437526779,0.0003441145397622694,2.8488482178333717e-09
340,0.17537339723252565,0.098749653337464008,0.014738253999999999,0,0,0.049308902239849808,5.8318337274775721e-05,0.0014914208778900066,4.0933148225877827e-08,0.13466067744867269,0.00028084676437526779,0.011998077590687784,1.9024147497166475e-06
341,0.17137323029326618,0.098801982361963289,0.014756399,0,0,0.049308902239849808,5.8318337274775721e-05,0.0014914208778900066,4.0933148225877827e-08,0.13466067744867269,0.00028084676437526779,0.048165930627978824,3.1024997526312467e-05
342,0.25795429507264928,0.11190934302542749,0.014711081000000001,0,0,0.049308902239849808,5.8318337274775721e-05,0.0032657381748219037,2.0747590606460765e-07,0,0,0.0055576717676975368,4.4941701671434056e-07
343,0.1946937447750067,0.10441030520586439,0.014706663,0,0,0.049308902239849808,5.8318337274775721e-05,0.0032657381748219037,2.0747590606460765e-07,0.0036204138554804133,2.2943610162988871e-07,0.095166505640853619,0.00012474732005306627
344,0.23724247206364288,0.10405795277541098,0.014688958,0,0,0.049308902239849808,5.8318337274775721e-05,0.0032657381748219037,2.0747590606460765e-07,0.016534326377095288,4.2141881657428466e-06,0,0
345,0.16898500166822072,0.096583041811671821,0.01476155,0,0,0.049308902239849808,5.8318337274775721e-05,0.0032657381748219037,2.0747590606460765e-07,0.067329104785706195,7.0057662713197101e-05,0,0
346,0.25497469523231236,0.11189622890125438,0.014735359,0,0,0.049308902239849808,5.8318337274775721e-05,0.0067340929936715345,9.2459189360104763e-07,0.0016266125358492093,4.650168832398788e-08,0.011998077590687784,1.9024147497166475e-06
347,0.14109067798158734,0.11170732415649758,0.014701502999999999,0,0,0.049308902239849808,5.8318337274775721e-05,0.013875902228953515,3.8910972590460246e-06,0,0,0.19041559486652979,0.0004957115273660211
348,0.15535421856226372,0.098961015057196081,0.014698978,0,0,0.049308902239849808,5.8318337274775721e-05,0.013875902228953515,3.8910972590460246e-06,0.067329104785706195,7.0057662713197101e-05,0.19041559486652979,0.0004957115273660211
349,0.26496980634478162,0.10951341807703219,0.014672015,0,0,0.049308902239849808,5.8318337274775721e-05,0.029482704752294028,1.5922870822089668e-05,0,0,0.024380651360960948,7.631216362179021e-06
350,0.2712277192238966,0.11144278390037206,0.014665473,0,0,0.049308902239849808,5.8318337274775721e-05,0.029482704752294028,1.5922870822089668e-05,0.0016266125358492093,4.650168832398788e-08,0.011998077590687784,1.9024147497166475e-06
351,0.26002248009998818,0.10897781952606878,0.014711843,0,0,0.049308902239849808,5.8318337274775721e-05,0.029482704752294028,1.5922870822089668e-05,0.016534326377095288,4.2141881657428466e-06,0,0
352,0.23792129343518822,0.10649761518174672,0.014667918,0,0,0.049308902239849808,5.8318337274775721e-05,0.029482704752294028,1.5922870822089668e-05,0.032922391524293174,1.7197917793120815e-05,0.0003441145397622694,2.8488482178333717e-09
353,0.17147218943561113,0.10114389019656235,0.01466871,0,0,0.049308902239849808,5.8318337274775721e-05,0.029482704752294028,1.5922870822089668e-05,0.13466067744867269,0.00028084676437526779,0.0025502881807835864,9.853245885274214e-08
354,0.2763800927148245,0.11389516580722243,0.014679060000000001,0,0,0.049308902239849808,5.8318337274775721e-05,0.058191510134582916,6.3561167843227188e-05,0.016534326377095288,4.2141881657428466e-06,0.011998077590687784,1.9024147497166475e-06
355,0.21357479607983024,0.11368392651020078,0.014718686,0,0,0.049308902239849808,5.8318337274775721e-05,0.058191510134582916,6.3561167843227188e-05,0.016534326377095288,4.2141881657428466e-06,0.095166505640853619,0.00012474732005306627
356,0.37472194294804995,0.13505194501511628,0.014706834,0,0,0.049308902239849808,5.8318337274775721e-05,0.11753286278100532,0.00026025549033156434,0,0,0,0
357,0.20360083007584454,0.10745513647837934,0.014801778,0,0,0.049308902239849808,5.8318337274775721e-05,0.11753286278100532,0.00026025549033156434,0.13466067744867269,0.00028084676437526779,0.0003441145397622694,2.8488482178333717e-09
358,0.32823472767175271,0.12136584906033987,0.014779443999999999,0,0,0.049308902239849808,5.8318337274775721e-05,0.23357852699496401,0.001044597176994619,0.13466067744867269,0.00028084676437526779,0.0003441145397622694,2.8488482178333717e-09
359,0.52949414838276154,0.20310701384464241,0.014796558,0,0,0.099112756898239507,0.00023255411467313362,0,0,0,0,0,0
360,0.5285332136454115,0.20309955324868917,0.014797991,0,0,0.099112756898239507,0.00023255411467313362,0,0,0,0,0.0011137781542328951,1.9666077745222721e-08
361,0.48915937322011971,0.20288474038007573,0.014791949,0,0,0.099112756898239507,0.00023255411467313362,0,0,0,0,0.048165930627978824,3.1024997526312467e-05
362,0.52464314872090578,0.20307122256000759,0.014793752,0,0,0.099112756898239507,0.00023255411467313362,0,0,0.0036204138554804133,2.2943610162988871e-07,0,0
363,0.47971917620579607,0.19560284222349564,0.014785325,0,0,0.099112756898239507,0.00023255411467313362,0,0,0.032922391524293174,1.7197917793120815e-05,0.0025502881807835864,9.853245885274214e-08
364,0.42423172188219249,0.17685623084395094,0.014741761000000001,0,0,0.099112756898239507,0.00023255411467313362,0,0,0.067329104785706195,7.0057662713197101e-05,0,0
365,0.42399708856727686,0.17685456681632461,0.014722272999999999,0,0,0.099112756898239507,0.00023255411467313362,0,0,0.067329104785706195,7.0057662713197101e-05,0.0003441145397622694,2.8488482178333717e-09
366,0.52590026056984074,0.20307770325604707,0.014773733000000001,0,0,0.099112756898239507,0.00023255411467313362,0.000556248333386102,5.9346873038682533e-09,0,0,0.0055576717676975368,4.4941701671434056e-07
367,0.49007695116786282,0.20288596606026854,0.014736140999999999,0,0,0.099112756898239507,0.00023255411467313362,0.000556248333386102,5.9346873038682533e-09,0,0,0.048165930627978824,3.1024997526312467e-05
368,0.50390344706506707,0.19337115692697879,0.014832336999999999,0,0,0.099112756898239507,0.00023255411467313362,0.000556248333386102,5.9346873038682533e-09,0.016534326377095288,4.2141881657428466e-06,0.0011137781542328951,1.9666077745222721e-08
369,0.28889996116709821,0.17848519467557547,0.014747722,0,0,0.099112756898239507,0.00023255411467313362,0.000556248333386102,5.9346873038682533e-09,0.13466067744867269,0.00028084676437526779,0.048165930627978824,3.1024997526312467e-05
370,0.53059045661000381,0.20311234199000847,0.014749576,0,0,0.099112756898239507,0.00023255411467313362,0.0014914208778900066,4.0933148225877827e-08,0,0,0.0003441145397622694,2.8488482178333717e-09
371,0.45984413150837972,0.20268519746505514,0.014722704,0,0,0.099112756898239507,0.00023255411467313362,0.0014914208778900066,4.0933148225877827e-08,0,0,0.095166505640853619,0.00012474732005306627
372,0.40291212030626772,0.1721072364331383,0.014708537000000001,0,0,0.099112756898239507,0.00023255411467313362,0.0014914208778900066,4.0933148225877827e-08,0.27149403570967562,0.0011467575667019995,0.024380651360960948,7.631216362179021e-06
373,0.53331327290362629,0.20312179042301942,0.014738225000000001,0,0,0.099112756898239507,0.00023255411467313362,0.0032657381748219037,2.0747590606460765e-07,0,0,0,0
374,0.52771950524894784,0.20307964800846159,0.014748944999999999,0,0,0.099112756898239507,0.00023255411467313362,0.0032657381748219037,2.0747590606460765e-07,0.0036204138554804133,2.2943610162988871e-07,0.0003441145397622694,2.8488482178333717e-09
375,0.48352028866355912,0.19563269954687534,0.014692856000000001,0,0,0.099112756898239507,0.00023255411467313362,0.0032657381748219037,2.0747590606460765e-07,0.032922391524293174,1.7197917793120815e-05,0.0011137781542328951,1.9666077745222721e-08
376,0.5267841265716201,0.20310115310826565,0.014717483999999999,0,0,0.099112756898239507,0.00023255411467313362,0.0067340929936715345,9.2459189360104763e-07,0.0016266125358492093,4.650168832398788e-08,0.0055576717676975368,4.4941701671434056e-07
377,0.46801469953133684,0.19554793949763655,0.014761369,0,0,0.099112756898239507,0.00023255411467313362,0.0067340929936715345,9.2459189360104763e-07,0.032922391524293174,1.7197917793120815e-05,0.024380651360960948,7.631216362179021e-06
378,0.39490885126725112,0.16473087975579884,0.014827037,0,0,0.099112756898239507,0.00023255411467313362,0.0067340929936715345,9.2459189360104763e-07,0.27149403570967562,0.0011467575667019995,0.011998077590687784,1.9024147497166475e-06
379,0.5386001491080854,0.20317890699456148,0.014863306999999999,0,0,0.099112756898239507,0.00023255411467313362,0.013875902228953515,3.8910972590460246e-06,0,0,0,0
380,0.53010523676236576,0.20312283954670954,0.015063306,0,0,0.099112756898239507,0.00023255411467313362,0.013875902228953515,3.8910972590460246e-06,0,0,0.011998077590687784,1.9024147497166475e-06
381,0.53619756930486517,0.2031637015229083,0.015206473999999999,0,0,0.099112756898239507,0.00023255411467313362,0.013875902228953515,3.8910972590460246e-06,0.0016266125358492093,4.650168832398788e-08,0,0
382,0.53546669095117683,0.20315808641639316,0.015221353,0,0,0.099112756898239507,0.00023255411467313362,0.013875902228953515,3.8910972590460246e-06,0.0016266125358492093,4.650168832398788e-08,0.0011137781542328951,1.9666077745222721e-08
383,0.48716631399625759,0.19567251994465984,0.015205181,0,0,0.099112756898239507,0.00023255411467313362,0.013875902228953515,3.8910972590460246e-06,0.032922391524293174,1.7197917793120815e-05,0.0003441145397622694,2.8488482178333717e-09
384,0.48554962364738896,0.1956654085565365,0.015246200999999999,0,0,0.099112756898239507,0.00023255411467313362,0.013875902228953515,3.8910972590460246e-06,0.032922391524293174,1.7197917793120815e-05,0.0025502881807835864,9.853245885274214e-08
385,0.39803333087392628,0.16708918102664938,0.015277261,0,0,0.099112756898239507,0.00023255411467313362,0.013875902228953515,3.8910972590460246e-06,0.27149403570967562,0.0011467575667019995,0.0055576717676975368,4.4941701671434056e-07
386,0.55116815349063231,0.21036869503149744,0.015267943000000001,0,0,0.099112756898239507,0.00023255411467313362,0.029482704752294028,1.5922870822089668e-05,0,0,0.0025502881807835864,9.853245885274214e-08
387,0.5506125072830087,0.20799387920946469,0.015184560999999999,0,0,0.099112756898239507,0.00023255411467313362,0.029482704752294028,1.5922870822089668e-05,0.0016266125358492093,4.650168832398788e-08,0.0003441145397622694,2.8488482178333717e-09
388,0.50554135197598415,0.19812455523539999,0.014932532,0,0,0.099112756898239507,0.00023255411467313362,0.029482704752294028,1.5922870822089668e-05,0.032922391524293174,1.7197917793120815e-05,0.0025502881807835864,9.853245885274214e-08
389,0.52889403335032492,0.21267957989778563,0.014845773,0,0,0.099112756898239507,0.00023255411467313362,0.058191510134582916,6.3561167843227188e-05,0,0,0.048165930627978824,3.1024997526312467e-05
390,0.49735784934446964,0.21242290299402683,0.014971597999999999,0,0,0.099112756898239507,0.00023255411467313362,0.058191510134582916,6.3561167843227188e-05,0.00059882329038815337,6.6185493683973793e-09,0.095166505640853619,0.00012474732005306627
391,0.40680826601173881,0.17656912983905548,0.015004330999999999,0,0,0.099112756898239507,0.00023255411467313362,0.058191510134582916,6.3561167843227188e-05,0.27149403570967562,0.0011467575667019995,0,0
392,0.40702491903641669,0.17657036173574273,0.015047415,0,0,0.099112756898239507,0.00023255411467313362,0.058191510134582916,6.3561167843227188e-05,0.27149403570967562,0.0011467575667019995,0.0011137781542328951,1.9666077745222721e-08
393,0.61656185513133954,0.22979868860627725,0.015002557,0,0,0.099112756898239507,0.00023255411467313362,0.11753286278100532,0.00026025549033156434,0,0,0,0
394,0.36879055295996199,0.17910483389136897,0.014843489,0,0,0.099112756898239507,0.00023255411467313362,0.11753286278100532,0.00026025549033156434,0.27149403570967562,0.0011467575667019995,0,0
395,0.62067969965553671,0.24750692133836952,0.014849831000000001,0,0,0.099112756898239507,0.00023255411467313362,0.23357852699496401,0.001044597176994619,0.0036204138554804133,2.2943610162988871e-07,0.095166505640853619,0.00012474732005306627
396,0.67430395646894969,0.2456659866517247,0.014808880999999999,0,0,0.099112756898239507,0.00023255411467313362,0.23357852699496401,0.001044597176994619,0.016534326377095288,4.2141881657428466e-06,0.0025502881807835864,9.853245885274214e-08
397,0.45747872235810272,0.22697219739262967,0.014763663999999999,0,0,0.099112756898239507,0.00023255411467313362,0.23357852699496401,0.001044597176994619,0.13466067744867269,0.00028084676437526779,0.095166505640853619,0.00012474732005306627
398,1.502412068325311,0.33547642934792765,0.014806678,0,0,0.199574729684656,0.00093691305727090681,0,0,0,0,0,0
399,1.5016445630405879,0.33546560890927446,0.014829802,0,0,0.199574729684656,0.00093691305727090681,0,0,0,0,0.0011137781542328951,1.9666077745222721e-08
400,1.4869160674485851,0.33524480844851851,0.014743264000000001,0,0,0.199574729684656,0.00093691305727090681,0,0,0,0,0.024380651360960948,7.631216362179021e-06
401,1.4930450324513609,0.33534737270589671,0.014736770999999999,0,0,0.199574729684656,0.00093691305727090681,0,0,0.00059882329038815337,6.6185493683973793e-09,0.011998077590687784,1.9024147497166475e-06
402,1.4961891092238009,0.33302569102669932,0.014815614,0,0,0.199574729684656,0.00093691305727090681,0,0,0.0036204138554804133,2.2943610162988871e-07,0,0
403,1.4899915099093348,0.32825752119505996,0.014727453999999999,0,0,0.199574729684656,0.00093691305727090681,0,0,0.0075661031970618185,1.0157051859989345e-06,0,0
404,1.4892375987946629,0.32824436697813036,0.014685381000000001,0,0,0.199574729684656,0.00093691305727090681,0,0,0.0075661031970618185,1.0157051859989345e-06,0.0011137781542328951,1.9666077745222721e-08
405,1.4311435816942553,0.32731274918725728,0.014743183999999999,0,0,0.199574729684656,0.00093691305727090681,0,0,0.0075661031970618185,1.0157051859989345e-06,0.095166505640853619,0.00012474732005306627
406,1.3100607848494119,0.31533941459884024,0.014759536,0,0,0.199574729684656,0.00093691305727090681,0,0,0.13466067744867269,0.00028084676437526779,0,0
407,1.3076993466881721,0.31531900968800425,0.014795997,0,0,0.199574729684656,0.00093691305727090681,0,0,0.13466067744867269,0.00028084676437526779,0.0025502881807835864,9.853245885274214e-08
408,1.1167449769640219,0.26956024341494023,0.014805926000000001,0,0,0.199574729684656,0.00093691305727090681,0,0,0.27149403570967562,0.0011467575667019995,0,0
409,1.4752765305445281,0.32804116213465229,0.014851293999999999,0,0,0.199574729684656,0.00093691305727090681,0.000556248333386102,5.9346873038682533e-09,0.016534326377095288,4.2141881657428466e-06,0.0055576717676975368,4.4941701671434056e-07
410,1.402648783209506,0.32018440509165519,0.014820203000000001,0,0,0.199574729684656,0.00093691305727090681,0.000556248333386102,5.9346873038682533e-09,0.067329104785706195,7.0057662713197101e-05,0.0025502881807835864,9.853245885274214e-08
411,1.1157130352872526,0.26955453337860413,0.014745518000000001,0,0,0.199574729684656,0.00093691305727090681,0.000556248333386102,5.9346873038682533e-09,0.27149403570967562,0.0011467575667019995,0.0025502881807835864,9.853245885274214e-08
412,1.4974544567053027,0.33073324587399022,0.014793641999999999,0,0,0.199574729684656,0.00093691305727090681,0.0014914208778900066,4.0933148225877827e-08,0.0036204138554804133,2.2943610162988871e-07,0,0
413,1.4935955540554655,0.33066809906456418,0.014790667,0,0,0.199574729684656,0.00093691305727090681,0.0014914208778900066,4.0933148225877827e-08,0.0036204138554804133,2.2943610162988871e-07,0.0055576717676975368,4.4941701671434056e-07
414,1.4890105329716932,0.32824007020436674,0.014720069000000001,0,0,0.199574729684656,0.00093691305727090681,0.0014914208778900066,4.0933148225877827e-08,0.0075661031970618185,1.0157051859989345e-06,0.0025502881807835864,9.853245885274214e-08
415,1.4756649347046926,0.32806127923746103,0.014747753000000001,0,0,0.199574729684656,0.00093691305727090681,0.0014914208778900066,4.0933148225877827e-08,0.016534326377095288,4.2141881657428466e-06,0.0055576717676975368,4.4941701671434056e-07
416,1.3346472410244388,0.3265437631013402,0.014772802,0,0,0.199574729684656,0.00093691305727090681,0.0014914208778900066,4.0933148225877827e-08,0.016534326377095288,4.2141881657428466e-06,0.19041559486652979,0.0004957115273660211
417,1.4984913856987723,0.33307398733200533,0.014756470000000001,0,0,0.199574729684656,0.00093691305727090681,0.0032657381748219037,2.0747590606460765e-07,0.0036204138554804133,2.2943610162988871e-07,0,0
418,1.4325976275764927,0.332196990740734,0.014756149,0,0,0.199574729684656,0.00093691305727090681,0.0032657381748219037,2.0747590606460765e-07,0.0036204138554804133,2.2943610162988871e-07,0.095166505640853619,0.00012474732005306627
419,1.402078523722369,0.32252153621550583,0.014798321,0,0,0.199574729684656,0.00093691305727090681,0.0032657381748219037,2.0747590606460765e-07,0.067329104785706195,7.0057662713197101e-05,0.0055576717676975368,4.4941701671434056e-07
420,1.4887311899226556,0.33691692511458277,0.014682015,0,0,0.199574729684656,0.00093691305727090681,0.0067340929936715345,9.2459189360104763e-07,0.016534326377095288,4.2141881657428466e-06,0.0003441145397622694,2.8488482178333717e-09
421,1.0792559664745021,0.27798107292500163,0.0147513,0,0,0.199574729684656,0.00093691305727090681,0.0067340929936715345,9.2459189360104763e-07,0.27149403570967562,0.0011467575667019995,0.095166505640853619,0.00012474732005306627
422,1.5132670794395493,0.34028622843079454,0.014714288000000001,0,0,0.199574729684656,0.00093691305727090681,0.013875902228953515,3.8910972590460246e-06,0,0,0,0
423,1.3655507949844639,0.33857883417868456,0.014727294,0,0,0.199574729684656,0.00093691305727090681,0.013875902228953515,3.8910972590460246e-06,0,0,0.19041559486652979,0.0004957115273660211
424,1.320643186596733,0.31018714846963719,0.014764144999999999,0,0,0.199574729684656,0.00093691305727090681,0.013875902228953515,3.8910972590460246e-06,0.13466067744867269,0.00028084676437526779,0,0
425,1.4642848389162657,0.34597375613291464,0.014788743,0,0,0.199574729684656,0.00093691305727090681,0.029482704752294028,1.5922870822089668e-05,0,0,0.095166505640853619,0.00012474732005306627
426,1.5611038054110442,0.34956209991370379,0.014751761,0,0,0.199574729684656,0.00093691305727090681,0.058191510134582916,6.3561167843227188e-05,0.00059882329038815337,6.6185493683973793e-09,0.0055576717676975368,4.4941701671434056e-07
427,1.5302043441554094,0.35076274540692925,0.014705701,0,0,0.199574729684656,0.00093691305727090681,0.058191510134582916,6.3561167843227188e-05,0.0036204138554804133,2.2943610162988871e-07,0.048165930627978824,3.1024997526312467e-05
428,1.4937443918823625,0.34191218355970271,0.014815394000000001,0,0,0.199574729684656,0.00093691305727090681,0.11753286278100532,0.00026025549033156434,0.067329104785706195,7.0057662713197101e-05,0,0
429,1.4610936840849391,0.3414491877074739,0.014789333999999999,0,0,0.199574729684656,0.00093691305727090681,0.11753286278100532,0.00026025549033156434,0.067329104785706195,7.0057662713197101e-05,0.048165930627978824,3.1024997526312467e-05
430,1.3483189020371078,0.34031355163415195,0.01476152,0,0,0.199574729684656,0.00093691305727090681,0.11753286278100532,0.00026025549033156434,0.067329104785706195,7.0057662713197101e-05,0.19041559486652979,0.0004957115273660211
431,0.0029766759111611403,1.6217773738815164e-07,0.014810936,0.0002107349811628163,2.5128380130182859e-09,0,0,0,0,0,0,0,0
432,0.0019655930052268466,9.5680772571332526e-08,0.014769084,0.0002107349811628163,2.5128380130182859e-09,0,0,0,0,0,0,0.0011137781542328951,1.9666077745222721e-08
433,0.0066485848192535738,1.1680601232364515e-06,0.014766949999999999,0.0002107349811628163,2.5128380130182859e-09,0,0,0,0,0,0,0.011998077590687784,1.9024147497166475e-06
434,0.0016892082721711348,5.278117116554883e-08,0.014800084999999999,0.0002107349811628163,2.5128380130182859e-09,0,0,0,0,0.0016266125358492093,4.650168832398788e-08,0,0
435,0.046076498485531601,0.014625348595300644,0.014731681,0.0002107349811628163,2.5128380130182859e-09,0,0,0,0,0.032922391524293174,1.7197917793120815e-05,0,0
436,0.39021894714655114,0.088541945353988322,0.014752612,0.0002107349811628163,2.5128380130182859e-09,0,0,0,0,0.27149403570967562,0.0011467575667019995,0,0
437,0.3995129831070704,0.088625279092373541,0.014740368,0.0002107349811628163,2.5128380130182859e-09,0,0,0,0,0.27149403570967562,0.0011467575667019995,0.011998077590687784,1.9024147497166475e-06
438,0.43387680598792677,0.088914837428372764,0.014754566,0.0002107349811628163,2.5128380130182859e-09,0,0,0,0,0.27149403570967562,0.0011467575667019995,0.048165930627978824,3.1024997526312467e-05
439,0.12970938666767198,0.0004781518240798726,0.014688006,0.0002107349811628163,2.5128380130182859e-09,0,0,0.000556248333386102,5.9346873038682533e-09,0,0,0.19041559486652979,0.0004957115273660211
440,0.045409848117694065,0.014625285928018816,0.014761039,0.0002107349811628163,2.5128380130182859e-09,0,0,0.000556248333386102,5.9346873038682533e-09,0.032922391524293174,1.7197917793120815e-05,0,0
441,0.045749640023578675,0.014625508622353454,0.01472058,0.0002107349811628163,2.5128380130182859e-09,0,0,0.000556248333386102,5.9346873038682533e-09,0.032922391524293174,1.7197917793120815e-05,0.0003441145397622694,2.8488482178333717e-09
442,0.28817067907874411,0.017939951234778262,0.014763132999999999,0.0002107349811628163,2.5128380130182859e-09,0,0,0.000556248333386102,5.9346873038682533e-09,0.067329104785706195,7.0057662713197101e-05,0.19041559486652979,0.0004957115273660211
443,0.12135625520840379,0.00047791642373460464,0.014882434,0.0002107349811628163,2.5128380130182859e-09,0,0,0.0014914208778900066,4.0933148225877827e-08,0.00059882329038815337,6.6185493683973793e-09,0.19041559486652979,0.0004957115273660211
444,0.0018595081846042394,1.1287262649078604e-07,0.014931649999999999,0.0002107349811628163,2.5128380130182859e-09,0,0,0.0014914208778900066,4.0933148225877827e-08,0.0016266125358492093,4.650168832398788e-08,0.0025502881807835864,9.853245885274214e-08
445,0.0058551312643740768,0.0024371076842423039,0.014914747000000001,0.0002107349811628163,2.5128380130182859e-09,0,0,0.0032657381748219037,2.0747590606460765e-07,0,0,0.0003441145397622694,2.8488482178333717e-09
446,0.030481998298296054,0.0097429047836804141,0.014816777,0.0002107349811628163,2.5128380130182859e-09,0,0,0.0032657381748219037,2.0747590606460765e-07,0.0075661031970618185,1.0157051859989345e-06,0.024380651360960948,7.631216362179021e-06
447,0.019177630996633062,0.0097500762984510918,0.014746540000000001,0.0002107349811628163,2.5128380130182859e-09,0,0,0.0032657381748219037,2.0747590606460765e-07,0.016534326377095288,4.2141881657428466e-06,0,0
448,0.12561366086335679,0.0029014635319959121,0.014824632000000001,0.0002107349811628163,2.5128380130182859e-09,0,0,0.0067340929936715345,9.2459189360104763e-07,0.0016266125358492093,4.650168832398788e-08,0.19041559486652979,0.0004957115273660211
449,0.0080915846803803343,0.002436982806039273,0.014909718000000001,0.0002107349811628163,2.5128380130182859e-09,0,0,0.0067340929936715345,9.2459189360104763e-07,0.0036204138554804133,2.2943610162988871e-07,0,0
450,0.017567218959746434,0.0048757733297285265,0.014892885,0.0002107349811628163,2.5128380130182859e-09,0,0,0.013875902228953515,3.8910972590460246e-06,0,0,0.0055576717676975368,4.4941701671434056e-07
451,0.026360186362693622,0.00488459083452868,0.014854770999999999,0.0002107349811628163,2.5128380130182859e-09,0,0,0.013875902228953515,3.8910972590460246e-06,0.016534326377095288,4.2141881657428466e-06,0.024380651360960948,7.631216362179021e-06
452,0.14747854651199022,0.0053432126086829261,0.014943072,0.0002107349811628163,2.5128380130182859e-09,0,0,0.013875902228953515,3.8910972590460246e-06,0.016534326377095288,4.2141881657428466e-06,0.19041559486652979,0.0004957115273660211
453,0.089815587308902961,0.019575177426805656,0.014862445,0.0002107349811628163,2.5128380130182859e-09,0,0,0.013875902228953515,3.8910972590460246e-06,0.067329104785706195,7.0057662713197101e-05,0,0
454,0.20882973075150718,0.029581615663557919,0.014828549999999999,0.0002107349811628163,2.5128380130182859e-09,0,0,0.013875902228953515,3.8910972590460246e-06,0.13466067744867269,0.00028084676437526779,0,0
455,0.025034767251856455,0.0048834498330711917,0.014845893000000001,0.0002107349811628163,2.5128380130182859e-09,0,0,0.029482704752294028,1.5922870822089668e-05,0,0,0.011998077590687784,1.9024147497166475e-06
456,0.027615847513816454,0.0048825784499238979,0.014829271,0.0002107349811628163,2.5128380130182859e-09,0,0,0.029482704752294028,1.5922870822089668e-05,0.0036204138554804133,2.2943610162988871e-07,0.0003441145397622694,2.8488482178333717e-09
457,0.10002732225025554,0.014718530440405614,0.014871102000000001,0.0002107349811628163,2.5128380130182859e-09,0,0,0.029482704752294028,1.5922870822089668e-05,0.067329104785706195,7.0057662713197101e-05,0.0025502881807835864,9.853245885274214e-08
458,0.049272261600258979,0.009783894014109052,0.014845132,0.0002107349811628163,2.5128380130182859e-09,0,0,0.058191510134582916,6.3561167843227188e-05,0.00059882329038815337,6.6185493683973793e-09,0.011998077590687784,1.9024147497166475e-06
459,0.12786395422802263,0.019562651002026567,0.014945537,0.0002107349811628163,2.5128380130182859e-09,0,0,0.11753286278100532,0.00026025549033156434,0.00059882329038815337,6.6185493683973793e-09,0.011998077590687784,1.9024147497166475e-06
460,0.10543346406986732,0.019538432048201514,0.01499837,0.0002107349811628163,2.5128380130182859e-09,0,0,0.11753286278100532,0.00026025549033156434,0.0036204138554804133,2.2943610162988871e-07,0.095166505640853619,0.00012474732005306627
461,0.11687995065775401,0.019528794324864217,0.015022176,0.0002107349811628163,2.5128380130182859e-09,0,0,0.11753286278100532,0.00026025549033156434,0.016534326377095288,4.2141881657428466e-06,0.0003441145397622694,2.8488482178333717e-09
462,0.26402290343886992,0.050636253166548122,0.014999802,0.0002107349811628163,2.5128380130182859e-09,0,0,0.23357852699496401,0.001044597176994619,0,0,0,0
463,0.015952510801007441,6.9751468813859299e-06,0.014990224,0.0002107349811628163,2.5128380130182859e-09,0.00054984026108467472,5.4234620717900624e-09,0.0032657381748219037,2.0747590606460765e-07,0.0036204138554804133,2.2943610162988871e-07,0.024380651360960948,7.631216362179021e-06
464,0.20013177200525709,0.0029158159782322122,0.015026123000000001,0.0002107349811628163,2.5128380130182859e-09,0.00054984026108467472,5.4234620717900624e-09,0.0032657381748219037,2.0747590606460765e-07,0.0075661031970618185,1.0157051859989345e-06,0.19041559486652979,0.0004957115273660211
465,0.229470310211666,0.027221947487632965,0.015032916,0.0002107349811628163,2.5128380130182859e-09,0.00054984026108467472,5.4234620717900624e-09,0.0032657381748219037,2.0747590606460765e-07,0.13466067744867269,0.00028084676437526779,0.0055576717676975368,4.4941701671434056e-07
466,0.010242118709908458,0.0024404124844020422,0.015073906999999999,0.0002107349811628163,2.5128380130182859e-09,0.00054984026108467472,5.4234620717900624e-09,0.013875902228953515,3.8910972590460246e-06,0.0016266125358492093,4.650168832398788e-08,0.011998077590687784,1.9024147497166475e-06
467,0.17862083163065284,0.0029101373081747606,0.014982228,0.0002107349811628163,2.5128380130182859e-09,0.00054984026108467472,5.4234620717900624e-09,0.013875902228953515,3.8910972590460246e-06,0.0075661031970618185,1.0157051859989345e-06,0.19041559486652979,0.0004957115273660211
468,0.22666117910402295,0.029548269511461982,0.014973652,0.0002107349811628163,2.5128380130182859e-09,0.00054984026108467472,5.4234620717900624e-09,0.029482704752294028,1.5922870822089668e-05,0.13466067744867269,0.00028084676437526779,0,0
469,0.089409552862055861,0.012440181371082357,0.014911491000000001,0.0002107349811628163,2.5128380130182859e-09,0.00054984026108467472,5.4234620717900624e-09,0.058191510134582916,6.3561167843227188e-05,0.0016266125358492093,4.650168832398788e-08,0.19041559486652979,0.0004957115273660211
470,0.0071978807857964117,0.0024377551260098252,0.014899478000000001,0.0002107349811628163,2.5128380130182859e-09,0.0014826382597978712,3.7927712872417375e-08,0,0,0,0,0,0
471,0.0060572892169737502,0.0024376809185938843,0.014887164,0.0002107349811628163,2.5128380130182859e-09,0.0014826382597978712,3.7927712872417375e-08,0,0,0.00059882329038815337,6.6185493683973793e-09,0.0003441145397622694,2.8488482178333717e-09
472,0.0034133341714483057,0.0024375126827259866,0.014884488,0.0002107349811628163,2.5128380130182859e-09,0.0014826382597978712,3.7927712872417375e-08,0,0,0.0016266125358492093,4.650168832398788e-08,0.0011137781542328951,1.9666077745222721e-08
473,0.14007832362209907,0.017248604977922796,0.014921179999999999,0.0002107349811628163,2.5128380130182859e-09,0.0014826382597978712,3.7927712872417375e-08,0,0,0.067329104785706195,7.0057662713197101e-05,0.048165930627978824,3.1024997526312467e-05
474,0.22601555915051805,0.027206814796417383,0.014950517,0.0002107349811628163,2.5128380130182859e-09,0.0014826382597978712,3.7927712872417375e-08,0,0,0.13466067744867269,0.00028084676437526779,0.0025502881807835864,9.853245885274214e-08
475,0.26796567296292878,0.027425432413929227,0.014934325,0.0002107349811628163,2.5128380130182859e-09,0.0014826382597978712,3.7927712872417375e-08,0,0,0.13466067744867269,0.00028084676437526779,0.048165930627978824,3.1024997526312467e-05
476,0.39447834320757807,0.088514607509060927,0.014967841000000001,0.0002107349811628163,2.5128380130182859e-09,0.0014826382597978712,3.7927712872417375e-08,0,0,0.27149403570967562,0.0011467575667019995,0.0025502881807835864,9.853245885274214e-08
477,0.069286525264839263,0.00012130233771626836,0.014929466000000001,0.0002107349811628163,2.5128380130182859e-09,0.0014826382597978712,3.7927712872417375e-08,0.000556248333386102,5.9346873038682533e-09,0.0036204138554804133,2.2943610162988871e-07,0.095166505640853619,0.00012474732005306627
478,0.0046606165245106027,3.0128882925402545e-07,0.014883937,0.0002107349811628163,2.5128380130182859e-09,0.0014826382597978712,3.7927712872417375e-08,0.0014914208778900066,4.0933148225877827e-08,0.0036204138554804133,2.2943610162988871e-07,0,0
479,0.0078631819151634384,0.0048750894063565708,0.014917463000000001,0.0002107349811628163,2.5128380130182859e-09,0.0014826382597978712,3.7927712872417375e-08,0.0067340929936715345,9.2459189360104763e-07,0.0036204138554804133,2.2943610162988871e-07,0.0003441145397622694,2.8488482178333717e-09
480,0.081064180535776409,0.012238173146026083,0.014839089999999999,0.0002107349811628163,2.5128380130182859e-09,0.0014826382597978712,3.7927712872417375e-08,0.0067340929936715345,9.2459189360104763e-07,0.032922391524293174,1.7197917793120815e-05,0.048165930627978824,3.1024997526312467e-05
481,0.021793401102088963,0.0048831330597670659,0.01487991,0.0002107349811628163,2.5128380130182859e-09,0.0014826382597978712,3.7927712872417375e-08,0.029482704752294028,1.5922870822089668e-05,0.0075661031970618185,1.0157051859989345e-06,0.0055576717676975368,4.4941701671434056e-07
482,0.20724490112095742,0.0077923956863970448,0.014881293,0.0002107349811628163,2.5128380130182859e-09,0.0014826382597978712,3.7927712872417375e-08,0.029482704752294028,1.5922870822089668e-05,0.032922391524293174,1.7197917793120815e-05,0.19041559486652979,0.0004957115273660211
483,0.46121911130850296,0.076836454867131962,0.014873116,0.0002107349811628163,2.5128380130182859e-09,0.0014826382597978712,3.7927712872417375e-08,0.029482704752294028,1.5922870822089668e-05,0.27149403570967562,0.0011467575667019995,0.048165930627978824,3.1024997526312467e-05
484,0.040109472369546435,0.012201988044310457,0.014854991999999999,0.0002107349811628163,2.5128380130182859e-09,0.0014826382597978712,3.7927712872417375e-08,0.058191510134582916,6.3561167843227188e-05,0,0,0.024380651360960948,7.631216362179021e-06
485,0.050911482929037286,0.012220805985487139,0.014855332000000001,0.0002107349811628163,2.5128380130182859e-09,0.0014826382597978712,3.7927712872417375e-08,0.058191510134582916,6.3561167843227188e-05,0.00059882329038815337,6.6185493683973793e-09,0,0
486,0.40473465457949653,0.071412440751071019,0.014836105,0.0002107349811628163,2.5128380130182859e-09,0.0014826382597978712,3.7927712872417375e-08,0.058191510134582916,6.3561167843227188e-05,0.27149403570967562,0.0011467575667019995,0.0003441145397622694,2.8488482178333717e-09
487,0.098318003668337151,0.014663870643706858,0.014839141,0.0002107349811628163,2.5128380130182859e-09,0.0014826382597978712,3.7927712872417375e-08,0.11753286278100532,0.00026025549033156434,0.032922391524293174,1.7197917793120815e-05,0.011998077590687784,1.9024147497166475e-06
488,0.34275560987975134,0.057087774813809798,0.014928695000000001,0.0002107349811628163,2.5128380130182859e-09,0.0014826382597978712,3.7927712872417375e-08,0.11753286278100532,0.00026025549033156434,0.27149403570967562,0.0011467575667019995,0.024380651360960948,7.631216362179021e-06
489,0.22562402737137077,0.048016211575466997,0.014840643000000001,0.0002107349811628163,2.5128380130182859e-09,0.0014826382597978712,3.7927712872417375e-08,0.23357852699496401,0.001044597176994619,0.0075661031970618185,1.0157051859989345e-06,0.048165930627978824,3.1024997526312467e-05
490,0.19142499090581899,0.047976756879202678,0.014865972,0.0002107349811628163,2.5128380130182859e-09,0.0014826382597978712,3.7927712872417375e-08,0.23357852699496401,0.001044597176994619,0.016534326377095288,4.2141881657428466e-06,0.095166505640853619,0.00012474732005306627
491,0.01295636912090195,0.0024387414331359628,0.014805354999999999,0.0002107349811628163,2.5128380130182859e-09,0.0032763021406752579,1.8605944461100654e-07,0,0,0,0,0,0
492,0.38864036183906109,0.088435633388248711,0.014816897000000001,0.0002107349811628163,2.5128380130182859e-09,0.0032763021406752579,1.8605944461100654e-07,0,0,0.27149403570967562,0.0011467575667019995,0,0
493,0.10317578202498409,0.0028714061047000069,0.014787138999999999,0.0002107349811628163,2.5128380130182859e-09,0.0032763021406752579,1.8605944461100654e-07,0.000556248333386102,5.9346873038682533e-09,0,0,0.19041559486652979,0.0004957115273660211
494,0.1227270934973704,0.019603210009262455,0.014738034000000001,0.0002107349811628163,2.5128380130182859e-09,0.0032763021406752579,1.8605944461100654e-07,0.000556248333386102,5.9346873038682533e-09,0.067329104785706195,7.0057662713197101e-05,0.024380651360960948,7.631216362179021e-06
495,0.014185004746129628,0.0024394901052255725,0.014779445,0.0002107349811628163,2.5128380130182859e-09,0.0032763021406752579,1.8605944461100654e-07,0.0014914208778900066,4.0933148225877827e-08,0,0,0,0
496,0.011312960199100318,0.0024388408192843394,0.014818911000000001,0.0002107349811628163,2.5128380130182859e-09,0.0032763021406752579,1.8605944461100654e-07,0.0014914208778900066,4.0933148225877827e-08,0.0016266125358492093,4.650168832398788e-08,0.0011137781542328951,1.9666077745222721e-08
497,0.0046072099459328487,0.0024378140714550784,0.014781137999999999,0.0002107349811628163,2.5128380130182859e-09,0.0032763021406752579,1.8605944461100654e-07,0.0014914208778900066,4.0933148225877827e-08,0.0036204138554804133,2.2943610162988871e-07,0.0055576717676975368,4.4941701671434056e-07
498,0.016195004801312196,0.0097448543199349126,0.014804383000000001,0.0002107349811628163,2.5128380130182859e-09,0.0032763021406752579,1.8605944461100654e-07,0.0014914208778900066,4.0933148225877827e-08,0.016534326377095288,4.2141881657428466e-06,0.0055576717676975368,4.4941701671434056e-07
499,0.080810034346307749,0.017081749435166639,0.014745819,0.0002107349811628163,2.5128380130182859e-09,0.0032763021406752579,1.8605944461100654e-07,0.0014914208778900066,4.0933148225877827e-08,0.032922391524293174,1.7197917793120815e-05,0.048165930627978824,3.1024997526312467e-05
500,0.10070993583614651,0.019558100024043654,0.014735468999999999,0.0002107349811628163,2.5128380130182859e-09,0.0032763021406752579,1.8605944461100654e-07,0.0014914208778900066,4.0933148225877827e-08,0.067329104785706195,7.0057662713197101e-05,0.0011137781542328951,1.9666077745222721e-08
501,0.38964360417072924,0.088457235849526583,0.014822307,0.0002107349811628163,2.5128380130182859e-09,0.0032763021406752579,1.8605944461100654e-07,0.0014914208778900066,4.0933148225877827e-08,0.27149403570967562,0.0011467575667019995,0.0055576717676975368,4.4941701671434056e-07
502,0.022065724390485514,0.0048762801851787354,0.014843579000000001,0.0002107349811628163,2.5128380130182859e-09,0.0032763021406752579,1.8605944461100654e-07,0.0032657381748219037,2.0747590606460765e-07,0.0075661031970618185,1.0157051859989345e-06,0.024380651360960948,7.631216362179021e-06
503,0.044937999659297394,0.0025221905643481291,0.014837357000000001,0.0002107349811628163,2.5128380130182859e-09,0.0032763021406752579,1.8605944461100654e-07,0.0067340929936715345,9.2459189360104763e-07,0,0,0.095166505640853619,0.00012474732005306627
504,0.021165528062353799,0.0048784575305260477,0.014826847000000001,0.0002107349811628163,2.5128380130182859e-09,0.0032763021406752579,1.8605944461100654e-07,0.013875902228953515,3.8910972590460246e-06,0.0036204138554804133,2.2943610162988871e-07,0,0
505,0.032159859098200162,0.0048988640607611506,0.014808451,0.0002107349811628163,2.5128380130182859e-09,0.0032763021406752579,1.8605944461100654e-07,0.029482704752294028,1.5922870822089668e-05,0.00059882329038815337,6.6185493683973793e-09,0,0
506,0.051256652653080811,0.0097774210858496031,0.014836125,0.0002107349811628163,2.5128380130182859e-09,0.0032763021406752579,1.8605944461100654e-07,0.058191510134582916,6.3561167843227188e-05,0.00059882329038815337,6.6185493683973793e-09,0.024380651360960948,7.631216362179021e-06
507,0.26484747647762508,0.050690130872391041,0.014816918,0.0002107349811628163,2.5128380130182859e-09,0.0032763021406752579,1.8605944461100654e-07,0.23357852699496401,0.001044597176994619,0.00059882329038815337,6.6185493683973793e-09,0.0025502881807835864,9.853245885274214e-08
508,0.26158818573147502,0.05067611832173044,0.014890921,0.0002107349811628163,2.5128380130182859e-09,0.0032763021406752579,1.8605944461100654e-07,0.23357852699496401,0.001044597176994619,0.0016266125358492093,4.650168832398788e-08,0.0055576717676975368,4.4941701671434056e-07
509,0.23328206375045146,0.045704958783751998,0.014928354,0.0002107349811628163,2.5128380130182859e-09,0.0032763021406752579,1.8605944461100654e-07,0.23357852699496401,0.001044597176994619,0.032922391524293174,1.7197917793120815e-05,0,0
510,0.026643712579019468,0.019533980802043122,0.014997508,0.0002107349811628163,2.5128380130182859e-09,0.0065000668855896863,8.306447327947619e-07,0,0,0,0,0.048165930627978824,3.1024997526312467e-05
511,0.016717547058035635,0.017086602460309391,0.015020202,0.0002107349811628163,2.5128380130182859e-09,0.0065000668855896863,8.306447327947619e-07,0,0,0.0016266125358492093,4.650168832398788e-08,0.024380651360960948,7.631216362179021e-06
512,0.056116266193208551,0.017167654722524236,0.014983310999999999,0.0002107349811628163,2.5128380130182859e-09,0.0065000668855896863,8.306447327947619e-07,0,0,0.0036204138554804133,2.2943610162988871e-07,0.095166505640853619,0.00012474732005306627
513,0.10515383140702753,0.031775663924899965,0.014978912,0.0002107349811628163,2.5128380130182859e-09,0.0065000668855896863,8.306447327947619e-07,0,0,0.067329104785706195,7.0057662713197101e-05,0.0025502881807835864,9.853245885274214e-08
514,0.13994628700310197,0.031858995937742531,0.015075669999999999,0.0002107349811628163,2.5128380130182859e-09,0.0065000668855896863,8.306447327947619e-07,0,0,0.067329104785706195,7.0057662713197101e-05,0.048165930627978824,3.1024997526312467e-05
515,0.050637599389546054,0.019596641613085206,0.015030572000000001,0.0002107349811628163,2.5128380130182859e-09,0.0065000668855896863,8.306447327947619e-07,0.0014914208778900066,4.0933148225877827e-08,0.00059882329038815337,6.6185493683973793e-09,0.095166505640853619,0.00012474732005306627
516,0.053783224278757293,0.021970778116220342,0.014997147000000001,0.0002107349811628163,2.5128380130182859e-09,0.0065000668855896863,8.306447327947619e-07,0.0014914208778900066,4.0933148225877827e-08,0.032922391524293174,1.7197917793120815e-05,0.024380651360960948,7.631216362179021e-06
517,0.077775395766843378,0.022000994729367011,0.01502384,0.0002107349811628163,2.5128380130182859e-09,0.0065000668855896863,8.306447327947619e-07,0.0014914208778900066,4.0933148225877827e-08,0.032922391524293174,1.7197917793120815e-05,0.048165930627978824,3.1024997526312467e-05
518,0.017686157137398652,0.017081859234170278,0.014927803,0.0002107349811628163,2.5128380130182859e-09,0.0065000668855896863,8.306447327947619e-07,0.0032657381748219037,2.0747590606460765e-07,0.016534326377095288,4.2141881657428466e-06,0.0055576717676975368,4.4941701671434056e-07
519,0.10526557894786247,0.031822429690899962,0.014828851000000001,0.0002107349811628163,2.5128380130182859e-09,0.0065000668855896863,8.306447327947619e-07,0.0032657381748219037,2.0747590606460765e-07,0.067329104785706195,7.0057662713197101e-05,0.024380651360960948,7.631216362179021e-06
520,0.22769227097392386,0.044358324447877434,0.014922202000000001,0.0002107349811628163,2.5128380130182859e-09,0.0065000668855896863,8.306447327947619e-07,0.0032657381748219037,2.0747590606460765e-07,0.13466067744867269,0.00028084676437526779,0.048165930627978824,3.1024997526312467e-05
521,0.036858777558635938,0.017086232293947592,0.014959653999999999,0.0002107349811628163,2.5128380130182859e-09,0.0065000668855896863,8.306447327947619e-07,0.029482704752294028,1.5922870822089668e-05,0.016534326377095288,4.2141881657428466e-06,0,0
522,0.14075524386920732,0.029511308703398346,0.014933304,0.0002107349811628163,2.5128380130182859e-09,0.0065000668855896863,8.306447327947619e-07,0.11753286278100532,0.00026025549033156434,0,0,0,0
523,0.086505299739992561,0.029479206992798285,0.014931089,0.0002107349811628163,2.5128380130182859e-09,0.0065000668855896863,8.306447327947619e-07,0.11753286278100532,0.00026025549033156434,0.0036204138554804133,2.2943610162988871e-07,0.19041559486652979,0.0004957115273660211
524,0.26142611137290878,0.067719983927119379,0.015000123000000001,0.0002107349811628163,2.5128380130182859e-09,0.0065000668855896863,8.306447327947619e-07,0.23357852699496401,0.001044597176994619,0.00059882329038815337,6.6185493683973793e-09,0.024380651360960948,7.631216362179021e-06
525,0.041318918798882893,0.019587964930729253,0.015052294000000001,0.0002107349811628163,2.5128380130182859e-09,0.012588944289611177,3.5224865185964549e-06,0,0,0,0,0.095166505640853619,0.00012474732005306627
526,0.025455687328582305,0.01952521330165273,0.015193599,0.0002107349811628163,2.5128380130182859e-09,0.012588944289611177,3.5224865185964549e-06,0,0,0.0016266125358492093,4.650168832398788e-08,0.048165930627978824,3.1024997526312467e-05
527,0.037913379966107684,0.019527189901681494,0.015076381999999999,0.0002107349811628163,2.5128380130182859e-09,0.012588944289611177,3.5224865185964549e-06,0,0,0.0036204138554804133,2.2943610162988871e-07,0.011998077590687784,1.9024147497166475e-06
528,0.025665836405839866,0.021963172041695771,0.015005795000000001,0.0002107349811628163,2.5128380130182859e-09,0.012588944289611177,3.5224865185964549e-06,0,0,0.032922391524293174,1.7197917793120815e-05,0,0
529,0.18287866584591631,0.0393331028990722,0.014990013,0.0002107349811628163,2.5128380130182859e-09,0.012588944289611177,3.5224865185964549e-06,0,0,0.13466067744867269,0.00028084676437526779,0.011998077590687784,1.9024147497166475e-06
530,0.021688580739482148,0.019531255171193515,0.015000955,0.0002107349811628163,2.5128380130182859e-09,0.012588944289611177,3.5224865185964549e-06,0.0032657381748219037,2.0747590606460765e-07,0.016534326377095288,4.2141881657428466e-06,0.024380651360960948,7.631216362179021e-06
531,0.057081698590449176,0.021973387350136108,0.015054949,0.0002107349811628163,2.5128380130182859e-09,0.012588944289611177,3.5224865185964549e-06,0.0067340929936715345,9.2459189360104763e-07,0.0016266125358492093,4.650168832398788e-08,0.0011137781542328951,1.9666077745222721e-08
532,0.053985271995072741,0.019538195739675902,0.015075740000000001,0.0002107349811628163,2.5128380130182859e-09,0.012588944289611177,3.5224865185964549e-06,0.0067340929936715345,9.2459189360104763e-07,0.0036204138554804133,2.2943610162988871e-07,0.0011137781542328951,1.9666077745222721e-08
533,0.04713458876135812,0.019534492012785693,0.015084497000000001,0.0002107349811628163,2.5128380130182859e-09,0.012588944289611177,3.5224865185964549e-06,0.0067340929936715345,9.2459189360104763e-07,0.0075661031970618185,1.0157051859989345e-06,0,0
534,0.040705130841145409,0.022015591730406452,0.015105377,0.0002107349811628163,2.5128380130182859e-09,0.012588944289611177,3.5224865185964549e-06,0.013875902228953515,3.8910972590460246e-06,0.0036204138554804133,2.2943610162988871e-07,0.095166505640853619,0.00012474732005306627
535,0.039455324109179568,0.026839165819715422,0.015164963,0.0002107349811628163,2.5128380130182859e-09,0.012588944289611177,3.5224865185964549e-06,0.029482704752294028,1.5922870822089668e-05,0.0036204138554804133,2.2943610162988871e-07,0.048165930627978824,3.1024997526312467e-05
536,0.04073530699645854,0.02447883285861643,0.015059718999999999,0.0002107349811628163,2.5128380130182859e-09,0.012588944289611177,3.5224865185964549e-06,0.029482704752294028,1.5922870822089668e-05,0.0075661031970618185,1.0157051859989345e-06,0.095166505640853619,0.00012474732005306627
537,0.038255649076794622,0.019540223415767232,0.015035300999999999,0.0002107349811628163,2.5128380130182859e-09,0.012588944289611177,3.5224865185964549e-06,0.029482704752294028,1.5922870822089668e-05,0.032922391524293174,1.7197917793120815e-05,0.048165930627978824,3.1024997526312467e-05
538,0.060889041567081963,0.019605407515078187,0.015054689,0.0002107349811628163,2.5128380130182859e-09,0.012588944289611177,3.5224865185964549e-06,0.029482704752294028,1.5922870822089668e-05,0.032922391524293174,1.7197917793120815e-05,0.095166505640853619,0.00012474732005306627
539,0.22575622690422092,0.037173403868205127,0.015076661999999999,0.0002107349811628163,2.5128380130182859e-09,0.012588944289611177,3.5224865185964549e-06,0.029482704752294028,1.5922870822089668e-05,0.13466067744867269,0.00028084676437526779,0.095166505640853619,0.00012474732005306627
540,0.36868767854172063,0.078767726990530584,0.015051693999999999,0.0002107349811628163,2.5128380130182859e-09,0.012588944289611177,3.5224865185964549e-06,0.029482704752294028,1.5922870822089668e-05,0.27149403570967562,0.0011467575667019995,0,0
541,0.11978497621699316,0.024514468374996646,0.015152028,0.0002107349811628163,2.5128380130182859e-09,0.012588944289611177,3.5224865185964549e-06,0.058191510134582916,6.3561167843227188e-05,0,0,0.0025502881807835864,9.853245885274214e-08
542,0.079960182829806173,0.024680199545077421,0.015167969,0.0002107349811628163,2.5128380130182859e-09,0.012588944289611177,3.5224865185964549e-06,0.058191510134582916,6.3561167843227188e-05,0.016534326377095288,4.2141881657428466e-06,0.19041559486652979,0.0004957115273660211
543,0.076320226392929444,0.040655453040851441,0.015098434000000001,0.0002107349811628163,2.5128380130182859e-09,0.025011694954138793,1.4476156942003518e-05,0,0,0.0036204138554804133,2.2943610162988871e-07,0.048165930627978824,3.1024997526312467e-05
544,0.082347203678303865,0.038231917266680834,0.014992287999999999,0.0002107349811628163,2.5128380130182859e-09,0.025011694954138793,1.4476156942003518e-05,0,0,0.0075661031970618185,1.0157051859989345e-06,0.024380651360960948,7.631216362179021e-06
545,0.11239883908595047,0.040700730791387196,0.015001796,0.0002107349811628163,2.5128380130182859e-09,0.025011694954138793,1.4476156942003518e-05,0.0014914208778900066,4.0933148225877827e-08,0,0,0,0
546,0.07944983991200795,0.04065091606246854,0.014975606000000001,0.0002107349811628163,2.5128380130182859e-09,0.025011694954138793,1.4476156942003518e-05,0.0014914208778900066,4.0933148225877827e-08,0.00059882329038815337,6.6185493683973793e-09,0.048165930627978824,3.1024997526312467e-05
547,0.10930104752245288,0.040693949057403311,0.014858006999999999,0.0002107349811628163,2.5128380130182859e-09,0.025011694954138793,1.4476156942003518e-05,0.0014914208778900066,4.0933148225877827e-08,0.0016266125358492093,4.650168832398788e-08,0.0011137781542328951,1.9666077745222721e-08
548,0.11425593178934859,0.040705049993232031,0.014873056000000001,0.0002107349811628163,2.5128380130182859e-09,0.025011694954138793,1.4476156942003518e-05,0.0032657381748219037,2.0747590606460765e-07,0,0,0,0
549,0.089133557063209801,0.038245488196485371,0.014941118,0.0002107349811628163,2.5128380130182859e-09,0.025011694954138793,1.4476156942003518e-05,0.0032657381748219037,2.0747590606460765e-07,0.016534326377095288,4.2141881657428466e-06,0.0011137781542328951,1.9666077745222721e-08
550,0.38777048828886657,0.07851304616499849,0.014971086,0.0002107349811628163,2.5128380130182859e-09,0.025011694954138793,1.4476156942003518e-05,0.0032657381748219037,2.0747590606460765e-07,0.27149403570967562,0.0011467575667019995,0.048165930627978824,3.1024997526312467e-05
551,0.10496760854906852,0.040683844611105226,0.014873297000000001,0.0002107349811628163,2.5128380130182859e-09,0.025011694954138793,1.4476156942003518e-05,0.0067340929936715345,9.2459189360104763e-07,0.0016266125358492093,4.650168832398788e-08,0.011998077590687784,1.9024147497166475e-06
552,0.079671648536719611,0.038251983584044733,0.014847277000000001,0.0002107349811628163,2.5128380130182859e-09,0.025011694954138793,1.4476156942003518e-05,0.029482704752294028,1.5922870822089668e-05,0.032922391524293174,1.7197917793120815e-05,0.0011137781542328951,1.9666077745222721e-08
553,0.33281682736830231,0.080390357697475046,0.014902073,0.0002107349811628163,2.5128380130182859e-09,0.025011694954138793,1.4476156942003518e-05,0.029482704752294028,1.5922870822089668e-05,0.27149403570967562,0.0011467575667019995,0,0
554,0.14187002652045116,0.04565751784356243,0.014836606,0.0002107349811628163,2.5128380130182859e-09,0.025011694954138793,1.4476156942003518e-05,0.058191510134582916,6.3561167843227188e-05,0,0,0.011998077590687784,1.9024147497166475e-06
555,0.13971783453019382,0.045652905413556516,0.014831926,0.0002107349811628163,2.5128380130182859e-09,0.025011694954138793,1.4476156942003518e-05,0.058191510134582916,6.3561167843227188e-05,0.0016266125358492093,4.650168832398788e-08,0.011998077590687784,1.9024147497166475e-06
556,0.068536421661462774,0.038201569444178907,0.014829812,0.0002107349811628163,2.5128380130182859e-09,0.025011694954138793,1.4476156942003518e-05,0.058191510134582916,6.3561167843227188e-05,0.067329104785706195,7.0057662713197101e-05,0.0011137781542328951,1.9666077745222721e-08
557,0.26801527812031961,0.036773773711192739,0.014802169,0.0002107349811628163,2.5128380130182859e-09,0.025011694954138793,1.4476156942003518e-05,0.058191510134582916,6.3561167843227188e-05,0.13466067744867269,0.00028084676437526779,0.19041559486652979,0.0004957115273660211
558,0.17636422525102727,0.07034917416144737,0.0148183,0.0002107349811628163,2.5128380130182859e-09,0.025011694954138793,1.4476156942003518e-05,0.11753286278100532,0.00026025549033156434,0.0075661031970618185,1.0157051859989345e-06,0.024380651360960948,7.631216362179021e-06
559,0.13240791380144903,0.060737746822753007,0.014754214999999999,0.0002107349811628163,2.5128380130182859e-09,0.025011694954138793,1.4476156942003518e-05,0.11753286278100532,0.00026025549033156434,0.13466067744867269,0.00028084676437526779,0.048165930627978824,3.1024997526312467e-05
560,0.29191802750973478,0.096278684430049111,0.014772782,0.0002107349811628163,2.5128380130182859e-09,0.025011694954138793,1.4476156942003518e-05,0.23357852699496401,0.001044597176994619,0.0075661031970618185,1.0157051859989345e-06,0.024380651360960948,7.631216362179021e-06
561,0.25002360141283109,0.091270291935279357,0.014769075,0.0002107349811628163,2.5128380130182859e-09,0.025011694954138793,1.4476156942003518e-05,0.23357852699496401,0.001044597176994619,0.032922391524293174,1.7197917793120815e-05,0.048165930627978824,3.1024997526312467e-05
562,0.26483413097622382,0.10464712078899709,0.014787049,0.0002107349811628163,2.5128380130182859e-09,0.049308902239849808,5.8318337274775721e-05,0,0,0.0036204138554804133,2.2943610162988871e-07,0.0003441145397622694,2.8488482178333717e-09
563,0.18493233733183048,0.096596246198186519,0.014797599999999999,0.0002107349811628163,2.5128380130182859e-09,0.049308902239849808,5.8318337274775721e-05,0,0,0.067329104785706195,7.0057662713197101e-05,0.0055576717676975368,4.4941701671434056e-07
564,0.17753148752165815,0.10114877484681514,0.014788732000000001,0.0002107349811628163,2.5128380130182859e-09,0.049308902239849808,5.8318337274775721e-05,0,0,0.13466067744867269,0.00028084676437526779,0,0
565,0.26836795327914809,0.10466971532831958,0.014836596000000001,0.0002107349811628163,2.5128380130182859e-09,0.049308902239849808,5.8318337274775721e-05,0.0014914208778900066,4.0933148225877827e-08,0.0016266125358492093,4.650168832398788e-08,0.0003441145397622694,2.8488482178333717e-09
566,0.23900791618285774,0.10456072355624008,0.014876613,0.0002107349811628163,2.5128380130182859e-09,0.049308902239849808,5.8318337274775721e-05,0.0014914208778900066,4.0933148225877827e-08,0.0016266125358492093,4.650168832398788e-08,0.048165930627978824,3.1024997526312467e-05
567,0.18286993309053654,0.096591699901873287,0.014916841,0.0002107349811628163,2.5128380130182859e-09,0.049308902239849808,5.8318337274775721e-05,0.0014914208778900066,4.0933148225877827e-08,0.067329104785706195,7.0057662713197101e-05,0.011998077590687784,1.9024147497166475e-06
568,0.26573807547249745,0.10948679041097051,0.014926460000000001,0.0002107349811628163,2.5128380130182859e-09,0.049308902239849808,5.8318337274775721e-05,0.0032657381748219037,2.0747590606460765e-07,0.00059882329038815337,6.6185493683973793e-09,0.011998077590687784,1.9024147497166475e-06
569,0.18798511775592774,0.099002374534587531,0.0149415,0.0002107349811628163,2.5128380130182859e-09,0.049308902239849808,5.8318337274775721e-05,0.0032657381748219037,2.0747590606460765e-07,0.067329104785706195,7.0057662713197101e-05,0.011998077590687784,1.9024147497166475e-06
570,0.29423391948938354,0.11147177285803368,0.014954795,0.0002107349811628163,2.5128380130182859e-09,0.049308902239849808,5.8318337274775721e-05,0.029482704752294028,1.5922870822089668e-05,0.0036204138554804133,2.2943610162988871e-07,0.0011137781542328951,1.9666077745222721e-08
571,0.25226200411884619,0.10648742522799876,0.014930618,0.0002107349811628163,2.5128380130182859e-09,0.049308902239849808,5.8318337274775721e-05,0.029482704752294028,1.5922870822089668e-05,0.032922391524293174,1.7197917793120815e-05,0.0011137781542328951,1.9666077745222721e-08
572,0.33009824493894557,0.11427067850864506,0.014869228999999999,0.0002107349811628163,2.5128380130182859e-09,0.049308902239849808,5.8318337274775721e-05,0.029482704752294028,1.5922870822089668e-05,0.27149403570967562,0.0011467575667019995,0.024380651360960948,7.631216362179021e-06
573,0.52835606362494636,0.14943223503112621,0.014907283,0.0002107349811628163,2.5128380130182859e-09,0.049308902239849808,5.8318337274775721e-05,0.23357852699496401,0.001044597176994619,0,0,0,0
574,0.52807423321344349,0.14942989245996124,0.014915008,0.0002107349811628163,2.5128380130182859e-09,0.049308902239849808,5.8318337274775721e-05,0.23357852699496401,0.001044597176994619,0.00059882329038815337,6.6185493683973793e-09,0.0003441145397622694,2.8488482178333717e-09
575,0.31082028408720558,0.12298050173671507,0.014891021000000001,0.0002107349811628163,2.5128380130182859e-09,0.049308902239849808,5.8318337274775721e-05,0.23357852699496401,0.001044597176994619,0.27149403570967562,0.0011467575667019995,0.0011137781542328951,1.9666077745222721e-08
576,0.5481018593345971,0.20630342308668762,0.014860732,0.0002107349811628163,2.5128380130182859e-09,0.099112756898239507,0.00023255411467313362,0,0,0,0,0,0
577,0.49978434404226801,0.19798544829845918,0.014874619,0.0002107349811628163,2.5128380130182859e-09,0.099112756898239507,0.00023255411467313362,0,0,0.032922391524293174,1.7197917793120815e-05,0.0055576717676975368,4.4941701671434056e-07
578,0.34113319533902298,0.17612375344383863,0.014876603,0.0002107349811628163,2.5128380130182859e-09,0.099112756898239507,0.00023255411467313362,0,0,0.13466067744867269,0.00028084676437526779,0.048165930627978824,3.1024997526312467e-05
579,0.50284566297557243,0.19799709735064161,0.014822909,0.0002107349811628163,2.5128380130182859e-09,0.099112756898239507,0.00023255411467313362,0.000556248333386102,5.9346873038682533e-09,0.032922391524293174,1.7197917793120815e-05,0.0011137781542328951,1.9666077745222721e-08
580,0.4493400764923301,0.17925310821866941,0.014860261,0.0002107349811628163,2.5128380130182859e-09,0.099112756898239507,0.00023255411467313362,0.0014914208778900066,4.0933148225877827e-08,0.067329104785706195,7.0057662713197101e-05,0.0011137781542328951,1.9666077745222721e-08
581,0.43520111641509568,0.17916432808643162,0.014921881,0.0002107349811628163,2.5128380130182859e-09,0.099112756898239507,0.00023255411467313362,0.0014914208778900066,4.0933148225877827e-08,0.067329104785706195,7.0057662713197101e-05,0.024380651360960948,7.631216362179021e-06
582,0.53527042477668918,0.20623417582370779,0.014954413999999999,0.0002107349811628163,2.5128380130182859e-09,0.099112756898239507,0.00023255411467313362,0.0067340929936715345,9.2459189360104763e-07,0.00059882329038815337,6.6185493683973793e-09,0.024380651360960948,7.631216362179021e-06
583,0.32620451618376439,0.16464994642207056,0.014961047999999999,0.0002107349811628163,2.5128380130182859e-09,0.099112756898239507,0.00023255411467313362,0.0067340929936715345,9.2459189360104763e-07,0.27149403570967562,0.0011467575667019995,0,0
584,0.47993398517636071,0.19782670696564447,0.015031154,0.0002107349811628163,2.5128380130182859e-09,0.099112756898239507,0.00023255411467313362,0.029482704752294028,1.5922870822089668e-05,0.032922391524293174,1.7197917793120815e-05,0.048165930627978824,3.1024997526312467e-05
585,0.42721658801491441,0.16785250182908726,0.014939976000000001,0.0002107349811628163,2.5128380130182859e-09,0.099112756898239507,0.00023255411467313362,0.029482704752294028,1.5922870822089668e-05,0.27149403570967562,0.0011467575667019995,0.19041559486652979,0.0004957115273660211
586,0.59551633309090335,0.21134839714362622,0.014913024,0.0002107349811628163,2.5128380130182859e-09,0.099112756898239507,0.00023255411467313362,0.058191510134582916,6.3561167843227188e-05,0.0036204138554804133,2.2943610162988871e-07,0.0003441145397622694,2.8488482178333717e-09
587,0.45136632886156941,0.19585183457289301,0.01489534,0.0002107349811628163,2.5128380130182859e-09,0.099112756898239507,0.00023255411467313362,0.11753286278100532,0.00026025549033156434,0.13466067744867269,0.00028084676437526779,0.0011137781542328951,1.9666077745222721e-08
588,0.69190984962711133,0.2466971045874739,0.014941909999999999,0.0002107349811628163,2.5128380130182859e-09,0.099112756898239507,0.00023255411467313362,0.23357852699496401,0.001044597176994619,0.0075661031970618185,1.0157051859989345e-06,0,0
589,0.67708500479018097,0.24652779815034218,0.015019641,0.0002107349811628163,2.5128380130182859e-09,0.099112756898239507,0.00023255411467313362,0.23357852699496401,0.001044597176994619,0.016534326377095288,4.2141881657428466e-06,0.0025502881807835864,9.853245885274214e-08
590,1.5375902010769564,0.33544488363668673,0.015067013000000001,0.0002107349811628163,2.5128380130182859e-09,0.199574729684656,0.00093691305727090681,0,0,0,0,0,0
591,1.5353218225828664,0.33541790648693537,0.015077663,0.0002107349811628163,2.5128380130182859e-09,0.199574729684656,0.00093691305727090681,0,0,0,0,0.0025502881807835864,9.853245885274214e-08
592,1.536827141001629,0.33543472180190503,0.015041324,0.0002107349811628163,2.5128380130182859e-09,0.199574729684656,0.00093691305727090681,0,0,0.00059882329038815337,6.6185493683973793e-09,0,0
593,1.5058296154683704,0.32794258736821819,0.014915008,0.0002107349811628163,2.5128380130182859e-09,0.199574729684656,0.00093691305727090681,0,0,0.016534326377095288,4.2141881657428466e-06,0.011998077590687784,1.9024147497166475e-06
594,1.2128074524315584,0.31369575872794131,0.014891242000000001,0.0002107349811628163,2.5128380130182859e-09,0.199574729684656,0.00093691305727090681,0.0014914208778900066,4.0933148225877827e-08,0.13466067744867269,0.00028084676437526779,0.19041559486652979,0.0004957115273660211
595,1.5090044055184724,0.33496261392936938,0.014893185999999999,0.0002107349811628163,2.5128380130182859e-09,0.199574729684656,0.00093691305727090681,0.0032657381748219037,2.0747590606460765e-07,0.0016266125358492093,4.650168832398788e-08,0.048165930627978824,3.1024997526312467e-05
596,1.4078939105868902,0.33395770453161489,0.014832177,0.0002107349811628163,2.5128380130182859e-09,0.199574729684656,0.00093691305727090681,0.0032657381748219037,2.0747590606460765e-07,0.0016266125358492093,4.650168832398788e-08,0.19041559486652979,0.0004957115273660211
597,1.1275241015369373,0.27832915367584954,0.014794574,0.0002107349811628163,2.5128380130182859e-09,0.199574729684656,0.00093691305727090681,0.0067340929936715345,9.2459189360104763e-07,0.27149403570967562,0.0011467575667019995,0.024380651360960948,7.631216362179021e-06
598,1.5304088858189853,0.34002088572297745,0.014850182,0.0002107349811628163,2.5128380130182859e-09,0.199574729684656,0.00093691305727090681,0.013875902228953515,3.8910972590460246e-06,0,0,0.024380651360960948,7.631216362179021e-06
599,1.5882348022699362,0.35187947916855294,0.014940037,0.0002107349811628163,2.5128380130182859e-09,0.199574729684656,0.00093691305727090681,0.058191510134582916,6.3561167843227188e-05,0,0,0.0025502881807835864,9.853245885274214e-08
600,1.5894874947473101,0.35189890367373222,0.014877003999999999,0.0002107349811628163,2.5128380130182859e-09,0.199574729684656,0.00093691305727090681,0.058191510134582916,6.3561167843227188e-05,0.00059882329038815337,6.6185493683973793e-09,0,0
601,1.5089825742981857,0.35096323500914084,0.014884268000000001,0.0002107349811628163,2.5128380130182859e-09,0.199574729684656,0.00093691305727090681,0.058191510134582916,6.3561167843227188e-05,0.00059882329038815337,6.6185493683973793e-09,0.095166505640853619,0.00012474732005306627
602,1.5873252629571022,0.35186349911328973,0.014822669,0.0002107349811628163,2.5128380130182859e-09,0.199574729684656,0.00093691305727090681,0.058191510134582916,6.3561167843227188e-05,0.0016266125358492093,4.650168832398788e-08,0.0011137781542328951,1.9666077745222721e-08
603,1.4916240257499154,0.35346815594811337,0.014840123,0.0002107349811628163,2.5128380130182859e-09,0.199574729684656,0.00093691305727090681,0.11753286278100532,0.00026025549033156434,0,0,0.19041559486652979,0.0004957115273660211
604,1.5756527883737736,0.35429838516647305,0.014827849000000001,0.0002107349811628163,2.5128380130182859e-09,0.199574729684656,0.00093691305727090681,0.11753286278100532,0.00026025549033156434,0.032922391524293174,1.7197917793120815e-05,0.0025502881807835864,9.853245885274214e-08
605,1.7017611002604713,0.37429941609730155,0.014920948999999999,0.0002107349811628163,2.5128380130182859e-09,0.199574729684656,0.00093691305727090681,0.23357852699496401,0.001044597176994619,0.00059882329038815337,6.6185493683973793e-09,0.0025502881807835864,9.853245885274214e-08
606,1.6941482493906685,0.37412550385704235,0.014787150000000001,0.0002107349811628163,2.5128380130182859e-09,0.199574729684656,0.00093691305727090681,0.23357852699496401,0.001044597176994619,0.0016266125358492093,4.650168832398788e-08,0.011998077590687784,1.9024147497166475e-06
607,0.009126543273492882,0.0024381123445579764,0.014827879,0.0007382625170564125,1.7617451627355485e-08,0,0,0,0,0,0,0,0
608,0.0044024157412731321,0.0024377097760243278,0.014821727,0.0007382625170564125,1.7617451627355485e-08,0,0,0,0,0,0,0.0055576717676975368,4.4941701671434056e-07
609,0.030670092540048124,2.723287233467187e-05,0.014815455,0.0007382625170564125,1.7617451627355485e-08,0,0,0,0,0.0036204138554804133,2.2943610162988871e-07,0.048165930627978824,3.1024997526312467e-05
610,0.015917342662967682,0.0097486206539399989,0.014827207,0.0007382625170564125,1.7617451627355485e-08,0,0,0,0,0.016534326377095288,4.2141881657428466e-06,0,0
611,0.099263176650142948,0.017147890083939524,0.014825052999999999,0.0007382625170564125,1.7617451627355485e-08,0,0,0,0,0.067329104785706195,7.0057662713197101e-05,0,0
612,0.13906651470829687,0.017252355835399587,0.014861904,0.0007382625170564125,1.7617451627355485e-08,0,0,0,0,0.067329104785706195,7.0057662713197101e-05,0.048165930627978824,3.1024997526312467e-05
613,0.0096985670176449688,0.0024382396152486021,0.014802630000000001,0.0007382625170564125,1.7617451627355485e-08,0,0,0.000556248333386102,5.9346873038682533e-09,0,0,0,0
614,0.015879295624989926,0.0097479889191515335,0.014783292,0.0007382625170564125,1.7617451627355485e-08,0,0,0.000556248333386102,5.9346873038682533e-09,0.016534326377095288,4.2141881657428466e-06,0,0
615,0.0997012477441655,0.017148608142972564,0.014795365,0.0007382625170564125,1.7617451627355485e-08,0,0,0.000556248333386102,5.9346873038682533e-09,0.067329104785706195,7.0057662713197101e-05,0,0
616,0.41340471658118833,0.088682692655348977,0.014873226999999999,0.0007382625170564125,1.7617451627355485e-08,0,0,0.000556248333386102,5.9346873038682533e-09,0.27149403570967562,0.0011467575667019995,0.024380651360960948,7.631216362179021e-06
617,0.4862428687187535,0.089235656421642565,0.0148288,0.0007382625170564125,1.7617451627355485e-08,0,0,0.000556248333386102,5.9346873038682533e-09,0.27149403570967562,0.0011467575667019995,0.095166505640853619,0.00012474732005306627
618,0.0033450780306730453,3.249599823180432e-07,0.0148547,0.0007382625170564125,1.7617451627355485e-08,0,0,0.0014914208778900066,4.0933148225877827e-08,0.0036204138554804133,2.2943610162988871e-07,0.0055576717676975368,4.4941701671434056e-07
619,0.11261801448628046,0.00047339266845751704,0.014837998,0.0007382625170564125,1.7617451627355485e-08,0,0,0.0014914208778900066,4.0933148225877827e-08,0.0036204138554804133,2.2943610162988871e-07,0.19041559486652979,0.0004957115273660211
620,0.041297251253491478,0.014624095056675779,0.014830403000000001,0.0007382625170564125,1.7617451627355485e-08,0,0,0.0014914208778900066,4.0933148225877827e-08,0.032922391524293174,1.7197917793120815e-05,0,0
621,0.012494819871850117,0.0024386590753690436,0.0149569,0.0007382625170564125,1.7617451627355485e-08,0,0,0.0032657381748219037,2.0747590606460765e-07,0,0,0,0
622,0.026723604853592844,0.0097481183200926799,0.014903044000000001,0.0007382625170564125,1.7617451627355485e-08,0,0,0.0032657381748219037,2.0747590606460765e-07,0.016534326377095288,4.2141881657428466e-06,0.011998077590687784,1.9024147497166475e-06
623,0.24315014790803707,0.029668942504606933,0.014932612,0.0007382625170564125,1.7617451627355485e-08,0,0,0.0032657381748219037,2.0747590606460765e-07,0.13466067744867269,0.00028084676437526779,0.024380651360960948,7.631216362179021e-06
624,0.021997093962136876,0.0024543292946907417,0.014888066,0.0007382625170564125,1.7617451627355485e-08,0,0,0.0067340929936715345,9.2459189360104763e-07,0,0,0.048165930627978824,3.1024997526312467e-05
625,0.10643383428183265,0.017131376270086231,0.015032606,0.0007382625170564125,1.7617451627355485e-08,0,0,0.0067340929936715345,9.2459189360104763e-07,0.067329104785706195,7.0057662713197101e-05,0,0
626,0.033249824312702243,0.004895846240481728,0.015012106000000001,0.0007382625170564125,1.7617451627355485e-08,0,0,0.029482704752294028,1.5922870822089668e-05,0,0,0.0003441145397622694,2.8488482178333717e-09
627,0.14058486446540991,0.0052491309373575009,0.014955647000000001,0.0007382625170564125,1.7617451627355485e-08,0,0,0.029482704752294028,1.5922870822089668e-05,0.0036204138554804133,2.2943610162988871e-07,0.19041559486652979,0.0004957115273660211
628,0.060655318567653854,0.012226606116719075,0.014959343999999999,0.0007382625170564125,1.7617451627355485e-08,0,0,0.058191510134582916,6.3561167843227188e-05,0,0,0,0
629,0.060264426208558597,0.012225260679892774,0.015046864,0.0007382625170564125,1.7617451627355485e-08,0,0,0.058191510134582916,6.3561167843227188e-05,0.00059882329038815337,6.6185493683973793e-09,0,0
630,0.057626353180271803,0.0097857232164679179,0.014972861000000001,0.0007382625170564125,1.7617451627355485e-08,0,0,0.058191510134582916,6.3561167843227188e-05,0.0036204138554804133,2.2943610162988871e-07,0.0025502881807835864,9.853245885274214e-08
631,0.12263567586141708,0.021993649608544538,0.014970045,0.0007382625170564125,1.7617451627355485e-08,0,0,0.11753286278100532,0.00026025549033156434,0.0036204138554804133,2.2943610162988871e-07,0,0
632,0.10597072374797128,0.019546403905414882,0.014989222,0.0007382625170564125,1.7617451627355485e-08,0,0,0.11753286278100532,0.00026025549033156434,0.016534326377095288,4.2141881657428466e-06,0,0
633,0.30537428346791651,0.052172799647361733,0.014964394000000001,0.0007382625170564125,1.7617451627355485e-08,0,0,0.11753286278100532,0.00026025549033156434,0.27149403570967562,0.0011467575667019995,0.0003441145397622694,2.8488482178333717e-09
634,0.25212101699779621,0.04819618015257985,0.014959083999999999,0.0007382625170564125,1.7617451627355485e-08,0,0,0.23357852699496401,0.001044597176994619,0,0,0.011998077590687784,1.9024147497166475e-06
635,0.0086151947315911553,0.0024379254143653017,0.014931971,0.0007382625170564125,1.7617451627355485e-08,0.00054984026108467472,5.4234620717900624e-09,0.000556248333386102,5.9346873038682533e-09,0,0,0.0025502881807835864,9.853245885274214e-08
636,0.0045596605004653906,4.9046222737940669e-07,0.014905279,0.0007382625170564125,1.7617451627355485e-08,0.00054984026108467472,5.4234620717900624e-09,0.000556248333386102,5.9346873038682533e-09,0.0036204138554804133,2.2943610162988871e-07,0.0011137781542328951,1.9666077745222721e-08
637,0.057499385873142218,0.019506293216865103,0.014898725999999999,0.0007382625170564125,1.7617451627355485e-08,0.00054984026108467472,5.4234620717900624e-09,0.0014914208778900066,4.0933148225877827e-08,0.032922391524293174,1.7197917793120815e-05,0.024380651360960948,7.631216362179021e-06
638,0.082909558669602909,0.019524273008051356,0.01487486,0.0007382625170564125,1.7617451627355485e-08,0.00054984026108467472,5.4234620717900624e-09,0.0014914208778900066,4.0933148225877827e-08,0.032922391524293174,1.7197917793120815e-05,0.048165930627978824,3.1024997526312467e-05
639,0.012046217429535719,0.0024385469116908346,0.014919617,0.0007382625170564125,1.7617451627355485e-08,0.00054984026108467472,5.4234620717900624e-09,0.0032657381748219037,2.0747590606460765e-07,0.00059882329038815337,6.6185493683973793e-09,0.0003441145397622694,2.8488482178333717e-09
640,0.12250391990453659,0.019609091385172778,0.014903034000000001,0.0007382625170564125,1.7617451627355485e-08,0.00054984026108467472,5.4234620717900624e-09,0.0032657381748219037,2.0747590606460765e-07,0.067329104785706195,7.0057662713197101e-05,0.024380651360960948,7.631216362179021e-06
641,0.30203459489072093,0.030058909986027064,0.014831766999999999,0.0007382625170564125,1.7617451627355485e-08,0.00054984026108467472,5.4234620717900624e-09,0.0032657381748219037,2.0747590606460765e-07,0.13466067744867269,0.00028084676437526779,0.095166505640853619,0.00012474732005306627
642,0.03692986355113017,0.0024578104589324606,0.014900841,0.0007382625170564125,1.7617451627355485e-08,0.00054984026108467472,5.4234620717900624e-09,0.0067340929936715345,9.2459189360104763e-07,0.0036204138554804133,2.2943610162988871e-07,0.048165930627978824,3.1024997526312467e-05
643,0.19714751436699296,0.019806009876961333,0.014874228999999999,0.0007382625170564125,1.7617451627355485e-08,0.00054984026108467472,5.4234620717900624e-09,0.0067340929936715345,9.2459189360104763e-07,0.067329104785706195,7.0057662713197101e-05,0.095166505640853619,0.00012474732005306627
644,0.25314422125630681,0.027255519790824974,0.014773072999999999,0.0007382625170564125,1.7617451627355485e-08,0.00054984026108467472,5.4234620717900624e-09,0.0067340929936715345,9.2459189360104763e-07,0.13466067744867269,0.00028084676437526779,0.024380651360960948,7.631216362179021e-06
645,0.017795934231397251,0.0024432168090784915,0.014817378000000001,0.0007382625170564125,1.7617451627355485e-08,0.00054984026108467472,5.4234620717900624e-09,0.013875902228953515,3.8910972590460246e-06,0.0036204138554804133,2.2943610162988871e-07,0.0011137781542328951,1.9666077745222721e-08
646,0.013047330382270352,0.0024410311005254324,0.01487457,0.0007382625170564125,1.7617451627355485e-08,0.00054984026108467472,5.4234620717900624e-09,0.013875902228953515,3.8910972590460246e-06,0.0075661031970618185,1.0157051859989345e-06,0,0
647,0.035161452872961983,0.0048902150137654678,0.014826997,0.0007382625170564125,1.7617451627355485e-08,0.00054984026108467472,5.4234620717900624e-09,0.029482704752294028,1.5922870822089668e-05,0.0016266125358492093,4.650168832398788e-08,0.048165930627978824,3.1024997526312467e-05
648,0.21977474284259865,0.027100219623719165,0.014904446999999999,0.0007382625170564125,1.7617451627355485e-08,0.00054984026108467472,5.4234620717900624e-09,0.029482704752294028,1.5922870822089668e-05,0.13466067744867269,0.00028084676437526779,0.0003441145397622694,2.8488482178333717e-09
649,0.056091399954143938,0.012215889560842156,0.014938022,0.0007382625170564125,1.7617451627355485e-08,0.00054984026108467472,5.4234620717900624e-09,0.058191510134582916,6.3561167843227188e-05,0.0036204138554804133,2.2943610162988871e-07,0.0055576717676975368,4.4941701671434056e-07
650,0.054861380017148062,0.0073365204948129502,0.014868909,0.0007382625170564125,1.7617451627355485e-08,0.00054984026108467472,5.4234620717900624e-09,0.058191510134582916,6.3561167843227188e-05,0.032922391524293174,1.7197917793120815e-05,0.0025502881807835864,9.853245885274214e-08
651,0.19996527944334197,0.026987340987344951,0.014891843,0.0007382625170564125,1.7617451627355485e-08,0.00054984026108467472,5.4234620717900624e-09,0.058191510134582916,6.3561167843227188e-05,0.13466067744867269,0.00028084676437526779,0,0
652,0.3646303084245231,0.027910715892744464,0.014907093,0.0007382625170564125,1.7617451627355485e-08,0.00054984026108467472,5.4234620717900624e-09,0.058191510134582916,6.3561167843227188e-05,0.13466067744867269,0.00028084676437526779,0.19041559486652979,0.0004957115273660211
653,0.12822509286087289,0.022010558341214913,0.01489015,0.0007382625170564125,1.7617451627355485e-08,0.00054984026108467472,5.4234620717900624e-09,0.11753286278100532,0.00026025549033156434,0,0,0,0
654,0.10207087897049034,0.019537244475255965,0.014845542999999999,0.0007382625170564125,1.7617451627355485e-08,0.00054984026108467472,5.4234620717900624e-09,0.11753286278100532,0.00026025549033156434,0.016534326377095288,4.2141881657428466e-06,0.011998077590687784,1.9024147497166475e-06
655,0.26095906173132977,0.050654110737661684,0.014860562000000001,0.0007382625170564125,1.7617451627355485e-08,0.00054984026108467472,5.4234620717900624e-09,0.23357852699496401,0.001044597176994619,0.0016266125358492093,4.650168832398788e-08,0,0
656,0.0089513741523510916,0.002438417575457538,0.014883577,0.0007382625170564125,1.7617451627355485e-08,0.0014826382597978712,3.7927712872417375e-08,0,0,0.00059882329038815337,6.6185493683973793e-09,0.0055576717676975368,4.4941701671434056e-07
657,0.048221621629347428,0.017050461732285391,0.014908195000000001,0.0007382625170564125,1.7617451627355485e-08,0.0014826382597978712,3.7927712872417375e-08,0,0,0.032922391524293174,1.7197917793120815e-05,0.0055576717676975368,4.4941701671434056e-07
658,0.42941900994365623,0.088798747132544473,0.014907293,0.0007382625170564125,1.7617451627355485e-08,0.0014826382597978712,3.7927712872417375e-08,0,0,0.27149403570967562,0.0011467575667019995,0.048165930627978824,3.1024997526312467e-05
659,0.0068280315577745635,0.0024376173096425629,0.014877234,0.0007382625170564125,1.7617451627355485e-08,0.0014826382597978712,3.7927712872417375e-08,0.000556248333386102,5.9346873038682533e-09,0.0036204138554804133,2.2943610162988871e-07,0.0011137781542328951,1.9666077745222721e-08
660,0.062290546334250983,0.017064623769430683,0.014870701,0.0007382625170564125,1.7617451627355485e-08,0.0014826382597978712,3.7927712872417375e-08,0.0014914208778900066,4.0933148225877827e-08,0.032922391524293174,1.7197917793120815e-05,0.024380651360960948,7.631216362179021e-06
661,0.020876015266945932,0.004880940748742903,0.014879429,0.0007382625170564125,1.7617451627355485e-08,0.0014826382597978712,3.7927712872417375e-08,0.013875902228953515,3.8910972590460246e-06,0.016534326377095288,4.2141881657428466e-06,0.024380651360960948,7.631216362179021e-06
662,0.081677512353988596,0.017115955203230667,0.014958974,0.0007382625170564125,1.7617451627355485e-08,0.0014826382597978712,3.7927712872417375e-08,0.013875902228953515,3.8910972590460246e-06,0.067329104785706195,7.0057662713197101e-05,0,0
663,0.022568601785364215,0.004889721980820101,0.014840313000000001,0.0007382625170564125,1.7617451627355485e-08,0.0014826382597978712,3.7927712872417375e-08,0.029482704752294028,1.5922870822089668e-05,0,0,0.048165930627978824,3.1024997526312467e-05
664,0.036624102327442523,0.012191961204293252,0.014884008000000001,0.0007382625170564125,1.7617451627355485e-08,0.0014826382597978712,3.7927712872417375e-08,0.029482704752294028,1.5922870822089668e-05,0.032922391524293174,1.7197917793120815e-05,0.0003441145397622694,2.8488482178333717e-09
665,0.058657864973466374,0.012220425179224993,0.014890631,0.0007382625170564125,1.7617451627355485e-08,0.0014826382597978712,3.7927712872417375e-08,0.058191510134582916,6.3561167843227188e-05,0,0,0.0003441145397622694,2.8488482178333717e-09
666,0.04946771908019227,0.0073320241393368532,0.014962871000000001,0.0007382625170564125,1.7617451627355485e-08,0.0014826382597978712,3.7927712872417375e-08,0.058191510134582916,6.3561167843227188e-05,0.0075661031970618185,1.0157051859989345e-06,0.011998077590687784,1.9024147497166475e-06
667,0.17597550845491849,0.024586525829497923,0.014872445,0.0007382625170564125,1.7617451627355485e-08,0.0014826382597978712,3.7927712872417375e-08,0.058191510134582916,6.3561167843227188e-05,0.13466067744867269,0.00028084676437526779,0,0
668,0.35882183709466026,0.076077540410416256,0.014856655,0.0007382625170564125,1.7617451627355485e-08,0.0014826382597978712,3.7927712872417375e-08,0.058191510134582916,6.3561167843227188e-05,0.27149403570967562,0.0011467575667019995,0.0055576717676975368,4.4941701671434056e-07
669,0.029575961276246152,0.019518242809195611,0.014924466000000001,0.0007382625170564125,1.7617451627355485e-08,0.0032763021406752579,1.8605944461100654e-07,0.0032657381748219037,2.0747590606460765e-07,0,0,0,0
670,0.054256976726130036,0.017171660015806313,0.014919748,0.0007382625170564125,1.7617451627355485e-08,0.0032763021406752579,1.8605944461100654e-07,0.0032657381748219037,2.0747590606460765e-07,0.0036204138554804133,2.2943610162988871e-07,0.095166505640853619,0.00012474732005306627
671,0.096495120926015698,0.019930357639098593,0.014876373,0.0007382625170564125,1.7617451627355485e-08,0.0032763021406752579,1.8605944461100654e-07,0.0067340929936715345,9.2459189360104763e-07,0.00059882329038815337,6.6185493683973793e-09,0.19041559486652979,0.0004957115273660211
672,0.025829695625598833,0.019536456429007525,0.014925178000000001,0.0007382625170564125,1.7617451627355485e-08,0.0032763021406752579,1.8605944461100654e-07,0.013875902228953515,3.8910972590460246e-06,0,0,0.048165930627978824,3.1024997526312467e-05
673,0.050896685002445881,0.03159866219133619,0.01504992,0.0007382625170564125,1.7617451627355485e-08,0.0032763021406752579,1.8605944461100654e-07,0.029482704752294028,1.5922870822089668e-05,0,0,0.011998077590687784,1.9024147497166475e-06
674,0.081314136716838056,0.026885410358311265,0.015046011999999999,0.0007382625170564125,1.7617451627355485e-08,0.0032763021406752579,1.8605944461100654e-07,0.058191510134582916,6.3561167843227188e-05,0.067329104785706195,7.0057662713197101e-05,0.0003441145397622694,2.8488482178333717e-09
675,0.082458677975913594,0.029330470229148288,0.014960637000000001,0.0007382625170564125,1.7617451627355485e-08,0.0032763021406752579,1.8605944461100654e-07,0.11753286278100532,0.00026025549033156434,0.067329104785706195,7.0057662713197101e-05,0.024380651360960948,7.631216362179021e-06
676,0.037351690261865078,0.019521428759766965,0.014929837,0.0007382625170564125,1.7617451627355485e-08,0.0065000668855896863,8.306447327947619e-07,0,0,0,0,0.0011137781542328951,1.9666077745222721e-08
677,0.025819835880436376,0.019533698176319947,0.014915369,0.0007382625170564125,1.7617451627355485e-08,0.0065000668855896863,8.306447327947619e-07,0,0,0.0036204138554804133,2.2943610162988871e-07,0.048165930627978824,3.1024997526312467e-05
678,0.02180607194241824,0.019515898586277627,0.014848549000000001,0.0007382625170564125,1.7617451627355485e-08,0.0065000668855896863,8.306447327947619e-07,0,0,0.0075661031970618185,1.0157051859989345e-06,0.0055576717676975368,4.4941701671434056e-07
679,0.029155980348330182,0.019519958424871191,0.014896031000000001,0.0007382625170564125,1.7617451627355485e-08,0.0065000668855896863,8.306447327947619e-07,0.0014914208778900066,4.0933148225877827e-08,0.00059882329038815337,6.6185493683973793e-09,0.011998077590687784,1.9024147497166475e-06
680,0.031703945967449638,0.019519609774436977,0.015018329,0.0007382625170564125,1.7617451627355485e-08,0.0065000668855896863,8.306447327947619e-07,0.0014914208778900066,4.0933148225877827e-08,0.0036204138554804133,2.2943610162988871e-07,0.0025502881807835864,9.853245885274214e-08
681,0.11740619064694813,0.017548867563387652,0.014941609999999999,0.0007382625170564125,1.7617451627355485e-08,0.0065000668855896863,8.306447327947619e-07,0.0032657381748219037,2.0747590606460765e-07,0.016534326377095288,4.2141881657428466e-06,0.19041559486652979,0.0004957115273660211
682,0.036152566979917762,0.019522972793497691,0.014923725000000001,0.0007382625170564125,1.7617451627355485e-08,0.0065000668855896863,8.306447327947619e-07,0.0067340929936715345,9.2459189360104763e-07,0.0036204138554804133,2.2943610162988871e-07,0.0011137781542328951,1.9666077745222721e-08
683,0.033295810354680495,0.017090649154127693,0.014907524,0.0007382625170564125,1.7617451627355485e-08,0.0065000668855896863,8.306447327947619e-07,0.013875902228953515,3.8910972590460246e-06,0.016534326377095288,4.2141881657428466e-06,0,0
684,0.11349053663868415,0.031850072085024043,0.014871713999999999,0.0007382625170564125,1.7617451627355485e-08,0.0065000668855896863,8.306447327947619e-07,0.11753286278100532,0.00026025549033156434,0.0016266125358492093,4.650168832398788e-08,0.048165930627978824,3.1024997526312467e-05
685,0.068837637713914629,0.035772024162338857,0.014912564,0.0007382625170564125,1.7617451627355485e-08,0.012588944289611177,3.5224865185964549e-06,0,0,0,0,0,0
686,0.10267920981872082,0.033767333499097711,0.014870682,0.0007382625170564125,1.7617451627355485e-08,0.012588944289611177,3.5224865185964549e-06,0.000556248333386102,5.9346873038682533e-09,0.016534326377095288,4.2141881657428466e-06,0.19041559486652979,0.0004957115273660211
687,0.10807270183826909,0.043211979983787445,0.014824683,0.0007382625170564125,1.7617451627355485e-08,0.012588944289611177,3.5224865185964549e-06,0.000556248333386102,5.9346873038682533e-09,0.067329104785706195,7.0057662713197101e-05,0.048165930627978824,3.1024997526312467e-05
688,0.034354663224656655,0.033333083797974582,0.014841115,0.0007382625170564125,1.7617451627355485e-08,0.012588944289611177,3.5224865185964549e-06,0.0014914208778900066,4.0933148225877827e-08,0.0036204138554804133,2.2943610162988871e-07,0.048165930627978824,3.1024997526312467e-05
689,0.36975866033804911,0.097531018063068464,0.014849832,0.0007382625170564125,1.7617451627355485e-08,0.012588944289611177,3.5224865185964549e-06,0.0067340929936715345,9.2459189360104763e-07,0.27149403570967562,0.0011467575667019995,0.0011137781542328951,1.9666077745222721e-08
690,0.09111831467732856,0.038236857056535623,0.014846485,0.0007382625170564125,1.7617451627355485e-08,0.012588944289611177,3.5224865185964549e-06,0.029482704752294028,1.5922870822089668e-05,0.00059882329038815337,6.6185493683973793e-09,0,0
691,0.049225032790993224,0.033343920060535083,0.014842055999999999,0.0007382625170564125,1.7617451627355485e-08,0.012588944289611177,3.5224865185964549e-06,0.029482704752294028,1.5922870822089668e-05,0.032922391524293174,1.7197917793120815e-05,0.048165930627978824,3.1024997526312467e-05
692,0.12785204844404779,0.038281696756499291,0.014858678,0.0007382625170564125,1.7617451627355485e-08,0.012588944289611177,3.5224865185964549e-06,0.058191510134582916,6.3561167843227188e-05,0.00059882329038815337,6.6185493683973793e-09,0.0055576717676975368,4.4941701671434056e-07
693,0.20567516118172297,0.060718550690305961,0.01495163,0.0007382625170564125,1.7617451627355485e-08,0.012588944289611177,3.5224865185964549e-06,0.11753286278100532,0.00026025549033156434,0.0016266125358492093,4.650168832398788e-08,0,0
694,0.19975237673964674,0.057296535977289301,0.015041624,0.0007382625170564125,1.7617451627355485e-08,0.012588944289611177,3.5224865185964549e-06,0.23357852699496401,0.001044597176994619,0.13466067744867269,0.00028084676437526779,0.011998077590687784,1.9024147497166475e-06
695,0.11495087730485445,0.043122953303290662,0.014899367,0.0007382625170564125,1.7617451627355485e-08,0.025011694954138793,1.4476156942003518e-05,0,0,0.00059882329038815337,6.6185493683973793e-09,0.0011137781542328951,1.9666077745222721e-08
696,0.11029404290082402,0.043111339579323629,0.014935007,0.0007382625170564125,1.7617451627355485e-08,0.025011694954138793,1.4476156942003518e-05,0,0,0.0016266125358492093,4.650168832398788e-08,0.0055576717676975368,4.4941701671434056e-07
697,0.092452678231438309,0.038238667521431145,0.014974563999999999,0.0007382625170564125,1.7617451627355485e-08,0.025011694954138793,1.4476156942003518e-05,0,0,0.016534326377095288,4.2141881657428466e-06,0.0011137781542328951,1.9666077745222721e-08
698,0.093712026194135795,0.038245754048117586,0.01490096,0.0007382625170564125,1.7617451627355485e-08,0.025011694954138793,1.4476156942003518e-05,0.000556248333386102,5.9346873038682533e-09,0.016534326377095288,4.2141881657428466e-06,0.0003441145397622694,2.8488482178333717e-09
699,0.1428508952301854,0.045767645999002363,0.014952501,0.0007382625170564125,1.7617451627355485e-08,0.025011694954138793,1.4476156942003518e-05,0.0014914208778900066,4.0933148225877827e-08,0.13466067744867269,0.00028084676437526779,0.0025502881807835864,9.853245885274214e-08
700,0.082950452254242135,0.040660988436377762,0.014886432,0.0007382625170564125,1.7617451627355485e-08,0.025011694954138793,1.4476156942003518e-05,0.0032657381748219037,2.0747590606460765e-07,0.0016266125358492093,4.650168832398788e-08,0.048165930627978824,3.1024997526312467e-05
701,0.09655435807552408,0.043109869344327693,0.01498815,0.0007382625170564125,1.7617451627355485e-08,0.025011694954138793,1.4476156942003518e-05,0.013875902228953515,3.8910972590460246e-06,0.0075661031970618185,1.0157051859989345e-06,0.024380651360960948,7.631216362179021e-06
702,0.18432891631697643,0.058348821801507404,0.014981217,0.0007382625170564125,1.7617451627355485e-08,0.025011694954138793,1.4476156942003518e-05,0.11753286278100532,0.00026025549033156434,0.0036204138554804133,2.2943610162988871e-07,0.024380651360960948,7.631216362179021e-06
703,0.13152709342592081,0.051038958165645694,0.015061122,0.0007382625170564125,1.7617451627355485e-08,0.025011694954138793,1.4476156942003518e-05,0.11753286278100532,0.00026025549033156434,0.13466067744867269,0.00028084676437526779,0.0011137781542328951,1.9666077745222721e-08
704,0.24955774388071558,0.10408529559092292,0.01509624,0.0007382625170564125,1.7617451627355485e-08,0.049308902239849808,5.8318337274775721e-05,0,0,0.016534326377095288,4.2141881657428466e-06,0,0
705,0.20855017773804757,0.10154154767688506,0.015051724000000001,0.0007382625170564125,1.7617451627355485e-08,0.049308902239849808,5.8318337274775721e-05,0,0,0.032922391524293174,1.7197917793120815e-05,0.024380651360960948,7.631216362179021e-06
706,0.17241993322414231,0.09876561429823548,0.015000283999999999,0.0007382625170564125,1.7617451627355485e-08,0.049308902239849808,5.8318337274775721e-05,0,0,0.13466067744867269,0.00028084676437526779,0.0055576717676975368,4.4941701671434056e-07
707,0.1568121173228178,0.099040241513646557,0.015049379,0.0007382625170564125,1.7617451627355485e-08,0.049308902239849808,5.8318337274775721e-05,0.0014914208778900066,4.0933148225877827e-08,0.067329104785706195,7.0057662713197101e-05,0.095166505640853619,0.00012474732005306627
708,0.26399610306699095,0.11191976577531358,0.014978862000000001,0.0007382625170564125,1.7617451627355485e-08,0.049308902239849808,5.8318337274775721e-05,0.013875902228953515,3.8910972590460246e-06,0.0075661031970618185,1.0157051859989345e-06,0.011998077590687784,1.9024147497166475e-06
709,0.30427073755247191,0.10963794770058058,0.015050601,0.0007382625170564125,1.7617451627355485e-08,0.049308902239849808,5.8318337274775721e-05,0.029482704752294028,1.5922870822089668e-05,0,0,0,0
710,0.3230276510253754,0.11933702262691709,0.014852496999999999,0.0007382625170564125,1.7617451627355485e-08,0.049308902239849808,5.8318337274775721e-05,0.058191510134582916,6.3561167843227188e-05,0.0016266125358492093,4.650168832398788e-08,0.0055576717676975368,4.4941701671434056e-07
711,0.31516314754546032,0.12118513746001915,0.014939716,0.0007382625170564125,1.7617451627355485e-08,0.049308902239849808,5.8318337274775721e-05,0.058191510134582916,6.3561167843227188e-05,0.0036204138554804133,2.2943610162988871e-07,0.011998077590687784,1.9024147497166475e-06
712,0.32915239091811072,0.13225950027697078,0.014958641999999999,0.0007382625170564125,1.7617451627355485e-08,0.049308902239849808,5.8318337274775721e-05,0.11753286278100532,0.00026025549033156434,0.00059882329038815337,6.6185493683973793e-09,0.095166505640853619,0.00012474732005306627
713,0.34661545355984547,0.12704629717597424,0.015028338,0.0007382625170564125,1.7617451627355485e-08,0.049308902239849808,5.8318337274775721e-05,0.11753286278100532,0.00026025549033156434,0.032922391524293174,1.7197917793120815e-05,0.0025502881807835864,9.853245885274214e-08
714,0.29977595524533629,0.11719414242397481,0.015024912,0.0007382625170564125,1.7617451627355485e-08,0.049308902239849808,5.8318337274775721e-05,0.11753286278100532,0.00026025549033156434,0.067329104785706195,7.0057662713197101e-05,0.0055576717676975368,4.4941701671434056e-07
715,0.52805828835546542,0.14973631017640807,0.014950437,0.0007382625170564125,1.7617451627355485e-08,0.049308902239849808,5.8318337274775721e-05,0.23357852699496401,0.001044597176994619,0.0016266125358492093,4.650168832398788e-08,0.0003441145397622694,2.8488482178333717e-09
716,0.51505846586029314,0.1447866078623716,0.014953423,0.0007382625170564125,1.7617451627355485e-08,0.049308902239849808,5.8318337274775721e-05,0.23357852699496401,0.001044597176994619,0.0075661031970618185,1.0157051859989345e-06,0.0025502881807835864,9.853245885274214e-08
717,0.54928969638437319,0.20634097563441256,0.014935538,0.0007382625170564125,1.7617451627355485e-08,0.099112756898239507,0.00023255411467313362,0,0,0,0,0.0025502881807835864,9.853245885274214e-08
718,0.40929758504210262,0.20580958981533892,0.014995434,0.0007382625170564125,1.7617451627355485e-08,0.099112756898239507,0.00023255411467313362,0,0,0.00059882329038815337,6.6185493683973793e-09,0.19041559486652979,0.0004957115273660211
719,0.54561103825335755,0.20550323560851116,0.014967319999999999,0.0007382625170564125,1.7617451627355485e-08,0.099112756898239507,0.00023255411467313362,0,0,0.0036204138554804133,2.2943610162988871e-07,0,0
720,0.53888295689233656,0.20545254521551012,0.014943662999999999,0.0007382625170564125,1.7617451627355485e-08,0.099112756898239507,0.00023255411467313362,0,0,0.0075661031970618185,1.0157051859989345e-06,0.0011137781542328951,1.9666077745222721e-08
721,0.52795682593298177,0.19820029088670676,0.014907604,0.0007382625170564125,1.7617451627355485e-08,0.099112756898239507,0.00023255411467313362,0,0,0.016534326377095288,4.2141881657428466e-06,0,0
722,0.54899776220433161,0.2063396614429634,0.014902344,0.0007382625170564125,1.7617451627355485e-08,0.099112756898239507,0.00023255411467313362,0.000556248333386102,5.9346873038682533e-09,0.00059882329038815337,6.6185493683973793e-09,0.0025502881807835864,9.853245885274214e-08
723,0.34514026304179701,0.17606911208320086,0.014975115000000001,0.0007382625170564125,1.7617451627355485e-08,0.099112756898239507,0.00023255411467313362,0.000556248333386102,5.9346873038682533e-09,0.13466067744867269,0.00028084676437526779,0.048165930627978824,3.1024997526312467e-05
724,0.32774708573432959,0.17622624312144691,0.014927512,0.0007382625170564125,1.7617451627355485e-08,0.099112756898239507,0.00023255411467313362,0.000556248333386102,5.9346873038682533e-09,0.13466067744867269,0.00028084676437526779,0.19041559486652979,0.0004957115273660211
725,0.45304524219179154,0.17926317738783723,0.015019431,0.0007382625170564125,1.7617451627355485e-08,0.099112756898239507,0.00023255411467313362,0.0014914208778900066,4.0933148225877827e-08,0.067329104785706195,7.0057662713197101e-05,0,0
726,0.54559746281162147,0.20632369508760068,0.014948693000000001,0.0007382625170564125,1.7617451627355485e-08,0.099112756898239507,0.00023255411467313362,0.0032657381748219037,2.0747590606460765e-07,0,0,0.011998077590687784,1.9024147497166475e-06
727,0.51227682370627703,0.20286084252249326,0.014959455,0.0007382625170564125,1.7617451627355485e-08,0.099112756898239507,0.00023255411467313362,0.0032657381748219037,2.0747590606460765e-07,0.016534326377095288,4.2141881657428466e-06,0.024380651360960948,7.631216362179021e-06
728,0.53055639667302368,0.20536721211809669,0.014935027,0.0007382625170564125,1.7617451627355485e-08,0.099112756898239507,0.00023255411467313362,0.0067340929936715345,9.2459189360104763e-07,0.0075661031970618185,1.0157051859989345e-06,0.024380651360960948,7.631216362179021e-06
729,0.51493215475168708,0.20525748969222563,0.015017127,0.0007382625170564125,1.7617451627355485e-08,0.099112756898239507,0.00023255411467313362,0.0067340929936715345,9.2459189360104763e-07,0.0075661031970618185,1.0157051859989345e-06,0.048165930627978824,3.1024997526312467e-05
730,0.44818311275049472,0.20025360518672217,0.01491604,0.0007382625170564125,1.7617451627355485e-08,0.099112756898239507,0.00023255411467313362,0.0067340929936715345,9.2459189360104763e-07,0.016534326377095288,4.2141881657428466e-06,0.095166505640853619,0.00012474732005306627
731,0.44214006653426352,0.18166586986797867,0.014923954999999999,0.0007382625170564125,1.7617451627355485e-08,0.099112756898239507,0.00023255411467313362,0.0067340929936715345,9.2459189360104763e-07,0.067329104785706195,7.0057662713197101e-05,0.011998077590687784,1.9024147497166475e-06
732,0.3387171435970493,0.18128068668061284,0.014902734000000001,0.0007382625170564125,1.7617451627355485e-08,0.099112756898239507,0.00023255411467313362,0.0067340929936715345,9.2459189360104763e-07,0.067329104785706195,7.0057662713197101e-05,0.19041559486652979,0.0004957115273660211
733,0.56112359192190919,0.20640748643535692,0.014921630999999999,0.0007382625170564125,1.7617451627355485e-08,0.099112756898239507,0.00023255411467313362,0.013875902228953515,3.8910972590460246e-06,0.00059882329038815337,6.6185493683973793e-09,0.0011137781542328951,1.9666077745222721e-08
734,0.55453638872216182,0.20637271172409344,0.01493156,0.0007382625170564125,1.7617451627355485e-08,0.099112756898239507,0.00023255411467313362,0.013875902228953515,3.8910972590460246e-06,0.0016266125358492093,4.650168832398788e-08,0.0055576717676975368,4.4941701671434056e-07
735,0.36624601883206076,0.17358411057193573,0.014960987,0.0007382625170564125,1.7617451627355485e-08,0.099112756898239507,0.00023255411467313362,0.013875902228953515,3.8910972590460246e-06,0.13466067744867269,0.00028084676437526779,0,0
736,0.49927943476147946,0.19802196443191034,0.014956858999999999,0.0007382625170564125,1.7617451627355485e-08,0.099112756898239507,0.00023255411467313362,0.029482704752294028,1.5922870822089668e-05,0.032922391524293174,1.7197917793120815e-05,0.024380651360960948,7.631216362179021e-06
737,0.65732816682037576,0.24971938699135302,0.015005163,0.0007382625170564125,1.7617451627355485e-08,0.099112756898239507,0.00023255411467313362,0.23357852699496401,0.001044597176994619,0.0075661031970618185,1.0157051859989345e-06,0.048165930627978824,3.1024997526312467e-05
738,1.5417299059839225,0.33558068900829263,0.01503433,0.0007382625170564125,1.7617451627355485e-08,0.199574729684656,0.00093691305727090681,0,0,0,0,0,0
739,1.3523710293628102,0.31293597753228553,0.014973712,0.0007382625170564125,1.7617451627355485e-08,0.199574729684656,0.00093691305727090681,0,0,0.13466067744867269,0.00028084676437526779,0,0
740,1.5404580815280398,0.33556307730316759,0.014945448,0.0007382625170564125,1.7617451627355485e-08,0.199574729684656,0.00093691305727090681,0.0014914208778900066,4.0933148225877827e-08,0.00059882329038815337,6.6185493683973793e-09,0.0011137781542328951,1.9666077745222721e-08
741,1.0787329447193383,0.27658945031029142,0.014927001000000001,0.0007382625170564125,1.7617451627355485e-08,0.199574729684656,0.00093691305727090681,0.0032657381748219037,2.0747590606460765e-07,0.27149403570967562,0.0011467575667019995,0.095166505640853619,0.00012474732005306627
742,1.5276748234885786,0.33704085861820254,0.014943824,0.0007382625170564125,1.7617451627355485e-08,0.199574729684656,0.00093691305727090681,0.0067340929936715345,9.2459189360104763e-07,0.016534326377095288,4.2141881657428466e-06,0,0
743,1.5204048091805489,0.34225647720759628,0.014888917999999999,0.0007382625170564125,1.7617451627355485e-08,0.199574729684656,0.00093691305727090681,0.013875902228953515,3.8910972590460246e-06,0,0,0.048165930627978824,3.1024997526312467e-05
744,1.5704601798246753,0.34941656709054253,0.014970737,0.0007382625170564125,1.7617451627355485e-08,0.199574729684656,0.00093691305727090681,0.029482704752294028,1.5922870822089668e-05,0,0,0,0
745,1.57065887506434,0.35342141561116297,0.014918515,0.0007382625170564125,1.7617451627355485e-08,0.199574729684656,0.00093691305727090681,0.058191510134582916,6.3561167843227188e-05,0.0036204138554804133,2.2943610162988871e-07,0.024380651360960948,7.631216362179021e-06
746,1.5829194942867213,0.35360006416857931,0.014944746,0.0007382625170564125,1.7617451627355485e-08,0.199574729684656,0.00093691305727090681,0.058191510134582916,6.3561167843227188e-05,0.0075661031970618185,1.0157051859989345e-06,0.0003441145397622694,2.8488482178333717e-09
747,1.5859040406946947,0.35512931762520067,0.014934486,0.0007382625170564125,1.7617451627355485e-08,0.199574729684656,0.00093691305727090681,0.11753286278100532,0.00026025549033156434,0.0075661031970618185,1.0157051859989345e-06,0.048165930627978824,3.1024997526312467e-05
748,1.5619188055505981,0.37219642084106175,0.014929637000000001,0.0007382625170564125,1.7617451627355485e-08,0.199574729684656,0.00093691305727090681,0.23357852699496401,0.001044597176994619,0.0016266125358492093,4.650168832398788e-08,0.19041559486652979,0.0004957115273660211
749,1.6818326203812424,0.36994255749445787,0.014929466000000001,0.0007382625170564125,1.7617451627355485e-08,0.199574729684656,0.00093691305727090681,0.23357852699496401,0.001044597176994619,0.0075661031970618185,1.0157051859989345e-06,0.024380651360960948,7.631216362179021e-06
750,0.029683261974260255,0.019518584957626171,0.014976036,0.0017106462852032518,8.879222184036865e-08,0,0,0,0,0,0,0,0
751,0.016358765069279073,0.019519258617425012,0.015072204000000001,0.0017106462852032518,8.879222184036865e-08,0,0,0,0,0,0,0.024380651360960948,7.631216362179021e-06
752,0.027210104108795902,0.017082103315584411,0.015072043,0.0017106462852032518,8.879222184036865e-08,0,0,0,0,0.0016266125358492093,4.650168832398788e-08,0,0
753,0.10013477576609177,0.01751337500367545,0.014952099999999999,0.0017106462852032518,8.879222184036865e-08,0,0,0,0,0.0016266125358492093,4.650168832398788e-08,0.19041559486652979,0.0004957115273660211
754,0.023773770739009006,0.017080751615151799,0.014959534,0.0017106462852032518,8.879222184036865e-08,0,0,0,0,0.0036204138554804133,2.2943610162988871e-07,0.0003441145397622694,2.8488482178333717e-09
755,0.018181253193037872,0.017079035597038803,0.014917533,0.0017106462852032518,8.879222184036865e-08,0,0,0,0,0.0075661031970618185,1.0157051859989345e-06,0.0011137781542328951,1.9666077745222721e-08
756,0.081595477245496317,0.01720642951865552,0.014888566000000001,0.0017106462852032518,8.879222184036865e-08,0,0,0,0,0.016534326377095288,4.2141881657428466e-06,0.095166505640853619,0.00012474732005306627
757,0.099107523251713639,0.031802199053628286,0.014917834,0.0017106462852032518,8.879222184036865e-08,0,0,0,0,0.067329104785706195,7.0057662713197101e-05,0,0
758,0.21546321747455699,0.044212369676749221,0.014990605000000001,0.0017106462852032518,8.879222184036865e-08,0,0,0,0,0.13466067744867269,0.00028084676437526779,0,0
759,0.40117808930924964,0.10303791934026432,0.014959274,0.0017106462852032518,8.879222184036865e-08,0,0,0,0,0.27149403570967562,0.0011467575667019995,0.011998077590687784,1.9024147497166475e-06
760,0.029980779468343627,0.019518524987639969,0.014955375999999999,0.0017106462852032518,8.879222184036865e-08,0,0,0.000556248333386102,5.9346873038682533e-09,0,0,0,0
761,0.0247343856298692,0.019520503769004393,0.014958643000000001,0.0017106462852032518,8.879222184036865e-08,0,0,0.000556248333386102,5.9346873038682533e-09,0.016534326377095288,4.2141881657428466e-06,0.011998077590687784,1.9024147497166475e-06
762,0.028883283060701457,0.019518881150428467,0.014967951,0.0017106462852032518,8.879222184036865e-08,0,0,0.0014914208778900066,4.0933148225877827e-08,0,0,0.0025502881807835864,9.853245885274214e-08
763,0.02922039877113974,0.01951771952419536,0.015009321000000001,0.0017106462852032518,8.879222184036865e-08,0,0,0.0014914208778900066,4.0933148225877827e-08,0.00059882329038815337,6.6185493683973793e-09,0.0011137781542328951,1.9666077745222721e-08
764,0.10676296532034385,0.034221912231453863,0.015098083,0.0017106462852032518,8.879222184036865e-08,0,0,0.0014914208778900066,4.0933148225877827e-08,0.067329104785706195,7.0057662713197101e-05,0.0003441145397622694,2.8488482178333717e-09
765,0.45696187229914059,0.10086160794719196,0.015168330000000001,0.0017106462852032518,8.879222184036865e-08,0,0,0.0032657381748219037,2.0747590606460765e-07,0.27149403570967562,0.0011467575667019995,0.048165930627978824,3.1024997526312467e-05
766,0.033493604505759951,0.019522041603836655,0.015301578999999999,0.0017106462852032518,8.879222184036865e-08,0,0,0.0067340929936715345,9.2459189360104763e-07,0,0,0,0
767,0.020515919984825829,0.019514832600516587,0.015442182,0.0017106462852032518,8.879222184036865e-08,0,0,0.0067340929936715345,9.2459189360104763e-07,0.0075661031970618185,1.0157051859989345e-06,0.0011137781542328951,1.9666077745222721e-08
768,0.11132088682987219,0.034211875630768412,0.015422103,0.0017106462852032518,8.879222184036865e-08,0,0,0.0067340929936715345,9.2459189360104763e-07,0.067329104785706195,7.0057662713197101e-05,0,0
769,0.24042884699164105,0.044222595169864501,0.015406754,0.0017106462852032518,8.879222184036865e-08,0,0,0.0067340929936715345,9.2459189360104763e-07,0.13466067744867269,0.00028084676437526779,0.0055576717676975368,4.4941701671434056e-07
770,0.041423280756173818,0.019524896951220078,0.015395621,0.0017106462852032518,8.879222184036865e-08,0,0,0.013875902228953515,3.8910972590460246e-06,0,0,0,0
771,0.052532511309409939,0.019538058309285285,0.01534834,0.0017106462852032518,8.879222184036865e-08,0,0,0.029482704752294028,1.5922870822089668e-05,0,0,0.0011137781542328951,1.9666077745222721e-08
772,0.34352016274010055,0.040433260398659285,0.01529726,0.0017106462852032518,8.879222184036865e-08,0,0,0.029482704752294028,1.5922870822089668e-05,0.13466067744867269,0.00028084676437526779,0.19041559486652979,0.0004957115273660211
773,0.077413033190938424,0.02203976614820264,0.015335293999999999,0.0017106462852032518,8.879222184036865e-08,0,0,0.058191510134582916,6.3561167843227188e-05,0,0,0,0
774,0.075603458905049409,0.022036132526591284,0.015370853,0.0017106462852032518,8.879222184036865e-08,0,0,0.058191510134582916,6.3561167843227188e-05,0,0,0.0025502881807835864,9.853245885274214e-08
775,0.0507877920310068,0.022006366652431341,0.015325014,0.0017106462852032518,8.879222184036865e-08,0,0,0.058191510134582916,6.3561167843227188e-05,0,0,0.095166505640853619,0.00012474732005306627
776,0.097430129759323428,0.031773280329525984,0.015161567000000001,0.0017106462852032518,8.879222184036865e-08,0,0,0.11753286278100532,0.00026025549033156434,0.067329104785706195,7.0057662713197101e-05,0,0
777,0.27569184544324687,0.06536826357511781,0.015301347999999999,0.0017106462852032518,8.879222184036865e-08,0,0,0.23357852699496401,0.001044597176994619,0,0,0,0
778,0.024605740342870466,0.019516033326183974,0.015278854,0.0017106462852032518,8.879222184036865e-08,0.00054984026108467472,5.4234620717900624e-09,0,0,0.0036204138554804133,2.2943610162988871e-07,0.0003441145397622694,2.8488482178333717e-09
779,0.026161845682017019,0.019529547574182765,0.01531251,0.0017106462852032518,8.879222184036865e-08,0.00054984026108467472,5.4234620717900624e-09,0.000556248333386102,5.9346873038682533e-09,0,0,0.048165930627978824,3.1024997526312467e-05
780,0.41858684995350787,0.10056299789576356,0.015227585,0.0017106462852032518,8.879222184036865e-08,0.00054984026108467472,5.4234620717900624e-09,0.000556248333386102,5.9346873038682533e-09,0.27149403570967562,0.0011467575667019995,0,0
781,0.013540201668265613,0.017076549448805111,0.01515303,0.0017106462852032518,8.879222184036865e-08,0.00054984026108467472,5.4234620717900624e-09,0.0014914208778900066,4.0933148225877827e-08,0.0075661031970618185,1.0157051859989345e-06,0.011998077590687784,1.9024147497166475e-06
782,0.41882034457366019,0.10055727225007779,0.015172929,0.0017106462852032518,8.879222184036865e-08,0.00054984026108467472,5.4234620717900624e-09,0.0014914208778900066,4.0933148225877827e-08,0.27149403570967562,0.0011467575667019995,0,0
783,0.41882034457366019,0.10055727225007779,0.015145386,0.0017106462852032518,8.879222184036865e-08,0.00054984026108467472,5.4234620717900624e-09,0.0014914208778900066,4.0933148225877827e-08,0.27149403570967562,0.0011467575667019995,0.0003441145397622694,2.8488482178333717e-09
784,0.1893249283271343,0.015141940881973103,0.015026875,0.0017106462852032518,8.879222184036865e-08,0.00054984026108467472,5.4234620717900624e-09,0.0067340929936715345,9.2459189360104763e-07,0.016534326377095288,4.2141881657428466e-06,0.19041559486652979,0.0004957115273660211
785,0.044789523280889969,0.019574613953122329,0.01497765,0.0017106462852032518,8.879222184036865e-08,0.00054984026108467472,5.4234620717900624e-09,0.013875902228953515,3.8910972590460246e-06,0.00059882329038815337,6.6185493683973793e-09,0.095166505640853619,0.00012474732005306627
786,0.030706708758579129,0.026800188957998409,0.014964995,0.0017106462852032518,8.879222184036865e-08,0.00054984026108467472,5.4234620717900624e-09,0.013875902228953515,3.8910972590460246e-06,0.032922391524293174,1.7197917793120815e-05,0.0011137781542328951,1.9666077745222721e-08
787,0.063957255232325635,0.026873054687330075,0.014972589,0.0017106462852032518,8.879222184036865e-08,0.00054984026108467472,5.4234620717900624e-09,0.029482704752294028,1.5922870822089668e-05,0.067329104785706195,7.0057662713197101e-05,0.0003441145397622694,2.8488482178333717e-09
788,0.076261111366011811,0.017163657282731688,0.014949775,0.0017106462852032518,8.879222184036865e-08,0.00054984026108467472,5.4234620717900624e-09,0.058191510134582916,6.3561167843227188e-05,0.0075661031970618185,1.0157051859989345e-06,0.0003441145397622694,2.8488482178333717e-09
789,0.060228003120084236,0.017192726021766112,0.015028418999999999,0.0017106462852032518,8.879222184036865e-08,0.00054984026108467472,5.4234620717900624e-09,0.058191510134582916,6.3561167843227188e-05,0.032922391524293174,1.7197917793120815e-05,0.095166505640853619,0.00012474732005306627
790,0.11498884029554349,0.024532693901620484,0.01495164,0.0017106462852032518,8.879222184036865e-08,0.00054984026108467472,5.4234620717900624e-09,0.11753286278100532,0.00026025549033156434,0.032922391524293174,1.7197917793120815e-05,0.0003441145397622694,2.8488482178333717e-09
791,0.29485519560264051,0.054689772993193914,0.015000895,0.0017106462852032518,8.879222184036865e-08,0.00054984026108467472,5.4234620717900624e-09,0.11753286278100532,0.00026025549033156434,0.27149403570967562,0.0011467575667019995,0.0025502881807835864,9.853245885274214e-08
792,0.19937207917068631,0.065153745702779084,0.015015133,0.0017106462852032518,8.879222184036865e-08,0.00054984026108467472,5.4234620717900624e-09,0.23357852699496401,0.001044597176994619,0.0016266125358492093,4.650168832398788e-08,0.19041559486652979,0.0004957115273660211
793,0.24913177296506334,0.0652164216259421,0.015017818,0.0017106462852032518,8.879222184036865e-08,0.00054984026108467472,5.4234620717900624e-09,0.23357852699496401,0.001044597176994619,0.0075661031970618185,1.0157051859989345e-06,0.048165930627978824,3.1024997526312467e-05
794,0.17821178201666918,0.053075920537224666,0.015094527,0.0017106462852032518,8.879222184036865e-08,0.00054984026108467472,5.4234620717900624e-09,0.23357852699496401,0.001044597176994619,0.13466067744867269,0.00028084676437526779,0.0003441145397622694,2.8488482178333717e-09
795,0.14029217591570076,0.031870643314332217,0.014889929,0.0017106462852032518,8.879222184036865e-08,0.0014826382597978712,3.7927712872417375e-08,0,0,0.067329104785706195,7.0057662713197101e-05,0.048165930627978824,3.1024997526312467e-05
796,0.26516298320445203,0.044391593346179987,0.014884669,0.0017106462852032518,8.879222184036865e-08,0.0014826382597978712,3.7927712872417375e-08,0,0,0.13466067744867269,0.00028084676437526779,0.048165930627978824,3.1024997526312467e-05
797,0.020083829138363127,0.017080315690856936,0.014972681,0.0017106462852032518,8.879222184036865e-08,0.0014826382597978712,3.7927712872417375e-08,0.0014914208778900066,4.0933148225877827e-08,0.0075661031970618185,1.0157051859989345e-06,0.0025502881807835864,9.853245885274214e-08
798,0.041456981497606855,0.024390675919730969,0.015074719,0.0017106462852032518,8.879222184036865e-08,0.0014826382597978712,3.7927712872417375e-08,0.0014914208778900066,4.0933148225877827e-08,0.032922391524293174,1.7197917793120815e-05,0.0025502881807835864,9.853245885274214e-08
799,0.035090162143648559,0.019521462966379639,0.015149533999999999,0.0017106462852032518,8.879222184036865e-08,0.0014826382597978712,3.7927712872417375e-08,0.0032657381748219037,2.0747590606460765e-07,0,0,0.0011137781542328951,1.9666077745222721e-08
800,0.13489781186050753,0.034275284723382551,0.015051373,0.0017106462852032518,8.879222184036865e-08,0.0014826382597978712,3.7927712872417375e-08,0.0067340929936715345,9.2459189360104763e-07,0.067329104785706195,7.0057662713197101e-05,0.048165930627978824,3.1024997526312467e-05
801,0.049525410180961543,0.019529714207112355,0.01500842,0.0017106462852032518,8.879222184036865e-08,0.0014826382597978712,3.7927712872417375e-08,0.013875902228953515,3.8910972590460246e-06,0.00059882329038815337,6.6185493683973793e-09,0.0003441145397622694,2.8488482178333717e-09
802,0.056501650892181211,0.019533260580973252,0.014962138999999999,0.0017106462852032518,8.879222184036865e-08,0.0014826382597978712,3.7927712872417375e-08,0.029482704752294028,1.5922870822089668e-05,0.0075661031970618185,1.0157051859989345e-06,0.0003441145397622694,2.8488482178333717e-09
803,0.10915990126724609,0.02709433267385198,0.015022927,0.0017106462852032518,8.879222184036865e-08,0.0014826382597978712,3.7927712872417375e-08,0.029482704752294028,1.5922870822089668e-05,0.067329104785706195,7.0057662713197101e-05,0.095166505640853619,0.00012474732005306627
804,0.051546326624799181,0.021989302452341094,0.015017337,0.0017106462852032518,8.879222184036865e-08,0.0014826382597978712,3.7927712872417375e-08,0.058191510134582916,6.3561167843227188e-05,0.032922391524293174,1.7197917793120815e-05,0.024380651360960948,7.631216362179021e-06
805,0.16557536421783706,0.034464461177534794,0.014966228,0.0017106462852032518,8.879222184036865e-08,0.0014826382597978712,3.7927712872417375e-08,0.058191510134582916,6.3561167843227188e-05,0.13466067744867269,0.00028084676437526779,0.0055576717676975368,4.4941701671434056e-07
806,0.15010484697032958,0.0342926585221522,0.014892785,0.0017106462852032518,8.879222184036865e-08,0.0014826382597978712,3.7927712872417375e-08,0.11753286278100532,0.00026025549033156434,0.0036204138554804133,2.2943610162988871e-07,0.0055576717676975368,4.4941701671434056e-07
807,0.091777851474296651,0.034284143623042801,0.014900228999999999,0.0017106462852032518,8.879222184036865e-08,0.0014826382597978712,3.7927712872417375e-08,0.11753286278100532,0.00026025549033156434,0.0036204138554804133,2.2943610162988871e-07,0.19041559486652979,0.0004957115273660211
808,0.10035077705587901,0.02715684134652277,0.014926019,0.0017106462852032518,8.879222184036865e-08,0.0014826382597978712,3.7927712872417375e-08,0.11753286278100532,0.00026025549033156434,0.032922391524293174,1.7197917793120815e-05,0.19041559486652979,0.0004957115273660211
809,0.12566311389219606,0.029677925570683869,0.014886182,0.0017106462852032518,8.879222184036865e-08,0.0014826382597978712,3.7927712872417375e-08,0.11753286278100532,0.00026025549033156434,0.067329104785706195,7.0057662713197101e-05,0.19041559486652979,0.0004957115273660211
810,0.094148245687471141,0.034206201982948263,0.014908596,0.0017106462852032518,8.879222184036865e-08,0.0032763021406752579,1.8605944461100654e-07,0,0,0.067329104785706195,7.0057662713197101e-05,0.0003441145397622694,2.8488482178333717e-09
811,0.031161798571477266,0.019521947739424773,0.014920289,0.0017106462852032518,8.879222184036865e-08,0.0032763021406752579,1.8605944461100654e-07,0.0014914208778900066,4.0933148225877827e-08,0,0,0.011998077590687784,1.9024147497166475e-06
812,0.46807842991829796,0.098417776013375882,0.014817528,0.0017106462852032518,8.879222184036865e-08,0.0032763021406752579,1.8605944461100654e-07,0.0014914208778900066,4.0933148225877827e-08,0.27149403570967562,0.0011467575667019995,0.048165930627978824,3.1024997526312467e-05
813,0.032250264100461085,0.019525281889702793,0.01485419,0.0017106462852032518,8.879222184036865e-08,0.0032763021406752579,1.8605944461100654e-07,0.0032657381748219037,2.0747590606460765e-07,0.032922391524293174,1.7197917793120815e-05,0,0
814,0.093432214277114803,0.031783149156380294,0.014880501000000001,0.0017106462852032518,8.879222184036865e-08,0.0032763021406752579,1.8605944461100654e-07,0.0032657381748219037,2.0747590606460765e-07,0.067329104785706195,7.0057662713197101e-05,0.0025502881807835864,9.853245885274214e-08
815,0.044215729189162223,0.019528960608144377,0.014905720000000001,0.0017106462852032518,8.879222184036865e-08,0.0032763021406752579,1.8605944461100654e-07,0.0067340929936715345,9.2459189360104763e-07,0.00059882329038815337,6.6185493683973793e-09,0,0
816,0.052314405715673071,0.01953403466451651,0.014869209,0.0017106462852032518,8.879222184036865e-08,0.0032763021406752579,1.8605944461100654e-07,0.013875902228953515,3.8910972590460246e-06,0.0016266125358492093,4.650168832398788e-08,0,0
817,0.069035243820776124,0.019557613196240491,0.01489002,0.0017106462852032518,8.879222184036865e-08,0.0032763021406752579,1.8605944461100654e-07,0.029482704752294028,1.5922870822089668e-05,0.00059882329038815337,6.6185493683973793e-09,0,0
818,0.04497429607411689,0.019540647063734286,0.014950267,0.0017106462852032518,8.879222184036865e-08,0.0032763021406752579,1.8605944461100654e-07,0.029482704752294028,1.5922870822089668e-05,0.0036204138554804133,2.2943610162988871e-07,0.024380651360960948,7.631216362179021e-06
819,0.048328385370868705,0.019536958007929931,0.014845433,0.0017106462852032518,8.879222184036865e-08,0.0032763021406752579,1.8605944461100654e-07,0.029482704752294028,1.5922870822089668e-05,0.016534326377095288,4.2141881657428466e-06,0.0011137781542328951,1.9666077745222721e-08
820,0.11898961039941747,0.027069380237253578,0.014896932999999999,0.0017106462852032518,8.879222184036865e-08,0.0032763021406752579,1.8605944461100654e-07,0.029482704752294028,1.5922870822089668e-05,0.067329104785706195,7.0057662713197101e-05,0.095166505640853619,0.00012474732005306627
821,0.088466306871818071,0.01960129106960376,0.015137009999999999,0.0017106462852032518,8.879222184036865e-08,0.0032763021406752579,1.8605944461100654e-07,0.058191510134582916,6.3561167843227188e-05,0.0075661031970618185,1.0157051859989345e-06,0.0025502881807835864,9.853245885274214e-08
822,0.08577528325390392,0.036713151438078906,0.015238236,0.0017106462852032518,8.879222184036865e-08,0.0032763021406752579,1.8605944461100654e-07,0.11753286278100532,0.00026025549033156434,0,0,0.19041559486652979,0.0004957115273660211
823,0.11657797019334958,0.03664217561842123,0.015134285000000001,0.0017106462852032518,8.879222184036865e-08,0.0032763021406752579,1.8605944461100654e-07,0.11753286278100532,0.00026025549033156434,0.0036204138554804133,2.2943610162988871e-07,0.095166505640853619,0.00012474732005306627
824,0.086358947669146535,0.026992514177845418,0.015097582999999999,0.0017106462852032518,8.879222184036865e-08,0.0032763021406752579,1.8605944461100654e-07,0.11753286278100532,0.00026025549033156434,0.067329104785706195,7.0057662713197101e-05,0.095166505640853619,0.00012474732005306627
825,0.045431608267707903,0.019525577120969147,0.015077393999999999,0.0017106462852032518,8.879222184036865e-08,0.0065000668855896863,8.306447327947619e-07,0,0,0.0036204138554804133,2.2943610162988871e-07,0.0003441145397622694,2.8488482178333717e-09
826,0.047040542201895942,0.019589252657803181,0.015047204999999999,0.0017106462852032518,8.879222184036865e-08,0.0065000668855896863,8.306447327947619e-07,0,0,0.0075661031970618185,1.0157051859989345e-06,0.095166505640853619,0.00012474732005306627
827,0.029490685763717245,0.01951623681534239,0.01496724,0.0017106462852032518,8.879222184036865e-08,0.0065000668855896863,8.306447327947619e-07,0,0,0.016534326377095288,4.2141881657428466e-06,0.0011137781542328951,1.9666077745222721e-08
828,0.020870062043222289,0.019514060992332379,0.014963593000000001,0.0017106462852032518,8.879222184036865e-08,0.0065000668855896863,8.306447327947619e-07,0,0,0.016534326377095288,4.2141881657428466e-06,0.024380651360960948,7.631216362179021e-06
829,0.051849275580053117,0.019531648885536417,0.014966669,0.0017106462852032518,8.879222184036865e-08,0.0065000668855896863,8.306447327947619e-07,0.000556248333386102,5.9346873038682533e-09,0,0,0,0
830,0.050714878765844296,0.019530336630781839,0.014871053,0.0017106462852032518,8.879222184036865e-08,0.0065000668855896863,8.306447327947619e-07,0.000556248333386102,5.9346873038682533e-09,0.00059882329038815337,6.6185493683973793e-09,0.0003441145397622694,2.8488482178333717e-09
831,0.092921278155286488,0.019896500094624018,0.014887174,0.0017106462852032518,8.879222184036865e-08,0.0065000668855896863,8.306447327947619e-07,0.0014914208778900066,4.0933148225877827e-08,0.0075661031970618185,1.0157051859989345e-06,0.19041559486652979,0.0004957115273660211
832,0.075858605270103283,0.02933753285706896,0.015012968,0.0017106462852032518,8.879222184036865e-08,0.0065000668855896863,8.306447327947619e-07,0.0014914208778900066,4.0933148225877827e-08,0.067329104785706195,7.0057662713197101e-05,0.0025502881807835864,9.853245885274214e-08
833,0.41277919535861801,0.095583706203335297,0.015045842,0.0017106462852032518,8.879222184036865e-08,0.0065000668855896863,8.306447327947619e-07,0.0032657381748219037,2.0747590606460765e-07,0.27149403570967562,0.0011467575667019995,0.0003441145397622694,2.8488482178333717e-09
834,0.025135104871780795,0.019519482756334007,0.015106570999999999,0.0017106462852032518,8.879222184036865e-08,0.0065000668855896863,8.306447327947619e-07,0.0067340929936715345,9.2459189360104763e-07,0.0075661031970618185,1.0157051859989345e-06,0.048165930627978824,3.1024997526312467e-05
835,0.059968269058854877,0.019541348394652994,0.014966238,0.0017106462852032518,8.879222184036865e-08,0.0065000668855896863,8.306447327947619e-07,0.013875902228953515,3.8910972590460246e-06,0.00059882329038815337,6.6185493683973793e-09,0.0003441145397622694,2.8488482178333717e-09
836,0.23190550812585667,0.029765328265793308,0.015025462999999999,0.0017106462852032518,8.879222184036865e-08,0.0065000668855896863,8.306447327947619e-07,0.029482704752294028,1.5922870822089668e-05,0.067329104785706195,7.0057662713197101e-05,0.19041559486652979,0.0004957115273660211
837,0.15852065766277709,0.034388119156348956,0.015031513999999999,0.0017106462852032518,8.879222184036865e-08,0.0065000668855896863,8.306447327947619e-07,0.029482704752294028,1.5922870822089668e-05,0.13466067744867269,0.00028084676437526779,0.011998077590687784,1.9024147497166475e-06
838,0.16554418603154447,0.034405398658753444,0.015087754,0.0017106462852032518,8.879222184036865e-08,0.0065000668855896863,8.306447327947619e-07,0.11753286278100532,0.00026025549033156434,0.00059882329038815337,6.6185493683973793e-09,0.0025502881807835864,9.853245885274214e-08
839,0.08343020611354042,0.035783509219855597,0.015120096,0.0017106462852032518,8.879222184036865e-08,0.012588944289611177,3.5224865185964549e-06,0,0,0,0,0,0
840,0.071254379596640605,0.035767688437855501,0.015094487,0.0017106462852032518,8.879222184036865e-08,0.012588944289611177,3.5224865185964549e-06,0,0,0.0075661031970618185,1.0157051859989345e-06,0.0003441145397622694,2.8488482178333717e-09
841,0.071001360347012182,0.040674251213780092,0.015066672999999999,0.0017106462852032518,8.879222184036865e-08,0.012588944289611177,3.5224865185964549e-06,0,0,0.067329104785706195,7.0057662713197101e-05,0.0003441145397622694,2.8488482178333717e-09
842,0.48504136921188284,0.095761942964538063,0.015033849,0.0017106462852032518,8.879222184036865e-08,0.012588944289611177,3.5224865185964549e-06,0,0,0.27149403570967562,0.0011467575667019995,0.095166505640853619,0.00012474732005306627
843,0.071830814895716757,0.04068347654377525,0.015041743999999999,0.0017106462852032518,8.879222184036865e-08,0.012588944289611177,3.5224865185964549e-06,0.0032657381748219037,2.0747590606460765e-07,0.067329104785706195,7.0057662713197101e-05,0.0025502881807835864,9.853245885274214e-08
844,0.046487821233846364,0.035758390305853482,0.015041093,0.0017106462852032518,8.879222184036865e-08,0.012588944289611177,3.5224865185964549e-06,0.0067340929936715345,9.2459189360104763e-07,0,0,0.095166505640853619,0.00012474732005306627
845,0.087764442272945706,0.035787791938393154,0.015056683,0.0017106462852032518,8.879222184036865e-08,0.012588944289611177,3.5224865185964549e-06,0.0067340929936715345,9.2459189360104763e-07,0.0016266125358492093,4.650168832398788e-08,0,0
846,0.046649391028040312,0.035762942251048466,0.015012548000000001,0.0017106462852032518,8.879222184036865e-08,0.012588944289611177,3.5224865185964549e-06,0.013875902228953515,3.8910972590460246e-06,0,0,0.095166505640853619,0.00012474732005306627
847,0.12004304010227625,0.05301310306280272,0.014819542,0.0017106462852032518,8.879222184036865e-08,0.012588944289611177,3.5224865185964549e-06,0.058191510134582916,6.3561167843227188e-05,0.13466067744867269,0.00028084676437526779,0.0003441145397622694,2.8488482178333717e-09
848,0.13072970757923152,0.04073762124328717,0.014905409999999999,0.0017106462852032518,8.879222184036865e-08,0.025011694954138793,1.4476156942003518e-05,0,0,0,0,0,0
849,0.1296402317086344,0.040735555761918556,0.014949997,0.0017106462852032518,8.879222184036865e-08,0.025011694954138793,1.4476156942003518e-05,0,0,0.00059882329038815337,6.6185493683973793e-09,0.0003441145397622694,2.8488482178333717e-09
850,0.093190021126074898,0.040672200467637559,0.014886722999999999,0.0017106462852032518,8.879222184036865e-08,0.025011694954138793,1.4476156942003518e-05,0.0014914208778900066,4.0933148225877827e-08,0.00059882329038815337,6.6185493683973793e-09,0.048165930627978824,3.1024997526312467e-05
851,0.053804543266142563,0.030941199802562585,0.014892485,0.0017106462852032518,8.879222184036865e-08,0.025011694954138793,1.4476156942003518e-05,0.0014914208778900066,4.0933148225877827e-08,0.067329104785706195,7.0057662713197101e-05,0.0003441145397622694,2.8488482178333717e-09
852,0.1348002515461513,0.043166618634115757,0.014921159999999999,0.0017106462852032518,8.879222184036865e-08,0.025011694954138793,1.4476156942003518e-05,0.0032657381748219037,2.0747590606460765e-07,0,0,0,0
853,0.080554411694675865,0.035800653800150059,0.014924016,0.0017106462852032518,8.879222184036865e-08,0.025011694954138793,1.4476156942003518e-05,0.0032657381748219037,2.0747590606460765e-07,0.032922391524293174,1.7197917793120815e-05,0,0
854,0.060287727430061548,0.043099280615401858,0.014964804999999999,0.0017106462852032518,8.879222184036865e-08,0.025011694954138793,1.4476156942003518e-05,0.013875902228953515,3.8910972590460246e-06,0,0,0.095166505640853619,0.00012474732005306627
855,0.14417608970542853,0.043191117149122937,0.014887545,0.0017106462852032518,8.879222184036865e-08,0.025011694954138793,1.4476156942003518e-05,0.013875902228953515,3.8910972590460246e-06,0.00059882329038815337,6.6185493683973793e-09,0.0003441145397622694,2.8488482178333717e-09
856,0.31697937913349078,0.078120370848522594,0.014986206,0.0017106462852032518,8.879222184036865e-08,0.025011694954138793,1.4476156942003518e-05,0.013875902228953515,3.8910972590460246e-06,0.27149403570967562,0.0011467575667019995,0,0
857,0.20833568486911908,0.069133639723528928,0.01495194,0.0017106462852032518,8.879222184036865e-08,0.025011694954138793,1.4476156942003518e-05,0.11753286278100532,0.00026025549033156434,0.0036204138554804133,2.2943610162988871e-07,0.048165930627978824,3.1024997526312467e-05
858,0.26603550579513741,0.079614559259976639,0.015038328,0.0017106462852032518,8.879222184036865e-08,0.025011694954138793,1.4476156942003518e-05,0.11753286278100532,0.00026025549033156434,0.27149403570967562,0.0011467575667019995,0.0011137781542328951,1.9666077745222721e-08
859,0.31460690584766443,0.1144443184191081,0.015033559,0.0017106462852032518,8.879222184036865e-08,0.049308902239849808,5.8318337274775721e-05,0,0,0,0,0,0
860,0.16445749414380403,0.11422690530586148,0.015070039,0.0017106462852032518,8.879222184036865e-08,0.049308902239849808,5.8318337274775721e-05,0,0,0,0,0.19041559486652979,0.0004957115273660211
861,0.31186308311246191,0.11201737319345383,0.015107392000000001,0.0017106462852032518,8.879222184036865e-08,0.049308902239849808,5.8318337274775721e-05,0,0,0.00059882329038815337,6.6185493683973793e-09,0.0025502881807835864,9.853245885274214e-08
862,0.18127700281854103,0.10393563232495769,0.015100559,0.0017106462852032518,8.879222184036865e-08,0.049308902239849808,5.8318337274775721e-05,0,0,0.067329104785706195,7.0057662713197101e-05,0.095166505640853619,0.00012474732005306627
863,0.16470004715881434,0.11663799247041536,0.015033428,0.0017106462852032518,8.879222184036865e-08,0.049308902239849808,5.8318337274775721e-05,0.000556248333386102,5.9346873038682533e-09,0,0,0.19041559486652979,0.0004957115273660211
864,0.26218426036669268,0.10647190510250736,0.015006887,0.0017106462852032518,8.879222184036865e-08,0.049308902239849808,5.8318337274775721e-05,0.0014914208778900066,4.0933148225877827e-08,0.032922391524293174,1.7197917793120815e-05,0.011998077590687784,1.9024147497166475e-06
865,0.31506321515513847,0.11443964153838121,0.014985745,0.0017106462852032518,8.879222184036865e-08,0.049308902239849808,5.8318337274775721e-05,0.0032657381748219037,2.0747590606460765e-07,0.00059882329038815337,6.6185493683973793e-09,0.0025502881807835864,9.853245885274214e-08
866,0.31386309764420645,0.11443074234275907,0.014885911999999999,0.0017106462852032518,8.879222184036865e-08,0.049308902239849808,5.8318337274775721e-05,0.0032657381748219037,2.0747590606460765e-07,0.0016266125358492093,4.650168832398788e-08,0.0025502881807835864,9.853245885274214e-08
867,0.31905415395418879,0.1168721639432366,0.014973903,0.0017106462852032518,8.879222184036865e-08,0.049308902239849808,5.8318337274775721e-05,0.0067340929936715345,9.2459189360104763e-07,0.00059882329038815337,6.6185493683973793e-09,0.0011137781542328951,1.9666077745222721e-08
868,0.18758115655123128,0.10119907136143322,0.015007688999999999,0.0017106462852032518,8.879222184036865e-08,0.049308902239849808,5.8318337274775721e-05,0.0067340929936715345,9.2459189360104763e-07,0.13466067744867269,0.00028084676437526779,0.0055576717676975368,4.4941701671434056e-07
869,0.36078545304719867,0.11900343430922372,0.015091670999999999,0.0017106462852032518,8.879222184036865e-08,0.049308902239849808,5.8318337274775721e-05,0.0067340929936715345,9.2459189360104763e-07,0.27149403570967562,0.0011467575667019995,0.0055576717676975368,4.4941701671434056e-07
870,0.32091365965304219,0.11928833045601596,0.015077714000000001,0.0017106462852032518,8.879222184036865e-08,0.049308902239849808,5.8318337274775721e-05,0.013875902228953515,3.8910972590460246e-06,0.0036204138554804133,2.2943610162988871e-07,0.0025502881807835864,9.853245885274214e-08
871,0.30459373487656799,0.11921905822829371,0.015109366000000001,0.0017106462852032518,8.879222184036865e-08,0.049308902239849808,5.8318337274775721e-05,0.013875902228953515,3.8910972590460246e-06,0.0036204138554804133,2.2943610162988871e-07,0.024380651360960948,7.631216362179021e-06
872,0.40364403167006407,0.11715717141931635,0.015086802,0.0017106462852032518,8.879222184036865e-08,0.049308902239849808,5.8318337274775721e-05,0.013875902228953515,3.8910972590460246e-06,0.27149403570967562,0.0011467575667019995,0.095166505640853619,0.00012474732005306627
873,0.31866454750842282,0.12629316680180855,0.015032416,0.0017106462852032518,8.879222184036865e-08,0.049308902239849808,5.8318337274775721e-05,0.058191510134582916,6.3561167843227188e-05,0.032922391524293174,1.7197917793120815e-05,0.0055576717676975368,4.4941701671434056e-07
874,0.20394262257298548,0.11361854255672323,0.015042015000000001,0.0017106462852032518,8.879222184036865e-08,0.049308902239849808,5.8318337274775721e-05,0.058191510134582916,6.3561167843227188e-05,0.13466067744867269,0.00028084676437526779,0.0055576717676975368,4.4941701671434056e-07
875,0.38014782029264194,0.12155956815537947,0.015007959,0.0017106462852032518,8.879222184036865e-08,0.049308902239849808,5.8318337274775721e-05,0.058191510134582916,6.3561167843227188e-05,0.27149403570967562,0.0011467575667019995,0.0025502881807835864,9.853245885274214e-08
876,0.41279233012403055,0.14493077508029156,0.015132250999999999,0.0017106462852032518,8.879222184036865e-08,0.049308902239849808,5.8318337274775721e-05,0.11753286278100532,0.00026025549033156434,0,0,0.048165930627978824,3.1024997526312467e-05
877,0.39059203261638642,0.13950536944690126,0.015422795,0.0017106462852032518,8.879222184036865e-08,0.049308902239849808,5.8318337274775721e-05,0.11753286278100532,0.00026025549033156434,0.032922391524293174,1.7197917793120815e-05,0,0
878,0.55352156307645539,0.15915787148812888,0.015379149,0.0017106462852032518,8.879222184036865e-08,0.049308902239849808,5.8318337274775721e-05,0.23357852699496401,0.001044597176994619,0,0,0,0
879,0.51410006055637103,0.15890388920823989,0.015375061000000001,0.0017106462852032518,8.879222184036865e-08,0.049308902239849808,5.8318337274775721e-05,0.23357852699496401,0.001044597176994619,0,0,0.048165930627978824,3.1024997526312467e-05
880,0.55352156307645539,0.15915787148812888,0.015393848,0.0017106462852032518,8.879222184036865e-08,0.049308902239849808,5.8318337274775721e-05,0.23357852699496401,0.001044597176994619,0.00059882329038815337,6.6185493683973793e-09,0,0
881,0.53360072454434471,0.15904244134689011,0.015457522,0.0017106462852032518,8.879222184036865e-08,0.049308902239849808,5.8318337274775721e-05,0.23357852699496401,0.001044597176994619,0.00059882329038815337,6.6185493683973793e-09,0.024380651360960948,7.631216362179021e-06
882,0.47730719176914527,0.21023082707959148,0.015387186000000001,0.0017106462852032518,8.879222184036865e-08,0.099112756898239507,0.00023255411467313362,0,0,0.0075661031970618185,1.0157051859989345e-06,0.095166505640853619,0.00012474732005306627
883,0.34092489495478029,0.17225358351092987,0.015383658,0.0017106462852032518,8.879222184036865e-08,0.099112756898239507,0.00023255411467313362,0,0,0.27149403570967562,0.0011467575667019995,0.0025502881807835864,9.853245885274214e-08
884,0.48841202526131372,0.21025970808639646,0.015293223,0.0017106462852032518,8.879222184036865e-08,0.099112756898239507,0.00023255411467313362,0.000556248333386102,5.9346873038682533e-09,0.0036204138554804133,2.2943610162988871e-07,0.095166505640853619,0.00012474732005306627
885,0.5124116582071353,0.20556954598029725,0.015250951,0.0017106462852032518,8.879222184036865e-08,0.099112756898239507,0.00023255411467313362,0.000556248333386102,5.9346873038682533e-09,0.016534326377095288,4.2141881657428466e-06,0.048165930627978824,3.1024997526312467e-05
886,0.38843293089428343,0.18136061654090366,0.015341306000000001,0.0017106462852032518,8.879222184036865e-08,0.099112756898239507,0.00023255411467313362,0.000556248333386102,5.9346873038682533e-09,0.13466067744867269,0.00028084676437526779,0.011998077590687784,1.9024147497166475e-06
887,0.57983811023096721,0.21155308899562356,0.015359912999999999,0.0017106462852032518,8.879222184036865e-08,0.099112756898239507,0.00023255411467313362,0.0032657381748219037,2.0747590606460765e-07,0,0,0,0
888,0.51667471377267671,0.21111731019636307,0.015216693999999999,0.0017106462852032518,8.879222184036865e-08,0.099112756898239507,0.00023255411467313362,0.0032657381748219037,2.0747590606460765e-07,0.0016266125358492093,4.650168832398788e-08,0.095166505640853619,0.00012474732005306627
889,0.36547921467500599,0.1907285411488967,0.015196305,0.0017106462852032518,8.879222184036865e-08,0.099112756898239507,0.00023255411467313362,0.0067340929936715345,9.2459189360104763e-07,0.067329104785706195,7.0057662713197101e-05,0.19041559486652979,0.0004957115273660211
890,0.45342387777765236,0.21325637744045661,0.015099346,0.0017106462852032518,8.879222184036865e-08,0.099112756898239507,0.00023255411467313362,0.013875902228953515,3.8910972590460246e-06,0.00059882329038815337,6.6185493683973793e-09,0.19041559486652979,0.0004957115273660211
891,0.5649052390359891,0.21601187772856931,0.015079436999999999,0.0017106462852032518,8.879222184036865e-08,0.099112756898239507,0.00023255411467313362,0.11753286278100532,0.00026025549033156434,0.067329104785706195,7.0057662713197101e-05,0.0011137781542328951,1.9666077745222721e-08
892,0.70054455088019918,0.25476256711625167,0.015065230000000001,0.0017106462852032518,8.879222184036865e-08,0.099112756898239507,0.00023255411467313362,0.23357852699496401,0.001044597176994619,0.016534326377095288,4.2141881657428466e-06,0.0011137781542328951,1.9666077745222721e-08
893,1.4341837640672299,0.34448842732496066,0.015086542,0.0017106462852032518,8.879222184036865e-08,0.199574729684656,0.00093691305727090681,0,0,0,0,0.19041559486652979,0.0004957115273660211
894,1.3951752829294295,0.33691134764306113,0.015028217999999999,0.0017106462852032518,8.879222184036865e-08,0.199574729684656,0.00093691305727090681,0,0,0.032922391524293174,1.7197917793120815e-05,0.19041559486652979,0.0004957115273660211
895,1.4588168793150238,0.33082283998556616,0.015092161999999999,0.0017106462852032518,8.879222184036865e-08,0.199574729684656,0.00093691305727090681,0,0,0.067329104785706195,7.0057662713197101e-05,0.0011137781542328951,1.9666077745222721e-08
896,1.4575068119747294,0.33080566208583773,0.015077434000000001,0.0017106462852032518,8.879222184036865e-08,0.199574729684656,0.00093691305727090681,0,0,0.067329104785706195,7.0057662713197101e-05,0.0025502881807835864,9.853245885274214e-08
897,1.561791193714555,0.34621624796239853,0.015086492,0.0017106462852032518,8.879222184036865e-08,0.199574729684656,0.00093691305727090681,0.000556248333386102,5.9346873038682533e-09,0,0,0,0
898,1.5524888904299912,0.34606531644131355,0.015133051999999999,0.0017106462852032518,8.879222184036865e-08,0.199574729684656,0.00093691305727090681,0.000556248333386102,5.9346873038682533e-09,0.00059882329038815337,6.6185493683973793e-09,0.011998077590687784,1.9024147497166475e-06
899,1.3757593704543618,0.32428141907586239,0.015091771,0.0017106462852032518,8.879222184036865e-08,0.199574729684656,0.00093691305727090681,0.0067340929936715345,9.2459189360104763e-07,0.13466067744867269,0.00028084676437526779,0.0055576717676975368,4.4941701671434056e-07
900,1.3623723242789723,0.32415388478135071,0.015050121,0.0017106462852032518,8.879222184036865e-08,0.199574729684656,0.00093691305727090681,0.0067340929936715345,9.2459189360104763e-07,0.13466067744867269,0.00028084676437526779,0.024380651360960948,7.631216362179021e-06
901,1.4441230098751259,0.34742768660345791,0.015064187999999999,0.0017106462852032518,8.879222184036865e-08,0.199574729684656,0.00093691305727090681,0.013875902228953515,3.8910972590460246e-06,0.0016266125358492093,4.650168832398788e-08,0.19041559486652979,0.0004957115273660211
902,1.4569207295786328,0.33774924601758449,0.015084919,0.0017106462852032518,8.879222184036865e-08,0.199574729684656,0.00093691305727090681,0.013875902228953515,3.8910972590460246e-06,0.067329104785706195,7.0057662713197101e-05,0.024380651360960948,7.631216362179021e-06
903,1.586269373574305,0.34950817483887692,0.015056714000000001,0.0017106462852032518,8.879222184036865e-08,0.199574729684656,0.00093691305727090681,0.029482704752294028,1.5922870822089668e-05,0,0,0,0
904,1.5734761052681396,0.34461646358437137,0.015027768,0.0017106462852032518,8.879222184036865e-08,0.199574729684656,0.00093691305727090681,0.029482704752294028,1.5922870822089668e-05,0.0075661031970618185,1.0157051859989345e-06,0.0011137781542328951,1.9666077745222721e-08
905,1.3998839313778924,0.32874615768478854,0.01502933,0.0017106462852032518,8.879222184036865e-08,0.199574729684656,0.00093691305727090681,0.029482704752294028,1.5922870822089668e-05,0.13466067744867269,0.00028084676437526779,0,0
906,1.5861860433914812,0.35124073968726194,0.015118904000000001,0.0017106462852032518,8.879222184036865e-08,0.199574729684656,0.00093691305727090681,0.058191510134582916,6.3561167843227188e-05,0.016534326377095288,4.2141881657428466e-06,0.0003441145397622694,2.8488482178333717e-09
907,1.7155446769038252,0.37164758128064362,0.015058517,0.0017106462852032518,8.879222184036865e-08,0.199574729684656,0.00093691305727090681,0.23357852699496401,0.001044597176994619,0.0075661031970618185,1.0157051859989345e-06,0.0003441145397622694,2.8488482178333717e-09
908,1.6829265446518988,0.36852508628938313,0.015052154,0.0017106462852032518,8.879222184036865e-08,0.199574729684656,0.00093691305727090681,0.23357852699496401,0.001044597176994619,0.032922391524293174,1.7197917793120815e-05,0,0
909,0.053150182935630889,0.019538967122517861,0.015071312,0.0039862300600562936,3.944317897486615e-07,0,0,0,0,0,0,0,0
910,0.052759779776778565,0.019538858668188743,0.015063356999999999,0.0039862300600562936,3.944317897486615e-07,0,0,0,0,0,0,0.0003441145397622694,2.8488482178333717e-09
911,0.024739763269288798,0.019521829930270497,0.015063807,0.0039862300600562936,3.944317897486615e-07,0,0,0,0,0,0,0.048165930627978824,3.1024997526312467e-05
912,0.047601782193084398,0.019530333053686507,0.014984033000000001,0.0039862300600562936,3.944317897486615e-07,0,0,0,0,0.0036204138554804133,2.2943610162988871e-07,0,0
913,0.026570618671857636,0.019519257895421638,0.01509102,0.0039862300600562936,3.944317897486615e-07,0,0,0,0,0.032922391524293174,1.7197917793120815e-05,0,0
914,0.061475110675051112,0.019536778578739287,0.014966828,0.0039862300600562936,3.944317897486615e-07,0,0,0,0,0.032922391524293174,1.7197917793120815e-05,0.048165930627978824,3.1024997526312467e-05
915,0.26739625180777482,0.029891269194217925,0.014997709,0.0039862300600562936,3.944317897486615e-07,0,0,0,0,0.067329104785706195,7.0057662713197101e-05,0.19041559486652979,0.0004957115273660211
916,0.21076353591333372,0.041720711265429457,0.015016105,0.0039862300600562936,3.944317897486615e-07,0,0,0,0,0.13466067744867269,0.00028084676437526779,0,0
917,0.24858591470206379,0.041900772742580188,0.015017347,0.0039862300600562936,3.944317897486615e-07,0,0,0,0,0.13466067744867269,0.00028084676437526779,0.048165930627978824,3.1024997526312467e-05
918,0.085148551808526929,0.019848004717321715,0.015083826,0.0039862300600562936,3.944317897486615e-07,0,0,0.000556248333386102,5.9346873038682533e-09,0,0,0.19041559486652979,0.0004957115273660211
919,0.028693120148567931,0.01709910279987854,0.015115829000000001,0.0039862300600562936,3.944317897486615e-07,0,0,0.000556248333386102,5.9346873038682533e-09,0.016534326377095288,4.2141881657428466e-06,0.048165930627978824,3.1024997526312467e-05
920,0.38546912597882599,0.0427006562862845,0.015067504000000001,0.0039862300600562936,3.944317897486615e-07,0,0,0.000556248333386102,5.9346873038682533e-09,0.13466067744867269,0.00028084676437526779,0.19041559486652979,0.0004957115273660211
921,0.44692968203610789,0.095955866495514075,0.015170985999999999,0.0039862300600562936,3.944317897486615e-07,0,0,0.000556248333386102,5.9346873038682533e-09,0.27149403570967562,0.0011467575667019995,0.048165930627978824,3.1024997526312467e-05
922,0.03525770283980964,0.019525288353676392,0.015179020999999999,0.0039862300600562936,3.944317897486615e-07,0,0,0.0014914208778900066,4.0933148225877827e-08,0.0016266125358492093,4.650168832398788e-08,0.024380651360960948,7.631216362179021e-06
923,0.03564507720555353,0.019523013071295964,0.015033358,0.0039862300600562936,3.944317897486615e-07,0,0,0.0014914208778900066,4.0933148225877827e-08,0.0075661031970618185,1.0157051859989345e-06,0.011998077590687784,1.9024147497166475e-06
924,0.025748206766599044,0.019518162927355354,0.015084036,0.0039862300600562936,3.944317897486615e-07,0,0,0.0032657381748219037,2.0747590606460765e-07,0.032922391524293174,1.7197917793120815e-05,0.0003441145397622694,2.8488482178333717e-09
925,0.02693011109801426,0.019520556083597908,0.015114496,0.0039862300600562936,3.944317897486615e-07,0,0,0.0067340929936715345,9.2459189360104763e-07,0.032922391524293174,1.7197917793120815e-05,0,0
926,0.027806300104310996,0.019519610573635677,0.015178209999999999,0.0039862300600562936,3.944317897486615e-07,0,0,0.0067340929936715345,9.2459189360104763e-07,0.032922391524293174,1.7197917793120815e-05,0.0055576717676975368,4.4941701671434056e-07
927,0.2585339033140574,0.032247651643473214,0.015189520999999999,0.0039862300600562936,3.944317897486615e-07,0,0,0.0067340929936715345,9.2459189360104763e-07,0.067329104785706195,7.0057662713197101e-05,0.19041559486652979,0.0004957115273660211
928,0.40379527012947097,0.090862093886834472,0.015136388000000001,0.0039862300600562936,3.944317897486615e-07,0,0,0.0067340929936715345,9.2459189360104763e-07,0.27149403570967562,0.0011467575667019995,0.0011137781542328951,1.9666077745222721e-08
929,0.44346742342701589,0.091168647083354634,0.01515743,0.0039862300600562936,3.944317897486615e-07,0,0,0.0067340929936715345,9.2459189360104763e-07,0.27149403570967562,0.0011467575667019995,0.048165930627978824,3.1024997526312467e-05
930,0.061997627538186932,0.021984848872159218,0.015126419,0.0039862300600562936,3.944317897486615e-07,0,0,0.013875902228953515,3.8910972590460246e-06,0,0,0.0025502881807835864,9.853245885274214e-08
931,0.1759488874778985,0.042081256918649508,0.015175294000000001,0.0039862300600562936,3.944317897486615e-07,0,0,0.11753286278100532,0.00026025549033156434,0,0,0,0
932,0.16473699245681439,0.042041592189787397,0.015206473999999999,0.0039862300600562936,3.944317897486615e-07,0,0,0.11753286278100532,0.00026025549033156434,0.0075661031970618185,1.0157051859989345e-06,0.0011137781542328951,1.9666077745222721e-08
933,0.31432447927954466,0.069470097527838448,0.015074327,0.0039862300600562936,3.944317897486615e-07,0,0,0.11753286278100532,0.00026025549033156434,0.27149403570967562,0.0011467575667019995,0.0055576717676975368,4.4941701671434056e-07
934,0.28321677212764901,0.068972967145211853,0.015063106,0.0039862300600562936,3.944317897486615e-07,0,0,0.23357852699496401,0.001044597176994619,0,0,0.011998077590687784,1.9024147497166475e-06
935,0.24850414139630453,0.066366062130792408,0.015091952,0.0039862300600562936,3.944317897486615e-07,0,0,0.23357852699496401,0.001044597176994619,0.016534326377095288,4.2141881657428466e-06,0.048165930627978824,3.1024997526312467e-05
936,0.21525305921231894,0.054289092934294382,0.015011916,0.0039862300600562936,3.944317897486615e-07,0,0,0.23357852699496401,0.001044597176994619,0.067329104785706195,7.0057662713197101e-05,0.0003441145397622694,2.8488482178333717e-09
937,0.049828140728294869,0.019534804594269917,0.015073276,0.0039862300600562936,3.944317897486615e-07,0.00054984026108467472,5.4234620717900624e-09,0,0,0,0,0.0055576717676975368,4.4941701671434056e-07
938,0.025905750828728088,0.019520540420892643,0.015049129,0.0039862300600562936,3.944317897486615e-07,0.00054984026108467472,5.4234620717900624e-09,0,0,0.032922391524293174,1.7197917793120815e-05,0.0003441145397622694,2.8488482178333717e-09
939,0.20905254682996141,0.039308881502242023,0.014983801999999999,0.0039862300600562936,3.944317897486615e-07,0.00054984026108467472,5.4234620717900624e-09,0.0032657381748219037,2.0747590606460765e-07,0.13466067744867269,0.00028084676437526779,0.0025502881807835864,9.853245885274214e-08
940,0.040115074448834748,0.022011076984278382,0.014979383000000001,0.0039862300600562936,3.944317897486615e-07,0.00054984026108467472,5.4234620717900624e-09,0.0067340929936715345,9.2459189360104763e-07,0.00059882329038815337,6.6185493683973793e-09,0.095166505640853619,0.00012474732005306627
941,0.2001730219504706,0.04168922015058512,0.014993279999999999,0.0039862300600562936,3.944317897486615e-07,0.00054984026108467472,5.4234620717900624e-09,0.013875902228953515,3.8910972590460246e-06,0.13466067744867269,0.00028084676437526779,0.0011137781542328951,1.9666077745222721e-08
942,0.10693357922718048,0.026959304232934696,0.015036915,0.0039862300600562936,3.944317897486615e-07,0.00054984026108467472,5.4234620717900624e-09,0.058191510134582916,6.3561167843227188e-05,0,0,0,0
943,0.10104992132152842,0.026944595449652792,0.015045061,0.0039862300600562936,3.944317897486615e-07,0.00054984026108467472,5.4234620717900624e-09,0.058191510134582916,6.3561167843227188e-05,0.0036204138554804133,2.2943610162988871e-07,0.0003441145397622694,2.8488482178333717e-09
944,0.094506842800693797,0.026915025469993133,0.015158591000000001,0.0039862300600562936,3.944317897486615e-07,0.00054984026108467472,5.4234620717900624e-09,0.058191510134582916,6.3561167843227188e-05,0.067329104785706195,7.0057662713197101e-05,0.048165930627978824,3.1024997526312467e-05
945,0.29077016118335708,0.069012295050418296,0.015056203000000001,0.0039862300600562936,3.944317897486615e-07,0.00054984026108467472,5.4234620717900624e-09,0.23357852699496401,0.001044597176994619,0.00059882329038815337,6.6185493683973793e-09,0.0025502881807835864,9.853245885274214e-08
946,0.18973506941551152,0.068762201664039485,0.015103294,0.0039862300600562936,3.944317897486615e-07,0.00054984026108467472,5.4234620717900624e-09,0.23357852699496401,0.001044597176994619,0.0016266125358492093,4.650168832398788e-08,0.19041559486652979,0.0004957115273660211
947,0.28672672235575686,0.068988173689653043,0.014981276999999999,0.0039862300600562936,3.944317897486615e-07,0.00054984026108467472,5.4234620717900624e-09,0.23357852699496401,0.001044597176994619,0.0036204138554804133,2.2943610162988871e-07,0.0025502881807835864,9.853245885274214e-08
948,0.055525517516532293,0.019541759788996752,0.015035382,0.0039862300600562936,3.944317897486615e-07,0.0014826382597978712,3.7927712872417375e-08,0,0,0.00059882329038815337,6.6185493683973793e-09,0.0011137781542328951,1.9666077745222721e-08
949,0.02619520413621023,0.021953851488423892,0.014987399,0.0039862300600562936,3.944317897486615e-07,0.0014826382597978712,3.7927712872417375e-08,0,0,0.032922391524293174,1.7197917793120815e-05,0,0
950,0.20364192049175919,0.041759071979003165,0.015022898,0.0039862300600562936,3.944317897486615e-07,0.0014826382597978712,3.7927712872417375e-08,0,0,0.13466067744867269,0.00028084676437526779,0.024380651360960948,7.631216362179021e-06
951,0.18366115690338469,0.041684908655218122,0.015058257,0.0039862300600562936,3.944317897486615e-07,0.0014826382597978712,3.7927712872417375e-08,0.000556248333386102,5.9346873038682533e-09,0.13466067744867269,0.00028084676437526779,0.0025502881807835864,9.853245885274214e-08
952,0.024704535548419962,0.019527847169960342,0.015054109,0.0039862300600562936,3.944317897486615e-07,0.0014826382597978712,3.7927712872417375e-08,0.0014914208778900066,4.0933148225877827e-08,0.0075661031970618185,1.0157051859989345e-06,0.048165930627978824,3.1024997526312467e-05
953,0.027173607840904605,0.017092369332841893,0.015006215,0.0039862300600562936,3.944317897486615e-07,0.0014826382597978712,3.7927712872417375e-08,0.0014914208778900066,4.0933148225877827e-08,0.016534326377095288,4.2141881657428466e-06,0.048165930627978824,3.1024997526312467e-05
954,0.18487934665493175,0.041676588351911119,0.015050492,0.0039862300600562936,3.944317897486615e-07,0.0014826382597978712,3.7927712872417375e-08,0.0014914208778900066,4.0933148225877827e-08,0.13466067744867269,0.00028084676437526779,0.0055576717676975368,4.4941701671434056e-07
955,0.03942164242808717,0.019540025505106581,0.015101731,0.0039862300600562936,3.944317897486615e-07,0.0014826382597978712,3.7927712872417375e-08,0.0067340929936715345,9.2459189360104763e-07,0.00059882329038815337,6.6185493683973793e-09,0.095166505640853619,0.00012474732005306627
956,0.071408619356591194,0.02685446553437814,0.015114416,0.0039862300600562936,3.944317897486615e-07,0.0014826382597978712,3.7927712872417375e-08,0.029482704752294028,1.5922870822089668e-05,0.0016266125358492093,4.650168832398788e-08,0.011998077590687784,1.9024147497166475e-06
957,0.073331750596559692,0.026858672098588145,0.015081883000000001,0.0039862300600562936,3.944317897486615e-07,0.0014826382597978712,3.7927712872417375e-08,0.029482704752294028,1.5922870822089668e-05,0.0036204138554804133,2.2943610162988871e-07,0.0055576717676975368,4.4941701671434056e-07
958,0.062644318402886506,0.021982985869598386,0.01500833,0.0039862300600562936,3.944317897486615e-07,0.0032763021406752579,1.8605944461100654e-07,0,0,0,0,0.0003441145397622694,2.8488482178333717e-09
959,0.060822145265065831,0.02198029264943482,0.015070029,0.0039862300600562936,3.944317897486615e-07,0.0032763021406752579,1.8605944461100654e-07,0,0,0,0,0.0025502881807835864,9.853245885274214e-08
960,0.068209802231974204,0.029314265213072861,0.014947241,0.0039862300600562936,3.944317897486615e-07,0.0032763021406752579,1.8605944461100654e-07,0.000556248333386102,5.9346873038682533e-09,0.067329104785706195,7.0057662713197101e-05,0.0025502881807835864,9.853245885274214e-08
961,0.064223052386866278,0.021984922674299683,0.014976678,0.0039862300600562936,3.944317897486615e-07,0.0032763021406752579,1.8605944461100654e-07,0.0014914208778900066,4.0933148225877827e-08,0,0,0,0
962,0.05760246727131639,0.021974600738107947,0.01495223,0.0039862300600562936,3.944317897486615e-07,0.0032763021406752579,1.8605944461100654e-07,0.0014914208778900066,4.0933148225877827e-08,0.0016266125358492093,4.650168832398788e-08,0.0055576717676975368,4.4941701671434056e-07
963,0.081095586698504779,0.029339738754471077,0.015057726,0.0039862300600562936,3.944317897486615e-07,0.0032763021406752579,1.8605944461100654e-07,0.0014914208778900066,4.0933148225877827e-08,0.067329104785706195,7.0057662713197101e-05,0.024380651360960948,7.631216362179021e-06
964,0.042887920594285048,0.019528448345615443,0.015185053,0.0039862300600562936,3.944317897486615e-07,0.0032763021406752579,1.8605944461100654e-07,0.0032657381748219037,2.0747590606460765e-07,0.016534326377095288,4.2141881657428466e-06,0,0
965,0.065404093366852697,0.029308583716304088,0.015145275999999999,0.0039862300600562936,3.944317897486615e-07,0.0032763021406752579,1.8605944461100654e-07,0.0032657381748219037,2.0747590606460765e-07,0.067329104785706195,7.0057662713197101e-05,0.0003441145397622694,2.8488482178333717e-09
966,0.17369418155289448,0.036804927041980684,0.015180954999999999,0.0039862300600562936,3.944317897486615e-07,0.0032763021406752579,1.8605944461100654e-07,0.0067340929936715345,9.2459189360104763e-07,0.13466067744867269,0.00028084676437526779,0.0003441145397622694,2.8488482178333717e-09
967,0.32005209649151223,0.037861207059246602,0.015108274,0.0039862300600562936,3.944317897486615e-07,0.0032763021406752579,1.8605944461100654e-07,0.0067340929936715345,9.2459189360104763e-07,0.13466067744867269,0.00028084676437526779,0.19041559486652979,0.0004957115273660211
968,0.069670520580767337,0.024433662765481534,0.015038318,0.0039862300600562936,3.944317897486615e-07,0.0032763021406752579,1.8605944461100654e-07,0.029482704752294028,1.5922870822089668e-05,0.0036204138554804133,2.2943610162988871e-07,0.011998077590687784,1.9024147497166475e-06
969,0.1032645282378607,0.024509226058349265,0.015049039,0.0039862300600562936,3.944317897486615e-07,0.0032763021406752579,1.8605944461100654e-07,0.058191510134582916,6.3561167843227188e-05,0.0075661031970618185,1.0157051859989345e-06,0.0025502881807835864,9.853245885274214e-08
970,0.10290848052075063,0.034610894995631074,0.015043057,0.0039862300600562936,3.944317897486615e-07,0.0032763021406752579,1.8605944461100654e-07,0.11753286278100532,0.00026025549033156434,0.032922391524293174,1.7197917793120815e-05,0.095166505640853619,0.00012474732005306627
971,0.21765361813440168,0.078313174270729952,0.015052074,0.0039862300600562936,3.944317897486615e-07,0.0032763021406752579,1.8605944461100654e-07,0.23357852699496401,0.001044597176994619,0.00059882329038815337,6.6185493683973793e-09,0.095166505640853619,0.00012474732005306627
972,0.07755741117295524,0.035789970224842343,0.01518866,0.0039862300600562936,3.944317897486615e-07,0.0065000668855896863,8.306447327947619e-07,0,0,0.00059882329038815337,6.6185493683973793e-09,0.0055576717676975368,4.4941701671434056e-07
973,0.079350871126430397,0.035793309917290919,0.015087402999999999,0.0039862300600562936,3.944317897486615e-07,0.0065000668855896863,8.306447327947619e-07,0.0014914208778900066,4.0933148225877827e-08,0.0016266125358492093,4.650168832398788e-08,0.0011137781542328951,1.9666077745222721e-08
974,0.086927426875661601,0.036077604217509815,0.015114947,0.0039862300600562936,3.944317897486615e-07,0.0065000668855896863,8.306447327947619e-07,0.0014914208778900066,4.0933148225877827e-08,0.0036204138554804133,2.2943610162988871e-07,0.19041559486652979,0.0004957115273660211
975,0.071641129632594114,0.033351438659696496,0.015141048000000001,0.0039862300600562936,3.944317897486615e-07,0.0065000668855896863,8.306447327947619e-07,0.0014914208778900066,4.0933148225877827e-08,0.0075661031970618185,1.0157051859989345e-06,0,0
976,0.043441303810325453,0.030928939054590994,0.015084949,0.0039862300600562936,3.944317897486615e-07,0.0065000668855896863,8.306447327947619e-07,0.0014914208778900066,4.0933148225877827e-08,0.032922391524293174,1.7197917793120815e-05,0.048165930627978824,3.1024997526312467e-05
977,0.071275207313638456,0.035783110330019956,0.015137911,0.0039862300600562936,3.944317897486615e-07,0.0065000668855896863,8.306447327947619e-07,0.0032657381748219037,2.0747590606460765e-07,0.0075661031970618185,1.0157051859989345e-06,0.0025502881807835864,9.853245885274214e-08
978,0.43011243060886817,0.093078423347684208,0.015143602000000001,0.0039862300600562936,3.944317897486615e-07,0.0065000668855896863,8.306447327947619e-07,0.013875902228953515,3.8910972590460246e-06,0.27149403570967562,0.0011467575667019995,0.048165930627978824,3.1024997526312467e-05
979,0.10079395770869719,0.038261453630045045,0.015127602,0.0039862300600562936,3.944317897486615e-07,0.0065000668855896863,8.306447327947619e-07,0.029482704752294028,1.5922870822089668e-05,0.0016266125358492093,4.650168832398788e-08,0.0003441145397622694,2.8488482178333717e-09
980,0.052219555080495937,0.030906611440823968,0.015127580999999999,0.0039862300600562936,3.944317897486615e-07,0.0065000668855896863,8.306447327947619e-07,0.029482704752294028,1.5922870822089668e-05,0.032922391524293174,1.7197917793120815e-05,0.011998077590687784,1.9024147497166475e-06
981,0.1645952918230045,0.050659088014930645,0.015146428,0.0039862300600562936,3.944317897486615e-07,0.0065000668855896863,8.306447327947619e-07,0.029482704752294028,1.5922870822089668e-05,0.13466067744867269,0.00028084676437526779,0.024380651360960948,7.631216362179021e-06
982,0.13534414897971939,0.043188966439569904,0.015156487,0.0039862300600562936,3.944317897486615e-07,0.0065000668855896863,8.306447327947619e-07,0.058191510134582916,6.3561167843227188e-05,0,0,0.0025502881807835864,9.853245885274214e-08
983,0.095915721673475535,0.038242890482837272,0.015137540999999999,0.0039862300600562936,3.944317897486615e-07,0.012588944289611177,3.5224865185964549e-06,0,0,0,0,0.011998077590687784,1.9024147497166475e-06
984,0.096297965779399267,0.035823327352865357,0.015151367000000001,0.0039862300600562936,3.944317897486615e-07,0.012588944289611177,3.5224865185964549e-06,0,0,0.0036204138554804133,2.2943610162988871e-07,0.0025502881807835864,9.853245885274214e-08
985,0.078223518014152713,0.033356001374775131,0.01518362,0.0039862300600562936,3.944317897486615e-07,0.012588944289611177,3.5224865185964549e-06,0,0,0.016534326377095288,4.2141881657428466e-06,0.0003441145397622694,2.8488482178333717e-09
986,0.077549873791049204,0.033355357284193081,0.015120127000000001,0.0039862300600562936,3.944317897486615e-07,0.012588944289611177,3.5224865185964549e-06,0,0,0.016534326377095288,4.2141881657428466e-06,0.0011137781542328951,1.9666077745222721e-08
987,0.047235176069673028,0.038222486140749183,0.015076852999999999,0.0039862300600562936,3.944317897486615e-07,0.012588944289611177,3.5224865185964549e-06,0.0032657381748219037,2.0747590606460765e-07,0.0016266125358492093,4.650168832398788e-08,0.095166505640853619,0.00012474732005306627
988,0.076817871731744883,0.038229326264485476,0.015057826,0.0039862300600562936,3.944317897486615e-07,0.012588944289611177,3.5224865185964549e-06,0.0067340929936715345,9.2459189360104763e-07,0,0,0.048165930627978824,3.1024997526312467e-05
989,0.060152145265680017,0.030914002140947479,0.01507533,0.0039862300600562936,3.944317897486615e-07,0.012588944289611177,3.5224865185964549e-06,0.0067340929936715345,9.2459189360104763e-07,0.032922391524293174,1.7197917793120815e-05,0,0
990,0.13126966040840096,0.043158266928770506,0.015061171999999999,0.0039862300600562936,3.944317897486615e-07,0.012588944289611177,3.5224865185964549e-06,0.029482704752294028,1.5922870822089668e-05,0.00059882329038815337,6.6185493683973793e-09,0.0055576717676975368,4.4941701671434056e-07
991,0.11193120605529391,0.043108016220498556,0.015034932000000001,0.0039862300600562936,3.944317897486615e-07,0.012588944289611177,3.5224865185964549e-06,0.029482704752294028,1.5922870822089668e-05,0.0036204138554804133,2.2943610162988871e-07,0.024380651360960948,7.631216362179021e-06
992,0.15886853905002984,0.053238144659923908,0.015033428,0.0039862300600562936,3.944317897486615e-07,0.012588944289611177,3.5224865185964549e-06,0.058191510134582916,6.3561167843227188e-05,0,0,0.024380651360960948,7.631216362179021e-06
993,0.14811851658428304,0.050792250321200133,0.015135426,0.0039862300600562936,3.944317897486615e-07,0.012588944289611177,3.5224865185964549e-06,0.058191510134582916,6.3561167843227188e-05,0.016534326377095288,4.2141881657428466e-06,0.0055576717676975368,4.4941701671434056e-07
994,0.17361558158944684,0.064174779893323625,0.015047536,0.0039862300600562936,3.944317897486615e-07,0.012588944289611177,3.5224865185964549e-06,0.11753286278100532,0.00026025549033156434,0.00059882329038815337,6.6185493683973793e-09,0.095166505640853619,0.00012474732005306627
995,0.32929535943320132,0.09088630549007487,0.015081211000000001,0.0039862300600562936,3.944317897486615e-07,0.012588944289611177,3.5224865185964549e-06,0.23357852699496401,0.001044597176994619,0,0,0,0
996,0.30698900799680529,0.088390535459691597,0.015126529,0.0039862300600562936,3.944317897486615e-07,0.012588944289611177,3.5224865185964549e-06,0.23357852699496401,0.001044597176994619,0.016534326377095288,4.2141881657428466e-06,0,0
997,0.15930223846204089,0.060706302483737311,0.015216594,0.0039862300600562936,3.944317897486615e-07,0.025011694954138793,1.4476156942003518e-05,0,0,0,0,0.0003441145397622694,2.8488482178333717e-09
998,0.11471962804458385,0.060805547581489275,0.015179161,0.0039862300600562936,3.944317897486615e-07,0.025011694954138793,1.4476156942003518e-05,0,0,0.13466067744867269,0.00028084676437526779,0,0
999,0.1587178030154926,0.06070670688736287,0.015148442,0.0039862300600562936,3.944317897486615e-07,0.025011694954138793,1.4476156942003518e-05,0.000556248333386102,5.9346873038682533e-09,0.00059882329038815337,6.6185493683973793e-09,0.0003441145397622694,2.8488482178333717e-09
1000,0.36269453276036973,0.09588655010298168,0.015209942000000001,0.0039862300600562936,3.944317897486615e-07,0.025011694954138793,1.4476156942003518e-05,0.0014914208778900066,4.0933148225877827e-08,0.27149403570967562,0.0011467575667019995,0.048165930627978824,3.1024997526312467e-05
1001,0.076391882908866116,0.045980378435328248,0.015112752,0.0039862300600562936,3.944317897486615e-07,0.025011694954138793,1.4476156942003518e-05,0.0032657381748219037,2.0747590606460765e-07,0.067329104785706195,7.0057662713197101e-05,0.0003441145397622694,2.8488482178333717e-09
1002,0.12239512292148304,0.053344888132228624,0.015087112999999999,0.0039862300600562936,3.944317897486615e-07,0.025011694954138793,1.4476156942003518e-05,0.013875902228953515,3.8910972590460246e-06,0.032922391524293174,1.7197917793120815e-05,0,0
1003,0.15725504813673633,0.070360659518663618,0.015155936,0.0039862300600562936,3.944317897486615e-07,0.025011694954138793,1.4476156942003518e-05,0.029482704752294028,1.5922870822089668e-05,0,0,0.048165930627978824,3.1024997526312467e-05
1004,0.18081185050431695,0.068016113669913683,0.01528148,0.0039862300600562936,3.944317897486615e-07,0.025011694954138793,1.4476156942003518e-05,0.029482704752294028,1.5922870822089668e-05,0.0036204138554804133,2.2943610162988871e-07,0.0011137781542328951,1.9666077745222721e-08
1005,0.50186375646220771,0.094386347044692676,0.015232404999999999,0.0039862300600562936,3.944317897486615e-07,0.025011694954138793,1.4476156942003518e-05,0.029482704752294028,1.5922870822089668e-05,0.27149403570967562,0.0011467575667019995,0.19041559486652979,0.0004957115273660211
1006,0.21419931907597389,0.070521673262873646,0.015261401000000001,0.0039862300600562936,3.944317897486615e-07,0.025011694954138793,1.4476156942003518e-05,0.058191510134582916,6.3561167843227188e-05,0.00059882329038815337,6.6185493683973793e-09,0,0
1007,0.2132652304070275,0.07051781542742841,0.015255309999999999,0.0039862300600562936,3.944317897486615e-07,0.025011694954138793,1.4476156942003518e-05,0.058191510134582916,6.3561167843227188e-05,0.00059882329038815337,6.6185493683973793e-09,0.0011137781542328951,1.9666077745222721e-08
1008,0.089757311911239174,0.070311083043479355,0.015111741,0.0039862300600562936,3.944317897486615e-07,0.025011694954138793,1.4476156942003518e-05,0.058191510134582916,6.3561167843227188e-05,0.0016266125358492093,4.650168832398788e-08,0.19041559486652979,0.0004957115273660211
1009,0.11907170066607432,0.060675483613065705,0.015071452000000001,0.0039862300600562936,3.944317897486615e-07,0.025011694954138793,1.4476156942003518e-05,0.058191510134582916,6.3561167843227188e-05,0.13466067744867269,0.00028084676437526779,0.0011137781542328951,1.9666077745222721e-08
1010,0.25659755548996366,0.086344475390945002,0.015016025000000001,0.0039862300600562936,3.944317897486615e-07,0.025011694954138793,1.4476156942003518e-05,0.11753286278100532,0.00026025549033156434,0,0,0.0003441145397622694,2.8488482178333717e-09
1011,0.20890865414543114,0.078890190889204501,0.015020955000000001,0.0039862300600562936,3.944317897486615e-07,0.025011694954138793,1.4476156942003518e-05,0.11753286278100532,0.00026025549033156434,0.032922391524293174,1.7197917793120815e-05,0.0011137781542328951,1.9666077745222721e-08
1012,0.15865722071827146,0.071475327869302677,0.015029271,0.0039862300600562936,3.944317897486615e-07,0.025011694954138793,1.4476156942003518e-05,0.11753286278100532,0.00026025549033156434,0.067329104785706195,7.0057662713197101e-05,0.0055576717676975368,4.4941701671434056e-07
1013,0.19359453175168559,0.089063509892854373,0.014942222,0.0039862300600562936,3.944317897486615e-07,0.025011694954138793,1.4476156942003518e-05,0.23357852699496401,0.001044597176994619,0.067329104785706195,7.0057662713197101e-05,0.19041559486652979,0.0004957115273660211
1014,0.32259555829481112,0.12689152104027943,0.015002789000000001,0.0039862300600562936,3.944317897486615e-07,0.049308902239849808,5.8318337274775721e-05,0,0,0.0016266125358492093,4.650168832398788e-08,0.024380651360960948,7.631216362179021e-06
1015,0.32158490304423071,0.12444199561490267,0.014964003,0.0039862300600562936,3.944317897486615e-07,0.049308902239849808,5.8318337274775721e-05,0,0,0.016534326377095288,4.2141881657428466e-06,0.0011137781542328951,1.9666077745222721e-08
1016,0.3350989396532007,0.12692724692968571,0.014961858999999999,0.0039862300600562936,3.944317897486615e-07,0.049308902239849808,5.8318337274775721e-05,0.000556248333386102,5.9346873038682533e-09,0,0,0.011998077590687784,1.9024147497166475e-06
1017,0.33971696513414062,0.1269464615101136,0.014955407,0.0039862300600562936,3.944317897486615e-07,0.049308902239849808,5.8318337274775721e-05,0.0014914208778900066,4.0933148225877827e-08,0.0036204138554804133,2.2943610162988871e-07,0.0011137781542328951,1.9666077745222721e-08
1018,0.5171158548777377,0.12792975760518738,0.015053277,0.0039862300600562936,3.944317897486615e-07,0.049308902239849808,5.8318337274775721e-05,0.0032657381748219037,2.0747590606460765e-07,0.27149403570967562,0.0011467575667019995,0.19041559486652979,0.0004957115273660211
1019,0.17896893880097114,0.12122782782121448,0.015103034,0.0039862300600562936,3.944317897486615e-07,0.049308902239849808,5.8318337274775721e-05,0.029482704752294028,1.5922870822089668e-05,0.032922391524293174,1.7197917793120815e-05,0.19041559486652979,0.0004957115273660211
1020,0.3721110162927212,0.13779863721569138,0.015051323,0.0039862300600562936,3.944317897486615e-07,0.049308902239849808,5.8318337274775721e-05,0.11753286278100532,0.00026025549033156434,0.0075661031970618185,1.0157051859989345e-06,0.095166505640853619,0.00012474732005306627
1021,0.37778403491226481,0.12446886642808795,0.014991025999999999,0.0039862300600562936,3.944317897486615e-07,0.049308902239849808,5.8318337274775721e-05,0.23357852699496401,0.001044597176994619,0.13466067744867269,0.00028084676437526779,0.0003441145397622694,2.8488482178333717e-09
1022,0.37658533374837183,0.1244587705050624,0.015065390999999999,0.0039862300600562936,3.944317897486615e-07,0.049308902239849808,5.8318337274775721e-05,0.23357852699496401,0.001044597176994619,0.13466067744867269,0.00028084676437526779,0.0025502881807835864,9.853245885274214e-08
1023,0.49431245911718524,0.19410669828633773,0.015071912999999999,0.0039862300600562936,3.944317897486615e-07,0.099112756898239507,0.00023255411467313362,0,0,0.067329104785706195,7.0057662713197101e-05,0.0055576717676975368,4.4941701671434056e-07
1024,0.40396770429999296,0.18174442278155853,0.015062946000000001,0.0039862300600562936,3.944317897486615e-07,0.099112756898239507,0.00023255411467313362,0,0,0.13466067744867269,0.00028084676437526779,0.011998077590687784,1.9024147497166475e-06
1025,0.58413315156495982,0.21561308060565396,0.014981398,0.0039862300600562936,3.944317897486615e-07,0.099112756898239507,0.00023255411467313362,0.000556248333386102,5.9346873038682533e-09,0.0075661031970618185,1.0157051859989345e-06,0,0
1026,0.49763661335833803,0.19412709275650547,0.015033769000000001,0.0039862300600562936,3.944317897486615e-07,0.099112756898239507,0.00023255411467313362,0.000556248333386102,5.9346873038682533e-09,0.067329104785706195,7.0057662713197101e-05,0.0011137781542328951,1.9666077745222721e-08
1027,0.40932057975195446,0.18175541203617984,0.015058686999999999,0.0039862300600562936,3.944317897486615e-07,0.099112756898239507,0.00023255411467313362,0.000556248333386102,5.9346873038682533e-09,0.13466067744867269,0.00028084676437526779,0.0055576717676975368,4.4941701671434056e-07
1028,0.60037803510584109,0.21810003383337398,0.015010473999999999,0.0039862300600562936,3.944317897486615e-07,0.099112756898239507,0.00023255411467313362,0.0067340929936715345,9.2459189360104763e-07,0.00059882329038815337,6.6185493683973793e-09,0.0003441145397622694,2.8488482178333717e-09
1029,0.59851673517523707,0.21808767527437931,0.01504457,0.0039862300600562936,3.944317897486615e-07,0.099112756898239507,0.00023255411467313362,0.0067340929936715345,9.2459189360104763e-07,0.0016266125358492093,4.650168832398788e-08,0.0003441145397622694,2.8488482178333717e-09
1030,0.58892198674742546,0.21562564828566042,0.015126880000000001,0.0039862300600562936,3.944317897486615e-07,0.099112756898239507,0.00023255411467313362,0.0067340929936715345,9.2459189360104763e-07,0.0075661031970618185,1.0157051859989345e-06,0.0011137781542328951,1.9666077745222721e-08
1031,0.5375285024849471,0.21533848186964324,0.015098665000000001,0.0039862300600562936,3.944317897486615e-07,0.099112756898239507,0.00023255411467313362,0.0067340929936715345,9.2459189360104763e-07,0.016534326377095288,4.2141881657428466e-06,0.048165930627978824,3.1024997526312467e-05
1032,0.60384098903629113,0.21813436065449895,0.015020963999999999,0.0039862300600562936,3.944317897486615e-07,0.099112756898239507,0.00023255411467313362,0.013875902228953515,3.8910972590460246e-06,0.0016266125358492093,4.650168832398788e-08,0,0
1033,0.61918782132986505,0.22302083158240735,0.015093906000000001,0.0039862300600562936,3.944317897486615e-07,0.099112756898239507,0.00023255411467313362,0.029482704752294028,1.5922870822089668e-05,0,0,0,0
1034,0.35450305585656605,0.17926732293027467,0.015070039,0.0039862300600562936,3.944317897486615e-07,0.099112756898239507,0.00023255411467313362,0.029482704752294028,1.5922870822089668e-05,0.27149403570967562,0.0011467575667019995,0.095166505640853619,0.00012474732005306627
1035,0.64480345554040075,0.22795466699818104,0.015048317,0.0039862300600562936,3.944317897486615e-07,0.099112756898239507,0.00023255411467313362,0.058191510134582916,6.3561167843227188e-05,0,0,0.0055576717676975368,4.4941701671434056e-07
1036,0.63921022763738089,0.22791627868727712,0.014947692,0.0039862300600562936,3.944317897486615e-07,0.099112756898239507,0.00023255411467313362,0.058191510134582916,6.3561167843227188e-05,0,0,0.011998077590687784,1.9024147497166475e-06
1037,0.61190072387464189,0.23138662809949148,0.014956379000000001,0.0039862300600562936,3.944317897486615e-07,0.099112756898239507,0.00023255411467313362,0.11753286278100532,0.00026025549033156434,0,0,0.095166505640853619,0.00012474732005306627
1038,0.63842308508832279,0.23151937340567402,0.014969184,0.0039862300600562936,3.944317897486615e-07,0.099112756898239507,0.00023255411467313362,0.11753286278100532,0.00026025549033156434,0.0075661031970618185,1.0157051859989345e-06,0.048165930627978824,3.1024997526312467e-05
1039,1.5696353982751983,0.34424875927905235,0.015007276999999999,0.0039862300600562936,3.944317897486615e-07,0.199574729684656,0.00093691305727090681,0.000556248333386102,5.9346873038682533e-09,0.0016266125358492093,4.650168832398788e-08,0,0
1040,1.4335192959532741,0.34240537373833246,0.014947902000000001,0.0039862300600562936,3.944317897486615e-07,0.199574729684656,0.00093691305727090681,0.000556248333386102,5.9346873038682533e-09,0.0036204138554804133,2.2943610162988871e-07,0.19041559486652979,0.0004957115273660211
1041,1.1609916153918249,0.28788790301266548,0.014902693999999999,0.0039862300600562936,3.944317897486615e-07,0.199574729684656,0.00093691305727090681,0.000556248333386102,5.9346873038682533e-09,0.27149403570967562,0.0011467575667019995,0,0
1042,1.4972735307261491,0.34150578579715452,0.014956367999999999,0.0039862300600562936,3.944317897486615e-07,0.199574729684656,0.00093691305727090681,0.0032657381748219037,2.0747590606460765e-07,0,0,0.095166505640853619,0.00012474732005306627
1043,1.5588387704941911,0.34397294546926005,0.014898606999999999,0.0039862300600562936,3.944317897486615e-07,0.199574729684656,0.00093691305727090681,0.029482704752294028,1.5922870822089668e-05,0.016534326377095288,4.2141881657428466e-06,0.024380651360960948,7.631216362179021e-06
1044,1.5910431323430281,0.36399710045169037,0.014813461,0.0039862300600562936,3.944317897486615e-07,0.199574729684656,0.00093691305727090681,0.11753286278100532,0.00026025549033156434,0.00059882329038815337,6.6185493683973793e-09,0.095166505640853619,0.00012474732005306627
1045,1.7235467578805665,0.37367082992922251,0.014957952,0.0039862300600562936,3.944317897486615e-07,0.199574729684656,0.00093691305727090681,0.23357852699496401,0.001044597176994619,0,0,0.0011137781542328951,1.9666077745222721e-08
1046,1.6613380789993741,0.36592033943613644,0.014983491,0.0039862300600562936,3.944317897486615e-07,0.199574729684656,0.00093691305727090681,0.23357852699496401,0.001044597176994619,0.032922391524293174,1.7197917793120815e-05,0.024380651360960948,7.631216362179021e-06
1047,0.11225553190331186,0.040698651875760841,0.015096982,0.008194302664458324,1.668695573137405e-06,0,0,0,0,0,0,0,0
1048,0.11152014147808663,0.040696535373388083,0.015208308,0.008194302664458324,1.668695573137405e-06,0,0,0,0,0,0,0.0011137781542328951,1.9666077745222721e-08
1049,0.084120091459159413,0.038228885992277223,0.015261541999999999,0.008194302664458324,1.668695573137405e-06,0,0,0,0,0.016534326377095288,4.2141881657428466e-06,0.0011137781542328951,1.9666077745222721e-08
1050,0.054967994832801868,0.040693275846018513,0.015356246,0.008194302664458324,1.668695573137405e-06,0,0,0,0,0.067329104785706195,7.0057662713197101e-05,0.024380651360960948,7.631216362179021e-06
1051,0.11264284603733116,0.040699769416081964,0.015365764000000001,0.008194302664458324,1.668695573137405e-06,0,0,0.000556248333386102,5.9346873038682533e-09,0,0,0,0
1052,0.11235682152378412,0.040698869587591058,0.015387657000000001,0.008194302664458324,1.668695573137405e-06,0,0,0.000556248333386102,5.9346873038682533e-09,0,0,0.0003441145397622694,2.8488482178333717e-09
1053,0.10380714260905413,0.04067832781511236,0.015326668,0.008194302664458324,1.668695573137405e-06,0,0,0.000556248333386102,5.9346873038682533e-09,0.0036204138554804133,2.2943610162988871e-07,0.0055576717676975368,4.4941701671434056e-07
1054,0.21620689234255916,0.048579269584652501,0.01520911,0.008194302664458324,1.668695573137405e-06,0,0,0.000556248333386102,5.9346873038682533e-09,0.13466067744867269,0.00028084676437526779,0.095166505640853619,0.00012474732005306627
1055,0.11355295232056827,0.040701264573249393,0.015244397999999999,0.008194302664458324,1.668695573137405e-06,0,0,0.0014914208778900066,4.0933148225877827e-08,0,0,0,0
1056,0.07472888079270959,0.040643313357860658,0.015270298,0.008194302664458324,1.668695573137405e-06,0,0,0.0014914208778900066,4.0933148225877827e-08,0.0016266125358492093,4.650168832398788e-08,0.048165930627978824,3.1024997526312467e-05
1057,0.077830725324344513,0.040801707275366424,0.015177197999999999,0.008194302664458324,1.668695573137405e-06,0,0,0.0014914208778900066,4.0933148225877827e-08,0.0016266125358492093,4.650168832398788e-08,0.19041559486652979,0.0004957115273660211
1058,0.079102103005830163,0.040844638485989092,0.015098465,0.008194302664458324,1.668695573137405e-06,0,0,0.0014914208778900066,4.0933148225877827e-08,0.0036204138554804133,2.2943610162988871e-07,0.19041559486652979,0.0004957115273660211
1059,0.051528566228564936,0.043105946323103016,0.014990175,0.008194302664458324,1.668695573137405e-06,0,0,0.0014914208778900066,4.0933148225877827e-08,0.067329104785706195,7.0057662713197101e-05,0.0003441145397622694,2.8488482178333717e-09
1060,0.11015034013643414,0.04069570693581883,0.015008941,0.008194302664458324,1.668695573137405e-06,0,0,0.0032657381748219037,2.0747590606460765e-07,0,0,0.0055576717676975368,4.4941701671434056e-07
1061,0.093758152776826628,0.040675110568078723,0.015071642999999999,0.008194302664458324,1.668695573137405e-06,0,0,0.0032657381748219037,2.0747590606460765e-07,0,0,0.024380651360960948,7.631216362179021e-06
1062,0.098371589389860792,0.040675057811882513,0.014978811999999999,0.008194302664458324,1.668695573137405e-06,0,0,0.0032657381748219037,2.0747590606460765e-07,0.0075661031970618185,1.0157051859989345e-06,0.0025502881807835864,9.853245885274214e-08
1063,0.064395913428520427,0.033362792354034929,0.015143752999999999,0.008194302664458324,1.668695573137405e-06,0,0,0.0032657381748219037,2.0747590606460765e-07,0.032922391524293174,1.7197917793120815e-05,0,0
1064,0.08166050645173771,0.040653750021069628,0.015100769999999999,0.008194302664458324,1.668695573137405e-06,0,0,0.0067340929936715345,9.2459189360104763e-07,0,0,0.048165930627978824,3.1024997526312467e-05
1065,0.11695828801761077,0.040713660711043889,0.015080701,0.008194302664458324,1.668695573137405e-06,0,0,0.0067340929936715345,9.2459189360104763e-07,0.00059882329038815337,6.6185493683973793e-09,0,0
1066,0.050922472084565497,0.033360059079144883,0.015001245999999999,0.008194302664458324,1.668695573137405e-06,0,0,0.0067340929936715345,9.2459189360104763e-07,0.032922391524293174,1.7197917793120815e-05,0.024380651360960948,7.631216362179021e-06
1067,0.12619174970224889,0.040719311146909659,0.015031295,0.008194302664458324,1.668695573137405e-06,0,0,0.013875902228953515,3.8910972590460246e-06,0,0,0.0011137781542328951,1.9666077745222721e-08
1068,0.045670755346249356,0.038218280611864774,0.014989082000000001,0.008194302664458324,1.668695573137405e-06,0,0,0.013875902228953515,3.8910972590460246e-06,0.032922391524293174,1.7197917793120815e-05,0.048165930627978824,3.1024997526312467e-05
1069,0.14671816162729401,0.043203525133562418,0.015095308999999999,0.008194302664458324,1.668695573137405e-06,0,0,0.029482704752294028,1.5922870822089668e-05,0,0,0.0011137781542328951,1.9666077745222721e-08
1070,0.089869720990876367,0.043126533000558846,0.015064779,0.008194302664458324,1.668695573137405e-06,0,0,0.029482704752294028,1.5922870822089668e-05,0,0,0.095166505640853619,0.00012474732005306627
1071,0.14674061570580096,0.043203548615700443,0.015016385,0.008194302664458324,1.668695573137405e-06,0,0,0.029482704752294028,1.5922870822089668e-05,0.00059882329038815337,6.6185493683973793e-09,0,0
1072,0.1218698462032612,0.04578005141556192,0.015019562,0.008194302664458324,1.668695573137405e-06,0,0,0.029482704752294028,1.5922870822089668e-05,0.13466067744867269,0.00028084676437526779,0.0003441145397622694,2.8488482178333717e-09
1073,0.17472187306266243,0.043279259863633755,0.015096471,0.008194302664458324,1.668695573137405e-06,0,0,0.058191510134582916,6.3561167843227188e-05,0.0016266125358492093,4.650168832398788e-08,0.0025502881807835864,9.853245885274214e-08
1074,0.16228669749839297,0.043236938505194153,0.015129956,0.008194302664458324,1.668695573137405e-06,0,0,0.058191510134582916,6.3561167843227188e-05,0.0075661031970618185,1.0157051859989345e-06,0.0055576717676975368,4.4941701671434056e-07
1075,0.14962267179599395,0.045650286627853975,0.015118243,0.008194302664458324,1.668695573137405e-06,0,0,0.058191510134582916,6.3561167843227188e-05,0.016534326377095288,4.2141881657428466e-06,0,0
1076,0.16254414617212853,0.058179691622881703,0.015076681999999999,0.008194302664458324,1.668695573137405e-06,0,0,0.11753286278100532,0.00026025549033156434,0.067329104785706195,7.0057662713197101e-05,0,0
1077,0.36406803528020903,0.084526343996253792,0.015065892000000001,0.008194302664458324,1.668695573137405e-06,0,0,0.23357852699496401,0.001044597176994619,0,0,0,0
1078,0.36370662610651444,0.084524075177279362,0.015040632,0.008194302664458324,1.668695573137405e-06,0,0,0.23357852699496401,0.001044597176994619,0,0,0.0003441145397622694,2.8488482178333717e-09
1079,0.3416696472984147,0.081998472864886526,0.015048328,0.008194302664458324,1.668695573137405e-06,0,0,0.23357852699496401,0.001044597176994619,0.016534326377095288,4.2141881657428466e-06,0.0011137781542328951,1.9666077745222721e-08
1080,0.31934143728810793,0.07945131012123452,0.015055611,0.008194302664458324,1.668695573137405e-06,0,0,0.23357852699496401,0.001044597176994619,0.032922391524293174,1.7197917793120815e-05,0,0
1081,0.26509594877914333,0.079382376434196419,0.015034280000000001,0.008194302664458324,1.668695573137405e-06,0,0,0.23357852699496401,0.001044597176994619,0.27149403570967562,0.0011467575667019995,0.0011137781542328951,1.9666077745222721e-08
1082,0.11350767293928665,0.040701057783423041,0.015067013000000001,0.008194302664458324,1.668695573137405e-06,0.00054984026108467472,5.4234620717900624e-09,0,0,0,0,0,0
1083,0.1125971727557467,0.040699125208571697,0.015113313999999999,0.008194302664458324,1.668695573137405e-06,0.00054984026108467472,5.4234620717900624e-09,0,0,0,0,0.0011137781542328951,1.9666077745222721e-08
1084,0.051112495983092927,0.043117643813084104,0.015166516999999999,0.008194302664458324,1.668695573137405e-06,0.00054984026108467472,5.4234620717900624e-09,0,0,0.067329104785706195,7.0057662713197101e-05,0.0025502881807835864,9.853245885274214e-08
1085,0.14983844218596373,0.048287679467586796,0.015131258999999999,0.008194302664458324,1.668695573137405e-06,0.00054984026108467472,5.4234620717900624e-09,0,0,0.13466067744867269,0.00028084676437526779,0.024380651360960948,7.631216362179021e-06
1086,0.37534693010334924,0.085513248039248216,0.01514741,0.008194302664458324,1.668695573137405e-06,0.00054984026108467472,5.4234620717900624e-09,0,0,0.27149403570967562,0.0011467575667019995,0.0025502881807835864,9.853245885274214e-08
1087,0.11334589586947202,0.04070054114914097,0.015177398999999999,0.008194302664458324,1.668695573137405e-06,0.00054984026108467472,5.4234620717900624e-09,0.000556248333386102,5.9346873038682533e-09,0.00059882329038815337,6.6185493683973793e-09,0,0
1088,0.11049079853561201,0.040695285703611486,0.015147740999999999,0.008194302664458324,1.668695573137405e-06,0.00054984026108467472,5.4234620717900624e-09,0.0014914208778900066,4.0933148225877827e-08,0,0,0.0055576717676975368,4.4941701671434056e-07
1089,0.11316120054080998,0.040702020527810141,0.015150165,0.008194302664458324,1.668695573137405e-06,0.00054984026108467472,5.4234620717900624e-09,0.0032657381748219037,2.0747590606460765e-07,0.0016266125358492093,4.650168832398788e-08,0,0
1090,0.29974497549389678,0.048992223982442476,0.015042386,0.008194302664458324,1.668695573137405e-06,0.00054984026108467472,5.4234620717900624e-09,0.013875902228953515,3.8910972590460246e-06,0.13466067744867269,0.00028084676437526779,0.19041559486652979,0.0004957115273660211
1091,0.37560514117422433,0.087934869859670209,0.015112202,0.008194302664458324,1.668695573137405e-06,0.00054984026108467472,5.4234620717900624e-09,0.013875902228953515,3.8910972590460246e-06,0.27149403570967562,0.0011467575667019995,0.024380651360960948,7.631216362179021e-06
1092,0.11939582294982992,0.048191815969130171,0.015074908999999999,0.008194302664458324,1.668695573137405e-06,0.00054984026108467472,5.4234620717900624e-09,0.029482704752294028,1.5922870822089668e-05,0.13466067744867269,0.00028084676437526779,0.0011137781542328951,1.9666077745222721e-08
1093,0.11984262735247475,0.048195113031593378,0.015159503,0.008194302664458324,1.668695573137405e-06,0.00054984026108467472,5.4234620717900624e-09,0.029482704752294028,1.5922870822089668e-05,0.13466067744867269,0.00028084676437526779,0.0025502881807835864,9.853245885274214e-08
1094,0.15025463833373831,0.043228659812440076,0.015156517,0.008194302664458324,1.668695573137405e-06,0.00054984026108467472,5.4234620717900624e-09,0.058191510134582916,6.3561167843227188e-05,0.016534326377095288,4.2141881657428466e-06,0,0
1095,0.11659094085162629,0.040707209516107692,0.015053967999999999,0.008194302664458324,1.668695573137405e-06,0.0014826382597978712,3.7927712872417375e-08,0,0,0,0,0,0
1096,0.10378381907060655,0.040684120920434108,0.015055782,0.008194302664458324,1.668695573137405e-06,0.0014826382597978712,3.7927712872417375e-08,0,0,0.0075661031970618185,1.0157051859989345e-06,0.0003441145397622694,2.8488482178333717e-09
1097,0.060441433930163817,0.030923366659797443,0.015043478000000001,0.008194302664458324,1.668695573137405e-06,0.0014826382597978712,3.7927712872417375e-08,0,0,0.032922391524293174,1.7197917793120815e-05,0.0055576717676975368,4.4941701671434056e-07
1098,0.39164681280249131,0.083253116559052584,0.015044460000000001,0.008194302664458324,1.668695573137405e-06,0.0014826382597978712,3.7927712872417375e-08,0,0,0.27149403570967562,0.0011467575667019995,0.024380651360960948,7.631216362179021e-06
1099,0.047429133930502097,0.038230087246959657,0.015047886999999999,0.008194302664458324,1.668695573137405e-06,0.0014826382597978712,3.7927712872417375e-08,0.000556248333386102,5.9346873038682533e-09,0.016534326377095288,4.2141881657428466e-06,0.095166505640853619,0.00012474732005306627
1100,0.12662187262395475,0.048188027254155726,0.015110128,0.008194302664458324,1.668695573137405e-06,0.0014826382597978712,3.7927712872417375e-08,0.0067340929936715345,9.2459189360104763e-07,0.13466067744867269,0.00028084676437526779,0.0025502881807835864,9.853245885274214e-08
1101,0.074072099078654766,0.040736065453161885,0.015112903,0.008194302664458324,1.668695573137405e-06,0.0014826382597978712,3.7927712872417375e-08,0.013875902228953515,3.8910972590460246e-06,0,0,0.19041559486652979,0.0004957115273660211
1102,0.074567557331733925,0.040757998952986658,0.01505954,0.008194302664458324,1.668695573137405e-06,0.0014826382597978712,3.7927712872417375e-08,0.013875902228953515,3.8910972590460246e-06,0.0016266125358492093,4.650168832398788e-08,0.19041559486652979,0.0004957115273660211
1103,0.12962093429062937,0.040743212096846219,0.015073747,0.008194302664458324,1.668695573137405e-06,0.0014826382597978712,3.7927712872417375e-08,0.029482704752294028,1.5922870822089668e-05,0.0075661031970618185,1.0157051859989345e-06,0.0011137781542328951,1.9666077745222721e-08
1104,0.16794309475098862,0.048128839131762295,0.015086501,0.008194302664458324,1.668695573137405e-06,0.0014826382597978712,3.7927712872417375e-08,0.058191510134582916,6.3561167843227188e-05,0,0,0.0003441145397622694,2.8488482178333717e-09
1105,0.10643238137694559,0.043238548036891318,0.014917273,0.008194302664458324,1.668695573137405e-06,0.0014826382597978712,3.7927712872417375e-08,0.058191510134582916,6.3561167843227188e-05,0.13466067744867269,0.00028084676437526779,0.0055576717676975368,4.4941701671434056e-07
1106,0.12183482283163893,0.040719297972050927,0.015110198,0.008194302664458324,1.668695573137405e-06,0.0032763021406752579,1.8605944461100654e-07,0,0,0,0,0,0
1107,0.12017826883433831,0.040714776007591956,0.015063167000000001,0.008194302664458324,1.668695573137405e-06,0.0032763021406752579,1.8605944461100654e-07,0,0,0,0,0.0025502881807835864,9.853245885274214e-08
1108,0.11993963490893743,0.040715277236864932,0.01501368,0.008194302664458324,1.668695573137405e-06,0.0032763021406752579,1.8605944461100654e-07,0,0,0.00059882329038815337,6.6185493683973793e-09,0.0011137781542328951,1.9666077745222721e-08
1109,0.11223880162384053,0.040697466049927224,0.015034240000000001,0.008194302664458324,1.668695573137405e-06,0.0032763021406752579,1.8605944461100654e-07,0.0014914208778900066,4.0933148225877827e-08,0.0075661031970618185,1.0157051859989345e-06,0,0
1110,0.07435399607834052,0.033353485703868896,0.01512176,0.008194302664458324,1.668695573137405e-06,0.0032763021406752579,1.8605944461100654e-07,0.0014914208778900066,4.0933148225877827e-08,0.032922391524293174,1.7197917793120815e-05,0,0
1111,0.29955634293824251,0.048971372161735097,0.015110939,0.008194302664458324,1.668695573137405e-06,0.0032763021406752579,1.8605944461100654e-07,0.0014914208778900066,4.0933148225877827e-08,0.13466067744867269,0.00028084676437526779,0.19041559486652979,0.0004957115273660211
1112,0.12281960462002728,0.040721343218593858,0.015118543999999999,0.008194302664458324,1.668695573137405e-06,0.0032763021406752579,1.8605944461100654e-07,0.0032657381748219037,2.0747590606460765e-07,0.00059882329038815337,6.6185493683973793e-09,0.0003441145397622694,2.8488482178333717e-09
1113,0.10126797135390864,0.040677782216688656,0.015017839,0.008194302664458324,1.668695573137405e-06,0.0032763021406752579,1.8605944461100654e-07,0.0032657381748219037,2.0747590606460765e-07,0.0016266125358492093,4.650168832398788e-08,0.024380651360960948,7.631216362179021e-06
1114,0.11614040698855445,0.04070611556350056,0.014949967,0.008194302664458324,1.668695573137405e-06,0.0032763021406752579,1.8605944461100654e-07,0.0032657381748219037,2.0747590606460765e-07,0.0036204138554804133,2.2943610162988871e-07,0.0025502881807835864,9.853245885274214e-08
1115,0.059828086799309191,0.035799021309086181,0.014968311999999999,0.008194302664458324,1.668695573137405e-06,0.0032763021406752579,1.8605944461100654e-07,0.0067340929936715345,9.2459189360104763e-07,0.067329104785706195,7.0057662713197101e-05,0.0011137781542328951,1.9666077745222721e-08
1116,0.36143573432406678,0.075821112511544275,0.015029561,0.008194302664458324,1.668695573137405e-06,0.0032763021406752579,1.8605944461100654e-07,0.013875902228953515,3.8910972590460246e-06,0.27149403570967562,0.0011467575667019995,0.024380651360960948,7.631216362179021e-06
1117,0.14307594361761003,0.043216572833425129,0.015051975,0.008194302664458324,1.668695573137405e-06,0.0032763021406752579,1.8605944461100654e-07,0.029482704752294028,1.5922870822089668e-05,0,0,0.0025502881807835864,9.853245885274214e-08
1118,0.054516147377076711,0.038201905321056578,0.015170375,0.008194302664458324,1.668695573137405e-06,0.0032763021406752579,1.8605944461100654e-07,0.029482704752294028,1.5922870822089668e-05,0.032922391524293174,1.7197917793120815e-05,0.048165930627978824,3.1024997526312467e-05
1119,0.067953061148066193,0.043089495853125909,0.015203128999999999,0.008194302664458324,1.668695573137405e-06,0.0032763021406752579,1.8605944461100654e-07,0.029482704752294028,1.5922870822089668e-05,0.067329104785706195,7.0057662713197101e-05,0.0025502881807835864,9.853245885274214e-08
1120,0.26774208602935595,0.073362707280195755,0.015207976999999999,0.008194302664458324,1.668695573137405e-06,0.0032763021406752579,1.8605944461100654e-07,0.11753286278100532,0.00026025549033156434,0.27149403570967562,0.0011467575667019995,0.0025502881807835864,9.853245885274214e-08
1121,0.35741534554774146,0.086872138090072409,0.015160735999999999,0.008194302664458324,1.668695573137405e-06,0.0032763021406752579,1.8605944461100654e-07,0.23357852699496401,0.001044597176994619,0,0,0,0
1122,0.26951854489310484,0.08155296016088176,0.015120748,0.008194302664458324,1.668695573137405e-06,0.0032763021406752579,1.8605944461100654e-07,0.23357852699496401,0.001044597176994619,0.0075661031970618185,1.0157051859989345e-06,0.095166505640853619,0.00012474732005306627
1123,0.13611171954441878,0.05008757233675537,0.015176086,0.008194302664458324,1.668695573137405e-06,0.0065000668855896863,8.306447327947619e-07,0,0,0.0016266125358492093,4.650168832398788e-08,0,0
1124,0.058867375361999007,0.049965931645667157,0.015147300000000001,0.008194302664458324,1.668695573137405e-06,0.0065000668855896863,8.306447327947619e-07,0.000556248333386102,5.9346873038682533e-09,0,0,0.095166505640853619,0.00012474732005306627
1125,0.13314612827314373,0.050083404773215032,0.015091662,0.008194302664458324,1.668695573137405e-06,0.0065000668855896863,8.306447327947619e-07,0.000556248333386102,5.9346873038682533e-09,0.00059882329038815337,6.6185493683973793e-09,0.0055576717676975368,4.4941701671434056e-07
1126,0.11877460788050397,0.050029524685669152,0.015019341,0.008194302664458324,1.668695573137405e-06,0.0065000668855896863,8.306447327947619e-07,0.0014914208778900066,4.0933148225877827e-08,0.0036204138554804133,2.2943610162988871e-07,0.024380651360960948,7.631216362179021e-06
1127,0.077191232566436604,0.050021544831927854,0.015079548,0.008194302664458324,1.668695573137405e-06,0.0065000668855896863,8.306447327947619e-07,0.0032657381748219037,2.0747590606460765e-07,0,0,0.19041559486652979,0.0004957115273660211
1128,0.068030292187889627,0.047517797407269177,0.015036745000000001,0.008194302664458324,1.668695573137405e-06,0.0065000668855896863,8.306447327947619e-07,0.029482704752294028,1.5922870822089668e-05,0.067329104785706195,7.0057662713197101e-05,0.011998077590687784,1.9024147497166475e-06
1129,0.31539560440799469,0.089096056551656241,0.015066213,0.008194302664458324,1.668695573137405e-06,0.0065000668855896863,8.306447327947619e-07,0.029482704752294028,1.5922870822089668e-05,0.27149403570967562,0.0011467575667019995,0.0025502881807835864,9.853245885274214e-08
1130,0.15183438608324148,0.062761908038187361,0.014926089999999999,0.008194302664458324,1.668695573137405e-06,0.0065000668855896863,8.306447327947619e-07,0.058191510134582916,6.3561167843227188e-05,0.0036204138554804133,2.2943610162988871e-07,0.048165930627978824,3.1024997526312467e-05
1131,0.16282902715611849,0.059844000470104464,0.015033149000000001,0.008194302664458324,1.668695573137405e-06,0.0065000668855896863,8.306447327947619e-07,0.058191510134582916,6.3561167843227188e-05,0.016534326377095288,4.2141881657428466e-06,0.0025502881807835864,9.853245885274214e-08
1132,0.24330062665998972,0.085188192289880463,0.015102773,0.008194302664458324,1.668695573137405e-06,0.0065000668855896863,8.306447327947619e-07,0.11753286278100532,0.00026025549033156434,0.0036204138554804133,2.2943610162988871e-07,0,0
1133,0.22340065763531824,0.080313192204195985,0.01506509,0.008194302664458324,1.668695573137405e-06,0.0065000668855896863,8.306447327947619e-07,0.11753286278100532,0.00026025549033156434,0.016534326377095288,4.2141881657428466e-06,0.0003441145397622694,2.8488482178333717e-09
1134,0.26938786325468284,0.087277711942897976,0.015146899,0.008194302664458324,1.668695573137405e-06,0.0065000668855896863,8.306447327947619e-07,0.11753286278100532,0.00026025549033156434,0.27149403570967562,0.0011467575667019995,0.024380651360960948,7.631216362179021e-06
1135,0.17964157594805277,0.074800256157159184,0.015129996,0.008194302664458324,1.668695573137405e-06,0.012588944289611177,3.5224865185964549e-06,0.000556248333386102,5.9346873038682533e-09,0.00059882329038815337,6.6185493683973793e-09,0.011998077590687784,1.9024147497166475e-06
1136,0.18425612915562334,0.074816403343148347,0.015094958,0.008194302664458324,1.668695573137405e-06,0.012588944289611177,3.5224865185964549e-06,0.0014914208778900066,4.0933148225877827e-08,0.0036204138554804133,2.2943610162988871e-07,0,0
1137,0.14554262211893509,0.072312968920007298,0.015114416,0.008194302664458324,1.668695573137405e-06,0.012588944289611177,3.5224865185964549e-06,0.0032657381748219037,2.0747590606460765e-07,0.016534326377095288,4.2141881657428466e-06,0.024380651360960948,7.631216362179021e-06
1138,0.12438041506586331,0.072286413218156112,0.015055472,0.008194302664458324,1.668695573137405e-06,0.012588944289611177,3.5224865185964549e-06,0.0032657381748219037,2.0747590606460765e-07,0.016534326377095288,4.2141881657428466e-06,0.048165930627978824,3.1024997526312467e-05
1139,0.14168032223357413,0.074554238003030779,0.015087724,0.008194302664458324,1.668695573137405e-06,0.012588944289611177,3.5224865185964549e-06,0.0032657381748219037,2.0747590606460765e-07,0.13466067744867269,0.00028084676437526779,0.0055576717676975368,4.4941701671434056e-07
1140,0.1768593553621059,0.074778486674704617,0.01499293,0.008194302664458324,1.668695573137405e-06,0.012588944289611177,3.5224865185964549e-06,0.0032657381748219037,2.0747590606460765e-07,0.13466067744867269,0.00028084676437526779,0.095166505640853619,0.00012474732005306627
1141,0.19253242979078392,0.074839324958513365,0.015065451000000001,0.008194302664458324,1.668695573137405e-06,0.012588944289611177,3.5224865185964549e-06,0.0067340929936715345,9.2459189360104763e-07,0,0,0.0025502881807835864,9.853245885274214e-08
1142,0.20304028693519166,0.074866815014466473,0.015066543,0.008194302664458324,1.668695573137405e-06,0.012588944289611177,3.5224865185964549e-06,0.013875902228953515,3.8910972590460246e-06,0,0,0.0011137781542328951,1.9666077745222721e-08
1143,0.10407934630154998,0.06713846842388646,0.014943975,0.008194302664458324,1.668695573137405e-06,0.012588944289611177,3.5224865185964549e-06,0.029482704752294028,1.5922870822089668e-05,0.067329104785706195,7.0057662713197101e-05,0.024380651360960948,7.631216362179021e-06
1144,0.2607888720896725,0.10885020964484228,0.01502877,0.008194302664458324,1.668695573137405e-06,0.012588944289611177,3.5224865185964549e-06,0.11753286278100532,0.00026025549033156434,0.27149403570967562,0.0011467575667019995,0.0055576717676975368,4.4941701671434056e-07
1145,0.38281921660046175,0.1100537558842514,0.015336466999999999,0.008194302664458324,1.668695573137405e-06,0.012588944289611177,3.5224865185964549e-06,0.11753286278100532,0.00026025549033156434,0.27149403570967562,0.0011467575667019995,0.19041559486652979,0.0004957115273660211
1146,0.41172867357002152,0.11346559058298634,0.015581483,0.008194302664458324,1.668695573137405e-06,0.012588944289611177,3.5224865185964549e-06,0.23357852699496401,0.001044597176994619,0.0036204138554804133,2.2943610162988871e-07,0.0025502881807835864,9.853245885274214e-08
1147,0.2701897873270479,0.095905488369539799,0.015423055,0.008194302664458324,1.668695573137405e-06,0.012588944289611177,3.5224865185964549e-06,0.23357852699496401,0.001044597176994619,0.13466067744867269,0.00028084676437526779,0.0011137781542328951,1.9666077745222721e-08
1148,0.24973352257758333,0.095845569373121067,0.015478733999999999,0.008194302664458324,1.668695573137405e-06,0.012588944289611177,3.5224865185964549e-06,0.23357852699496401,0.001044597176994619,0.13466067744867269,0.00028084676437526779,0.048165930627978824,3.1024997526312467e-05
1149,0.2610017213772573,0.098406725097282474,0.015426162,0.008194302664458324,1.668695573137405e-06,0.025011694954138793,1.4476156942003518e-05,0,0,0.0036204138554804133,2.2943610162988871e-07,0,0
1150,0.17491969219488676,0.093299212742262619,0.015362267000000001,0.008194302664458324,1.668695573137405e-06,0.025011694954138793,1.4476156942003518e-05,0,0,0.016534326377095288,4.2141881657428466e-06,0.095166505640853619,0.00012474732005306627
1151,0.16689723782870411,0.087578511535400472,0.015304575000000001,0.008194302664458324,1.668695573137405e-06,0.025011694954138793,1.4476156942003518e-05,0,0,0.067329104785706195,7.0057662713197101e-05,0.0025502881807835864,9.853245885274214e-08
1152,0.26040602176590177,0.098406494024984151,0.015300187,0.008194302664458324,1.668695573137405e-06,0.025011694954138793,1.4476156942003518e-05,0.000556248333386102,5.9346873038682533e-09,0.0036204138554804133,2.2943610162988871e-07,0.0011137781542328951,1.9666077745222721e-08
1153,0.26671373167250656,0.10084767936688599,0.015312310000000001,0.008194302664458324,1.668695573137405e-06,0.025011694954138793,1.4476156942003518e-05,0.0014914208778900066,4.0933148225877827e-08,0.00059882329038815337,6.6185493683973793e-09,0.0003441145397622694,2.8488482178333717e-09
1154,0.21099344784793303,0.090970105382672931,0.015272252,0.008194302664458324,1.668695573137405e-06,0.025011694954138793,1.4476156942003518e-05,0.0014914208778900066,4.0933148225877827e-08,0.032922391524293174,1.7197917793120815e-05,0.011998077590687784,1.9024147497166475e-06
1155,0.22273006793149394,0.091024039164111226,0.015175665,0.008194302664458324,1.668695573137405e-06,0.025011694954138793,1.4476156942003518e-05,0.0067340929936715345,9.2459189360104763e-07,0.032922391524293174,1.7197917793120815e-05,0.0003441145397622694,2.8488482178333717e-09
1156,0.28375745870518765,0.10574751094395433,0.01515761,0.008194302664458324,1.668695573137405e-06,0.025011694954138793,1.4476156942003518e-05,0.029482704752294028,1.5922870822089668e-05,0,0,0.0055576717676975368,4.4941701671434056e-07
1157,0.14014925815281615,0.10547780450393972,0.015240671000000001,0.008194302664458324,1.668695573137405e-06,0.025011694954138793,1.4476156942003518e-05,0.029482704752294028,1.5922870822089668e-05,0,0,0.19041559486652979,0.0004957115273660211
1158,0.22278855209024837,0.10314013100570558,0.015226363999999999,0.008194302664458324,1.668695573137405e-06,0.025011694954138793,1.4476156942003518e-05,0.029482704752294028,1.5922870822089668e-05,0.016534326377095288,4.2141881657428466e-06,0.048165930627978824,3.1024997526312467e-05
1159,0.32979385750981133,0.10522083543686128,0.015221624,0.008194302664458324,1.668695573137405e-06,0.025011694954138793,1.4476156942003518e-05,0.11753286278100532,0.00026025549033156434,0.032922391524293174,1.7197917793120815e-05,0,0
1160,0.27968224538834791,0.095340373640655549,0.015152720999999999,0.008194302664458324,1.668695573137405e-06,0.025011694954138793,1.4476156942003518e-05,0.11753286278100532,0.00026025549033156434,0.067329104785706195,7.0057662713197101e-05,0.011998077590687784,1.9024147497166475e-06
1161,0.17814614239195381,0.12669722057813326,0.015123503999999999,0.008194302664458324,1.668695573137405e-06,0.049308902239849808,5.8318337274775721e-05,0,0,0.067329104785706195,7.0057662713197101e-05,0.19041559486652979,0.0004957115273660211
1162,0.39071249498001337,0.13681842066026562,0.015078866999999999,0.008194302664458324,1.668695573137405e-06,0.049308902239849808,5.8318337274775721e-05,0.000556248333386102,5.9346873038682533e-09,0.00059882329038815337,6.6185493683973793e-09,0.0055576717676975368,4.4941701671434056e-07
1163,0.38837626616046073,0.13680142821550439,0.015024291,0.008194302664458324,1.668695573137405e-06,0.049308902239849808,5.8318337274775721e-05,0.000556248333386102,5.9346873038682533e-09,0.0036204138554804133,2.2943610162988871e-07,0.0025502881807835864,9.853245885274214e-08
1164,0.2838404638743533,0.13646310701584605,0.015060209999999999,0.008194302664458324,1.668695573137405e-06,0.049308902239849808,5.8318337274775721e-05,0.000556248333386102,5.9346873038682533e-09,0.016534326377095288,4.2141881657428466e-06,0.095166505640853619,0.00012474732005306627
1165,0.35042300503562895,0.13421657734358666,0.015083897000000001,0.008194302664458324,1.668695573137405e-06,0.049308902239849808,5.8318337274775721e-05,0.000556248333386102,5.9346873038682533e-09,0.032922391524293174,1.7197917793120815e-05,0.0011137781542328951,1.9666077745222721e-08
1166,0.26520432145985018,0.13405127993860197,0.015084458,0.008194302664458324,1.668695573137405e-06,0.049308902239849808,5.8318337274775721e-05,0.000556248333386102,5.9346873038682533e-09,0.032922391524293174,1.7197917793120815e-05,0.095166505640853619,0.00012474732005306627
1167,0.38518806076984868,0.13678010227924822,0.014948924000000001,0.008194302664458324,1.668695573137405e-06,0.049308902239849808,5.8318337274775721e-05,0.0014914208778900066,4.0933148225877827e-08,0.0075661031970618185,1.0157051859989345e-06,0.0003441145397622694,2.8488482178333717e-09
1168,0.29659522978790753,0.12678572075469807,0.014918845999999999,0.008194302664458324,1.668695573137405e-06,0.049308902239849808,5.8318337274775721e-05,0.0014914208778900066,4.0933148225877827e-08,0.067329104785706195,7.0057662713197101e-05,0.011998077590687784,1.9024147497166475e-06
1169,0.38640390226573429,0.13679192645357599,0.015026996000000001,0.008194302664458324,1.668695573137405e-06,0.049308902239849808,5.8318337274775721e-05,0.0032657381748219037,2.0747590606460765e-07,0.0075661031970618185,1.0157051859989345e-06,0,0
1170,0.30859982005588749,0.12678495860975306,0.015029481000000001,0.008194302664458324,1.668695573137405e-06,0.049308902239849808,5.8318337274775721e-05,0.0032657381748219037,2.0747590606460765e-07,0.067329104785706195,7.0057662713197101e-05,0.0055576717676975368,4.4941701671434056e-07
1171,0.39868333255203631,0.13927089316718716,0.014968432,0.008194302664458324,1.668695573137405e-06,0.049308902239849808,5.8318337274775721e-05,0.013875902228953515,3.8910972590460246e-06,0.0016266125358492093,4.650168832398788e-08,0.0055576717676975368,4.4941701671434056e-07
1172,0.39427199342756031,0.13924530271573321,0.014991337,0.008194302664458324,1.668695573137405e-06,0.049308902239849808,5.8318337274775721e-05,0.013875902228953515,3.8910972590460246e-06,0.0036204138554804133,2.2943610162988871e-07,0.0055576717676975368,4.4941701671434056e-07
1173,0.38713295690962934,0.13681651438972273,0.014964194,0.008194302664458324,1.668695573137405e-06,0.049308902239849808,5.8318337274775721e-05,0.013875902228953515,3.8910972590460246e-06,0.0075661031970618185,1.0157051859989345e-06,0.0055576717676975368,4.4941701671434056e-07
1174,0.3767962220417182,0.13675643014989033,0.014945528,0.008194302664458324,1.668695573137405e-06,0.049308902239849808,5.8318337274775721e-05,0.013875902228953515,3.8910972590460246e-06,0.016534326377095288,4.2141881657428466e-06,0.0025502881807835864,9.853245885274214e-08
1175,0.2345660214325323,0.10733315144957832,0.01490548,0.008194302664458324,1.668695573137405e-06,0.049308902239849808,5.8318337274775721e-05,0.013875902228953515,3.8910972590460246e-06,0.13466067744867269,0.00028084676437526779,0.0055576717676975368,4.4941701671434056e-07
1176,0.45964333608916402,0.14063771994794422,0.014945808,0.008194302664458324,1.668695573137405e-06,0.049308902239849808,5.8318337274775721e-05,0.058191510134582916,6.3561167843227188e-05,0,0,0,0
1177,0.44692449023721476,0.14056348284358802,0.01490006,0.008194302664458324,1.668695573137405e-06,0.049308902239849808,5.8318337274775721e-05,0.058191510134582916,6.3561167843227188e-05,0.0075661031970618185,1.0157051859989345e-06,0,0
1178,0.41040533111781724,0.13681727950441747,0.014907904,0.008194302664458324,1.668695573137405e-06,0.049308902239849808,5.8318337274775721e-05,0.058191510134582916,6.3561167843227188e-05,0.032922391524293174,1.7197917793120815e-05,0.0011137781542328951,1.9666077745222721e-08
1179,0.27350787447128616,0.11678984256710399,0.014803312000000001,0.008194302664458324,1.668695573137405e-06,0.049308902239849808,5.8318337274775721e-05,0.058191510134582916,6.3561167843227188e-05,0.27149403570967562,0.0011467575667019995,0.0055576717676975368,4.4941701671434056e-07
1180,0.51883255125676309,0.14585651475108083,0.014897695000000001,0.008194302664458324,1.668695573137405e-06,0.049308902239849808,5.8318337274775721e-05,0.11753286278100532,0.00026025549033156434,0.0075661031970618185,1.0157051859989345e-06,0.0011137781542328951,1.9666077745222721e-08
1181,0.66251332875046542,0.14946200578959357,0.014891854,0.008194302664458324,1.668695573137405e-06,0.049308902239849808,5.8318337274775721e-05,0.23357852699496401,0.001044597176994619,0,0,0.0025502881807835864,9.853245885274214e-08
1182,0.64233230415381326,0.14335646146236031,0.014932051999999999,0.008194302664458324,1.668695573137405e-06,0.049308902239849808,5.8318337274775721e-05,0.23357852699496401,0.001044597176994619,0.016534326377095288,4.2141881657428466e-06,0,0
1183,0.41455499219368547,0.1293717439784588,0.01495165,0.008194302664458324,1.668695573137405e-06,0.049308902239849808,5.8318337274775721e-05,0.23357852699496401,0.001044597176994619,0.13466067744867269,0.00028084676437526779,0.19041559486652979,0.0004957115273660211
1184,1.1232442844314978,0.23623847832308872,0.014978913,0.008194302664458324,1.668695573137405e-06,0.099112756898239507,0.00023255411467313362,0,0,0,0,0,0
1185,1.1175403704896474,0.23620002019979411,0.014908536,0.008194302664458324,1.668695573137405e-06,0.099112756898239507,0.00023255411467313362,0,0,0.0036204138554804133,2.2943610162988871e-07,0.0003441145397622694,2.8488482178333717e-09
1186,1.0481833653621271,0.23326714090410941,0.015052746000000001,0.008194302664458324,1.668695573137405e-06,0.099112756898239507,0.00023255411467313362,0,0,0.0075661031970618185,1.0157051859989345e-06,0.095166505640853619,0.00012474732005306627
1187,1.0370449106184043,0.21706785631396758,0.015022117,0.008194302664458324,1.668695573137405e-06,0.099112756898239507,0.00023255411467313362,0,0,0.067329104785706195,7.0057662713197101e-05,0.0011137781542328951,1.9666077745222721e-08
1188,0.97171085858876649,0.20712027069735545,0.015035342,0.008194302664458324,1.668695573137405e-06,0.099112756898239507,0.00023255411467313362,0,0,0.13466067744867269,0.00028084676437526779,0,0
1189,1.1232532880995945,0.23623895344615009,0.015116330000000001,0.008194302664458324,1.668695573137405e-06,0.099112756898239507,0.00023255411467313362,0.000556248333386102,5.9346873038682533e-09,0,0,0.0003441145397622694,2.8488482178333717e-09
1190,1.1259800609925168,0.23626309807052245,0.015153562000000001,0.008194302664458324,1.668695573137405e-06,0.099112756898239507,0.00023255411467313362,0.0032657381748219037,2.0747590606460765e-07,0,0,0,0
1191,1.1217259245615765,0.23622984692884846,0.015173561,0.008194302664458324,1.668695573137405e-06,0.099112756898239507,0.00023255411467313362,0.0032657381748219037,2.0747590606460765e-07,0.0016266125358492093,4.650168832398788e-08,0.0025502881807835864,9.853245885274214e-08
1192,1.0065218271569663,0.2192879870135987,0.015156757999999999,0.008194302664458324,1.668695573137405e-06,0.099112756898239507,0.00023255411467313362,0.0032657381748219037,2.0747590606460765e-07,0.067329104785706195,7.0057662713197101e-05,0.048165930627978824,3.1024997526312467e-05
1193,1.0891343451341371,0.23119953350346992,0.01498766,0.008194302664458324,1.668695573137405e-06,0.099112756898239507,0.00023255411467313362,0.0067340929936715345,9.2459189360104763e-07,0.016534326377095288,4.2141881657428466e-06,0.024380651360960948,7.631216362179021e-06
1194,0.86360296533408998,0.18786466494395965,0.014853149,0.008194302664458324,1.668695573137405e-06,0.099112756898239507,0.00023255411467313362,0.013875902228953515,3.8910972590460246e-06,0.27149403570967562,0.0011467575667019995,0.011998077590687784,1.9024147497166475e-06
1195,1.1297452557803938,0.23970093153121524,0.015046123,0.008194302664458324,1.668695573137405e-06,0.099112756898239507,0.00023255411467313362,0.029482704752294028,1.5922870822089668e-05,0,0,0.024380651360960948,7.631216362179021e-06
1196,1.1318511183025806,0.23976249672257163,0.014989423,0.008194302664458324,1.668695573137405e-06,0.099112756898239507,0.00023255411467313362,0.029482704752294028,1.5922870822089668e-05,0.0075661031970618185,1.0157051859989345e-06,0.0011137781542328951,1.9666077745222721e-08
1197,0.94536430631863444,0.20961716257340229,0.015004622,0.008194302664458324,1.668695573137405e-06,0.099112756898239507,0.00023255411467313362,0.029482704752294028,1.5922870822089668e-05,0.13466067744867269,0.00028084676437526779,0.0025502881807835864,9.853245885274214e-08
1198,0.91889397379329363,0.20946106271944648,0.015025683999999999,0.008194302664458324,1.668695573137405e-06,0.099112756898239507,0.00023255411467313362,0.029482704752294028,1.5922870822089668e-05,0.13466067744867269,0.00028084676437526779,0.048165930627978824,3.1024997526312467e-05
1199,1.247576513352298,0.28145887915173334,0.015030483000000001,0.008194302664458324,1.668695573137405e-06,0.099112756898239507,0.00023255411467313362,0.23357852699496401,0.001044597176994619,0.016534326377095288,4.2141881657428466e-06,0.011998077590687784,1.9024147497166475e-06
1200,1.2363243996362085,0.28135127554693296,0.014940748,0.008194302664458324,1.668695573137405e-06,0.099112756898239507,0.00023255411467313362,0.23357852699496401,0.001044597176994619,0.016534326377095288,4.2141881657428466e-06,0.024380651360960948,7.631216362179021e-06
1201,1.613512369925669,0.34904277449801774,0.014939977,0.008194302664458324,1.668695573137405e-06,0.199574729684656,0.00093691305727090681,0,0,0,0,0.0003441145397622694,2.8488482178333717e-09
1202,1.4148196029877169,0.33070906040477444,0.015088636000000001,0.008194302664458324,1.668695573137405e-06,0.199574729684656,0.00093691305727090681,0,0,0.13466067744867269,0.00028084676437526779,0.0025502881807835864,9.853245885274214e-08
1203,1.5633101333991621,0.34497503355028392,0.014980596000000001,0.008194302664458324,1.668695573137405e-06,0.199574729684656,0.00093691305727090681,0.000556248333386102,5.9346873038682533e-09,0.0075661031970618185,1.0157051859989345e-06,0.048165930627978824,3.1024997526312467e-05
1204,1.6115180497195043,0.3466541672263701,0.015022608,0.008194302664458324,1.668695573137405e-06,0.199574729684656,0.00093691305727090681,0.0014914208778900066,4.0933148225877827e-08,0.0016266125358492093,4.650168832398788e-08,0.0011137781542328951,1.9666077745222721e-08
1205,1.5725376253499341,0.34268507693716083,0.015031255,0.008194302664458324,1.668695573137405e-06,0.199574729684656,0.00093691305727090681,0.0014914208778900066,4.0933148225877827e-08,0.016534326377095288,4.2141881657428466e-06,0.024380651360960948,7.631216362179021e-06
1206,1.4772037752957037,0.33847864808235623,0.015038088,0.008194302664458324,1.668695573137405e-06,0.199574729684656,0.00093691305727090681,0.0014914208778900066,4.0933148225877827e-08,0.067329104785706195,7.0057662713197101e-05,0.048165930627978824,3.1024997526312467e-05
1207,1.6052743833612859,0.34785132091148024,0.01497244,0.008194302664458324,1.668695573137405e-06,0.199574729684656,0.00093691305727090681,0.0067340929936715345,9.2459189360104763e-07,0.0075661031970618185,1.0157051859989345e-06,0.0055576717676975368,4.4941701671434056e-07
1208,1.5938805000223284,0.3476313704575768,0.015011596,0.008194302664458324,1.668695573137405e-06,0.199574729684656,0.00093691305727090681,0.0067340929936715345,9.2459189360104763e-07,0.0075661031970618185,1.0157051859989345e-06,0.024380651360960948,7.631216362179021e-06
1209,1.6259232438536289,0.35395583045065016,0.015056564,0.008194302664458324,1.668695573137405e-06,0.199574729684656,0.00093691305727090681,0.013875902228953515,3.8910972590460246e-06,0,0,0,0
1210,1.6249421153753483,0.35394002028584592,0.015057426,0.008194302664458324,1.668695573137405e-06,0.199574729684656,0.00093691305727090681,0.013875902228953515,3.8910972590460246e-06,0,0,0.0011137781542328951,1.9666077745222721e-08
1211,1.6397807384568415,0.35650088833536903,0.015078456,0.008194302664458324,1.668695573137405e-06,0.199574729684656,0.00093691305727090681,0.029482704752294028,1.5922870822089668e-05,0,0,0,0
1212,1.2196554572073788,0.29790747617035312,0.015104638,0.008194302664458324,1.668695573137405e-06,0.199574729684656,0.00093691305727090681,0.029482704752294028,1.5922870822089668e-05,0.27149403570967562,0.0011467575667019995,0.0055576717676975368,4.4941701671434056e-07
1213,1.6658952674869456,0.36154842576027796,0.015103834999999999,0.008194302664458324,1.668695573137405e-06,0.199574729684656,0.00093691305727090681,0.058191510134582916,6.3561167843227188e-05,0,0,0,0
1214,1.6981770464323829,0.37177752445086437,0.014995155,0.008194302664458324,1.668695573137405e-06,0.199574729684656,0.00093691305727090681,0.11753286278100532,0.00026025549033156434,0.0036204138554804133,2.2943610162988871e-07,0.0003441145397622694,2.8488482178333717e-09
1215,1.758385266393079,0.37243997580462035,0.015069638999999999,0.008194302664458324,1.668695573137405e-06,0.199574729684656,0.00093691305727090681,0.23357852699496401,0.001044597176994619,0.0075661031970618185,1.0157051859989345e-06,0,0
1216,1.6682317608513633,0.3581112610166125,0.015019041,0.008194302664458324,1.668695573137405e-06,0.199574729684656,0.00093691305727090681,0.23357852699496401,0.001044597176994619,0.067329104785706195,7.0057662713197101e-05,0.024380651360960948,7.631216362179021e-06
1217,0.27154110857718117,0.11228891104894929,0.015030753000000001,0.016769159106422821,6.8126338580407757e-06,0,0,0,0,0,0,0,0
1218,0.27115428519541146,0.11228769604725451,0.015003471000000001,0.016769159106422821,6.8126338580407757e-06,0,0,0,0,0,0,0.0003441145397622694,2.8488482178333717e-09
1219,0.25280607618584566,0.1122456892506999,0.015022848,0.016769159106422821,6.8126338580407757e-06,0,0,0,0,0,0,0.024380651360960948,7.631216362179021e-06
1220,0.13821193142233495,0.11221193240526191,0.015053478,0.016769159106422821,6.8126338580407757e-06,0,0,0,0,0,0,0.19041559486652979,0.0004957115273660211
1221,0.26984478234986659,0.11228161865423955,0.015237996,0.016769159106422821,6.8126338580407757e-06,0,0,0,0,0.00059882329038815337,6.6185493683973793e-09,0.0011137781542328951,1.9666077745222721e-08
1222,0.13822045599568009,0.11221216896807801,0.015309535000000001,0.016769159106422821,6.8126338580407757e-06,0,0,0.000556248333386102,5.9346873038682533e-09,0,0,0.19041559486652979,0.0004957115273660211
1223,0.16262069329171969,0.09939422594531408,0.015281078999999999,0.016769159106422821,6.8126338580407757e-06,0,0,0.000556248333386102,5.9346873038682533e-09,0.067329104785706195,7.0057662713197101e-05,0.011998077590687784,1.9024147497166475e-06
1224,0.2637042579896281,0.11225302236254016,0.015315466999999999,0.016769159106422821,6.8126338580407757e-06,0,0,0.0032657381748219037,2.0747590606460765e-07,0.0075661031970618185,1.0157051859989345e-06,0,0
1225,0.27838114672737801,0.11231069276118744,0.015298713,0.016769159106422821,6.8126338580407757e-06,0,0,0.0067340929936715345,9.2459189360104763e-07,0,0,0,0
1226,0.2572193087400646,0.11223999601342972,0.015207146,0.016769159106422821,6.8126338580407757e-06,0,0,0.0067340929936715345,9.2459189360104763e-07,0.0075661031970618185,1.0157051859989345e-06,0.011998077590687784,1.9024147497166475e-06
1227,0.16030903892511128,0.094384174495105194,0.015208658999999999,0.016769159106422821,6.8126338580407757e-06,0,0,0.0067340929936715345,9.2459189360104763e-07,0.13466067744867269,0.00028084676437526779,0,0
1228,0.28549852091094946,0.11233466885112763,0.015186817,0.016769159106422821,6.8126338580407757e-06,0,0,0.013875902228953515,3.8910972590460246e-06,0,0,0.0011137781542328951,1.9666077745222721e-08
1229,0.30110051162123236,0.11238449807290174,0.015188470000000001,0.016769159106422821,6.8126338580407757e-06,0,0,0.029482704752294028,1.5922870822089668e-05,0,0,0,0
1230,0.14565959904062062,0.1122050906831282,0.015290298000000001,0.016769159106422821,6.8126338580407757e-06,0,0,0.029482704752294028,1.5922870822089668e-05,0,0,0.19041559486652979,0.0004957115273660211
1231,0.16711784358644208,0.097043539748487714,0.015140146,0.016769159106422821,6.8126338580407757e-06,0,0,0.029482704752294028,1.5922870822089668e-05,0.13466067744867269,0.00028084676437526779,0.095166505640853619,0.00012474732005306627
1232,0.25836374397936429,0.11702690290256904,0.015260811000000001,0.016769159106422821,6.8126338580407757e-06,0,0,0.058191510134582916,6.3561167843227188e-05,0.00059882329038815337,6.6185493683973793e-09,0.095166505640853619,0.00012474732005306627
1233,0.33039013583674648,0.11730992204152431,0.015182127,0.016769159106422821,6.8126338580407757e-06,0,0,0.058191510134582916,6.3561167843227188e-05,0.0016266125358492093,4.650168832398788e-08,0,0
1234,0.33002946900492186,0.11730819333726712,0.015156497999999999,0.016769159106422821,6.8126338580407757e-06,0,0,0.058191510134582916,6.3561167843227188e-05,0.0016266125358492093,4.650168832398788e-08,0.0003441145397622694,2.8488482178333717e-09
1235,0.35664813714236721,0.11987999155973926,0.015071753,0.016769159106422821,6.8126338580407757e-06,0,0,0.11753286278100532,0.00026025549033156434,0.0016266125358492093,4.650168832398788e-08,0.048165930627978824,3.1024997526312467e-05
1236,0.38380563152153024,0.11761933326228946,0.015049369,0.016769159106422821,6.8126338580407757e-06,0,0,0.11753286278100532,0.00026025549033156434,0.0075661031970618185,1.0157051859989345e-06,0.0011137781542328951,1.9666077745222721e-08
1237,0.21933083661632469,0.10450730677008555,0.014985336,0.016769159106422821,6.8126338580407757e-06,0,0,0.11753286278100532,0.00026025549033156434,0.13466067744867269,0.00028084676437526779,0.0003441145397622694,2.8488482178333717e-09
1238,0.19887161418111249,0.10449828797392341,0.015016376,0.016769159106422821,6.8126338580407757e-06,0,0,0.11753286278100532,0.00026025549033156434,0.13466067744867269,0.00028084676437526779,0.095166505640853619,0.00012474732005306627
1239,0.53517562135838448,0.1513594742258825,0.014962822000000001,0.016769159106422821,6.8126338580407757e-06,0,0,0.23357852699496401,0.001044597176994619,0,0,0.0003441145397622694,2.8488482178333717e-09
1240,0.53020074214572122,0.15131848260239864,0.014991848,0.016769159106422821,6.8126338580407757e-06,0,0,0.23357852699496401,0.001044597176994619,0,0,0.0055576717676975368,4.4941701671434056e-07
1241,0.3645678345724393,0.15057670240280494,0.015067094,0.016769159106422821,6.8126338580407757e-06,0,0,0.23357852699496401,0.001044597176994619,0,0,0.19041559486652979,0.0004957115273660211
1242,0.53177784966754327,0.15133079441281011,0.015039139999999999,0.016769159106422821,6.8126338580407757e-06,0,0,0.23357852699496401,0.001044597176994619,0.0016266125358492093,4.650168832398788e-08,0.0025502881807835864,9.853245885274214e-08
1243,0.50944920159990004,0.14400125596307586,0.014987960999999999,0.016769159106422821,6.8126338580407757e-06,0,0,0.23357852699496401,0.001044597176994619,0.016534326377095288,4.2141881657428466e-06,0,0
1244,0.35352462125882178,0.14321398699383769,0.014984624,0.016769159106422821,6.8126338580407757e-06,0,0,0.23357852699496401,0.001044597176994619,0.016534326377095288,4.2141881657428466e-06,0.19041559486652979,0.0004957115273660211
1245,0.33735718509266321,0.13606754289121717,0.014915138999999999,0.016769159106422821,6.8126338580407757e-06,0,0,0.23357852699496401,0.001044597176994619,0.032922391524293174,1.7197917793120815e-05,0.19041559486652979,0.0004957115273660211
1246,0.42957920696101826,0.13632726728493963,0.01499311,0.016769159106422821,6.8126338580407757e-06,0,0,0.23357852699496401,0.001044597176994619,0.067329104785706195,7.0057662713197101e-05,0.011998077590687784,1.9024147497166475e-06
1247,0.25959886345541427,0.11224008256301654,0.014997348000000001,0.016769159106422821,6.8126338580407757e-06,0.00054984026108467472,5.4234620717900624e-09,0,0,0.0075661031970618185,1.0157051859989345e-06,0.0025502881807835864,9.853245885274214e-08
1248,0.1367178494577615,0.10972633783463591,0.014922543,0.016769159106422821,6.8126338580407757e-06,0.00054984026108467472,5.4234620717900624e-09,0,0,0.016534326377095288,4.2141881657428466e-06,0.19041559486652979,0.0004957115273660211
1249,0.27060924728760327,0.11228624532451327,0.014926201,0.016769159106422821,6.8126338580407757e-06,0.00054984026108467472,5.4234620717900624e-09,0.0014914208778900066,4.0933148225877827e-08,0.0016266125358492093,4.650168832398788e-08,0.0011137781542328951,1.9666077745222721e-08
1250,0.27913871361930415,0.11231382755623044,0.014909377999999999,0.016769159106422821,6.8126338580407757e-06,0.00054984026108467472,5.4234620717900624e-09,0.0067340929936715345,9.2459189360104763e-07,0,0,0,0
1251,0.20508057908481719,0.10724866157945108,0.014926791999999999,0.016769159106422821,6.8126338580407757e-06,0.00054984026108467472,5.4234620717900624e-09,0.029482704752294028,1.5922870822089668e-05,0.032922391524293174,1.7197917793120815e-05,0.048165930627978824,3.1024997526312467e-05
1252,0.18849838884697021,0.099433897560453649,0.014950237,0.016769159106422821,6.8126338580407757e-06,0.00054984026108467472,5.4234620717900624e-09,0.029482704752294028,1.5922870822089668e-05,0.067329104785706195,7.0057662713197101e-05,0.0025502881807835864,9.853245885274214e-08
1253,0.35722312606589435,0.11218332214518119,0.014945037,0.016769159106422821,6.8126338580407757e-06,0.00054984026108467472,5.4234620717900624e-09,0.029482704752294028,1.5922870822089668e-05,0.27149403570967562,0.0011467575667019995,0.011998077590687784,1.9024147497166475e-06
1254,0.17792568801134795,0.11464731579162454,0.015177018,0.016769159106422821,6.8126338580407757e-06,0.00054984026108467472,5.4234620717900624e-09,0.058191510134582916,6.3561167843227188e-05,0,0,0.19041559486652979,0.0004957115273660211
1255,0.32320367485059515,0.1050185380761316,0.015179121,0.016769159106422821,6.8126338580407757e-06,0.00054984026108467472,5.4234620717900624e-09,0.058191510134582916,6.3561167843227188e-05,0.27149403570967562,0.0011467575667019995,0.0011137781542328951,1.9666077745222721e-08
1256,0.34656602298878575,0.11496464892536025,0.015084106999999999,0.016769159106422821,6.8126338580407757e-06,0.00054984026108467472,5.4234620717900624e-09,0.11753286278100532,0.00026025549033156434,0.032922391524293174,1.7197917793120815e-05,0.0011137781542328951,1.9666077745222721e-08
1257,0.52822659418563134,0.14900559252499515,0.015204341,0.016769159106422821,6.8126338580407757e-06,0.00054984026108467472,5.4234620717900624e-09,0.23357852699496401,0.001044597176994619,0,0,0,0
1258,0.30019942462805455,0.12329416033190924,0.015148312000000001,0.016769159106422821,6.8126338580407757e-06,0.0014826382597978712,3.7927712872417375e-08,0,0,0,0,0.0011137781542328951,1.9666077745222721e-08
1259,0.16721169895925864,0.12315587463974936,0.01514185,0.016769159106422821,6.8126338580407757e-06,0.0014826382597978712,3.7927712872417375e-08,0,0,0,0,0.19041559486652979,0.0004957115273660211
1260,0.27718413752415233,0.1232063046319031,0.015138202,0.016769159106422821,6.8126338580407757e-06,0.0014826382597978712,3.7927712872417375e-08,0,0,0.016534326377095288,4.2141881657428466e-06,0.0025502881807835864,9.853245885274214e-08
1261,0.16561345766907329,0.12320520118370286,0.015098174000000001,0.016769159106422821,6.8126338580407757e-06,0.0014826382597978712,3.7927712872417375e-08,0,0,0.016534326377095288,4.2141881657428466e-06,0.19041559486652979,0.0004957115273660211
1262,0.27347972133282666,0.12322011873607666,0.015101241,0.016769159106422821,6.8126338580407757e-06,0.0014826382597978712,3.7927712872417375e-08,0.000556248333386102,5.9346873038682533e-09,0.0075661031970618185,1.0157051859989345e-06,0.024380651360960948,7.631216362179021e-06
1263,0.18487875569460052,0.10787571607867477,0.015050862999999999,0.016769159106422821,6.8126338580407757e-06,0.0014826382597978712,3.7927712872417375e-08,0.0032657381748219037,2.0747590606460765e-07,0.13466067744867269,0.00028084676437526779,0.048165930627978824,3.1024997526312467e-05
1264,0.30688688253329566,0.12332196741772743,0.015020723999999999,0.016769159106422821,6.8126338580407757e-06,0.0014826382597978712,3.7927712872417375e-08,0.0067340929936715345,9.2459189360104763e-07,0,0,0.0003441145397622694,2.8488482178333717e-09
1265,0.30177375131269096,0.12330285844278041,0.015029772,0.016769159106422821,6.8126338580407757e-06,0.0014826382597978712,3.7927712872417375e-08,0.0067340929936715345,9.2459189360104763e-07,0.0036204138554804133,2.2943610162988871e-07,0,0
1266,0.30072443349777356,0.12329840301899243,0.015014751999999999,0.016769159106422821,6.8126338580407757e-06,0.0014826382597978712,3.7927712872417375e-08,0.0067340929936715345,9.2459189360104763e-07,0.0036204138554804133,2.2943610162988871e-07,0.0011137781542328951,1.9666077745222721e-08
1267,0.27568670001191836,0.12323037950291651,0.014951580000000001,0.016769159106422821,6.8126338580407757e-06,0.0014826382597978712,3.7927712872417375e-08,0.0067340929936715345,9.2459189360104763e-07,0.016534326377095288,4.2141881657428466e-06,0.011998077590687784,1.9024147497166475e-06
1268,0.20708381974908002,0.11286663688645647,0.014945318000000001,0.016769159106422821,6.8126338580407757e-06,0.0014826382597978712,3.7927712872417375e-08,0.0067340929936715345,9.2459189360104763e-07,0.067329104785706195,7.0057662713197101e-05,0.0011137781542328951,1.9666077745222721e-08
1269,0.30270506210869413,0.12573992792952504,0.015008831,0.016769159106422821,6.8126338580407757e-06,0.0014826382597978712,3.7927712872417375e-08,0.013875902228953515,3.8910972590460246e-06,0.0036204138554804133,2.2943610162988871e-07,0.0055576717676975368,4.4941701671434056e-07
1270,0.31963701332170147,0.12581751226422669,0.015019202000000001,0.016769159106422821,6.8126338580407757e-06,0.0014826382597978712,3.7927712872417375e-08,0.029482704752294028,1.5922870822089668e-05,0.00059882329038815337,6.6185493683973793e-09,0.0011137781542328951,1.9666077745222721e-08
1271,0.19293765312483444,0.13047306943429599,0.014892694999999999,0.016769159106422821,6.8126338580407757e-06,0.0014826382597978712,3.7927712872417375e-08,0.058191510134582916,6.3561167843227188e-05,0.0036204138554804133,2.2943610162988871e-07,0.19041559486652979,0.0004957115273660211
1272,0.40194968700759826,0.13761262486185902,0.014906422000000001,0.016769159106422821,6.8126338580407757e-06,0.0014826382597978712,3.7927712872417375e-08,0.11753286278100532,0.00026025549033156434,0,0,0.0055576717676975368,4.4941701671434056e-07
1273,0.32434198776224676,0.12337544190512013,0.014879771,0.016769159106422821,6.8126338580407757e-06,0.0014826382597978712,3.7927712872417375e-08,0.11753286278100532,0.00026025549033156434,0.067329104785706195,7.0057662713197101e-05,0.0025502881807835864,9.853245885274214e-08
1274,0.50191621171321465,0.15246625094795979,0.014937873000000001,0.016769159106422821,6.8126338580407757e-06,0.0014826382597978712,3.7927712872417375e-08,0.23357852699496401,0.001044597176994619,0.0075661031970618185,1.0157051859989345e-06,0.048165930627978824,3.1024997526312467e-05
1275,0.51802975374311677,0.15263568067795225,0.015003291,0.016769159106422821,6.8126338580407757e-06,0.0014826382597978712,3.7927712872417375e-08,0.23357852699496401,0.001044597176994619,0.016534326377095288,4.2141881657428466e-06,0.0011137781542328951,1.9666077745222721e-08
1276,0.33140666603313823,0.12518381209176024,0.014964575000000001,0.016769159106422821,6.8126338580407757e-06,0.0014826382597978712,3.7927712872417375e-08,0.23357852699496401,0.001044597176994619,0.27149403570967562,0.0011467575667019995,0,0
1277,0.30701907984493143,0.12331623505548039,0.015023349,0.016769159106422821,6.8126338580407757e-06,0.0032763021406752579,1.8605944461100654e-07,0,0,0,0,0,0
1278,0.30595154048127465,0.12331242142741626,0.014919277,0.016769159106422821,6.8126338580407757e-06,0.0032763021406752579,1.8605944461100654e-07,0,0,0,0,0.0011137781542328951,1.9666077745222721e-08
1279,0.23588183294391857,0.12071486140710459,0.014933915000000001,0.016769159106422821,6.8126338580407757e-06,0.0032763021406752579,1.8605944461100654e-07,0,0,0.032922391524293174,1.7197917793120815e-05,0.024380651360960948,7.631216362179021e-06
1280,0.18778237078981636,0.10535923891717376,0.015012638,0.016769159106422821,6.8126338580407757e-06,0.0032763021406752579,1.8605944461100654e-07,0,0,0.13466067744867269,0.00028084676437526779,0.0003441145397622694,2.8488482178333717e-09
1281,0.54661447885429515,0.13386651653254283,0.014950748,0.016769159106422821,6.8126338580407757e-06,0.0032763021406752579,1.8605944461100654e-07,0.000556248333386102,5.9346873038682533e-09,0.27149403570967562,0.0011467575667019995,0.19041559486652979,0.0004957115273660211
1282,0.30855657144778964,0.12332172749407642,0.015041133,0.016769159106422821,6.8126338580407757e-06,0.0032763021406752579,1.8605944461100654e-07,0.0014914208778900066,4.0933148225877827e-08,0,0,0,0
1283,0.29958803472583595,0.1232817604961179,0.015026967,0.016769159106422821,6.8126338580407757e-06,0.0032763021406752579,1.8605944461100654e-07,0.0014914208778900066,4.0933148225877827e-08,0.00059882329038815337,6.6185493683973793e-09,0.011998077590687784,1.9024147497166475e-06
1284,0.20378383719614293,0.10806171651264011,0.014853989999999999,0.016769159106422821,6.8126338580407757e-06,0.0032763021406752579,1.8605944461100654e-07,0.0032657381748219037,2.0747590606460765e-07,0.067329104785706195,7.0057662713197101e-05,0.0011137781542328951,1.9666077745222721e-08
1285,0.30357822291864395,0.12331866651139091,0.014942502,0.016769159106422821,6.8126338580407757e-06,0.0032763021406752579,1.8605944461100654e-07,0.0067340929936715345,9.2459189360104763e-07,0,0,0.011998077590687784,1.9024147497166475e-06
1286,0.29880914420680749,0.12329816913530835,0.01492594,0.016769159106422821,6.8126338580407757e-06,0.0032763021406752579,1.8605944461100654e-07,0.0067340929936715345,9.2459189360104763e-07,0.0036204138554804133,2.2943610162988871e-07,0.011998077590687784,1.9024147497166475e-06
1287,0.28803602004327794,0.12326285755777518,0.014966459,0.016769159106422821,6.8126338580407757e-06,0.0032763021406752579,1.8605944461100654e-07,0.0067340929936715345,9.2459189360104763e-07,0.0036204138554804133,2.2943610162988871e-07,0.024380651360960948,7.631216362179021e-06
1288,0.30765237695240061,0.12332055127622324,0.015035332,0.016769159106422821,6.8126338580407757e-06,0.0032763021406752579,1.8605944461100654e-07,0.013875902228953515,3.8910972590460246e-06,0.0016266125358492093,4.650168832398788e-08,0.011998077590687784,1.9024147497166475e-06
1289,0.24664168216393664,0.12315495250975488,0.015083826999999999,0.016769159106422821,6.8126338580407757e-06,0.0032763021406752579,1.8605944461100654e-07,0.013875902228953515,3.8910972590460246e-06,0.0075661031970618185,1.0157051859989345e-06,0.095166505640853619,0.00012474732005306627
1290,0.19297128956721521,0.10540789383451715,0.015173290000000001,0.016769159106422821,6.8126338580407757e-06,0.0032763021406752579,1.8605944461100654e-07,0.013875902228953515,3.8910972590460246e-06,0.13466067744867269,0.00028084676437526779,0.011998077590687784,1.9024147497166475e-06
1291,0.33189633632155685,0.12582138539456414,0.015197337,0.016769159106422821,6.8126338580407757e-06,0.0032763021406752579,1.8605944461100654e-07,0.029482704752294028,1.5922870822089668e-05,0,0,0.0025502881807835864,9.853245885274214e-08
1292,0.32682541905475604,0.12580336650621407,0.015242805999999999,0.016769159106422821,6.8126338580407757e-06,0.0032763021406752579,1.8605944461100654e-07,0.029482704752294028,1.5922870822089668e-05,0.0016266125358492093,4.650168832398788e-08,0.0055576717676975368,4.4941701671434056e-07
1293,0.24923553683607133,0.12021557553108501,0.015244188000000001,0.016769159106422821,6.8126338580407757e-06,0.0032763021406752579,1.8605944461100654e-07,0.029482704752294028,1.5922870822089668e-05,0.032922391524293174,1.7197917793120815e-05,0.048165930627978824,3.1024997526312467e-05
1294,0.35185347909487846,0.13310677321595399,0.015209601,0.016769159106422821,6.8126338580407757e-06,0.0032763021406752579,1.8605944461100654e-07,0.058191510134582916,6.3561167843227188e-05,0.00059882329038815337,6.6185493683973793e-09,0.011998077590687784,1.9024147497166475e-06
1295,0.52485320146498693,0.15497105848245268,0.015264227,0.016769159106422821,6.8126338580407757e-06,0.0032763021406752579,1.8605944461100654e-07,0.23357852699496401,0.001044597176994619,0.016534326377095288,4.2141881657428466e-06,0.0025502881807835864,9.853245885274214e-08
1296,0.45052255605550562,0.15211170180975414,0.015162609000000001,0.016769159106422821,6.8126338580407757e-06,0.0032763021406752579,1.8605944461100654e-07,0.23357852699496401,0.001044597176994619,0.067329104785706195,7.0057662713197101e-05,0.011998077590687784,1.9024147497166475e-06
1297,0.27935386674429635,0.12322105990153116,0.015124936,0.016769159106422821,6.8126338580407757e-06,0.0065000668855896863,8.306447327947619e-07,0,0,0.0016266125358492093,4.650168832398788e-08,0.048165930627978824,3.1024997526312467e-05
1298,0.19692667144847983,0.11045761794370539,0.015164103,0.016769159106422821,6.8126338580407757e-06,0.0065000668855896863,8.306447327947619e-07,0,0,0.067329104785706195,7.0057662713197101e-05,0.011998077590687784,1.9024147497166475e-06
1299,0.37307375813415944,0.12545542613507241,0.015141669,0.016769159106422821,6.8126338580407757e-06,0.0065000668855896863,8.306447327947619e-07,0,0,0.27149403570967562,0.0011467575667019995,0.0003441145397622694,2.8488482178333717e-09
1300,0.31386021864994057,0.12334247462259176,0.015133323000000001,0.016769159106422821,6.8126338580407757e-06,0.0065000668855896863,8.306447327947619e-07,0.000556248333386102,5.9346873038682533e-09,0,0,0.0055576717676975368,4.4941701671434056e-07
1301,0.30740925342778697,0.12332982466939268,0.015123113000000001,0.016769159106422821,6.8126338580407757e-06,0.0065000668855896863,8.306447327947619e-07,0.000556248333386102,5.9346873038682533e-09,0.00059882329038815337,6.6185493683973793e-09,0.011998077590687784,1.9024147497166475e-06
1302,0.3046386065247797,0.12331393797960977,0.015083375,0.016769159106422821,6.8126338580407757e-06,0.0065000668855896863,8.306447327947619e-07,0.000556248333386102,5.9346873038682533e-09,0.0075661031970618185,1.0157051859989345e-06,0.0011137781542328951,1.9666077745222721e-08
1303,0.16686145038430486,0.12310889861183603,0.01503408,0.016769159106422821,6.8126338580407757e-06,0.0065000668855896863,8.306447327947619e-07,0.0032657381748219037,2.0747590606460765e-07,0.016534326377095288,4.2141881657428466e-06,0.19041559486652979,0.0004957115273660211
1304,0.19289634911296763,0.10538173235275181,0.015025864,0.016769159106422821,6.8126338580407757e-06,0.0065000668855896863,8.306447327947619e-07,0.0067340929936715345,9.2459189360104763e-07,0.13466067744867269,0.00028084676437526779,0,0
1305,0.33387729997339433,0.12583628827471688,0.015055911999999999,0.016769159106422821,6.8126338580407757e-06,0.0065000668855896863,8.306447327947619e-07,0.013875902228953515,3.8910972590460246e-06,0,0,0,0
1306,0.33740966999835476,0.12584919697360458,0.014939595999999999,0.016769159106422821,6.8126338580407757e-06,0.0065000668855896863,8.306447327947619e-07,0.029482704752294028,1.5922870822089668e-05,0.0075661031970618185,1.0157051859989345e-06,0.0011137781542328951,1.9666077745222721e-08
1307,0.36415405763639985,0.1256880354673173,0.01490036,0.016769159106422821,6.8126338580407757e-06,0.0065000668855896863,8.306447327947619e-07,0.029482704752294028,1.5922870822089668e-05,0.27149403570967562,0.0011467575667019995,0.048165930627978824,3.1024997526312467e-05
1308,0.22599587778178612,0.10826371828961594,0.015014993000000001,0.016769159106422821,6.8126338580407757e-06,0.0065000668855896863,8.306447327947619e-07,0.058191510134582916,6.3561167843227188e-05,0.13466067744867269,0.00028084676437526779,0.0011137781542328951,1.9666077745222721e-08
1309,0.22098147196244095,0.10826349764266037,0.015097813999999999,0.016769159106422821,6.8126338580407757e-06,0.0065000668855896863,8.306447327947619e-07,0.058191510134582916,6.3561167843227188e-05,0.13466067744867269,0.00028084676437526779,0.011998077590687784,1.9024147497166475e-06
1310,0.38530799241033686,0.14057171954378581,0.015088104999999999,0.016769159106422821,6.8126338580407757e-06,0.0065000668855896863,8.306447327947619e-07,0.11753286278100532,0.00026025549033156434,0,0,0.048165930627978824,3.1024997526312467e-05
1311,0.23946164755032259,0.1176024868256822,0.015141419,0.016769159106422821,6.8126338580407757e-06,0.0065000668855896863,8.306447327947619e-07,0.11753286278100532,0.00026025549033156434,0.13466067744867269,0.00028084676437526779,0.024380651360960948,7.631216362179021e-06
1312,0.3394927575413047,0.12586954281525578,0.015199732000000001,0.016769159106422821,6.8126338580407757e-06,0.012588944289611177,3.5224865185964549e-06,0,0,0,0,0.0011137781542328951,1.9666077745222721e-08
1313,0.33728190236822231,0.12585905853615137,0.015156777999999999,0.016769159106422821,6.8126338580407757e-06,0.012588944289611177,3.5224865185964549e-06,0,0,0.0016266125358492093,4.650168832398788e-08,0.0011137781542328951,1.9666077745222721e-08
1314,0.34021279521623532,0.12587275794622921,0.01515791,0.016769159106422821,6.8126338580407757e-06,0.012588944289611177,3.5224865185964549e-06,0.000556248333386102,5.9346873038682533e-09,0,0,0.0011137781542328951,1.9666077745222721e-08
1315,0.34943462924965696,0.12344548359090962,0.015130037000000001,0.016769159106422821,6.8126338580407757e-06,0.012588944289611177,3.5224865185964549e-06,0.0014914208778900066,4.0933148225877827e-08,0.27149403570967562,0.0011467575667019995,0.0003441145397622694,2.8488482178333717e-09
1316,0.34823984662334384,0.12116373783628029,0.015128874,0.016769159106422821,6.8126338580407757e-06,0.012588944289611177,3.5224865185964549e-06,0.0067340929936715345,9.2459189360104763e-07,0.27149403570967562,0.0011467575667019995,0,0
1317,0.33362450672162974,0.12825288054300929,0.015103544999999999,0.016769159106422821,6.8126338580407757e-06,0.012588944289611177,3.5224865185964549e-06,0.013875902228953515,3.8910972590460246e-06,0,0,0.024380651360960948,7.631216362179021e-06
1318,0.35231614160144248,0.12831177993500478,0.015077624,0.016769159106422821,6.8126338580407757e-06,0.012588944289611177,3.5224865185964549e-06,0.013875902228953515,3.8910972590460246e-06,0.0016266125358492093,4.650168832398788e-08,0,0
1319,0.35256208191097321,0.12289381687643165,0.015042547,0.016769159106422821,6.8126338580407757e-06,0.012588944289611177,3.5224865185964549e-06,0.013875902228953515,3.8910972590460246e-06,0.27149403570967562,0.0011467575667019995,0.011998077590687784,1.9024147497166475e-06
1320,0.34900712364603093,0.12338792532528947,0.015049099,0.016769159106422821,6.8126338580407757e-06,0.012588944289611177,3.5224865185964549e-06,0.029482704752294028,1.5922870822089668e-05,0.27149403570967562,0.0011467575667019995,0.024380651360960948,7.631216362179021e-06
1321,0.40832684572074907,0.14340609636192136,0.014955407,0.016769159106422821,6.8126338580407757e-06,0.012588944289611177,3.5224865185964549e-06,0.11753286278100532,0.00026025549033156434,0.0036204138554804133,2.2943610162988871e-07,0,0
1322,0.50948226916382688,0.16817478188019064,0.015033799,0.016769159106422821,6.8126338580407757e-06,0.012588944289611177,3.5224865185964549e-06,0.23357852699496401,0.001044597176994619,0.0075661031970618185,1.0157051859989345e-06,0.0011137781542328951,1.9666077745222721e-08
1323,0.39604315737418977,0.13954383808749185,0.015067114,0.016769159106422821,6.8126338580407757e-06,0.025011694954138793,1.4476156942003518e-05,0.000556248333386102,5.9346873038682533e-09,0.0016266125358492093,4.650168832398788e-08,0.0025502881807835864,9.853245885274214e-08
1324,0.36546986392389569,0.13696157738224357,0.015167229000000001,0.016769159106422821,6.8126338580407757e-06,0.025011694954138793,1.4476156942003518e-05,0.000556248333386102,5.9346873038682533e-09,0.016534326377095288,4.2141881657428466e-06,0.011998077590687784,1.9024147497166475e-06
1325,0.35685341602872767,0.13934180330724233,0.015220170999999999,0.016769159106422821,6.8126338580407757e-06,0.025011694954138793,1.4476156942003518e-05,0.0032657381748219037,2.0747590606460765e-07,0.0036204138554804133,2.2943610162988871e-07,0.048165930627978824,3.1024997526312467e-05
1326,0.21756117635592873,0.11967667004233236,0.015089979,0.016769159106422821,6.8126338580407757e-06,0.025011694954138793,1.4476156942003518e-05,0.0032657381748219037,2.0747590606460765e-07,0.13466067744867269,0.00028084676437526779,0.0003441145397622694,2.8488482178333717e-09
1327,0.37517421090049891,0.14177254770840578,0.015024782,0.016769159106422821,6.8126338580407757e-06,0.025011694954138793,1.4476156942003518e-05,0.0067340929936715345,9.2459189360104763e-07,0.0016266125358492093,4.650168832398788e-08,0.048165930627978824,3.1024997526312467e-05
1328,0.20229481938234239,0.11728773582121987,0.015095598999999999,0.016769159106422821,6.8126338580407757e-06,0.025011694954138793,1.4476156942003518e-05,0.0067340929936715345,9.2459189360104763e-07,0.13466067744867269,0.00028084676437526779,0.0055576717676975368,4.4941701671434056e-07
1329,0.35367116049523445,0.12526193238909211,0.015070441,0.016769159106422821,6.8126338580407757e-06,0.025011694954138793,1.4476156942003518e-05,0.013875902228953515,3.8910972590460246e-06,0.27149403570967562,0.0011467575667019995,0.0003441145397622694,2.8488482178333717e-09
1330,0.40526327279520752,0.1444479049635963,0.015082544,0.016769159106422821,6.8126338580407757e-06,0.025011694954138793,1.4476156942003518e-05,0.029482704752294028,1.5922870822089668e-05,0,0,0.024380651360960948,7.631216362179021e-06
1331,0.40748038486969285,0.15040317776483494,0.015070721,0.016769159106422821,6.8126338580407757e-06,0.025011694954138793,1.4476156942003518e-05,0.058191510134582916,6.3561167843227188e-05,0.016534326377095288,4.2141881657428466e-06,0.024380651360960948,7.631216362179021e-06
1332,0.53896852461882827,0.18482210643589511,0.015061354000000001,0.016769159106422821,6.8126338580407757e-06,0.025011694954138793,1.4476156942003518e-05,0.23357852699496401,0.001044597176994619,0,0,0.095166505640853619,0.00012474732005306627
1333,0.53673389832798701,0.18480808820002556,0.01503376,0.016769159106422821,6.8126338580407757e-06,0.025011694954138793,1.4476156942003518e-05,0.23357852699496401,0.001044597176994619,0.0036204138554804133,2.2943610162988871e-07,0.095166505640853619,0.00012474732005306627
1334,0.56186679392839434,0.18507987112174323,0.014996908,0.016769159106422821,6.8126338580407757e-06,0.025011694954138793,1.4476156942003518e-05,0.23357852699496401,0.001044597176994619,0.0075661031970618185,1.0157051859989345e-06,0.048165930627978824,3.1024997526312467e-05
1335,0.52272087775971865,0.18533336082107418,0.015117241999999999,0.016769159106422821,6.8126338580407757e-06,0.049308902239849808,5.8318337274775721e-05,0,0,0.0016266125358492093,4.650168832398788e-08,0.0003441145397622694,2.8488482178333717e-09
1336,0.51840060043026337,0.18530203709976048,0.015096421,0.016769159106422821,6.8126338580407757e-06,0.049308902239849808,5.8318337274775721e-05,0.000556248333386102,5.9346873038682533e-09,0.0036204138554804133,2.2943610162988871e-07,0.0025502881807835864,9.853245885274214e-08
1337,0.51120888337058901,0.18525655049669376,0.014970255999999999,0.016769159106422821,6.8126338580407757e-06,0.049308902239849808,5.8318337274775721e-05,0.000556248333386102,5.9346873038682533e-09,0.0075661031970618185,1.0157051859989345e-06,0.0025502881807835864,9.853245885274214e-08
1338,0.47191529192978077,0.17297794095175156,0.015066893,0.016769159106422821,6.8126338580407757e-06,0.049308902239849808,5.8318337274775721e-05,0.000556248333386102,5.9346873038682533e-09,0.032922391524293174,1.7197917793120815e-05,0.0055576717676975368,4.4941701671434056e-07
1339,0.34944453611226262,0.1530709615224975,0.01498792,0.016769159106422821,6.8126338580407757e-06,0.049308902239849808,5.8318337274775721e-05,0.000556248333386102,5.9346873038682533e-09,0.27149403570967562,0.0011467575667019995,0.011998077590687784,1.9024147497166475e-06
1340,0.45101223956398345,0.18501571508258213,0.015034,0.016769159106422821,6.8126338580407757e-06,0.049308902239849808,5.8318337274775721e-05,0.0014914208778900066,4.0933148225877827e-08,0,0,0.095166505640853619,0.00012474732005306627
1341,0.43303269914883258,0.17765870624297253,0.01505432,0.016769159106422821,6.8126338580407757e-06,0.049308902239849808,5.8318337274775721e-05,0.0014914208778900066,4.0933148225877827e-08,0.016534326377095288,4.2141881657428466e-06,0.095166505640853619,0.00012474732005306627
1342,0.3463940376397272,0.15306987031883873,0.015061243,0.016769159106422821,6.8126338580407757e-06,0.049308902239849808,5.8318337274775721e-05,0.0014914208778900066,4.0933148225877827e-08,0.27149403570967562,0.0011467575667019995,0,0
1343,0.51022882889683274,0.18286562630713785,0.015077715,0.016769159106422821,6.8126338580407757e-06,0.049308902239849808,5.8318337274775721e-05,0.0032657381748219037,2.0747590606460765e-07,0.0075661031970618185,1.0157051859989345e-06,0.0055576717676975368,4.4941701671434056e-07
1344,0.44388675016034806,0.18252534072247636,0.015062615,0.016769159106422821,6.8126338580407757e-06,0.049308902239849808,5.8318337274775721e-05,0.0032657381748219037,2.0747590606460765e-07,0.0075661031970618185,1.0157051859989345e-06,0.095166505640853619,0.00012474732005306627
1345,0.35196342092123561,0.15322370328881185,0.01517319,0.016769159106422821,6.8126338580407757e-06,0.049308902239849808,5.8318337274775721e-05,0.0067340929936715345,9.2459189360104763e-07,0.27149403570967562,0.0011467575667019995,0.048165930627978824,3.1024997526312467e-05
1346,0.41374806018407606,0.184680941789339,0.015149783999999999,0.016769159106422821,6.8126338580407757e-06,0.049308902239849808,5.8318337274775721e-05,0.029482704752294028,1.5922870822089668e-05,0.0016266125358492093,4.650168832398788e-08,0.19041559486652979,0.0004957115273660211
1347,0.54234645918064084,0.18547740214703479,0.015136027999999999,0.016769159106422821,6.8126338580407757e-06,0.049308902239849808,5.8318337274775721e-05,0.029482704752294028,1.5922870822089668e-05,0.0036204138554804133,2.2943610162988871e-07,0.0011137781542328951,1.9666077745222721e-08
1348,0.43546000882827957,0.17286297532829817,0.015152499999999999,0.016769159106422821,6.8126338580407757e-06,0.049308902239849808,5.8318337274775721e-05,0.029482704752294028,1.5922870822089668e-05,0.067329104785706195,7.0057662713197101e-05,0.0055576717676975368,4.4941701671434056e-07
1349,0.57687242742335099,0.19881514733021566,0.015196015,0.016769159106422821,6.8126338580407757e-06,0.049308902239849808,5.8318337274775721e-05,0.058191510134582916,6.3561167843227188e-05,0.00059882329038815337,6.6185493683973793e-09,0.0055576717676975368,4.4941701671434056e-07
1350,0.43567532000409831,0.19801232420653619,0.015106731,0.016769159106422821,6.8126338580407757e-06,0.049308902239849808,5.8318337274775721e-05,0.058191510134582916,6.3561167843227188e-05,0.0036204138554804133,2.2943610162988871e-07,0.19041559486652979,0.0004957115273660211
1351,0.48886929600697066,0.18144080404287635,0.015148823,0.016769159106422821,6.8126338580407757e-06,0.049308902239849808,5.8318337274775721e-05,0.058191510134582916,6.3561167843227188e-05,0.067329104785706195,7.0057662713197101e-05,0.0025502881807835864,9.853245885274214e-08
1352,0.69768614443069543,0.22200394821278857,0.015033229,0.016769159106422821,6.8126338580407757e-06,0.049308902239849808,5.8318337274775721e-05,0.23357852699496401,0.001044597176994619,0.0036204138554804133,2.2943610162988871e-07,0.024380651360960948,7.631216362179021e-06
1353,0.44965514936318379,0.17809223208803396,0.015145486,0.016769159106422821,6.8126338580407757e-06,0.049308902239849808,5.8318337274775721e-05,0.23357852699496401,0.001044597176994619,0.27149403570967562,0.0011467575667019995,0.011998077590687784,1.9024147497166475e-06
1354,1.2786589357144527,0.27571948460547013,0.015117983,0.016769159106422821,6.8126338580407757e-06,0.099112756898239507,0.00023255411467313362,0,0,0.0016266125358492093,4.650168832398788e-08,0.0003441145397622694,2.8488482178333717e-09
1355,1.1111253289193079,0.24348353630463271,0.015113946,0.016769159106422821,6.8126338580407757e-06,0.099112756898239507,0.00023255411467313362,0,0,0.13466067744867269,0.00028084676437526779,0.024380651360960948,7.631216362179021e-06
1356,1.2150254380184931,0.27520035112915897,0.015070491,0.016769159106422821,6.8126338580407757e-06,0.099112756898239507,0.00023255411467313362,0.0014914208778900066,4.0933148225877827e-08,0,0,0.095166505640853619,0.00012474732005306627
1357,1.2788913411685336,0.27572455064431267,0.015018459,0.016769159106422821,6.8126338580407757e-06,0.099112756898239507,0.00023255411467313362,0.0032657381748219037,2.0747590606460765e-07,0.00059882329038815337,6.6185493683973793e-09,0.0055576717676975368,4.4941701671434056e-07
1358,1.2360770721087861,0.27531692268791536,0.015124566000000001,0.016769159106422821,6.8126338580407757e-06,0.099112756898239507,0.00023255411467313362,0.0032657381748219037,2.0747590606460765e-07,0.0075661031970618185,1.0157051859989345e-06,0.048165930627978824,3.1024997526312467e-05
1359,1.1429014034422249,0.25444559412143153,0.015125477999999999,0.016769159106422821,6.8126338580407757e-06,0.099112756898239507,0.00023255411467313362,0.0067340929936715345,9.2459189360104763e-07,0.067329104785706195,7.0057662713197101e-05,0.095166505640853619,0.00012474732005306627
1360,1.2730353493889117,0.27676388857768791,0.014986127,0.016769159106422821,6.8126338580407757e-06,0.099112756898239507,0.00023255411467313362,0.029482704752294028,1.5922870822089668e-05,0.0075661031970618185,1.0157051859989345e-06,0.024380651360960948,7.631216362179021e-06
1361,1.1983380097539358,0.25839157686975761,0.014983742,0.016769159106422821,6.8126338580407757e-06,0.099112756898239507,0.00023255411467313362,0.029482704752294028,1.5922870822089668e-05,0.067329104785706195,7.0057662713197101e-05,0.0003441145397622694,2.8488482178333717e-09
1362,1.0380416890807456,0.21871648444841235,0.015050641999999999,0.016769159106422821,6.8126338580407757e-06,0.099112756898239507,0.00023255411467313362,0.058191510134582916,6.3561167843227188e-05,0.27149403570967562,0.0011467575667019995,0,0
1363,1.3801599419398887,0.29034783285176718,0.015038629,0.016769159106422821,6.8126338580407757e-06,0.099112756898239507,0.00023255411467313362,0.11753286278100532,0.00026025549033156434,0.0016266125358492093,4.650168832398788e-08,0.0025502881807835864,9.853245885274214e-08
1364,1.6648862447125401,0.36646472169737415,0.015024190999999999,0.016769159106422821,6.8126338580407757e-06,0.199574729684656,0.00093691305727090681,0,0,0.0075661031970618185,1.0157051859989345e-06,0.0055576717676975368,4.4941701671434056e-07
1365,1.6236107385823231,0.35857213980055863,0.01504962,0.016769159106422821,6.8126338580407757e-06,0.199574729684656,0.00093691305727090681,0,0,0.032922391524293174,1.7197917793120815e-05,0.024380651360960948,7.631216362179021e-06
1366,1.6071835744664547,0.3582659076367084,0.015116741,0.016769159106422821,6.8126338580407757e-06,0.199574729684656,0.00093691305727090681,0,0,0.032922391524293174,1.7197917793120815e-05,0.048165930627978824,3.1024997526312467e-05
1367,1.674577366248869,0.36900033285192024,0.01502859,0.016769159106422821,6.8126338580407757e-06,0.199574729684656,0.00093691305727090681,0.000556248333386102,5.9346873038682533e-09,0.0036204138554804133,2.2943610162988871e-07,0.0011137781542328951,1.9666077745222721e-08
1368,1.6236107385823231,0.35857213980055863,0.015055130999999999,0.016769159106422821,6.8126338580407757e-06,0.199574729684656,0.00093691305727090681,0.000556248333386102,5.9346873038682533e-09,0.032922391524293174,1.7197917793120815e-05,0.024380651360960948,7.631216362179021e-06
1369,1.6813584034267066,0.38008128928521728,0.015029722000000001,0.016769159106422821,6.8126338580407757e-06,0.199574729684656,0.00093691305727090681,0.0014914208778900066,4.0933148225877827e-08,0.0016266125358492093,4.650168832398788e-08,0.0011137781542328951,1.9666077745222721e-08
1370,1.6596405328393045,0.37273757755449749,0.015078385999999999,0.016769159106422821,6.8126338580407757e-06,0.199574729684656,0.00093691305727090681,0.0014914208778900066,4.0933148225877827e-08,0.016534326377095288,4.2141881657428466e-06,0.0003441145397622694,2.8488482178333717e-09
1371,1.3576822499161576,0.35368832850660187,0.015067495,0.016769159106422821,6.8126338580407757e-06,0.199574729684656,0.00093691305727090681,0.0014914208778900066,4.0933148225877827e-08,0.13466067744867269,0.00028084676437526779,0.19041559486652979,0.0004957115273660211
1372,1.6821274882325932,0.37147405848741494,0.015144184,0.016769159106422821,6.8126338580407757e-06,0.199574729684656,0.00093691305727090681,0.0032657381748219037,2.0747590606460765e-07,0,0,0,0
1373,1.6893018356729776,0.38256977647778612,0.015097363000000001,0.016769159106422821,6.8126338580407757e-06,0.199574729684656,0.00093691305727090681,0.0067340929936715345,9.2459189360104763e-07,0,0,0,0
1374,1.6841622476001146,0.38247740123248641,0.015029993,0.016769159106422821,6.8126338580407757e-06,0.199574729684656,0.00093691305727090681,0.0067340929936715345,9.2459189360104763e-07,0.00059882329038815337,6.6185493683973793e-09,0.0055576717676975368,4.4941701671434056e-07
1375,1.6869367861561084,0.37331518755530457,0.015073115999999999,0.016769159106422821,6.8126338580407757e-06,0.199574729684656,0.00093691305727090681,0.013875902228953515,3.8910972590460246e-06,0.0016266125358492093,4.650168832398788e-08,0.0055576717676975368,4.4941701671434056e-07
1376,1.6998746342346629,0.37588236661815444,0.0151317,0.016769159106422821,6.8126338580407757e-06,0.199574729684656,0.00093691305727090681,0.029482704752294028,1.5922870822089668e-05,0.0016266125358492093,4.650168832398788e-08,0.0055576717676975368,4.4941701671434056e-07
1377,1.6854244445090585,0.36622917956358514,0.015324133,0.016769159106422821,6.8126338580407757e-06,0.199574729684656,0.00093691305727090681,0.058191510134582916,6.3561167843227188e-05,0.032922391524293174,1.7197917793120815e-05,0,0
1378,1.778524544358933,0.38896132568505382,0.015235331,0.016769159106422821,6.8126338580407757e-06,0.199574729684656,0.00093691305727090681,0.11753286278100532,0.00026025549033156434,0,0,0.0055576717676975368,4.4941701671434056e-07
1379,1.6950975784768381,0.3871630161159284,0.015199641999999999,0.016769159106422821,6.8126338580407757e-06,0.199574729684656,0.00093691305727090681,0.11753286278100532,0.00026025549033156434,0.016534326377095288,4.2141881657428466e-06,0.095166505640853619,0.00012474732005306627
1380,1.6759454027096308,0.37970493566782748,0.015134686,0.016769159106422821,6.8126338580407757e-06,0.199574729684656,0.00093691305727090681,0.11753286278100532,0.00026025549033156434,0.032922391524293174,1.7197917793120815e-05,0.095166505640853619,0.00012474732005306627
1381,1.8569740835558646,0.39097399847362235,0.015078156000000001,0.016769159106422821,6.8126338580407757e-06,0.199574729684656,0.00093691305727090681,0.23357852699496401,0.001044597176994619,0.016534326377095288,4.2141881657428466e-06,0.011998077590687784,1.9024147497166475e-06
1382,0.54451888886754729,0.19369066609374122,0.015072294,0.033626096821561674,2.7592266587478949e-05,0,0,0,0,0,0,0,0
1383,0.54374793580051095,0.19368450377110613,0.015067324999999999,0.033626096821561674,2.7592266587478949e-05,0,0,0,0,0,0,0.0011137781542328951,1.9666077745222721e-08
1384,0.54113521763409211,0.19365726313780279,0.015019662,0.033626096821561674,2.7592266587478949e-05,0,0,0,0,0,0,0.0055576717676975368,4.4941701671434056e-07
1385,0.5270528980420639,0.19358329242998701,0.015041495,0.033626096821561674,2.7592266587478949e-05,0,0,0,0,0,0,0.024380651360960948,7.631216362179021e-06
1386,0.51169707581886892,0.19345590582376296,0.015049791,0.033626096821561674,2.7592266587478949e-05,0,0,0,0,0,0,0.048165930627978824,3.1024997526312467e-05
1387,0.54201567769102099,0.19367056136602487,0.015073647000000001,0.033626096821561674,2.7592266587478949e-05,0,0,0,0,0.0016266125358492093,4.650168832398788e-08,0.0003441145397622694,2.8488482178333717e-09
1388,0.53257629549563912,0.19360917613287418,0.015069519,0.033626096821561674,2.7592266587478949e-05,0,0,0,0,0.0075661031970618185,1.0157051859989345e-06,0,0
1389,0.53155722048459442,0.19360341454595129,0.015073417,0.033626096821561674,2.7592266587478949e-05,0,0,0,0,0.0075661031970618185,1.0157051859989345e-06,0.0011137781542328951,1.9666077745222721e-08
1390,0.45903480397395596,0.19321663764738986,0.015140076000000001,0.033626096821561674,2.7592266587478949e-05,0,0,0,0,0.0075661031970618185,1.0157051859989345e-06,0.095166505640853619,0.00012474732005306627
1391,0.52118392289072357,0.19111655734411231,0.015084788999999999,0.033626096821561674,2.7592266587478949e-05,0,0,0,0,0.016534326377095288,4.2141881657428466e-06,0,0
1392,0.49586502736580196,0.18137544692726321,0.015182007000000001,0.033626096821561674,2.7592266587478949e-05,0,0,0,0,0.032922391524293174,1.7197917793120815e-05,0,0
1393,0.33445918376644035,0.15445251093231344,0.015149905,0.033626096821561674,2.7592266587478949e-05,0,0,0,0,0.13466067744867269,0.00028084676437526779,0.0003441145397622694,2.8488482178333717e-09
1394,0.36144749227899059,0.16213545016991404,0.015130878,0.033626096821561674,2.7592266587478949e-05,0,0,0,0,0.27149403570967562,0.0011467575667019995,0.0003441145397622694,2.8488482178333717e-09
1395,0.36153931550220597,0.16213685811963149,0.015140087,0.033626096821561674,2.7592266587478949e-05,0,0,0,0,0.27149403570967562,0.0011467575667019995,0.0011137781542328951,1.9666077745222721e-08
1396,0.5448717106951172,0.19369351895100767,0.015111110000000001,0.033626096821561674,2.7592266587478949e-05,0,0,0.000556248333386102,5.9346873038682533e-09,0,0,0,0
1397,0.49196898581245257,0.19088661553223008,0.015201104,0.033626096821561674,2.7592266587478949e-05,0,0,0.000556248333386102,5.9346873038682533e-09,0.016534326377095288,4.2141881657428466e-06,0.048165930627978824,3.1024997526312467e-05
1398,0.40040113191613041,0.19061998671560296,0.015158441999999999,0.033626096821561674,2.7592266587478949e-05,0,0,0.000556248333386102,5.9346873038682533e-09,0.016534326377095288,4.2141881657428466e-06,0.19041559486652979,0.0004957115273660211
1399,0.5265410919204071,0.19596059194362561,0.015173321,0.033626096821561674,2.7592266587478949e-05,0,0,0.0014914208778900066,4.0933148225877827e-08,0.0016266125358492093,4.650168832398788e-08,0.024380651360960948,7.631216362179021e-06
1400,0.4281641945487083,0.18101467964057669,0.015089768999999999,0.033626096821561674,2.7592266587478949e-05,0,0,0.0014914208778900066,4.0933148225877827e-08,0.032922391524293174,1.7197917793120815e-05,0.095166505640853619,0.00012474732005306627
1401,0.33576890878298427,0.15442818229527774,0.015110587999999999,0.033626096821561674,2.7592266587478949e-05,0,0,0.0014914208778900066,4.0933148225877827e-08,0.13466067744867269,0.00028084676437526779,0,0
1402,0.54637574646854259,0.19609862075697507,0.015222907000000001,0.033626096821561674,2.7592266587478949e-05,0,0,0.0032657381748219037,2.0747590606460765e-07,0,0,0.0011137781542328951,1.9666077745222721e-08
1403,0.51684321336423045,0.19588201647084602,0.015099006,0.033626096821561674,2.7592266587478949e-05,0,0,0.0067340929936715345,9.2459189360104763e-07,0,0,0.048165930627978824,3.1024997526312467e-05
1404,0.54888731812149394,0.19611636883048736,0.015002247999999999,0.033626096821561674,2.7592266587478949e-05,0,0,0.0067340929936715345,9.2459189360104763e-07,0.00059882329038815337,6.6185493683973793e-09,0,0
1405,0.55465103064808108,0.1961787523116329,0.015050813,0.033626096821561674,2.7592266587478949e-05,0,0,0.013875902228953515,3.8910972590460246e-06,0,0,0,0
1406,0.5542990525618281,0.19617668585964654,0.015012057000000001,0.033626096821561674,2.7592266587478949e-05,0,0,0.013875902228953515,3.8910972590460246e-06,0,0,0.0003441145397622694,2.8488482178333717e-09
1407,0.5053398349983409,0.1863105940619651,0.015040994,0.033626096821561674,2.7592266587478949e-05,0,0,0.013875902228953515,3.8910972590460246e-06,0.032922391524293174,1.7197917793120815e-05,0,0
1408,0.37006086750268335,0.15791608673137902,0.014992279000000001,0.033626096821561674,2.7592266587478949e-05,0,0,0.013875902228953515,3.8910972590460246e-06,0.27149403570967562,0.0011467575667019995,0.095166505640853619,0.00012474732005306627
1409,0.56812054957715752,0.19628710271540092,0.015052866999999999,0.033626096821561674,2.7592266587478949e-05,0,0,0.029482704752294028,1.5922870822089668e-05,0,0,0,0
1410,0.4860811942099949,0.19575610256986845,0.015045592999999999,0.033626096821561674,2.7592266587478949e-05,0,0,0.029482704752294028,1.5922870822089668e-05,0.00059882329038815337,6.6185493683973793e-09,0.095166505640853619,0.00012474732005306627
1411,0.54248085177122252,0.19610635106546223,0.014984954999999999,0.033626096821561674,2.7592266587478949e-05,0,0,0.029482704752294028,1.5922870822089668e-05,0.016534326377095288,4.2141881657428466e-06,0.0011137781542328951,1.9666077745222721e-08
1412,0.39562560573972871,0.19057321295761592,0.014970587,0.033626096821561674,2.7592266587478949e-05,0,0,0.029482704752294028,1.5922870822089668e-05,0.032922391524293174,1.7197917793120815e-05,0.19041559486652979,0.0004957115273660211
1413,0.59772227816144918,0.20125873103847716,0.015022166999999999,0.033626096821561674,2.7592266587478949e-05,0,0,0.058191510134582916,6.3561167843227188e-05,0,0,0,0
1414,0.58095745336939753,0.20110374634086906,0.015110128,0.033626096821561674,2.7592266587478949e-05,0,0,0.058191510134582916,6.3561167843227188e-05,0,0,0.024380651360960948,7.631216362179021e-06
1415,0.57333914569477895,0.1962734523799832,0.015127121,0.033626096821561674,2.7592266587478949e-05,0,0,0.058191510134582916,6.3561167843227188e-05,0.016534326377095288,4.2141881657428466e-06,0.0003441145397622694,2.8488482178333717e-09
1416,0.36992510004630363,0.16742126987502151,0.015145827000000001,0.033626096821561674,2.7592266587478949e-05,0,0,0.058191510134582916,6.3561167843227188e-05,0.13466067744867269,0.00028084676437526779,0.0025502881807835864,9.853245885274214e-08
1417,0.64711921069617639,0.21803019350365432,0.015087715,0.033626096821561674,2.7592266587478949e-05,0,0,0.11753286278100532,0.00026025549033156434,0,0,0,0
1418,0.63183759395746619,0.21553362436935933,0.015064299,0.033626096821561674,2.7592266587478949e-05,0,0,0.11753286278100532,0.00026025549033156434,0.0075661031970618185,1.0157051859989345e-06,0.0011137781542328951,1.9666077745222721e-08
1419,0.56746617861173176,0.1997886175769347,0.015064849999999999,0.033626096821561674,2.7592266587478949e-05,0,0,0.11753286278100532,0.00026025549033156434,0.032922391524293174,1.7197917793120815e-05,0.048165930627978824,3.1024997526312467e-05
1420,0.70819246510674161,0.22508145030371071,0.015066995,0.033626096821561674,2.7592266587478949e-05,0,0,0.23357852699496401,0.001044597176994619,0.0016266125358492093,4.650168832398788e-08,0.0011137781542328951,1.9666077745222721e-08
1421,0.61504745710041231,0.21274321250607001,0.015152779999999999,0.033626096821561674,2.7592266587478949e-05,0,0,0.23357852699496401,0.001044597176994619,0.067329104785706195,7.0057662713197101e-05,0,0
1422,0.54587712864042037,0.19369958189714379,0.015046534,0.033626096821561674,2.7592266587478949e-05,0.00054984026108467472,5.4234620717900624e-09,0,0,0,0,0,0
1423,0.33504880694762773,0.15203690149508689,0.015018439999999999,0.033626096821561674,2.7592266587478949e-05,0.00054984026108467472,5.4234620717900624e-09,0,0,0.13466067744867269,0.00028084676437526779,0.0003441145397622694,2.8488482178333717e-09
1424,0.54233870375366366,0.19366796451741855,0.015005034,0.033626096821561674,2.7592266587478949e-05,0.00054984026108467472,5.4234620717900624e-09,0.000556248333386102,5.9346873038682533e-09,0,0,0.0055576717676975368,4.4941701671434056e-07
1425,0.54429019487104924,0.19368381253517958,0.01501809,0.033626096821561674,2.7592266587478949e-05,0.00054984026108467472,5.4234620717900624e-09,0.000556248333386102,5.9346873038682533e-09,0.0016266125358492093,4.650168832398788e-08,0,0
1426,0.44704272051796551,0.16974710596333456,0.015058607999999999,0.033626096821561674,2.7592266587478949e-05,0.00054984026108467472,5.4234620717900624e-09,0.000556248333386102,5.9346873038682533e-09,0.067329104785706195,7.0057662713197101e-05,0,0
1427,0.43488422158393686,0.16967680618971959,0.015021977000000001,0.033626096821561674,2.7592266587478949e-05,0.00054984026108467472,5.4234620717900624e-09,0.0032657381748219037,2.0747590606460765e-07,0.067329104785706195,7.0057662713197101e-05,0.024380651360960948,7.631216362179021e-06
1428,0.36235956913143069,0.15978272021539289,0.015042216000000001,0.033626096821561674,2.7592266587478949e-05,0.00054984026108467472,5.4234620717900624e-09,0.0032657381748219037,2.0747590606460765e-07,0.27149403570967562,0.0011467575667019995,0.024380651360960948,7.631216362179021e-06
1429,0.54909123255267123,0.19611784620378081,0.015082665,0.033626096821561674,2.7592266587478949e-05,0.00054984026108467472,5.4234620717900624e-09,0.0067340929936715345,9.2459189360104763e-07,0,0,0.0025502881807835864,9.853245885274214e-08
1430,0.33788777331681091,0.1717418804937425,0.015055110999999999,0.033626096821561674,2.7592266587478949e-05,0.00054984026108467472,5.4234620717900624e-09,0.0067340929936715345,9.2459189360104763e-07,0.067329104785706195,7.0057662713197101e-05,0.19041559486652979,0.0004957115273660211
1431,0.50590826627553365,0.19351480938373863,0.015080932,0.033626096821561674,2.7592266587478949e-05,0.00054984026108467472,5.4234620717900624e-09,0.013875902228953515,3.8910972590460246e-06,0.016534326377095288,4.2141881657428466e-06,0.024380651360960948,7.631216362179021e-06
1432,0.42849835379091883,0.16081547238818267,0.015049880999999999,0.033626096821561674,2.7592266587478949e-05,0.00054984026108467472,5.4234620717900624e-09,0.013875902228953515,3.8910972590460246e-06,0.27149403570967562,0.0011467575667019995,0.19041559486652979,0.0004957115273660211
1433,0.56175125751879595,0.19385782290602779,0.015057846999999999,0.033626096821561674,2.7592266587478949e-05,0.00054984026108467472,5.4234620717900624e-09,0.029482704752294028,1.5922870822089668e-05,0.0016266125358492093,4.650168832398788e-08,0.0055576717676975368,4.4941701671434056e-07
1434,0.51949290830526429,0.18879421228515,0.015087344000000001,0.033626096821561674,2.7592266587478949e-05,0.00054984026108467472,5.4234620717900624e-09,0.029482704752294028,1.5922870822089668e-05,0.032922391524293174,1.7197917793120815e-05,0,0
1435,0.54965969477728571,0.20097504374499878,0.014989183999999999,0.033626096821561674,2.7592266587478949e-05,0.00054984026108467472,5.4234620717900624e-09,0.058191510134582916,6.3561167843227188e-05,0.0036204138554804133,2.2943610162988871e-07,0.048165930627978824,3.1024997526312467e-05
1436,0.57894553514522884,0.21271832069164481,0.015102513,0.033626096821561674,2.7592266587478949e-05,0.00054984026108467472,5.4234620717900624e-09,0.11753286278100532,0.00026025549033156434,0.016534326377095288,4.2141881657428466e-06,0.048165930627978824,3.1024997526312467e-05
1437,0.71454591970097825,0.22755657970845525,0.015147760999999999,0.033626096821561674,2.7592266587478949e-05,0.00054984026108467472,5.4234620717900624e-09,0.23357852699496401,0.001044597176994619,0,0,0,0
1438,0.71454591970097825,0.22755657970845525,0.015139685,0.033626096821561674,2.7592266587478949e-05,0.00054984026108467472,5.4234620717900624e-09,0.23357852699496401,0.001044597176994619,0.00059882329038815337,6.6185493683973793e-09,0,0
1439,0.69099250120663069,0.22487340322427241,0.015103405,0.033626096821561674,2.7592266587478949e-05,0.00054984026108467472,5.4234620717900624e-09,0.23357852699496401,0.001044597176994619,0.0036204138554804133,2.2943610162988871e-07,0.024380651360960948,7.631216362179021e-06
1440,0.49418678316766135,0.19798494150601398,0.01506474,0.033626096821561674,2.7592266587478949e-05,0.00054984026108467472,5.4234620717900624e-09,0.23357852699496401,0.001044597176994619,0.13466067744867269,0.00028084676437526779,0,0
1441,0.41362559836997437,0.19308546182215128,0.015156819,0.033626096821561674,2.7592266587478949e-05,0.0014826382597978712,3.7927712872417375e-08,0,0,0.0075661031970618185,1.0157051859989345e-06,0.19041559486652979,0.0004957115273660211
1442,0.50012145365062266,0.18138782356131722,0.015144395,0.033626096821561674,2.7592266587478949e-05,0.0014826382597978712,3.7927712872417375e-08,0,0,0.032922391524293174,1.7197917793120815e-05,0,0
1443,0.54352108457360959,0.19368208798414463,0.01514187,0.033626096821561674,2.7592266587478949e-05,0.0014826382597978712,3.7927712872417375e-08,0.000556248333386102,5.9346873038682533e-09,0.0036204138554804133,2.2943610162988871e-07,0.0003441145397622694,2.8488482178333717e-09
1444,0.53575942561716894,0.19120811400786997,0.015061133000000001,0.033626096821561674,2.7592266587478949e-05,0.0014826382597978712,3.7927712872417375e-08,0.0014914208778900066,4.0933148225877827e-08,0.0075661031970618185,1.0157051859989345e-06,0.0025502881807835864,9.853245885274214e-08
1445,0.54980989250627099,0.19373087218096005,0.015144464,0.033626096821561674,2.7592266587478949e-05,0.0014826382597978712,3.7927712872417375e-08,0.0032657381748219037,2.0747590606460765e-07,0,0,0.0011137781542328951,1.9666077745222721e-08
1446,0.54612178592295835,0.19369951675507052,0.015123454,0.033626096821561674,2.7592266587478949e-05,0.0014826382597978712,3.7927712872417375e-08,0.0032657381748219037,2.0747590606460765e-07,0.00059882329038815337,6.6185493683973793e-09,0.0055576717676975368,4.4941701671434056e-07
1447,0.54303463857084211,0.1936810428683679,0.015064028,0.033626096821561674,2.7592266587478949e-05,0.0014826382597978712,3.7927712872417375e-08,0.0032657381748219037,2.0747590606460765e-07,0.0036204138554804133,2.2943610162988871e-07,0.0025502881807835864,9.853245885274214e-08
1448,0.54708443040692045,0.19371639063234689,0.015151829,0.033626096821561674,2.7592266587478949e-05,0.0014826382597978712,3.7927712872417375e-08,0.0067340929936715345,9.2459189360104763e-07,0.0036204138554804133,2.2943610162988871e-07,0.0011137781542328951,1.9666077745222721e-08
1449,0.35874067893188899,0.15758520996773992,0.015080138999999999,0.033626096821561674,2.7592266587478949e-05,0.0014826382597978712,3.7927712872417375e-08,0.0067340929936715345,9.2459189360104763e-07,0.27149403570967562,0.0011467575667019995,0.0055576717676975368,4.4941701671434056e-07
1450,0.36115591688896054,0.15762707591914585,0.01501825,0.033626096821561674,2.7592266587478949e-05,0.0014826382597978712,3.7927712872417375e-08,0.0067340929936715345,9.2459189360104763e-07,0.27149403570967562,0.0011467575667019995,0.024380651360960948,7.631216362179021e-06
1451,0.36567885816577334,0.1577034456761594,0.015027215999999999,0.033626096821561674,2.7592266587478949e-05,0.0014826382597978712,3.7927712872417375e-08,0.0067340929936715345,9.2459189360104763e-07,0.27149403570967562,0.0011467575667019995,0.048165930627978824,3.1024997526312467e-05
1452,0.36247302183817914,0.16468681900495463,0.015148683,0.033626096821561674,2.7592266587478949e-05,0.0014826382597978712,3.7927712872417375e-08,0.029482704752294028,1.5922870822089668e-05,0.13466067744867269,0.00028084676437526779,0.0055576717676975368,4.4941701671434056e-07
1453,0.59367332104691928,0.20363079516658725,0.015134966,0.033626096821561674,2.7592266587478949e-05,0.0014826382597978712,3.7927712872417375e-08,0.058191510134582916,6.3561167843227188e-05,0,0,0.011998077590687784,1.9024147497166475e-06
1454,0.68224866168947651,0.23430642529117154,0.015174724000000001,0.033626096821561674,2.7592266587478949e-05,0.0014826382597978712,3.7927712872417375e-08,0.23357852699496401,0.001044597176994619,0,0,0.048165930627978824,3.1024997526312467e-05
1455,1.0180718259373829,0.20902509775627051,0.015153382,0.033626096821561674,2.7592266587478949e-05,0.0032763021406752579,1.8605944461100654e-07,0,0,0,0,0.011998077590687784,1.9024147497166475e-06
1456,1.0248217471629564,0.20906100144014281,0.01508553,0.033626096821561674,2.7592266587478949e-05,0.0032763021406752579,1.8605944461100654e-07,0,0,0.00059882329038815337,6.6185493683973793e-09,0.0025502881807835864,9.853245885274214e-08
1457,1.00042427455345,0.20410589103248936,0.015143784,0.033626096821561674,2.7592266587478949e-05,0.0032763021406752579,1.8605944461100654e-07,0,0,0.016534326377095288,4.2141881657428466e-06,0.0011137781542328951,1.9666077745222721e-08
1458,0.94039085790636401,0.1714353886629682,0.015088836,0.033626096821561674,2.7592266587478949e-05,0.0032763021406752579,1.8605944461100654e-07,0,0,0.27149403570967562,0.0011467575667019995,0.19041559486652979,0.0004957115273660211
1459,1.0144690270046699,0.20896858946746236,0.01508555,0.033626096821561674,2.7592266587478949e-05,0.0032763021406752579,1.8605944461100654e-07,0.0014914208778900066,4.0933148225877827e-08,0.0075661031970618185,1.0157051859989345e-06,0.0055576717676975368,4.4941701671434056e-07
1460,0.82395549642025256,0.16992234671364126,0.015140337,0.033626096821561674,2.7592266587478949e-05,0.0032763021406752579,1.8605944461100654e-07,0.0014914208778900066,4.0933148225877827e-08,0.13466067744867269,0.00028084676437526779,0.0055576717676975368,4.4941701671434056e-07
1461,1.0289175473079288,0.20909831684211341,0.015031726,0.033626096821561674,2.7592266587478949e-05,0.0032763021406752579,1.8605944461100654e-07,0.0032657381748219037,2.0747590606460765e-07,0.00059882329038815337,6.6185493683973793e-09,0,0
1462,0.83292723020601989,0.16804355966055914,0.015069449,0.033626096821561674,2.7592266587478949e-05,0.0032763021406752579,1.8605944461100654e-07,0.0032657381748219037,2.0747590606460765e-07,0.13466067744867269,0.00028084676437526779,0.0011137781542328951,1.9666077745222721e-08
1463,0.99941386105467445,0.20892642156425556,0.014991387,0.033626096821561674,2.7592266587478949e-05,0.0032763021406752579,1.8605944461100654e-07,0.0067340929936715345,9.2459189360104763e-07,0.016534326377095288,4.2141881657428466e-06,0.011998077590687784,1.9024147497166475e-06
1464,0.91771172152151015,0.20835872271718298,0.014990686,0.033626096821561674,2.7592266587478949e-05,0.0032763021406752579,1.8605944461100654e-07,0.013875902228953515,3.8910972590460246e-06,0,0,0.19041559486652979,0.0004957115273660211
1465,1.045880129403991,0.20931425404083126,0.015020013,0.033626096821561674,2.7592266587478949e-05,0.0032763021406752579,1.8605944461100654e-07,0.029482704752294028,1.5922870822089668e-05,0.00059882329038815337,6.6185493683973793e-09,0.0025502881807835864,9.853245885274214e-08
1466,1.0427322064261961,0.21650927231107511,0.014967431,0.033626096821561674,2.7592266587478949e-05,0.0032763021406752579,1.8605944461100654e-07,0.058191510134582916,6.3561167843227188e-05,0.016534326377095288,4.2141881657428466e-06,0,0
1467,0.80839385519680995,0.16640461257419498,0.014981168,0.033626096821561674,2.7592266587478949e-05,0.0032763021406752579,1.8605944461100654e-07,0.11753286278100532,0.00026025549033156434,0.27149403570967562,0.0011467575667019995,0.048165930627978824,3.1024997526312467e-05
1468,1.1614107526405961,0.24978667309223471,0.014944817000000001,0.033626096821561674,2.7592266587478949e-05,0.0032763021406752579,1.8605944461100654e-07,0.23357852699496401,0.001044597176994619,0,0,0.011998077590687784,1.9024147497166475e-06
1469,1.0274224622174191,0.23697666702077261,0.014987169,0.033626096821561674,2.7592266587478949e-05,0.0032763021406752579,1.8605944461100654e-07,0.23357852699496401,0.001044597176994619,0.016534326377095288,4.2141881657428466e-06,0.19041559486652979,0.0004957115273660211
1470,0.90798994639215358,0.20811649721499079,0.01499237,0.033626096821561674,2.7592266587478949e-05,0.0032763021406752579,1.8605944461100654e-07,0.23357852699496401,0.001044597176994619,0.13466067744867269,0.00028084676437526779,0.095166505640853619,0.00012474732005306627
1471,1.0330032155531894,0.20911337173349218,0.014955738,0.033626096821561674,2.7592266587478949e-05,0.0065000668855896863,8.306447327947619e-07,0,0,0.0036204138554804133,2.2943610162988871e-07,0,0
1472,0.96628918168779188,0.20151978484645419,0.014982771000000001,0.033626096821561674,2.7592266587478949e-05,0.0065000668855896863,8.306447327947619e-07,0,0,0.032922391524293174,1.7197917793120815e-05,0.024380651360960948,7.631216362179021e-06
1473,0.91596359408544814,0.16907875395754046,0.014975487000000001,0.033626096821561674,2.7592266587478949e-05,0.0065000668855896863,8.306447327947619e-07,0,0,0.27149403570967562,0.0011467575667019995,0.19041559486652979,0.0004957115273660211
1474,1.0137081509057466,0.20660424747137829,0.014947222,0.033626096821561674,2.7592266587478949e-05,0.0065000668855896863,8.306447327947619e-07,0.000556248333386102,5.9346873038682533e-09,0.016534326377095288,4.2141881657428466e-06,0,0
1475,1.0138577772815591,0.20660536468078119,0.015026326,0.033626096821561674,2.7592266587478949e-05,0.0065000668855896863,8.306447327947619e-07,0.0014914208778900066,4.0933148225877827e-08,0.016534326377095288,4.2141881657428466e-06,0.0003441145397622694,2.8488482178333717e-09
1476,1.0066445043327961,0.20888372448252568,0.014985816000000001,0.033626096821561674,2.7592266587478949e-05,0.0065000668855896863,8.306447327947619e-07,0.0032657381748219037,2.0747590606460765e-07,0,0,0.048165930627978824,3.1024997526312467e-05
1477,0.94413457126372069,0.20852897470911833,0.015098556000000001,0.033626096821561674,2.7592266587478949e-05,0.0065000668855896863,8.306447327947619e-07,0.0032657381748219037,2.0747590606460765e-07,0.016534326377095288,4.2141881657428466e-06,0.095166505640853619,0.00012474732005306627
1478,1.0561413110385831,0.21171984567897592,0.015035733000000001,0.033626096821561674,2.7592266587478949e-05,0.0065000668855896863,8.306447327947619e-07,0.029482704752294028,1.5922870822089668e-05,0.0016266125358492093,4.650168832398788e-08,0.0055576717676975368,4.4941701671434056e-07
1479,1.005100732508948,0.21858470407022301,0.014969074000000001,0.033626096821561674,2.7592266587478949e-05,0.0065000668855896863,8.306447327947619e-07,0.058191510134582916,6.3561167843227188e-05,0.0016266125358492093,4.650168832398788e-08,0.095166505640853619,0.00012474732005306627
1480,0.81362367270148739,0.16262481930007866,0.015086412,0.033626096821561674,2.7592266587478949e-05,0.0065000668855896863,8.306447327947619e-07,0.11753286278100532,0.00026025549033156434,0.27149403570967562,0.0011467575667019995,0.0025502881807835864,9.853245885274214e-08
1481,0.85658209942922281,0.1630360468565164,0.015050361999999999,0.033626096821561674,2.7592266587478949e-05,0.0065000668855896863,8.306447327947619e-07,0.11753286278100532,0.00026025549033156434,0.27149403570967562,0.0011467575667019995,0.19041559486652979,0.0004957115273660211
1482,1.066789625904613,0.21815888950727055,0.015079599000000001,0.033626096821561674,2.7592266587478949e-05,0.012588944289611177,3.5224865185964549e-06,0,0,0,0,0,0
1483,0.7627214993550826,0.19138909544219371,0.015073717,0.033626096821561674,2.7592266587478949e-05,0.012588944289611177,3.5224865185964549e-06,0,0,0.13466067744867269,0.00028084676437526779,0.19041559486652979,0.0004957115273660211
1484,0.81238459411797115,0.17696816289019593,0.015110047999999999,0.033626096821561674,2.7592266587478949e-05,0.012588944289611177,3.5224865185964549e-06,0,0,0.27149403570967562,0.0011467575667019995,0.024380651360960948,7.631216362179021e-06
1485,1.0641354812386417,0.21813972833238779,0.015069559999999999,0.033626096821561674,2.7592266587478949e-05,0.012588944289611177,3.5224865185964549e-06,0.000556248333386102,5.9346873038682533e-09,0.00059882329038815337,6.6185493683973793e-09,0.0025502881807835864,9.853245885274214e-08
1486,1.0311265236737173,0.21794121165207458,0.015036104,0.033626096821561674,2.7592266587478949e-05,0.012588944289611177,3.5224865185964549e-06,0.000556248333386102,5.9346873038682533e-09,0.00059882329038815337,6.6185493683973793e-09,0.048165930627978824,3.1024997526312467e-05
1487,0.875884121032662,0.19140451046851475,0.015073246,0.033626096821561674,2.7592266587478949e-05,0.012588944289611177,3.5224865185964549e-06,0.000556248333386102,5.9346873038682533e-09,0.13466067744867269,0.00028084676437526779,0.0025502881807835864,9.853245885274214e-08
1488,0.8075966190280065,0.17694013233525174,0.015060802,0.033626096821561674,2.7592266587478949e-05,0.012588944289611177,3.5224865185964549e-06,0.0014914208778900066,4.0933148225877827e-08,0.27149403570967562,0.0011467575667019995,0,0
1489,1.0640876399173864,0.22054210801819024,0.015089267999999999,0.033626096821561674,2.7592266587478949e-05,0.012588944289611177,3.5224865185964549e-06,0.0032657381748219037,2.0747590606460765e-07,0,0,0.0055576717676975368,4.4941701671434056e-07
1490,1.0661891304166984,0.22055327749495718,0.015145386,0.033626096821561674,2.7592266587478949e-05,0.012588944289611177,3.5224865185964549e-06,0.0032657381748219037,2.0747590606460765e-07,0.0016266125358492093,4.650168832398788e-08,0,0
1491,1.0080883666435285,0.21777799653206534,0.015053578,0.033626096821561674,2.7592266587478949e-05,0.012588944289611177,3.5224865185964549e-06,0.0032657381748219037,2.0747590606460765e-07,0.032922391524293174,1.7197917793120815e-05,0.011998077590687784,1.9024147497166475e-06
1492,1.0382313687161977,0.22038034923801766,0.015124906,0.033626096821561674,2.7592266587478949e-05,0.012588944289611177,3.5224865185964549e-06,0.0067340929936715345,9.2459189360104763e-07,0.0075661031970618185,1.0157051859989345e-06,0.024380651360960948,7.631216362179021e-06
1493,1.0217102161185048,0.217831636642037,0.015081252,0.033626096821561674,2.7592266587478949e-05,0.012588944289611177,3.5224865185964549e-06,0.0067340929936715345,9.2459189360104763e-07,0.032922391524293174,1.7197917793120815e-05,0.0055576717676975368,4.4941701671434056e-07
1494,1.0180743883456653,0.21780201902831828,0.015103284999999999,0.033626096821561674,2.7592266587478949e-05,0.012588944289611177,3.5224865185964549e-06,0.0067340929936715345,9.2459189360104763e-07,0.032922391524293174,1.7197917793120815e-05,0.011998077590687784,1.9024147497166475e-06
1495,1.0464288006296865,0.22034862431895502,0.015041755,0.033626096821561674,2.7592266587478949e-05,0.012588944289611177,3.5224865185964549e-06,0.013875902228953515,3.8910972590460246e-06,0.016534326377095288,4.2141881657428466e-06,0.011998077590687784,1.9024147497166475e-06
1496,1.0813723311953625,0.220667116299892,0.015137291000000001,0.033626096821561674,2.7592266587478949e-05,0.012588944289611177,3.5224865185964549e-06,0.029482704752294028,1.5922870822089668e-05,0,0,0.011998077590687784,1.9024147497166475e-06
1497,1.0840475811736627,0.21831076161825072,0.01512664,0.033626096821561674,2.7592266587478949e-05,0.012588944289611177,3.5224865185964549e-06,0.029482704752294028,1.5922870822089668e-05,0.0036204138554804133,2.2943610162988871e-07,0.0011137781542328951,1.9666077745222721e-08
1498,1.1135220682853864,0.22443264217715841,0.015091291,0.033626096821561674,2.7592266587478949e-05,0.012588944289611177,3.5224865185964549e-06,0.058191510134582916,6.3561167843227188e-05,0,0,0,0
1499,1.0936061624179441,0.2266187151483654,0.0151474,0.033626096821561674,2.7592266587478949e-05,0.012588944289611177,3.5224865185964549e-06,0.058191510134582916,6.3561167843227188e-05,0.0036204138554804133,2.2943610162988871e-07,0.024380651360960948,7.631216362179021e-06
1500,1.1507150145734086,0.24171141915613892,0.01514766,0.033626096821561674,2.7592266587478949e-05,0.012588944289611177,3.5224865185964549e-06,0.11753286278100532,0.00026025549033156434,0,0,0.0011137781542328951,1.9666077745222721e-08
1501,1.0178643397131302,0.2405923239076565,0.015125468,0.033626096821561674,2.7592266587478949e-05,0.012588944289611177,3.5224865185964549e-06,0.11753286278100532,0.00026025549033156434,0.00059882329038815337,6.6185493683973793e-09,0.19041559486652979,0.0004957115273660211
1502,1.1084991685206775,0.2317088589862519,0.015060702,0.033626096821561674,2.7592266587478949e-05,0.012588944289611177,3.5224865185964549e-06,0.11753286278100532,0.00026025549033156434,0.032922391524293174,1.7197917793120815e-05,0.0011137781542328951,1.9666077745222721e-08
1503,1.1814711104544839,0.25409971298337769,0.015068397000000001,0.033626096821561674,2.7592266587478949e-05,0.012588944289611177,3.5224865185964549e-06,0.23357852699496401,0.001044597176994619,0.0036204138554804133,2.2943610162988871e-07,0.048165930627978824,3.1024997526312467e-05
1504,1.20889871505715,0.2544140015696541,0.015035173000000001,0.033626096821561674,2.7592266587478949e-05,0.012588944289611177,3.5224865185964549e-06,0.23357852699496401,0.001044597176994619,0.0075661031970618185,1.0157051859989345e-06,0.0003441145397622694,2.8488482178333717e-09
1505,1.114057672977238,0.23906702804441507,0.015030283,0.033626096821561674,2.7592266587478949e-05,0.025011694954138793,1.4476156942003518e-05,0,0,0,0,0.0055576717676975368,4.4941701671434056e-07
1506,0.902165660094152,0.21632374856167372,0.015021125,0.033626096821561674,2.7592266587478949e-05,0.025011694954138793,1.4476156942003518e-05,0,0,0.067329104785706195,7.0057662713197101e-05,0.19041559486652979,0.0004957115273660211
1507,1.0875649080377179,0.23646515681935412,0.015038368,0.033626096821561674,2.7592266587478949e-05,0.025011694954138793,1.4476156942003518e-05,0.000556248333386102,5.9346873038682533e-09,0.0075661031970618185,1.0157051859989345e-06,0.024380651360960948,7.631216362179021e-06
1508,0.80675374221453056,0.18382447032757396,0.015042618000000001,0.033626096821561674,2.7592266587478949e-05,0.025011694954138793,1.4476156942003518e-05,0.000556248333386102,5.9346873038682533e-09,0.27149403570967562,0.0011467575667019995,0.048165930627978824,3.1024997526312467e-05
1509,1.1178044753817604,0.23779632986506566,0.015082333999999999,0.033626096821561674,2.7592266587478949e-05,0.025011694954138793,1.4476156942003518e-05,0.0014914208778900066,4.0933148225877827e-08,0,0,0.0011137781542328951,1.9666077745222721e-08
1510,1.1141409431682798,0.2390640919711513,0.015066984,0.033626096821561674,2.7592266587478949e-05,0.025011694954138793,1.4476156942003518e-05,0.0014914208778900066,4.0933148225877827e-08,0.0036204138554804133,2.2943610162988871e-07,0,0
1511,1.036218130273147,0.22885637808336814,0.015081272,0.033626096821561674,2.7592266587478949e-05,0.025011694954138793,1.4476156942003518e-05,0.0014914208778900066,4.0933148225877827e-08,0.032922391524293174,1.7197917793120815e-05,0.048165930627978824,3.1024997526312467e-05
1512,1.1190585740728043,0.23912024644311428,0.015061684000000001,0.033626096821561674,2.7592266587478949e-05,0.025011694954138793,1.4476156942003518e-05,0.0032657381748219037,2.0747590606460765e-07,0.00059882329038815337,6.6185493683973793e-09,0.0003441145397622694,2.8488482178333717e-09
1513,1.1177170807172678,0.23910306936301859,0.014986378,0.033626096821561674,2.7592266587478949e-05,0.025011694954138793,1.4476156942003518e-05,0.0032657381748219037,2.0747590606460765e-07,0.00059882329038815337,6.6185493683973793e-09,0.0025502881807835864,9.853245885274214e-08
1514,0.81133377497484893,0.18382951542377773,0.015071503,0.033626096821561674,2.7592266587478949e-05,0.025011694954138793,1.4476156942003518e-05,0.0032657381748219037,2.0747590606460765e-07,0.27149403570967562,0.0011467575667019995,0.0011137781542328951,1.9666077745222721e-08
1515,1.0992000123325427,0.23417169724793155,0.014982591,0.033626096821561674,2.7592266587478949e-05,0.025011694954138793,1.4476156942003518e-05,0.0067340929936715345,9.2459189360104763e-07,0.016534326377095288,4.2141881657428466e-06,0.0003441145397622694,2.8488482178333717e-09
1516,0.80938506686127698,0.18382787149929095,0.015119316000000001,0.033626096821561674,2.7592266587478949e-05,0.025011694954138793,1.4476156942003518e-05,0.0067340929936715345,9.2459189360104763e-07,0.27149403570967562,0.0011467575667019995,0.024380651360960948,7.631216362179021e-06
1517,1.1200083007660819,0.24387025963871742,0.015150166,0.033626096821561674,2.7592266587478949e-05,0.025011694954138793,1.4476156942003518e-05,0.013875902228953515,3.8910972590460246e-06,0.0036204138554804133,2.2943610162988871e-07,0.0025502881807835864,9.853245885274214e-08
1518,1.0809663698676382,0.2317219225997047,0.015151929,0.033626096821561674,2.7592266587478949e-05,0.025011694954138793,1.4476156942003518e-05,0.029482704752294028,1.5922870822089668e-05,0.032922391524293174,1.7197917793120815e-05,0,0
1519,1.0396247480628931,0.22177183359532551,0.015164624,0.033626096821561674,2.7592266587478949e-05,0.025011694954138793,1.4476156942003518e-05,0.029482704752294028,1.5922870822089668e-05,0.067329104785706195,7.0057662713197101e-05,0,0
1520,1.0700208522035897,0.22913257364109207,0.015063337,0.033626096821561674,2.7592266587478949e-05,0.025011694954138793,1.4476156942003518e-05,0.058191510134582916,6.3561167843227188e-05,0.067329104785706195,7.0057662713197101e-05,0,0
1521,1.2833852708496007,0.27798434909477598,0.01505457,0.033626096821561674,2.7592266587478949e-05,0.049308902239849808,5.8318337274775721e-05,0,0,0.0075661031970618185,1.0157051859989345e-06,0.011998077590687784,1.9024147497166475e-06
1522,1.0989783784119957,0.24125506359618437,0.015171868,0.033626096821561674,2.7592266587478949e-05,0.049308902239849808,5.8318337274775721e-05,0,0,0.13466067744867269,0.00028084676437526779,0.0003441145397622694,2.8488482178333717e-09
1523,0.94603831911761083,0.24072445499330855,0.01511642,0.033626096821561674,2.7592266587478949e-05,0.049308902239849808,5.8318337274775721e-05,0,0,0.13466067744867269,0.00028084676437526779,0.19041559486652979,0.0004957115273660211
1524,0.94314612468240189,0.21552658159653143,0.015108715999999999,0.033626096821561674,2.7592266587478949e-05,0.049308902239849808,5.8318337274775721e-05,0,0,0.27149403570967562,0.0011467575667019995,0,0
1525,1.2008010986247226,0.25872528082662183,0.015026776,0.033626096821561674,2.7592266587478949e-05,0.049308902239849808,5.8318337274775721e-05,0.000556248333386102,5.9346873038682533e-09,0.067329104785706195,7.0057662713197101e-05,0,0
1526,1.1388943292586762,0.27458128745449517,0.015109958,0.033626096821561674,2.7592266587478949e-05,0.049308902239849808,5.8318337274775721e-05,0.0014914208778900066,4.0933148225877827e-08,0.0036204138554804133,2.2943610162988871e-07,0.19041559486652979,0.0004957115273660211
1527,1.2990272768540185,0.27576231552800784,0.015200613999999999,0.033626096821561674,2.7592266587478949e-05,0.049308902239849808,5.8318337274775721e-05,0.0032657381748219037,2.0747590606460765e-07,0.0036204138554804133,2.2943610162988871e-07,0.0003441145397622694,2.8488482178333717e-09
1528,1.3023848620176017,0.28057147870015947,0.015259669,0.033626096821561674,2.7592266587478949e-05,0.049308902239849808,5.8318337274775721e-05,0.013875902228953515,3.8910972590460246e-06,0.00059882329038815337,6.6185493683973793e-09,0.011998077590687784,1.9024147497166475e-06
1529,1.3014813013983078,0.28056696958474953,0.015319194,0.033626096821561674,2.7592266587478949e-05,0.049308902239849808,5.8318337274775721e-05,0.013875902228953515,3.8910972590460246e-06,0.0016266125358492093,4.650168832398788e-08,0.011998077590687784,1.9024147497166475e-06
1530,1.3132204581692135,0.2830596164300403,0.015294627,0.033626096821561674,2.7592266587478949e-05,0.049308902239849808,5.8318337274775721e-05,0.029482704752294028,1.5922870822089668e-05,0.0036204138554804133,2.2943610162988871e-07,0.011998077590687784,1.9024147497166475e-06
1531,1.1767104060050557,0.28724141677801174,0.01529647,0.033626096821561674,2.7592266587478949e-05,0.049308902239849808,5.8318337274775721e-05,0.058191510134582916,6.3561167843227188e-05,0.0075661031970618185,1.0157051859989345e-06,0.19041559486652979,0.0004957115273660211
1532,1.3301217137016141,0.28244395666979805,0.015259277999999999,0.033626096821561674,2.7592266587478949e-05,0.049308902239849808,5.8318337274775721e-05,0.058191510134582916,6.3561167843227188e-05,0.016534326377095288,4.2141881657428466e-06,0.0011137781542328951,1.9666077745222721e-08
1533,1.1330723009819639,0.25840949168745159,0.015357579,0.033626096821561674,2.7592266587478949e-05,0.049308902239849808,5.8318337274775721e-05,0.058191510134582916,6.3561167843227188e-05,0.13466067744867269,0.00028084676437526779,0.0003441145397622694,2.8488482178333717e-09
1534,0.94562220620277493,0.23337871289374268,0.015237034999999999,0.033626096821561674,2.7592266587478949e-05,0.049308902239849808,5.8318337274775721e-05,0.058191510134582916,6.3561167843227188e-05,0.27149403570967562,0.0011467575667019995,0.024380651360960948,7.631216362179021e-06
1535,1.410866978697044,0.29831121519634546,0.015285518999999999,0.033626096821561674,2.7592266587478949e-05,0.049308902239849808,5.8318337274775721e-05,0.11753286278100532,0.00026025549033156434,0,0,0,0
1536,1.4100321517559802,0.29829963586743852,0.015179412,0.033626096821561674,2.7592266587478949e-05,0.049308902239849808,5.8318337274775721e-05,0.11753286278100532,0.00026025549033156434,0,0,0.0011137781542328951,1.9666077745222721e-08
1537,1.3481201335024249,0.29058368388153105,0.015107793,0.033626096821561674,2.7592266587478949e-05,0.049308902239849808,5.8318337274775721e-05,0.11753286278100532,0.00026025549033156434,0.032922391524293174,1.7197917793120815e-05,0.011998077590687784,1.9024147497166475e-06
1538,1.0815877317464637,0.23092516815277933,0.015176446,0.033626096821561674,2.7592266587478949e-05,0.049308902239849808,5.8318337274775721e-05,0.11753286278100532,0.00026025549033156434,0.27149403570967562,0.0011467575667019995,0.024380651360960948,7.631216362179021e-06
1539,1.171055833565289,0.2709519829760334,0.015179662999999999,0.033626096821561674,2.7592266587478949e-05,0.099112756898239507,0.00023255411467313362,0,0,0.27149403570967562,0.0011467575667019995,0,0
1540,1.5231464737427605,0.32881432497830043,0.015186997000000001,0.033626096821561674,2.7592266587478949e-05,0.099112756898239507,0.00023255411467313362,0.000556248333386102,5.9346873038682533e-09,0,0,0.0011137781542328951,1.9666077745222721e-08
1541,1.5155682688862155,0.32868047132882561,0.014985106,0.033626096821561674,2.7592266587478949e-05,0.099112756898239507,0.00023255411467313362,0.000556248333386102,5.9346873038682533e-09,0,0,0.011998077590687784,1.9024147497166475e-06
1542,1.504492228496652,0.32852996898993164,0.014974744999999999,0.033626096821561674,2.7592266587478949e-05,0.099112756898239507,0.00023255411467313362,0.000556248333386102,5.9346873038682533e-09,0.00059882329038815337,6.6185493683973793e-09,0.024380651360960948,7.631216362179021e-06
1543,1.0403487110674043,0.27062922661839611,0.014960286999999999,0.033626096821561674,2.7592266587478949e-05,0.099112756898239507,0.00023255411467313362,0.000556248333386102,5.9346873038682533e-09,0.27149403570967562,0.0011467575667019995,0.19041559486652979,0.0004957115273660211
1544,1.525206465476594,0.33118671290959811,0.015024532,0.033626096821561674,2.7592266587478949e-05,0.099112756898239507,0.00023255411467313362,0.0014914208778900066,4.0933148225877827e-08,0,0,0,0
1545,1.5240807662428533,0.32882909195437315,0.014968492999999999,0.033626096821561674,2.7592266587478949e-05,0.099112756898239507,0.00023255411467313362,0.0032657381748219037,2.0747590606460765e-07,0,0,0.0025502881807835864,9.853245885274214e-08
1546,1.505027379603604,0.32620344787367228,0.014974064,0.033626096821561674,2.7592266587478949e-05,0.099112756898239507,0.00023255411467313362,0.0032657381748219037,2.0747590606460765e-07,0.0075661031970618185,1.0157051859989345e-06,0.011998077590687784,1.9024147497166475e-06
1547,1.5352404449296346,0.3414820764278616,0.015014092,0.033626096821561674,2.7592266587478949e-05,0.099112756898239507,0.00023255411467313362,0.029482704752294028,1.5922870822089668e-05,0,0,0.0011137781542328951,1.9666077745222721e-08
1548,1.5322139743070899,0.3439617850226438,0.014991267000000001,0.033626096821561674,2.7592266587478949e-05,0.099112756898239507,0.00023255411467313362,0.058191510134582916,6.3561167843227188e-05,0.00059882329038815337,6.6185493683973793e-09,0.024380651360960948,7.631216362179021e-06
1549,1.5616183104220331,0.34771668398824468,0.014983573,0.033626096821561674,2.7592266587478949e-05,0.099112756898239507,0.00023255411467313362,0.11753286278100532,0.00026025549033156434,0.032922391524293174,1.7197917793120815e-05,0.0011137781542328951,1.9666077745222721e-08
1550,1.4589270972125945,0.3656013668824884,0.015030122999999999,0.033626096821561674,2.7592266587478949e-05,0.099112756898239507,0.00023255411467313362,0.23357852699496401,0.001044597176994619,0.13466067744867269,0.00028084676437526779,0.011998077590687784,1.9024147497166475e-06
1551,1.485228761972714,0.47204579396072938,0.014990504999999999,0.033626096821561674,2.7592266587478949e-05,0.199574729684656,0.00093691305727090681,0,0,0,0,0,0
1552,1.4841916080656077,0.47202596868124025,0.014971599,0.033626096821561674,2.7592266587478949e-05,0.199574729684656,0.00093691305727090681,0,0,0,0,0.0011137781542328951,1.9666077745222721e-08
1553,1.2978867801062917,0.45942635999637516,0.01493072,0.033626096821561674,2.7592266587478949e-05,0.199574729684656,0.00093691305727090681,0,0,0.016534326377095288,4.2141881657428466e-06,0.19041559486652979,0.0004957115273660211
1554,1.4359923973141597,0.46176422350183044,0.014943544,0.033626096821561674,2.7592266587478949e-05,0.199574729684656,0.00093691305727090681,0,0,0.032922391524293174,1.7197917793120815e-05,0.0003441145397622694,2.8488482178333717e-09
1555,1.4038146610693252,0.46100595879593081,0.014978282000000001,0.033626096821561674,2.7592266587478949e-05,0.199574729684656,0.00093691305727090681,0,0,0.032922391524293174,1.7197917793120815e-05,0.048165930627978824,3.1024997526312467e-05
1556,1.3912489504251233,0.45147329953690346,0.014952793000000001,0.033626096821561674,2.7592266587478949e-05,0.199574729684656,0.00093691305727090681,0,0,0.067329104785706195,7.0057662713197101e-05,0.0055576717676975368,4.4941701671434056e-07
1557,1.4857063243676851,0.47206531431526222,0.014957181,0.033626096821561674,2.7592266587478949e-05,0.199574729684656,0.00093691305727090681,0.0014914208778900066,4.0933148225877827e-08,0,0,0,0
1558,1.436698112952149,0.45950907521115786,0.014924656999999999,0.033626096821561674,2.7592266587478949e-05,0.199574729684656,0.00093691305727090681,0.0014914208778900066,4.0933148225877827e-08,0.032922391524293174,1.7197917793120815e-05,0,0
1559,1.2857224068799984,0.45668056434632753,0.01490522,0.033626096821561674,2.7592266587478949e-05,0.199574729684656,0.00093691305727090681,0.0014914208778900066,4.0933148225877827e-08,0.032922391524293174,1.7197917793120815e-05,0.19041559486652979,0.0004957115273660211
1560,1.4873243152525866,0.47209439050932206,0.014959727000000001,0.033626096821561674,2.7592266587478949e-05,0.199574729684656,0.00093691305727090681,0.0032657381748219037,2.0747590606460765e-07,0,0,0,0
1561,1.4347562267159009,0.45936058884928954,0.014986729000000001,0.033626096821561674,2.7592266587478949e-05,0.199574729684656,0.00093691305727090681,0.0032657381748219037,2.0747590606460765e-07,0.032922391524293174,1.7197917793120815e-05,0.011998077590687784,1.9024147497166475e-06
1562,1.4080189881023883,0.45160764542239545,0.014985305000000001,0.033626096821561674,2.7592266587478949e-05,0.199574729684656,0.00093691305727090681,0.0032657381748219037,2.0747590606460765e-07,0.067329104785706195,7.0057662713197101e-05,0,0
1563,1.4646984544954944,0.46462037089450747,0.015028959999999999,0.033626096821561674,2.7592266587478949e-05,0.199574729684656,0.00093691305727090681,0.0067340929936715345,9.2459189360104763e-07,0.016534326377095288,4.2141881657428466e-06,0.0055576717676975368,4.4941701671434056e-07
1564,1.2543868969199916,0.43523464373497545,0.015132552000000001,0.033626096821561674,2.7592266587478949e-05,0.199574729684656,0.00093691305727090681,0.013875902228953515,3.8910972590460246e-06,0.13466067744867269,0.00028084676437526779,0.095166505640853619,0.00012474732005306627
1565,1.5365386621739767,0.46823564552828439,0.015230311999999999,0.033626096821561674,2.7592266587478949e-05,0.199574729684656,0.00093691305727090681,0.058191510134582916,6.3561167843227188e-05,0,0,0.0055576717676975368,4.4941701671434056e-07
1566,1.5345820447430982,0.46593316383675965,0.015208269,0.033626096821561674,2.7592266587478949e-05,0.199574729684656,0.00093691305727090681,0.058191510134582916,6.3561167843227188e-05,0.0016266125358492093,4.650168832398788e-08,0.0055576717676975368,4.4941701671434056e-07
1567,1.5114931639398224,0.48673004993206598,0.015225973,0.033626096821561674,2.7592266587478949e-05,0.199574729684656,0.00093691305727090681,0.11753286278100532,0.00026025549033156434,0.00059882329038815337,6.6185493683973793e-09,0.095166505640853619,0.00012474732005306627
1568,1.6591819705957553,0.48746712415907828,0.015227156,0.033626096821561674,2.7592266587478949e-05,0.199574729684656,0.00093691305727090681,0.23357852699496401,0.001044597176994619,0.016534326377095288,4.2141881657428466e-06,0.0055576717676975368,4.4941701671434056e-07
1569,1.3028079766071523,0.44509987090977704,0.015170746000000001,0.033626096821561674,2.7592266587478949e-05,0.199574729684656,0.00093691305727090681,0.23357852699496401,0.001044597176994619,0.27149403570967562,0.0011467575667019995,0.0003441145397622694,2.8488482178333717e-09
1570,1.3837405805579628,0.37069731107127302,0.015197698000000001,0.066939274320494069,0.00011095194821955924,0,0,0,0,0,0,0,0
1571,1.3540818925409961,0.37020096553526199,0.01517813,0.066939274320494069,0.00011095194821955924,0,0,0,0,0,0,0.048165930627978824,3.1024997526312467e-05
1572,1.2499177502388295,0.36896927565883308,0.015177649,0.066939274320494069,0.00011095194821955924,0,0,0,0,0,0,0.19041559486652979,0.0004957115273660211
1573,1.3829407383373369,0.3706853767789432,0.01515743,0.066939274320494069,0.00011095194821955924,0,0,0,0,0.00059882329038815337,6.6185493683973793e-09,0,0
1574,1.3810914776139571,0.37066116273440053,0.015237966,0.066939274320494069,0.00011095194821955924,0,0,0,0,0.0016266125358492093,4.650168832398788e-08,0,0
1575,1.2486440049377809,0.36900268274585685,0.015250992,0.066939274320494069,0.00011095194821955924,0,0,0,0,0.0016266125358492093,4.650168832398788e-08,0.19041559486652979,0.0004957115273660211
1576,1.3736734067237508,0.37052084674491381,0.015169113,0.066939274320494069,0.00011095194821955924,0,0,0,0,0.0075661031970618185,1.0157051859989345e-06,0,0
1577,1.2415772535561957,0.36892826252509781,0.015172679999999999,0.066939274320494069,0.00011095194821955924,0,0,0,0,0.0075661031970618185,1.0157051859989345e-06,0.19041559486652979,0.0004957115273660211
1578,1.3264523239391226,0.36076658005353901,0.015154254000000001,0.066939274320494069,0.00011095194821955924,0,0,0,0,0.032922391524293174,1.7197917793120815e-05,0.0055576717676975368,4.4941701671434056e-07
1579,1.0622783421772473,0.31815433300261292,0.015156048,0.066939274320494069,0.00011095194821955924,0,0,0,0,0.27149403570967562,0.0011467575667019995,0.0003441145397622694,2.8488482178333717e-09
1580,1.0289193188073611,0.31795853872002727,0.015118243999999999,0.066939274320494069,0.00011095194821955924,0,0,0,0,0.27149403570967562,0.0011467575667019995,0.048165930627978824,3.1024997526312467e-05
1581,1.383935033216974,0.37070017491752161,0.015126990999999999,0.066939274320494069,0.00011095194821955924,0,0,0.000556248333386102,5.9346873038682533e-09,0,0,0.0003441145397622694,2.8488482178333717e-09
1582,1.3614372770060639,0.37031738308820122,0.015202718,0.066939274320494069,0.00011095194821955924,0,0,0.000556248333386102,5.9346873038682533e-09,0.016534326377095288,4.2141881657428466e-06,0,0
1583,1.3736706910873255,0.37053577881568567,0.01532729,0.066939274320494069,0.00011095194821955924,0,0,0.0014914208778900066,4.0933148225877827e-08,0.0075661031970618185,1.0157051859989345e-06,0.0003441145397622694,2.8488482178333717e-09
1584,1.3861752356217591,0.37074186801893583,0.015472692,0.066939274320494069,0.00011095194821955924,0,0,0.0032657381748219037,2.0747590606460765e-07,0,0,0,0
1585,1.387719022460697,0.37077424439335555,0.015445609000000001,0.066939274320494069,0.00011095194821955924,0,0,0.0067340929936715345,9.2459189360104763e-07,0.00059882329038815337,6.6185493683973793e-09,0,0
1586,1.3839413224326329,0.37070855138043063,0.015322381,0.066939274320494069,0.00011095194821955924,0,0,0.0067340929936715345,9.2459189360104763e-07,0.00059882329038815337,6.6185493683973793e-09,0.0055576717676975368,4.4941701671434056e-07
1587,1.331426487985099,0.36438536359646717,0.015342089,0.066939274320494069,0.00011095194821955924,0,0,0.0067340929936715345,9.2459189360104763e-07,0.032922391524293174,1.7197917793120815e-05,0.0003441145397622694,2.8488482178333717e-09
1588,1.3731469693093585,0.37052334185348185,0.015387768,0.066939274320494069,0.00011095194821955924,0,0,0.013875902228953515,3.8910972590460246e-06,0.016534326377095288,4.2141881657428466e-06,0.0003441145397622694,2.8488482178333717e-09
1589,1.2476790684755334,0.37444042490919238,0.015415691,0.066939274320494069,0.00011095194821955924,0,0,0.029482704752294028,1.5922870822089668e-05,0.032922391524293174,1.7197917793120815e-05,0.19041559486652979,0.0004957115273660211
1590,1.1021978276594981,0.32382086612886019,0.015327711000000001,0.066939274320494069,0.00011095194821955924,0,0,0.029482704752294028,1.5922870822089668e-05,0.27149403570967562,0.0011467575667019995,0.0055576717676975368,4.4941701671434056e-07
1591,1.4419829755137703,0.38303133974193226,0.015290889,0.066939274320494069,0.00011095194821955924,0,0,0.058191510134582916,6.3561167843227188e-05,0.00059882329038815337,6.6185493683973793e-09,0.0003441145397622694,2.8488482178333717e-09
1592,1.4939819319375822,0.39648625461825571,0.015204682000000001,0.066939274320494069,0.00011095194821955924,0,0,0.11753286278100532,0.00026025549033156434,0.0016266125358492093,4.650168832398788e-08,0.0055576717676975368,4.4941701671434056e-07
1593,1.4860614212737038,0.39635651949398826,0.015202808,0.066939274320494069,0.00011095194821955924,0,0,0.11753286278100532,0.00026025549033156434,0.0036204138554804133,2.2943610162988871e-07,0.011998077590687784,1.9024147497166475e-06
1594,1.4735308496112853,0.39153061332867339,0.015196967,0.066939274320494069,0.00011095194821955924,0,0,0.11753286278100532,0.00026025549033156434,0.016534326377095288,4.2141881657428466e-06,0,0
1595,1.4961700069434427,0.41538778953173272,0.015241583,0.066939274320494069,0.00011095194821955924,0,0,0.23357852699496401,0.001044597176994619,0.0016266125358492093,4.650168832398788e-08,0.19041559486652979,0.0004957115273660211
1596,1.3713048328296533,0.37049471824769098,0.015341337,0.066939274320494069,0.00011095194821955924,0.00054984026108467472,5.4234620717900624e-09,0,0,0.0036204138554804133,2.2943610162988871e-07,0.011998077590687784,1.9024147497166475e-06
1597,1.3705889209177227,0.37046591016776764,0.015327591,0.066939274320494069,0.00011095194821955924,0.00054984026108467472,5.4234620717900624e-09,0,0,0.0075661031970618185,1.0157051859989345e-06,0.0055576717676975368,4.4941701671434056e-07
1598,1.3606777277815529,0.37032402498908989,0.015290919,0.066939274320494069,0.00011095194821955924,0.00054984026108467472,5.4234620717900624e-09,0,0,0.016534326377095288,4.2141881657428466e-06,0.0003441145397622694,2.8488482178333717e-09
1599,1.3819655647510409,0.37067124930770945,0.01533269,0.066939274320494069,0.00011095194821955924,0.00054984026108467472,5.4234620717900624e-09,0.000556248333386102,5.9346873038682533e-09,0.00059882329038815337,6.6185493683973793e-09,0.0025502881807835864,9.853245885274214e-08
1600,1.374141490370741,0.37053476418752307,0.015343542,0.066939274320494069,0.00011095194821955924,0.00054984026108467472,5.4234620717900624e-09,0.000556248333386102,5.9346873038682533e-09,0.0075661031970618185,1.0157051859989345e-06,0.0011137781542328951,1.9666077745222721e-08
1601,1.3611509173983778,0.3703353259993189,0.015298213999999999,0.066939274320494069,0.00011095194821955924,0.00054984026108467472,5.4234620717900624e-09,0.000556248333386102,5.9346873038682533e-09,0.016534326377095288,4.2141881657428466e-06,0.0003441145397622694,2.8488482178333717e-09
1602,1.3764423729809918,0.37057103246039463,0.015222456000000001,0.066939274320494069,0.00011095194821955924,0.00054984026108467472,5.4234620717900624e-09,0.0032657381748219037,2.0747590606460765e-07,0.0016266125358492093,4.650168832398788e-08,0.011998077590687784,1.9024147497166475e-06
1603,1.2843425117611935,0.35791511150609651,0.015179672999999999,0.066939274320494069,0.00011095194821955924,0.00054984026108467472,5.4234620717900624e-09,0.0032657381748219037,2.0747590606460765e-07,0.067329104785706195,7.0057662713197101e-05,0.0003441145397622694,2.8488482178333717e-09
1604,1.1865105731963332,0.3469765533756422,0.015116009999999999,0.066939274320494069,0.00011095194821955924,0.00054984026108467472,5.4234620717900624e-09,0.0032657381748219037,2.0747590606460765e-07,0.13466067744867269,0.00028084676437526779,0.0055576717676975368,4.4941701671434056e-07
1605,1.3907939999739167,0.37127668019640547,0.015119076,0.066939274320494069,0.00011095194821955924,0.00054984026108467472,5.4234620717900624e-09,0.013875902228953515,3.8910972590460246e-06,0,0,0.011998077590687784,1.9024147497166475e-06
1606,1.3346938340636993,0.37039474622763341,0.015063277,0.066939274320494069,0.00011095194821955924,0.00054984026108467472,5.4234620717900624e-09,0.013875902228953515,3.8910972590460246e-06,0,0,0.095166505640853619,0.00012474732005306627
1607,1.3933628241819338,0.3915945947843536,0.015080319999999999,0.066939274320494069,0.00011095194821955924,0.00054984026108467472,5.4234620717900624e-09,0.11753286278100532,0.00026025549033156434,0.067329104785706195,7.0057662713197101e-05,0.0003441145397622694,2.8488482178333717e-09
1608,1.0617288312073192,0.33282449511617312,0.015016517,0.066939274320494069,0.00011095194821955924,0.00054984026108467472,5.4234620717900624e-09,0.11753286278100532,0.00026025549033156434,0.27149403570967562,0.0011467575667019995,0.095166505640853619,0.00012474732005306627
1609,1.3880161448117663,0.37075596189090254,0.014986698,0.066939274320494069,0.00011095194821955924,0.0014826382597978712,3.7927712872417375e-08,0,0,0,0,0,0
1610,1.3827037781459344,0.37066038281636621,0.014973823000000001,0.066939274320494069,0.00011095194821955924,0.0014826382597978712,3.7927712872417375e-08,0,0,0.0036204138554804133,2.2943610162988871e-07,0.0003441145397622694,2.8488482178333717e-09
1611,1.252060727890461,0.35748245372932408,0.015005775000000001,0.066939274320494069,0.00011095194821955924,0.0014826382597978712,3.7927712872417375e-08,0,0,0.067329104785706195,7.0057662713197101e-05,0.048165930627978824,3.1024997526312467e-05
1612,1.3880789182652411,0.37076275723907742,0.015000015,0.066939274320494069,0.00011095194821955924,0.0014826382597978712,3.7927712872417375e-08,0.000556248333386102,5.9346873038682533e-09,0,0,0,0
1613,1.1922294793811399,0.34778659902714992,0.014970246,0.066939274320494069,0.00011095194821955924,0.0014826382597978712,3.7927712872417375e-08,0.0014914208778900066,4.0933148225877827e-08,0.13466067744867269,0.00028084676437526779,0,0
1614,1.3487609022743818,0.37016312936168022,0.014901673000000001,0.066939274320494069,0.00011095194821955924,0.0014826382597978712,3.7927712872417375e-08,0.0032657381748219037,2.0747590606460765e-07,0.016534326377095288,4.2141881657428466e-06,0.024380651360960948,7.631216362179021e-06
1615,1.2310389897760361,0.35700989538287686,0.014870883999999999,0.066939274320494069,0.00011095194821955924,0.0014826382597978712,3.7927712872417375e-08,0.0032657381748219037,2.0747590606460765e-07,0.067329104785706195,7.0057662713197101e-05,0.095166505640853619,0.00012474732005306627
1616,1.3581883823428653,0.370247931827482,0.014863459000000001,0.066939274320494069,0.00011095194821955924,0.0014826382597978712,3.7927712872417375e-08,0.0067340929936715345,9.2459189360104763e-07,0.0036204138554804133,2.2943610162988871e-07,0.048165930627978824,3.1024997526312467e-05
1617,1.2838985924036379,0.35783395254404343,0.014909739,0.066939274320494069,0.00011095194821955924,0.0014826382597978712,3.7927712872417375e-08,0.0067340929936715345,9.2459189360104763e-07,0.067329104785706195,7.0057662713197101e-05,0.011998077590687784,1.9024147497166475e-06
1618,1.3329480601683446,0.3703739194000491,0.014794765,0.066939274320494069,0.00011095194821955924,0.0014826382597978712,3.7927712872417375e-08,0.013875902228953515,3.8910972590460246e-06,0.0036204138554804133,2.2943610162988871e-07,0.095166505640853619,0.00012474732005306627
1619,1.426563673296201,0.38198280590360506,0.014879541,0.066939274320494069,0.00011095194821955924,0.0014826382597978712,3.7927712872417375e-08,0.029482704752294028,1.5922870822089668e-05,0.00059882329038815337,6.6185493683973793e-09,0,0
1620,1.2789255102312573,0.38006013851424503,0.014901854000000001,0.066939274320494069,0.00011095194821955924,0.0014826382597978712,3.7927712872417375e-08,0.029482704752294028,1.5922870822089668e-05,0.00059882329038815337,6.6185493683973793e-09,0.19041559486652979,0.0004957115273660211
1621,1.2586243180871441,0.35424889850578395,0.014952791999999999,0.066939274320494069,0.00011095194821955924,0.0014826382597978712,3.7927712872417375e-08,0.058191510134582916,6.3561167843227188e-05,0.13466067744867269,0.00028084676437526779,0.0011137781542328951,1.9666077745222721e-08
1622,1.1468330904685293,0.33260845347047191,0.014934095999999999,0.066939274320494069,0.00011095194821955924,0.0014826382597978712,3.7927712872417375e-08,0.058191510134582916,6.3561167843227188e-05,0.27149403570967562,0.0011467575667019995,0.0055576717676975368,4.4941701671434056e-07
1623,1.2972022647253514,0.37155899557619487,0.015014783,0.066939274320494069,0.00011095194821955924,0.0014826382597978712,3.7927712872417375e-08,0.11753286278100532,0.00026025549033156434,0.13466067744867269,0.00028084676437526779,0.024380651360960948,7.631216362179021e-06
1624,1.6089470170147713,0.41406892455018873,0.015096300999999999,0.066939274320494069,0.00011095194821955924,0.0014826382597978712,3.7927712872417375e-08,0.23357852699496401,0.001044597176994619,0.016534326377095288,4.2141881657428466e-06,0.0011137781542328951,1.9666077745222721e-08
1625,1.3850916553515451,0.36883202635937773,0.015061372999999999,0.066939274320494069,0.00011095194821955924,0.0032763021406752579,1.8605944461100654e-07,0,0,0,0,0.011998077590687784,1.9024147497166475e-06
1626,1.3354507956485357,0.36308182350037177,0.015053136999999999,0.066939274320494069,0.00011095194821955924,0.0032763021406752579,1.8605944461100654e-07,0,0,0.032922391524293174,1.7197917793120815e-05,0,0
1627,1.2856713711974121,0.35798114382995594,0.015076754,0.066939274320494069,0.00011095194821955924,0.0032763021406752579,1.8605944461100654e-07,0,0,0.067329104785706195,7.0057662713197101e-05,0.0011137781542328951,1.9666077745222721e-08
1628,1.2866798041589889,0.35799226854875743,0.015046775,0.066939274320494069,0.00011095194821955924,0.0032763021406752579,1.8605944461100654e-07,0.000556248333386102,5.9346873038682533e-09,0.067329104785706195,7.0057662713197101e-05,0.0011137781542328951,1.9666077745222721e-08
1629,1.3901847294017085,0.36892809878018168,0.015069449,0.066939274320494069,0.00011095194821955924,0.0032763021406752579,1.8605944461100654e-07,0.0014914208778900066,4.0933148225877827e-08,0,0,0.0055576717676975368,4.4941701671434056e-07
1630,1.3670098314880819,0.36853742319054705,0.015041765,0.066939274320494069,0.00011095194821955924,0.0032763021406752579,1.8605944461100654e-07,0.0014914208778900066,4.0933148225877827e-08,0.0075661031970618185,1.0157051859989345e-06,0.024380651360960948,7.631216362179021e-06
1631,1.3170121396895182,0.37449578133470607,0.015031104999999999,0.066939274320494069,0.00011095194821955924,0.0032763021406752579,1.8605944461100654e-07,0.0067340929936715345,9.2459189360104763e-07,0.032922391524293174,1.7197917793120815e-05,0.048165930627978824,3.1024997526312467e-05
1632,1.2774610592701734,0.36574539825479246,0.015046164000000001,0.066939274320494069,0.00011095194821955924,0.0032763021406752579,1.8605944461100654e-07,0.0067340929936715345,9.2459189360104763e-07,0.067329104785706195,7.0057662713197101e-05,0.024380651360960948,7.631216362179021e-06
1633,1.2794741768585136,0.36352702049307578,0.01495117,0.066939274320494069,0.00011095194821955924,0.0032763021406752579,1.8605944461100654e-07,0.013875902228953515,3.8910972590460246e-06,0.067329104785706195,7.0057662713197101e-05,0.048165930627978824,3.1024997526312467e-05
1634,1.2884838914757621,0.38252415413865271,0.015102523,0.066939274320494069,0.00011095194821955924,0.0032763021406752579,1.8605944461100654e-07,0.029482704752294028,1.5922870822089668e-05,0.00059882329038815337,6.6185493683973793e-09,0.19041559486652979,0.0004957115273660211
1635,1.4466503524098959,0.39558344252787347,0.015011798,0.066939274320494069,0.00011095194821955924,0.0032763021406752579,1.8605944461100654e-07,0.11753286278100532,0.00026025549033156434,0.00059882329038815337,6.6185493683973793e-09,0.095166505640853619,0.00012474732005306627
1636,1.4514114780436933,0.38866905238024224,0.015028840999999999,0.066939274320494069,0.00011095194821955924,0.0032763021406752579,1.8605944461100654e-07,0.11753286278100532,0.00026025549033156434,0.032922391524293174,1.7197917793120815e-05,0.024380651360960948,7.631216362179021e-06
1637,1.6222071766034247,0.41897124664837909,0.014985676,0.066939274320494069,0.00011095194821955924,0.0032763021406752579,1.8605944461100654e-07,0.23357852699496401,0.001044597176994619,0.0075661031970618185,1.0157051859989345e-06,0.0055576717676975368,4.4941701671434056e-07
1638,1.4035806264112305,0.3691241780094589,0.015041495,0.066939274320494069,0.00011095194821955924,0.0065000668855896863,8.306447327947619e-07,0,0,0.00059882329038815337,6.6185493683973793e-09,0,0
1639,1.3839937623812297,0.37059080442288622,0.014997569000000001,0.066939274320494069,0.00011095194821955924,0.0065000668855896863,8.306447327947619e-07,0,0,0.016534326377095288,4.2141881657428466e-06,0.0011137781542328951,1.9666077745222721e-08
1640,1.4045799465504294,0.37148589017977313,0.015015455,0.066939274320494069,0.00011095194821955924,0.0065000668855896863,8.306447327947619e-07,0.000556248333386102,5.9346873038682533e-09,0,0,0,0
1641,1.3513115073789281,0.37009731919916705,0.015104397,0.066939274320494069,0.00011095194821955924,0.0065000668855896863,8.306447327947619e-07,0.000556248333386102,5.9346873038682533e-09,0.016534326377095288,4.2141881657428466e-06,0.048165930627978824,3.1024997526312467e-05
1642,1.1957549721813481,0.34781056254049519,0.015104367,0.066939274320494069,0.00011095194821955924,0.0065000668855896863,8.306447327947619e-07,0.000556248333386102,5.9346873038682533e-09,0.13466067744867269,0.00028084676437526779,0.011998077590687784,1.9024147497166475e-06
1643,1.4048074138597813,0.36915819672302308,0.015083136,0.066939274320494069,0.00011095194821955924,0.0065000668855896863,8.306447327947619e-07,0.0014914208778900066,4.0933148225877827e-08,0,0,0,0
1644,1.3434749343711745,0.36811159246652536,0.015021466000000001,0.066939274320494069,0.00011095194821955924,0.0065000668855896863,8.306447327947619e-07,0.0014914208778900066,4.0933148225877827e-08,0,0,0.095166505640853619,0.00012474732005306627
1645,1.3899648638659883,0.37076100745936014,0.014990335,0.066939274320494069,0.00011095194821955924,0.0065000668855896863,8.306447327947619e-07,0.0014914208778900066,4.0933148225877827e-08,0.0075661031970618185,1.0157051859989345e-06,0.0055576717676975368,4.4941701671434056e-07
1646,1.3091392575194221,0.36046608645083428,0.015046865,0.066939274320494069,0.00011095194821955924,0.0065000668855896863,8.306447327947619e-07,0.0014914208778900066,4.0933148225877827e-08,0.067329104785706195,7.0057662713197101e-05,0,0
1647,1.3436852865653583,0.37044547238647929,0.015094788,0.066939274320494069,0.00011095194821955924,0.0065000668855896863,8.306447327947619e-07,0.0032657381748219037,2.0747590606460765e-07,0,0,0.095166505640853619,0.00012474732005306627
1648,1.3828415563401195,0.37060885657334142,0.015092394,0.066939274320494069,0.00011095194821955924,0.0065000668855896863,8.306447327947619e-07,0.0032657381748219037,2.0747590606460765e-07,0.016534326377095288,4.2141881657428466e-06,0.0055576717676975368,4.4941701671434056e-07
1649,1.4088240689273246,0.37156537725049332,0.015180024,0.066939274320494069,0.00011095194821955924,0.0065000668855896863,8.306447327947619e-07,0.0067340929936715345,9.2459189360104763e-07,0,0,0,0
1650,1.3879868741987231,0.37071026687861042,0.015109055999999999,0.066939274320494069,0.00011095194821955924,0.0065000668855896863,8.306447327947619e-07,0.0067340929936715345,9.2459189360104763e-07,0.016534326377095288,4.2141881657428466e-06,0.0003441145397622694,2.8488482178333717e-09
1651,1.3489333229961955,0.37152819758231892,0.014956479999999999,0.066939274320494069,0.00011095194821955924,0.0065000668855896863,8.306447327947619e-07,0.0067340929936715345,9.2459189360104763e-07,0.032922391524293174,1.7197917793120815e-05,0.024380651360960948,7.631216362179021e-06
1652,1.187164502884777,0.35883333610032886,0.015005085,0.066939274320494069,0.00011095194821955924,0.0065000668855896863,8.306447327947619e-07,0.0067340929936715345,9.2459189360104763e-07,0.067329104785706195,7.0057662713197101e-05,0.19041559486652979,0.0004957115273660211
1653,1.2017842986669296,0.3480159972028456,0.015001478,0.066939274320494069,0.00011095194821955924,0.0065000668855896863,8.306447327947619e-07,0.0067340929936715345,9.2459189360104763e-07,0.13466067744867269,0.00028084676437526779,0.0055576717676975368,4.4941701671434056e-07
1654,1.223923878784589,0.36362732262193059,0.015005475000000001,0.066939274320494069,0.00011095194821955924,0.0065000668855896863,8.306447327947619e-07,0.013875902228953515,3.8910972590460246e-06,0.13466067744867269,0.00028084676437526779,0,0
1655,1.3837641004021375,0.38902385264847678,0.014933636,0.066939274320494069,0.00011095194821955924,0.0065000668855896863,8.306447327947619e-07,0.029482704752294028,1.5922870822089668e-05,0.0075661031970618185,1.0157051859989345e-06,0.048165930627978824,3.1024997526312467e-05
1656,1.282080951943261,0.39583536943046777,0.014901664,0.066939274320494069,0.00011095194821955924,0.0065000668855896863,8.306447327947619e-07,0.11753286278100532,0.00026025549033156434,0.067329104785706195,7.0057662713197101e-05,0.19041559486652979,0.0004957115273660211
1657,1.6167285916522847,0.4201253723426282,0.014912084000000001,0.066939274320494069,0.00011095194821955924,0.0065000668855896863,8.306447327947619e-07,0.23357852699496401,0.001044597176994619,0.016534326377095288,4.2141881657428466e-06,0.0011137781542328951,1.9666077745222721e-08
1658,1.3908769670044698,0.38277298538139792,0.014961329000000001,0.066939274320494069,0.00011095194821955924,0.012588944289611177,3.5224865185964549e-06,0,0,0,0,0.048165930627978824,3.1024997526312467e-05
1659,1.2217710714728083,0.35497381801942079,0.014943114,0.066939274320494069,0.00011095194821955924,0.012588944289611177,3.5224865185964549e-06,0,0,0.13466067744867269,0.00028084676437526779,0.0003441145397622694,2.8488482178333717e-09
1660,1.1894677003793752,0.35454312441195868,0.014976188,0.066939274320494069,0.00011095194821955924,0.012588944289611177,3.5224865185964549e-06,0,0,0.13466067744867269,0.00028084676437526779,0.048165930627978824,3.1024997526312467e-05
1661,1.3900703386670967,0.38270577901875047,0.014914136999999999,0.066939274320494069,0.00011095194821955924,0.012588944289611177,3.5224865185964549e-06,0.000556248333386102,5.9346873038682533e-09,0.0016266125358492093,4.650168832398788e-08,0.048165930627978824,3.1024997526312467e-05
1662,1.4269132193448699,0.38571866007309336,0.014948273999999999,0.066939274320494069,0.00011095194821955924,0.012588944289611177,3.5224865185964549e-06,0.0014914208778900066,4.0933148225877827e-08,0,0,0.0025502881807835864,9.853245885274214e-08
1663,1.4262943057853332,0.38570403942303777,0.014885291,0.066939274320494069,0.00011095194821955924,0.012588944289611177,3.5224865185964549e-06,0.0014914208778900066,4.0933148225877827e-08,0.00059882329038815337,6.6185493683973793e-09,0.0025502881807835864,9.853245885274214e-08
1664,1.4300479481901958,0.38575403968695704,0.014947192,0.066939274320494069,0.00011095194821955924,0.012588944289611177,3.5224865185964549e-06,0.0032657381748219037,2.0747590606460765e-07,0,0,0.0011137781542328951,1.9666077745222721e-08
1665,1.3813256372275848,0.37737939455081415,0.014911623000000001,0.066939274320494069,0.00011095194821955924,0.012588944289611177,3.5224865185964549e-06,0.0032657381748219037,2.0747590606460765e-07,0.032922391524293174,1.7197917793120815e-05,0.0055576717676975368,4.4941701671434056e-07
1666,1.2523398752223014,0.38213095302662553,0.015004122,0.066939274320494069,0.00011095194821955924,0.012588944289611177,3.5224865185964549e-06,0.0067340929936715345,9.2459189360104763e-07,0.032922391524293174,1.7197917793120815e-05,0.19041559486652979,0.0004957115273660211
1667,1.3484396559564851,0.3796638843178633,0.015067135000000001,0.066939274320494069,0.00011095194821955924,0.012588944289611177,3.5224865185964549e-06,0.029482704752294028,1.5922870822089668e-05,0.067329104785706195,7.0057662713197101e-05,0.024380651360960948,7.631216362179021e-06
1668,1.6477619989832197,0.42261186419089353,0.015055222,0.066939274320494069,0.00011095194821955924,0.012588944289611177,3.5224865185964549e-06,0.23357852699496401,0.001044597176994619,0.0016266125358492093,4.650168832398788e-08,0.0025502881807835864,9.853245885274214e-08
1669,1.638436839283431,0.42238901345397845,0.01500801,0.066939274320494069,0.00011095194821955924,0.012588944289611177,3.5224865185964549e-06,0.23357852699496401,0.001044597176994619,0.0036204138554804133,2.2943610162988871e-07,0.011998077590687784,1.9024147497166475e-06
1670,1.3363483616661287,0.40113437186142115,0.015008862,0.066939274320494069,0.00011095194821955924,0.025011694954138793,1.4476156942003518e-05,0,0,0,0,0.048165930627978824,3.1024997526312467e-05
1671,1.3713749346291235,0.4017264850482381,0.015045322999999999,0.066939274320494069,0.00011095194821955924,0.025011694954138793,1.4476156942003518e-05,0,0,0.00059882329038815337,6.6185493683973793e-09,0.0025502881807835864,9.853245885274214e-08
1672,1.37482317187739,0.40414624865902105,0.01505419,0.066939274320494069,0.00011095194821955924,0.025011694954138793,1.4476156942003518e-05,0.013875902228953515,3.8910972590460246e-06,0,0,0.011998077590687784,1.9024147497166475e-06
1673,1.1299757234467707,0.36989807496649812,0.014988041000000001,0.066939274320494069,0.00011095194821955924,0.025011694954138793,1.4476156942003518e-05,0.013875902228953515,3.8910972590460246e-06,0.13466067744867269,0.00028084676437526779,0.0025502881807835864,9.853245885274214e-08
1674,1.345588908477108,0.3988878447048213,0.014947583,0.066939274320494069,0.00011095194821955924,0.025011694954138793,1.4476156942003518e-05,0.029482704752294028,1.5922870822089668e-05,0.032922391524293174,1.7197917793120815e-05,0.0055576717676975368,4.4941701671434056e-07
1675,1.276438602825781,0.39043724572647631,0.015015775,0.066939274320494069,0.00011095194821955924,0.025011694954138793,1.4476156942003518e-05,0.029482704752294028,1.5922870822089668e-05,0.067329104785706195,7.0057662713197101e-05,0.024380651360960948,7.631216362179021e-06
1676,1.2941687945403975,0.41169630815931402,0.015076592999999999,0.066939274320494069,0.00011095194821955924,0.025011694954138793,1.4476156942003518e-05,0.058191510134582916,6.3561167843227188e-05,0.00059882329038815337,6.6185493683973793e-09,0.19041559486652979,0.0004957115273660211
1677,1.3124423784475687,0.3957247796923678,0.015116821000000001,0.066939274320494069,0.00011095194821955924,0.025011694954138793,1.4476156942003518e-05,0.058191510134582916,6.3561167843227188e-05,0.067329104785706195,7.0057662713197101e-05,0.011998077590687784,1.9024147497166475e-06
1678,1.4694014440397831,0.41469647186439451,0.015032167000000001,0.066939274320494069,0.00011095194821955924,0.025011694954138793,1.4476156942003518e-05,0.11753286278100532,0.00026025549033156434,0,0,0.0003441145397622694,2.8488482178333717e-09
1679,1.4567769951650107,0.41215086555851388,0.014976008000000001,0.066939274320494069,0.00011095194821955924,0.025011694954138793,1.4476156942003518e-05,0.11753286278100532,0.00026025549033156434,0.0075661031970618185,1.0157051859989345e-06,0.0011137781542328951,1.9666077745222721e-08
1680,1.2636372216949137,0.38818484670034392,0.015019731999999999,0.066939274320494069,0.00011095194821955924,0.025011694954138793,1.4476156942003518e-05,0.11753286278100532,0.00026025549033156434,0.13466067744867269,0.00028084676437526779,0.0003441145397622694,2.8488482178333717e-09
1681,1.591337810813676,0.44847474928685926,0.014981449000000001,0.066939274320494069,0.00011095194821955924,0.025011694954138793,1.4476156942003518e-05,0.23357852699496401,0.001044597176994619,0,0,0.0003441145397622694,2.8488482178333717e-09
1682,1.5898416911888698,0.44844475326844779,0.015081572999999999,0.066939274320494069,0.00011095194821955924,0.025011694954138793,1.4476156942003518e-05,0.23357852699496401,0.001044597176994619,0.0016266125358492093,4.650168832398788e-08,0,0
1683,1.1181577767999797,0.38045992088228314,0.015030603999999999,0.066939274320494069,0.00011095194821955924,0.025011694954138793,1.4476156942003518e-05,0.23357852699496401,0.001044597176994619,0.27149403570967562,0.0011467575667019995,0.011998077590687784,1.9024147497166475e-06
1684,1.4264487221487692,0.42656921264367553,0.015031295,0.066939274320494069,0.00011095194821955924,0.049308902239849808,5.8318337274775721e-05,0,0,0.016534326377095288,4.2141881657428466e-06,0.011998077590687784,1.9024147497166475e-06
1685,1.4041570986393821,0.4193128804699004,0.015023580999999999,0.066939274320494069,0.00011095194821955924,0.049308902239849808,5.8318337274775721e-05,0,0,0.032922391524293174,1.7197917793120815e-05,0.0003441145397622694,2.8488482178333717e-09
1686,1.2399614900109281,0.40040321612537938,0.015068135999999999,0.066939274320494069,0.00011095194821955924,0.049308902239849808,5.8318337274775721e-05,0,0,0.13466067744867269,0.00028084676437526779,0.0003441145397622694,2.8488482178333717e-09
1687,1.2404000688397854,0.40044260901372752,0.015061453000000001,0.066939274320494069,0.00011095194821955924,0.049308902239849808,5.8318337274775721e-05,0.000556248333386102,5.9346873038682533e-09,0.13466067744867269,0.00028084676437526779,0,0
1688,1.4381250438629929,0.4288998545011023,0.015126841,0.066939274320494069,0.00011095194821955924,0.049308902239849808,5.8318337274775721e-05,0.0014914208778900066,4.0933148225877827e-08,0,0,0.024380651360960948,7.631216362179021e-06
1689,1.4556376876012664,0.429200254321699,0.015061654000000001,0.066939274320494069,0.00011095194821955924,0.049308902239849808,5.8318337274775721e-05,0.0014914208778900066,4.0933148225877827e-08,0.0016266125358492093,4.650168832398788e-08,0.0011137781542328951,1.9666077745222721e-08
1690,1.4534318256108596,0.42915097178135364,0.015075071000000001,0.066939274320494069,0.00011095194821955924,0.049308902239849808,5.8318337274775721e-05,0.0014914208778900066,4.0933148225877827e-08,0.0036204138554804133,2.2943610162988871e-07,0.0003441145397622694,2.8488482178333717e-09
1691,1.4488965899899131,0.42902000508961435,0.015164453,0.066939274320494069,0.00011095194821955924,0.049308902239849808,5.8318337274775721e-05,0.0032657381748219037,2.0747590606460765e-07,0.0036204138554804133,2.2943610162988871e-07,0.011998077590687784,1.9024147497166475e-06
1692,1.4505732860046432,0.42905994869114433,0.015190745,0.066939274320494069,0.00011095194821955924,0.049308902239849808,5.8318337274775721e-05,0.0032657381748219037,2.0747590606460765e-07,0.0075661031970618185,1.0157051859989345e-06,0.0003441145397622694,2.8488482178333717e-09
1693,1.4389461586056433,0.42681410034713158,0.015169604,0.066939274320494069,0.00011095194821955924,0.049308902239849808,5.8318337274775721e-05,0.0032657381748219037,2.0747590606460765e-07,0.016534326377095288,4.2141881657428466e-06,0,0
1694,1.4650234106903548,0.42935624481655105,0.015131881,0.066939274320494069,0.00011095194821955924,0.049308902239849808,5.8318337274775721e-05,0.0067340929936715345,9.2459189360104763e-07,0,0,0,0
1695,1.3570060478609953,0.41341234915845299,0.015073427,0.066939274320494069,0.00011095194821955924,0.049308902239849808,5.8318337274775721e-05,0.0067340929936715345,9.2459189360104763e-07,0.067329104785706195,7.0057662713197101e-05,0.0025502881807835864,9.853245885274214e-08
1696,1.340631420415364,0.42676178262266623,0.015097704,0.066939274320494069,0.00011095194821955924,0.049308902239849808,5.8318337274775721e-05,0.013875902228953515,3.8910972590460246e-06,0.0036204138554804133,2.2943610162988871e-07,0.19041559486652979,0.0004957115273660211
1697,1.4475997471940028,0.42699806140196661,0.015181086999999999,0.066939274320494069,0.00011095194821955924,0.049308902239849808,5.8318337274775721e-05,0.013875902228953515,3.8910972590460246e-06,0.016534326377095288,4.2141881657428466e-06,0,0
1698,1.374054545149471,0.41364377948416342,0.01513654,0.066939274320494069,0.00011095194821955924,0.049308902239849808,5.8318337274775721e-05,0.029482704752294028,1.5922870822089668e-05,0.067329104785706195,7.0057662713197101e-05,0.0055576717676975368,4.4941701671434056e-07
1699,1.4856818402863272,0.4291532426885753,0.015110818999999999,0.066939274320494069,0.00011095194821955924,0.049308902239849808,5.8318337274775721e-05,0.058191510134582916,6.3561167843227188e-05,0.032922391524293174,1.7197917793120815e-05,0.0003441145397622694,2.8488482178333717e-09
1700,1.6420180642340165,0.44572928207512469,0.015112011999999999,0.066939274320494069,0.00011095194821955924,0.049308902239849808,5.8318337274775721e-05,0.23357852699496401,0.001044597176994619,0.016534326377095288,4.2141881657428466e-06,0,0
1701,1.4309366958555541,0.44748763591908008,0.015067575,0.066939274320494069,0.00011095194821955924,0.099112756898239507,0.00023255411467313362,0,0,0.13466067744867269,0.00028084676437526779,0.011998077590687784,1.9024147497166475e-06
1702,1.6366909375660337,0.46354721541291999,0.015123173,0.066939274320494069,0.00011095194821955924,0.099112756898239507,0.00023255411467313362,0.000556248333386102,5.9346873038682533e-09,0,0,0.011998077590687784,1.9024147497166475e-06
1703,1.4733462807359228,0.46072676788347111,0.015170425,0.066939274320494069,0.00011095194821955924,0.099112756898239507,0.00023255411467313362,0.000556248333386102,5.9346873038682533e-09,0.0075661031970618185,1.0157051859989345e-06,0.19041559486652979,0.0004957115273660211
1704,1.633206964726243,0.4634363215070591,0.015062205,0.066939274320494069,0.00011095194821955924,0.099112756898239507,0.00023255411467313362,0.0014914208778900066,4.0933148225877827e-08,0.0036204138554804133,2.2943610162988871e-07,0.011998077590687784,1.9024147497166475e-06
1705,1.6151651937893496,0.46295398354771844,0.015050914,0.066939274320494069,0.00011095194821955924,0.099112756898239507,0.00023255411467313362,0.0032657381748219037,2.0747590606460765e-07,0.0016266125358492093,4.650168832398788e-08,0.048165930627978824,3.1024997526312467e-05
1706,1.6236498003020359,0.46320349879557182,0.015015545,0.066939274320494069,0.00011095194821955924,0.099112756898239507,0.00023255411467313362,0.0032657381748219037,2.0747590606460765e-07,0.016534326377095288,4.2141881657428466e-06,0.0011137781542328951,1.9666077745222721e-08
1707,1.6464268056527847,0.46373808615924095,0.015041445000000001,0.066939274320494069,0.00011095194821955924,0.099112756898239507,0.00023255411467313362,0.0067340929936715345,9.2459189360104763e-07,0.0036204138554804133,2.2943610162988871e-07,0.0011137781542328951,1.9666077745222721e-08
1708,1.4966858665378469,0.46577923872962013,0.015027728000000001,0.066939274320494069,0.00011095194821955924,0.099112756898239507,0.00023255411467313362,0.029482704752294028,1.5922870822089668e-05,0.0075661031970618185,1.0157051859989345e-06,0.19041559486652979,0.0004957115273660211
1709,1.6715272768615643,0.46952868881749515,0.014944796999999999,0.066939274320494069,0.00011095194821955924,0.099112756898239507,0.00023255411467313362,0.058191510134582916,6.3561167843227188e-05,0.0075661031970618185,1.0157051859989345e-06,0.011998077590687784,1.9024147497166475e-06
1710,1.6346524951898349,0.46606421708489715,0.014975838,0.066939274320494069,0.00011095194821955924,0.099112756898239507,0.00023255411467313362,0.058191510134582916,6.3561167843227188e-05,0.032922391524293174,1.7197917793120815e-05,0.0011137781542328951,1.9666077745222721e-08
1711,1.1611463852387591,0.41513633837033004,0.014986709000000001,0.066939274320494069,0.00011095194821955924,0.099112756898239507,0.00023255411467313362,0.058191510134582916,6.3561167843227188e-05,0.27149403570967562,0.0011467575667019995,0.19041559486652979,0.0004957115273660211
1712,1.6403770022380519,0.48809015273116252,0.014964345,0.066939274320494069,0.00011095194821955924,0.099112756898239507,0.00023255411467313362,0.11753286278100532,0.00026025549033156434,0,0,0.19041559486652979,0.0004957115273660211
1713,1.770962491460875,0.49163038345586979,0.015026677,0.066939274320494069,0.00011095194821955924,0.099112756898239507,0.00023255411467313362,0.11753286278100532,0.00026025549033156434,0.00059882329038815337,6.6185493683973793e-09,0.0011137781542328951,1.9666077745222721e-08
1714,1.3527571409945793,0.43667834587888071,0.014941601000000001,0.066939274320494069,0.00011095194821955924,0.099112756898239507,0.00023255411467313362,0.11753286278100532,0.00026025549033156434,0.27149403570967562,0.0011467575667019995,0.011998077590687784,1.9024147497166475e-06
1715,1.7952841421241486,0.50135131202857142,0.015033990000000001,0.066939274320494069,0.00011095194821955924,0.099112756898239507,0.00023255411467313362,0.23357852699496401,0.001044597176994619,0.00059882329038815337,6.6185493683973793e-09,0.095166505640853619,0.00012474732005306627
1716,1.8623383719911915,0.49836920243561572,0.015040672999999999,0.066939274320494069,0.00011095194821955924,0.099112756898239507,0.00023255411467313362,0.23357852699496401,0.001044597176994619,0.0075661031970618185,1.0157051859989345e-06,0.0003441145397622694,2.8488482178333717e-09
1717,1.8371545359512043,0.49318724919816637,0.014988392,0.066939274320494069,0.00011095194821955924,0.099112756898239507,0.00023255411467313362,0.23357852699496401,0.001044597176994619,0.016534326377095288,4.2141881657428466e-06,0.011998077590687784,1.9024147497166475e-06
1718,1.5543241173832427,0.46054597460595109,0.015020624999999999,0.066939274320494069,0.00011095194821955924,0.099112756898239507,0.00023255411467313362,0.23357852699496401,0.001044597176994619,0.13466067744867269,0.00028084676437526779,0.19041559486652979,0.0004957115273660211
1719,2.0250226138642975,0.54869762323362858,0.015097503999999999,0.066939274320494069,0.00011095194821955924,0.199574729684656,0.00093691305727090681,0,0,0,0,0,0
1720,2.009768534299913,0.54822889138529618,0.01498233,0.066939274320494069,0.00011095194821955924,0.199574729684656,0.00093691305727090681,0,0,0.0075661031970618185,1.0157051859989345e-06,0.0025502881807835864,9.853245885274214e-08
1721,1.8472712516861105,0.51610538559162988,0.015118655,0.066939274320494069,0.00011095194821955924,0.199574729684656,0.00093691305727090681,0,0,0.13466067744867269,0.00028084676437526779,0,0
1722,2.0099244964178897,0.54821936354723966,0.01507524,0.066939274320494069,0.00011095194821955924,0.199574729684656,0.00093691305727090681,0.000556248333386102,5.9346873038682533e-09,0.0036204138554804133,2.2943610162988871e-07,0.011998077590687784,1.9024147497166475e-06
1723,1.8909915893371507,0.54388688906898031,0.015086904,0.066939274320494069,0.00011095194821955924,0.199574729684656,0.00093691305727090681,0.000556248333386102,5.9346873038682533e-09,0.0075661031970618185,1.0157051859989345e-06,0.19041559486652979,0.0004957115273660211
1724,2.0223471398725428,0.54861592398203352,0.015080110000000001,0.066939274320494069,0.00011095194821955924,0.199574729684656,0.00093691305727090681,0.0014914208778900066,4.0933148225877827e-08,0.0016266125358492093,4.650168832398788e-08,0.0011137781542328951,1.9666077745222721e-08
1725,2.0126316529152328,0.54832379335916548,0.01520327,0.066939274320494069,0.00011095194821955924,0.199574729684656,0.00093691305727090681,0.0014914208778900066,4.0933148225877827e-08,0.0075661031970618185,1.0157051859989345e-06,0.0003441145397622694,2.8488482178333717e-09
1726,1.9989263978680101,0.54791399332713731,0.015091472,0.066939274320494069,0.00011095194821955924,0.199574729684656,0.00093691305727090681,0.0014914208778900066,4.0933148225877827e-08,0.016534326377095288,4.2141881657428466e-06,0,0
1727,1.6406133394855511,0.47868263716352627,0.015089058000000001,0.066939274320494069,0.00011095194821955924,0.199574729684656,0.00093691305727090681,0.0014914208778900066,4.0933148225877827e-08,0.27149403570967562,0.0011467575667019995,0.011998077590687784,1.9024147497166475e-06
1728,1.9895437350659333,0.54753671635030388,0.015010986,0.066939274320494069,0.00011095194821955924,0.199574729684656,0.00093691305727090681,0.0032657381748219037,2.0747590606460765e-07,0.0016266125358492093,4.650168832398788e-08,0.048165930627978824,3.1024997526312467e-05
1729,1.8542620285083637,0.53831368708474003,0.015038308,0.066939274320494069,0.00011095194821955924,0.199574729684656,0.00093691305727090681,0.0032657381748219037,2.0747590606460765e-07,0.067329104785706195,7.0057662713197101e-05,0.095166505640853619,0.00012474732005306627
1730,1.9593328402177252,0.54642350041616239,0.015088225,0.066939274320494069,0.00011095194821955924,0.199574729684656,0.00093691305727090681,0.0067340929936715345,9.2459189360104763e-07,0.0036204138554804133,2.2943610162988871e-07,0.095166505640853619,0.00012474732005306627
1731,2.0090970053040675,0.54821583508496563,0.015153663,0.066939274320494069,0.00011095194821955924,0.199574729684656,0.00093691305727090681,0.0067340929936715345,9.2459189360104763e-07,0.0075661031970618185,1.0157051859989345e-06,0.011998077590687784,1.9024147497166475e-06
1732,2.0294666843933551,0.54877494283659789,0.015051144000000001,0.066939274320494069,0.00011095194821955924,0.199574729684656,0.00093691305727090681,0.013875902228953515,3.8910972590460246e-06,0,0,0.011998077590687784,1.9024147497166475e-06
1733,1.8664153461356852,0.51846090936601896,0.015045674,0.066939274320494069,0.00011095194821955924,0.199574729684656,0.00093691305727090681,0.013875902228953515,3.8910972590460246e-06,0.13466067744867269,0.00028084676437526779,0.0025502881807835864,9.853245885274214e-08
1734,2.0917445309335041,0.55779545952823295,0.015075441,0.066939274320494069,0.00011095194821955924,0.199574729684656,0.00093691305727090681,0.058191510134582916,6.3561167843227188e-05,0,0,0.0003441145397622694,2.8488482178333717e-09
1735,2.1436573808346266,0.56602294006988363,0.015051455,0.066939274320494069,0.00011095194821955924,0.199574729684656,0.00093691305727090681,0.11753286278100532,0.00026025549033156434,0.0075661031970618185,1.0157051859989345e-06,0.0011137781542328951,1.9666077745222721e-08
1736,2.0277815280962388,0.55489612496565544,0.015076302999999999,0.066939274320494069,0.00011095194821955924,0.199574729684656,0.00093691305727090681,0.23357852699496401,0.001044597176994619,0.067329104785706195,7.0057662713197101e-05,0.19041559486652979,0.0004957115273660211
1737,2.1078509755393302,0.57849582714825631,0.015120939,0.13176089435020727,0.00044119738942117147,0,0,0,0,0,0,0,0
1738,2.1075642052262471,0.57848665995485837,0.015112782999999999,0.13176089435020727,0.00044119738942117147,0,0,0,0,0,0,0.0003441145397622694,2.8488482178333717e-09
1739,2.1036860479446076,0.57835049318366905,0.015035573999999999,0.13176089435020727,0.00044119738942117147,0,0,0,0,0,0,0.0055576717676975368,4.4941701671434056e-07
1740,2.0901934334763288,0.57791600988039771,0.015016296,0.13176089435020727,0.00044119738942117147,0,0,0,0,0,0,0.024380651360960948,7.631216362179021e-06
1741,2.0694730309068192,0.57733623292496161,0.015076602999999999,0.13176089435020727,0.00044119738942117147,0,0,0,0,0,0,0.048165930627978824,3.1024997526312467e-05
1742,2.0886587970051971,0.57789141403172972,0.015086001,0.13176089435020727,0.00044119738942117147,0,0,0,0,0.00059882329038815337,6.6185493683973793e-09,0.024380651360960948,7.631216362179021e-06
1743,2.105558334282001,0.57841805607578278,0.01498728,0.13176089435020727,0.00044119738942117147,0,0,0,0,0.0016266125358492093,4.650168832398788e-08,0,0
1744,1.9767940967832189,0.57401892083727291,0.015075701,0.13176089435020727,0.00044119738942117147,0,0,0,0,0.0016266125358492093,4.650168832398788e-08,0.19041559486652979,0.0004957115273660211
1745,2.102716237721785,0.5783165748189244,0.015098927,0.13176089435020727,0.00044119738942117147,0,0,0,0,0.0036204138554804133,2.2943610162988871e-07,0,0
1746,2.0952554588119292,0.57590851650904107,0.015041014,0.13176089435020727,0.00044119738942117147,0,0,0,0,0.0075661031970618185,1.0157051859989345e-06,0,0
1747,2.0602571842074213,0.56551032785746036,0.015035474,0.13176089435020727,0.00044119738942117147,0,0,0,0,0.032922391524293174,1.7197917793120815e-05,0.0003441145397622694,2.8488482178333717e-09
1748,2.0182304856794406,0.55819088075181988,0.015096831999999999,0.13176089435020727,0.00044119738942117147,0,0,0,0,0.067329104785706195,7.0057662713197101e-05,0,0
1749,2.0907770254419091,0.57793560717710457,0.015120218,0.13176089435020727,0.00044119738942117147,0,0,0.000556248333386102,5.9346873038682533e-09,0,0,0.024380651360960948,7.631216362179021e-06
1750,1.9810978256544691,0.57413184906710535,0.015074809999999999,0.13176089435020727,0.00044119738942117147,0,0,0.000556248333386102,5.9346873038682533e-09,0,0,0.19041559486652979,0.0004957115273660211
1751,2.1061464365310223,0.57843300438992762,0.015075221,0.13176089435020727,0.00044119738942117147,0,0,0.000556248333386102,5.9346873038682533e-09,0.0016266125358492093,4.650168832398788e-08,0,0
1752,2.1087712160777468,0.57853902078780661,0.015215904000000001,0.13176089435020727,0.00044119738942117147,0,0,0.0014914208778900066,4.0933148225877827e-08,0,0,0,0
1753,2.0954764928232619,0.57594918769244263,0.015117403,0.13176089435020727,0.00044119738942117147,0,0,0.0014914208778900066,4.0933148225877827e-08,0.0075661031970618185,1.0157051859989345e-06,0,0
1754,2.0981212682450527,0.57599648474280896,0.015021606,0.13176089435020727,0.00044119738942117147,0,0,0.0032657381748219037,2.0747590606460765e-07,0.0075661031970618185,1.0157051859989345e-06,0.0003441145397622694,2.8488482178333717e-09
1755,2.1125714300252909,0.57868977650390807,0.015074769,0.13176089435020727,0.00044119738942117147,0,0,0.0067340929936715345,9.2459189360104763e-07,0,0,0,0
1756,2.1123302757202262,0.57868031622652261,0.015122933,0.13176089435020727,0.00044119738942117147,0,0,0.0067340929936715345,9.2459189360104763e-07,0,0,0.0003441145397622694,2.8488482178333717e-09
1757,2.1103393083861715,0.5786228203233762,0.015082695,0.13176089435020727,0.00044119738942117147,0,0,0.0067340929936715345,9.2459189360104763e-07,0,0,0.0025502881807835864,9.853245885274214e-08
1758,2.1207947690920341,0.57892178686510565,0.015056834999999999,0.13176089435020727,0.00044119738942117147,0,0,0.013875902228953515,3.8910972590460246e-06,0,0,0,0
1759,2.0479477514938838,0.57418823108251837,0.015068066,0.13176089435020727,0.00044119738942117147,0,0,0.029482704752294028,1.5922870822089668e-05,0.032922391524293174,1.7197917793120815e-05,0.048165930627978824,3.1024997526312467e-05
1760,2.1928956880146293,0.59942949005254442,0.015052196,0.13176089435020727,0.00044119738942117147,0,0,0.11753286278100532,0.00026025549033156434,0,0,0.0003441145397622694,2.8488482178333717e-09
1761,2.2861977774552886,0.60251609257368943,0.015034390999999999,0.13176089435020727,0.00044119738942117147,0,0,0.23357852699496401,0.001044597176994619,0,0,0,0
1762,2.1036860479446076,0.57835049318366905,0.015057086000000001,0.13176089435020727,0.00044119738942117147,0.00054984026108467472,5.4234620717900624e-09,0,0,0,0,0.0055576717676975368,4.4941701671434056e-07
1763,2.1069316848152249,0.57846966937640765,0.015096923,0.13176089435020727,0.00044119738942117147,0.00054984026108467472,5.4234620717900624e-09,0,0,0.00059882329038815337,6.6185493683973793e-09,0,0
1764,2.1050742676448317,0.57840577741792709,0.015040873,0.13176089435020727,0.00044119738942117147,0.00054984026108467472,5.4234620717900624e-09,0,0,0.00059882329038815337,6.6185493683973793e-09,0.0025502881807835864,9.853245885274214e-08
1765,2.034066100728074,0.57599825063818644,0.015051224,0.13176089435020727,0.00044119738942117147,0.00054984026108467472,5.4234620717900624e-09,0,0,0.0036204138554804133,2.2943610162988871e-07,0.095166505640853619,0.00012474732005306627
1766,2.0952554588119292,0.57590851650904107,0.015054951,0.13176089435020727,0.00044119738942117147,0.00054984026108467472,5.4234620717900624e-09,0,0,0.0075661031970618185,1.0157051859989345e-06,0,0
1767,2.0569678316239663,0.56538297687233985,0.015134465,0.13176089435020727,0.00044119738942117147,0.00054984026108467472,5.4234620717900624e-09,0,0,0.032922391524293174,1.7197917793120815e-05,0.0055576717676975368,4.4941701671434056e-07
1768,2.1083685076199568,0.57851098606828788,0.015164384,0.13176089435020727,0.00044119738942117147,0.00054984026108467472,5.4234620717900624e-09,0.000556248333386102,5.9346873038682533e-09,0,0,0,0
1769,2.066248583044997,0.57724692072618733,0.015093064999999999,0.13176089435020727,0.00044119738942117147,0.00054984026108467472,5.4234620717900624e-09,0.000556248333386102,5.9346873038682533e-09,0.0016266125358492093,4.650168832398788e-08,0.048165930627978824,3.1024997526312467e-05
1770,1.7401929351544716,0.52034113062658283,0.015004543,0.13176089435020727,0.00044119738942117147,0.00054984026108467472,5.4234620717900624e-09,0.000556248333386102,5.9346873038682533e-09,0.27149403570967562,0.0011467575667019995,0.0025502881807835864,9.853245885274214e-08
1771,1.9811415756253303,0.57414861015292384,0.014943826,0.13176089435020727,0.00044119738942117147,0.00054984026108467472,5.4234620717900624e-09,0.0014914208778900066,4.0933148225877827e-08,0.00059882329038815337,6.6185493683973793e-09,0.19041559486652979,0.0004957115273660211
1772,1.9446911473885802,0.56134826069040922,0.014942232999999999,0.13176089435020727,0.00044119738942117147,0.00054984026108467472,5.4234620717900624e-09,0.0032657381748219037,2.0747590606460765e-07,0.032922391524293174,1.7197917793120815e-05,0.19041559486652979,0.0004957115273660211
1773,2.1125714300252909,0.57868977650390807,0.015039992,0.13176089435020727,0.00044119738942117147,0.00054984026108467472,5.4234620717900624e-09,0.0067340929936715345,9.2459189360104763e-07,0,0,0,0
1774,2.0720136033067216,0.57755775583864066,0.014945649,0.13176089435020727,0.00044119738942117147,0.00054984026108467472,5.4234620717900624e-09,0.0067340929936715345,9.2459189360104763e-07,0,0,0.048165930627978824,3.1024997526312467e-05
1775,1.9804062344804243,0.57421012520364345,0.014976859,0.13176089435020727,0.00044119738942117147,0.00054984026108467472,5.4234620717900624e-09,0.0067340929936715345,9.2459189360104763e-07,0.0036204138554804133,2.2943610162988871e-07,0.19041559486652979,0.0004957115273660211
1776,2.0252873418755559,0.55836182800689405,0.015019552,0.13176089435020727,0.00044119738942117147,0.00054984026108467472,5.4234620717900624e-09,0.0067340929936715345,9.2459189360104763e-07,0.067329104785706195,7.0057662713197101e-05,0.0003441145397622694,2.8488482178333717e-09
1777,1.9656677487875771,0.5562587203928524,0.015025864999999999,0.13176089435020727,0.00044119738942117147,0.00054984026108467472,5.4234620717900624e-09,0.0067340929936715345,9.2459189360104763e-07,0.067329104785706195,7.0057662713197101e-05,0.095166505640853619,0.00012474732005306627
1778,2.1161135275528684,0.57875037323558498,0.015064951,0.13176089435020727,0.00044119738942117147,0.00054984026108467472,5.4234620717900624e-09,0.013875902228953515,3.8910972590460246e-06,0.00059882329038815337,6.6185493683973793e-09,0.0055576717676975368,4.4941701671434056e-07
1779,2.1231117118689764,0.58232979810415664,0.014983573,0.13176089435020727,0.00044119738942117147,0.00054984026108467472,5.4234620717900624e-09,0.029482704752294028,1.5922870822089668e-05,0.0016266125358492093,4.650168832398788e-08,0.011998077590687784,1.9024147497166475e-06
1780,2.0956742601584355,0.58143496793816685,0.015038670000000001,0.13176089435020727,0.00044119738942117147,0.00054984026108467472,5.4234620717900624e-09,0.029482704752294028,1.5922870822089668e-05,0.0016266125358492093,4.650168832398788e-08,0.048165930627978824,3.1024997526312467e-05
1781,1.7062373843450394,0.50872492758150456,0.014988021000000001,0.13176089435020727,0.00044119738942117147,0.00054984026108467472,5.4234620717900624e-09,0.029482704752294028,1.5922870822089668e-05,0.27149403570967562,0.0011467575667019995,0.0011137781542328951,1.9666077745222721e-08
1782,2.1161412296411091,0.58231835495916284,0.015022618999999999,0.13176089435020727,0.00044119738942117147,0.00054984026108467472,5.4234620717900624e-09,0.058191510134582916,6.3561167843227188e-05,0.0016266125358492093,4.650168832398788e-08,0.048165930627978824,3.1024997526312467e-05
1783,1.8654840513236628,0.55727096105827345,0.015058257,0.13176089435020727,0.00044119738942117147,0.00054984026108467472,5.4234620717900624e-09,0.058191510134582916,6.3561167843227188e-05,0.13466067744867269,0.00028084676437526779,0.095166505640853619,0.00012474732005306627
1784,2.1870717214362032,0.597421293083224,0.015041835999999999,0.13176089435020727,0.00044119738942117147,0.00054984026108467472,5.4234620717900624e-09,0.11753286278100532,0.00026025549033156434,0.0036204138554804133,2.2943610162988871e-07,0.0011137781542328951,1.9666077745222721e-08
1785,2.1681820153559794,0.59232165887426103,0.015127312,0.13176089435020727,0.00044119738942117147,0.00054984026108467472,5.4234620717900624e-09,0.11753286278100532,0.00026025549033156434,0.016534326377095288,4.2141881657428466e-06,0.0011137781542328951,1.9666077745222721e-08
1786,2.2861977774552886,0.60251609257368943,0.015140417999999999,0.13176089435020727,0.00044119738942117147,0.00054984026108467472,5.4234620717900624e-09,0.23357852699496401,0.001044597176994619,0,0,0,0
1787,1.930003746068899,0.54560741780155819,0.015008951,0.13176089435020727,0.00044119738942117147,0.0014826382597978712,3.7927712872417375e-08,0,0,0.13466067744867269,0.00028084676437526779,0,0
1788,2.1055315378965096,0.57620120002131825,0.015042196000000001,0.13176089435020727,0.00044119738942117147,0.0014826382597978712,3.7927712872417375e-08,0.000556248333386102,5.9346873038682533e-09,0.0036204138554804133,2.2943610162988871e-07,0,0
1789,1.962794554220356,0.57137380213686617,0.01501834,0.13176089435020727,0.00044119738942117147,0.0014826382597978712,3.7927712872417375e-08,0.000556248333386102,5.9346873038682533e-09,0.016534326377095288,4.2141881657428466e-06,0.19041559486652979,0.0004957115273660211
1790,1.9856948286559177,0.57433168129205636,0.015038640000000001,0.13176089435020727,0.00044119738942117147,0.0014826382597978712,3.7927712872417375e-08,0.0067340929936715345,9.2459189360104763e-07,0.0016266125358492093,4.650168832398788e-08,0.19041559486652979,0.0004957115273660211
1791,2.0988045817026979,0.57831420598431904,0.015024732000000001,0.13176089435020727,0.00044119738942117147,0.0014826382597978712,3.7927712872417375e-08,0.0067340929936715345,9.2459189360104763e-07,0.0036204138554804133,2.2943610162988871e-07,0.011998077590687784,1.9024147497166475e-06
1792,2.1406446623333601,0.58864103068834361,0.014991689000000001,0.13176089435020727,0.00044119738942117147,0.0014826382597978712,3.7927712872417375e-08,0.029482704752294028,1.5922870822089668e-05,0,0,0,0
1793,2.0042230906343725,0.58418250685854922,0.015046855,0.13176089435020727,0.00044119738942117147,0.0014826382597978712,3.7927712872417375e-08,0.029482704752294028,1.5922870822089668e-05,0.00059882329038815337,6.6185493683973793e-09,0.19041559486652979,0.0004957115273660211
1794,1.6414614934049412,0.50895126564920601,0.015017027000000001,0.13176089435020727,0.00044119738942117147,0.0014826382597978712,3.7927712872417375e-08,0.029482704752294028,1.5922870822089668e-05,0.27149403570967562,0.0011467575667019995,0.19041559486652979,0.0004957115273660211
1795,2.0175312946261506,0.5849679663187517,0.014998961999999999,0.13176089435020727,0.00044119738942117147,0.0014826382597978712,3.7927712872417375e-08,0.058191510134582916,6.3561167843227188e-05,0.0036204138554804133,2.2943610162988871e-07,0.19041559486652979,0.0004957115273660211
1796,1.9440220146961524,0.55831675317506591,0.015007960000000001,0.13176089435020727,0.00044119738942117147,0.0014826382597978712,3.7927712872417375e-08,0.058191510134582916,6.3561167843227188e-05,0.13466067744867269,0.00028084676437526779,0.011998077590687784,1.9024147497166475e-06
1797,1.7973820919089798,0.53382488914490134,0.014999693999999999,0.13176089435020727,0.00044119738942117147,0.0014826382597978712,3.7927712872417375e-08,0.058191510134582916,6.3561167843227188e-05,0.27149403570967562,0.0011467575667019995,0,0
1798,2.275559647926729,0.59556850987166587,0.015037046,0.13176089435020727,0.00044119738942117147,0.0014826382597978712,3.7927712872417375e-08,0.23357852699496401,0.001044597176994619,0.032922391524293174,1.7197917793120815e-05,0.0025502881807835864,9.853245885274214e-08
1799,2.2337606791230158,0.59059255348403994,0.015100860000000001,0.13176089435020727,0.00044119738942117147,0.0014826382597978712,3.7927712872417375e-08,0.23357852699496401,0.001044597176994619,0.067329104785706195,7.0057662713197101e-05,0,0
1800,2.1155983017417435,0.57876016576450573,0.015050503,0.13176089435020727,0.00044119738942117147,0.0032763021406752579,1.8605944461100654e-07,0,0,0,0,0,0
1801,1.7516612229757302,0.5159077907217452,0.015005355,0.13176089435020727,0.00044119738942117147,0.0032763021406752579,1.8605944461100654e-07,0,0,0.27149403570967562,0.0011467575667019995,0,0
1802,2.115015067848574,0.5810129285951966,0.014951881,0.13176089435020727,0.00044119738942117147,0.0032763021406752579,1.8605944461100654e-07,0.0014914208778900066,4.0933148225877827e-08,0.0016266125358492093,4.650168832398788e-08,0,0
1803,2.120645960561665,0.58116515431470805,0.014953805000000001,0.13176089435020727,0.00044119738942117147,0.0032763021406752579,1.8605944461100654e-07,0.0067340929936715345,9.2459189360104763e-07,0,0,0.0025502881807835864,9.853245885274214e-08
1804,2.1142588593291403,0.58090695693541661,0.014989745,0.13176089435020727,0.00044119738942117147,0.0032763021406752579,1.8605944461100654e-07,0.0067340929936715345,9.2459189360104763e-07,0.00059882329038815337,6.6185493683973793e-09,0.011998077590687784,1.9024147497166475e-06
1805,2.1165813413863219,0.58102353997357259,0.015079739,0.13176089435020727,0.00044119738942117147,0.0032763021406752579,1.8605944461100654e-07,0.0067340929936715345,9.2459189360104763e-07,0.0016266125358492093,4.650168832398788e-08,0.0055576717676975368,4.4941701671434056e-07
1806,2.0201388850565185,0.57434437431116747,0.015124386,0.13176089435020727,0.00044119738942117147,0.0032763021406752579,1.8605944461100654e-07,0.013875902228953515,3.8910972590460246e-06,0.032922391524293174,1.7197917793120815e-05,0.095166505640853619,0.00012474732005306627
1807,2.1700622266233403,0.5897202849954345,0.015073728,0.13176089435020727,0.00044119738942117147,0.0032763021406752579,1.8605944461100654e-07,0.058191510134582916,6.3561167843227188e-05,0,0,0,0
1808,2.1684076845655622,0.58965036113071911,0.015127252000000001,0.13176089435020727,0.00044119738942117147,0.0032763021406752579,1.8605944461100654e-07,0.058191510134582916,6.3561167843227188e-05,0,0,0.0025502881807835864,9.853245885274214e-08
1809,2.1613622268197905,0.58941795319427692,0.015096221,0.13176089435020727,0.00044119738942117147,0.0032763021406752579,1.8605944461100654e-07,0.058191510134582916,6.3561167843227188e-05,0,0,0.011998077590687784,1.9024147497166475e-06
1810,2.1429996892251255,0.58696233208967408,0.015149655999999999,0.13176089435020727,0.00044119738942117147,0.0032763021406752579,1.8605944461100654e-07,0.058191510134582916,6.3561167843227188e-05,0.016534326377095288,4.2141881657428466e-06,0.0011137781542328951,1.9666077745222721e-08
1811,2.1186220028986016,0.58163712639441578,0.015152992000000001,0.13176089435020727,0.00044119738942117147,0.0032763021406752579,1.8605944461100654e-07,0.058191510134582916,6.3561167843227188e-05,0.032922391524293174,1.7197917793120815e-05,0.0011137781542328951,1.9666077745222721e-08
1812,2.2296332697298094,0.59834039365599623,0.015029782,0.13176089435020727,0.00044119738942117147,0.0032763021406752579,1.8605944461100654e-07,0.11753286278100532,0.00026025549033156434,0.0036204138554804133,2.2943610162988871e-07,0.0025502881807835864,9.853245885274214e-08
1813,2.1135129193707178,0.588137180347863,0.014963904,0.13176089435020727,0.00044119738942117147,0.0032763021406752579,1.8605944461100654e-07,0.11753286278100532,0.00026025549033156434,0.032922391524293174,1.7197917793120815e-05,0.095166505640853619,0.00012474732005306627
1814,1.8145564017481774,0.53519444684155004,0.014966800000000001,0.13176089435020727,0.00044119738942117147,0.0032763021406752579,1.8605944461100654e-07,0.11753286278100532,0.00026025549033156434,0.27149403570967562,0.0011467575667019995,0.011998077590687784,1.9024147497166475e-06
1815,2.1215819818159618,0.58488708609313944,0.014975046000000001,0.13176089435020727,0.00044119738942117147,0.0065000668855896863,8.306447327947619e-07,0,0,0.0016266125358492093,4.650168832398788e-08,0.0025502881807835864,9.853245885274214e-08
1816,2.1213566264786134,0.58487480108256229,0.014992139999999999,0.13176089435020727,0.00044119738942117147,0.0065000668855896863,8.306447327947619e-07,0.000556248333386102,5.9346873038682533e-09,0.0036204138554804133,2.2943610162988871e-07,0,0
1817,2.1030195918573829,0.58192552812641918,0.014948434,0.13176089435020727,0.00044119738942117147,0.0065000668855896863,8.306447327947619e-07,0.0014914208778900066,4.0933148225877827e-08,0.016534326377095288,4.2141881657428466e-06,0.0025502881807835864,9.853245885274214e-08
1818,2.112883432317032,0.58445985590861604,0.015034422,0.13176089435020727,0.00044119738942117147,0.0065000668855896863,8.306447327947619e-07,0.0032657381748219037,2.0747590606460765e-07,0.00059882329038815337,6.6185493683973793e-09,0.024380651360960948,7.631216362179021e-06
1819,1.756901840142886,0.51610592388658083,0.015082775,0.13176089435020727,0.00044119738942117147,0.0065000668855896863,8.306447327947619e-07,0.0032657381748219037,2.0747590606460765e-07,0.27149403570967562,0.0011467575667019995,0,0
1820,2.0780460403370973,0.58370301204859476,0.014974826,0.13176089435020727,0.00044119738942117147,0.0065000668855896863,8.306447327947619e-07,0.0067340929936715345,9.2459189360104763e-07,0.0075661031970618185,1.0157051859989345e-06,0.048165930627978824,3.1024997526312467e-05
1821,2.1046424147463147,0.58434747813597221,0.014939246999999999,0.13176089435020727,0.00044119738942117147,0.0065000668855896863,8.306447327947619e-07,0.0067340929936715345,9.2459189360104763e-07,0.016534326377095288,4.2141881657428466e-06,0.0025502881807835864,9.853245885274214e-08
1822,2.1414987320707763,0.58888253910495847,0.014931471,0.13176089435020727,0.00044119738942117147,0.0065000668855896863,8.306447327947619e-07,0.029482704752294028,1.5922870822089668e-05,0.0016266125358492093,4.650168832398788e-08,0.011998077590687784,1.9024147497166475e-06
1823,2.1385564782584354,0.58649314023153643,0.014799725,0.13176089435020727,0.00044119738942117147,0.0065000668855896863,8.306447327947619e-07,0.029482704752294028,1.5922870822089668e-05,0.0036204138554804133,2.2943610162988871e-07,0.011998077590687784,1.9024147497166475e-06
1824,2.1375458786667147,0.5875357031133146,0.014901172000000001,0.13176089435020727,0.00044119738942117147,0.0065000668855896863,8.306447327947619e-07,0.029482704752294028,1.5922870822089668e-05,0.0075661031970618185,1.0157051859989345e-06,0.0055576717676975368,4.4941701671434056e-07
1825,1.9432272289794801,0.55098352739904322,0.014880582999999999,0.13176089435020727,0.00044119738942117147,0.0065000668855896863,8.306447327947619e-07,0.029482704752294028,1.5922870822089668e-05,0.13466067744867269,0.00028084676437526779,0.024380651360960948,7.631216362179021e-06
1826,1.770937258322276,0.53055564436825053,0.014908075999999999,0.13176089435020727,0.00044119738942117147,0.0065000668855896863,8.306447327947619e-07,0.029482704752294028,1.5922870822089668e-05,0.27149403570967562,0.0011467575667019995,0.0055576717676975368,4.4941701671434056e-07
1827,1.9118863057855808,0.56290880397732435,0.014966549000000001,0.13176089435020727,0.00044119738942117147,0.0065000668855896863,8.306447327947619e-07,0.11753286278100532,0.00026025549033156434,0.13466067744867269,0.00028084676437526779,0.19041559486652979,0.0004957115273660211
1828,2.3273494308626352,0.59908313708585348,0.015151969,0.13176089435020727,0.00044119738942117147,0.0065000668855896863,8.306447327947619e-07,0.23357852699496401,0.001044597176994619,0.0075661031970618185,1.0157051859989345e-06,0,0
1829,2.2448283287640405,0.59145882104103642,0.015147259999999999,0.13176089435020727,0.00044119738942117147,0.0065000668855896863,8.306447327947619e-07,0.23357852699496401,0.001044597176994619,0.016534326377095288,4.2141881657428466e-06,0.095166505640853619,0.00012474732005306627
1830,2.117729392054605,0.57876672324265233,0.015084709,0.13176089435020727,0.00044119738942117147,0.012588944289611177,3.5224865185964549e-06,0,0,0.016534326377095288,4.2141881657428466e-06,0.0055576717676975368,4.4941701671434056e-07
1831,2.0523479667439797,0.56990769842606848,0.015104077,0.13176089435020727,0.00044119738942117147,0.012588944289611177,3.5224865185964549e-06,0,0,0.067329104785706195,7.0057662713197101e-05,0.0025502881807835864,9.853245885274214e-08
1832,2.0576438880588999,0.57002753322211108,0.015104878,0.13176089435020727,0.00044119738942117147,0.012588944289611177,3.5224865185964549e-06,0.0014914208778900066,4.0933148225877827e-08,0.067329104785706195,7.0057662713197101e-05,0.0003441145397622694,2.8488482178333717e-09
1833,2.0535528922676516,0.56990487642820253,0.015077475,0.13176089435020727,0.00044119738942117147,0.012588944289611177,3.5224865185964549e-06,0.0014914208778900066,4.0933148225877827e-08,0.067329104785706195,7.0057662713197101e-05,0.0055576717676975368,4.4941701671434056e-07
1834,1.9703942430236232,0.54982336800547083,0.015063168,0.13176089435020727,0.00044119738942117147,0.012588944289611177,3.5224865185964549e-06,0.0014914208778900066,4.0933148225877827e-08,0.13466067744867269,0.00028084676437526779,0,0
1835,2.1470830824107905,0.58763827167092675,0.015059039,0.13176089435020727,0.00044119738942117147,0.012588944289611177,3.5224865185964549e-06,0.0032657381748219037,2.0747590606460765e-07,0.0016266125358492093,4.650168832398788e-08,0,0
1836,2.1379753364125524,0.58720350745385219,0.01504928,0.13176089435020727,0.00044119738942117147,0.012588944289611177,3.5224865185964549e-06,0.0067340929936715345,9.2459189360104763e-07,0,0,0.024380651360960948,7.631216362179021e-06
1837,2.1396459578321374,0.5873727018425311,0.014949957,0.13176089435020727,0.00044119738942117147,0.012588944289611177,3.5224865185964549e-06,0.0067340929936715345,9.2459189360104763e-07,0.0075661031970618185,1.0157051859989345e-06,0.0025502881807835864,9.853245885274214e-08
1838,2.1543483724534647,0.58999963714680015,0.015011106,0.13176089435020727,0.00044119738942117147,0.012588944289611177,3.5224865185964549e-06,0.013875902228953515,3.8910972590460246e-06,0,0,0.011998077590687784,1.9024147497166475e-06
1839,2.120946159915106,0.58902760046275471,0.015042747,0.13176089435020727,0.00044119738942117147,0.012588944289611177,3.5224865185964549e-06,0.013875902228953515,3.8910972590460246e-06,0.00059882329038815337,6.6185493683973793e-09,0.048165930627978824,3.1024997526312467e-05
1840,2.1362197103244767,0.58831768883819058,0.014979966000000001,0.13176089435020727,0.00044119738942117147,0.012588944289611177,3.5224865185964549e-06,0.013875902228953515,3.8910972590460246e-06,0.016534326377095288,4.2141881657428466e-06,0.0011137781542328951,1.9666077745222721e-08
1841,2.1971005295146053,0.59435715408049361,0.015107544000000001,0.13176089435020727,0.00044119738942117147,0.012588944289611177,3.5224865185964549e-06,0.058191510134582916,6.3561167843227188e-05,0.0016266125358492093,4.650168832398788e-08,0.011998077590687784,1.9024147497166475e-06
1842,2.1908153491415243,0.59322197175223534,0.015199862999999999,0.13176089435020727,0.00044119738942117147,0.012588944289611177,3.5224865185964549e-06,0.058191510134582916,6.3561167843227188e-05,0.0075661031970618185,1.0157051859989345e-06,0.0055576717676975368,4.4941701671434056e-07
1843,2.1623519495677885,0.59207723111646993,0.015174313,0.13176089435020727,0.00044119738942117147,0.012588944289611177,3.5224865185964549e-06,0.058191510134582916,6.3561167843227188e-05,0.0075661031970618185,1.0157051859989345e-06,0.048165930627978824,3.1024997526312467e-05
1844,2.0886188924011044,0.57736267165318444,0.015112634,0.13176089435020727,0.00044119738942117147,0.012588944289611177,3.5224865185964549e-06,0.058191510134582916,6.3561167843227188e-05,0.067329104785706195,7.0057662713197101e-05,0.024380651360960948,7.631216362179021e-06
1845,2.3491288632857343,0.62856639059423969,0.015163192000000001,0.13176089435020727,0.00044119738942117147,0.012588944289611177,3.5224865185964549e-06,0.23357852699496401,0.001044597176994619,0.0036204138554804133,2.2943610162988871e-07,0.024380651360960948,7.631216362179021e-06
1846,2.2041910058865155,0.59663254002980726,0.01508542,0.13176089435020727,0.00044119738942117147,0.025011694954138793,1.4476156942003518e-05,0,0,0,0,0.0011137781542328951,1.9666077745222721e-08
1847,1.8140829330449644,0.53217034277604702,0.015072174000000001,0.13176089435020727,0.00044119738942117147,0.025011694954138793,1.4476156942003518e-05,0,0,0.27149403570967562,0.0011467575667019995,0.024380651360960948,7.631216362179021e-06
1848,2.1997242013653211,0.59646792776515623,0.015090340000000001,0.13176089435020727,0.00044119738942117147,0.025011694954138793,1.4476156942003518e-05,0.0014914208778900066,4.0933148225877827e-08,0.0016266125358492093,4.650168832398788e-08,0.0055576717676975368,4.4941701671434056e-07
1849,2.1912270116683303,0.59619534117648809,0.015045753,0.13176089435020727,0.00044119738942117147,0.025011694954138793,1.4476156942003518e-05,0.0032657381748219037,2.0747590606460765e-07,0.0075661031970618185,1.0157051859989345e-06,0.0055576717676975368,4.4941701671434056e-07
1850,1.819146260082394,0.53023090417919849,0.015124607,0.13176089435020727,0.00044119738942117147,0.025011694954138793,1.4476156942003518e-05,0.0067340929936715345,9.2459189360104763e-07,0.27149403570967562,0.0011467575667019995,0.024380651360960948,7.631216362179021e-06
1851,2.1832976865389835,0.60091010973880177,0.015122693,0.13176089435020727,0.00044119738942117147,0.025011694954138793,1.4476156942003518e-05,0.058191510134582916,6.3561167843227188e-05,0.00059882329038815337,6.6185493683973793e-09,0.095166505640853619,0.00012474732005306627
1852,2.2054308506666942,0.59961676226366645,0.015182910000000001,0.13176089435020727,0.00044119738942117147,0.025011694954138793,1.4476156942003518e-05,0.058191510134582916,6.3561167843227188e-05,0.0075661031970618185,1.0157051859989345e-06,0.048165930627978824,3.1024997526312467e-05
1853,2.2688614349877496,0.61143733364022546,0.015107894,0.13176089435020727,0.00044119738942117147,0.025011694954138793,1.4476156942003518e-05,0.11753286278100532,0.00026025549033156434,0.00059882329038815337,6.6185493683973793e-09,0.048165930627978824,3.1024997526312467e-05
1854,2.3027752950733626,0.60911581857295605,0.01502822,0.13176089435020727,0.00044119738942117147,0.049308902239849808,5.8318337274775721e-05,0,0,0.0075661031970618185,1.0157051859989345e-06,0.0011137781542328951,1.9666077745222721e-08
1855,2.2892522522098622,0.60870747191952901,0.015088156,0.13176089435020727,0.00044119738942117147,0.049308902239849808,5.8318337274775721e-05,0,0,0.016534326377095288,4.2141881657428466e-06,0,0
1856,2.1236905311597942,0.60273922302333927,0.015076854000000001,0.13176089435020727,0.00044119738942117147,0.049308902239849808,5.8318337274775721e-05,0,0,0.032922391524293174,1.7197917793120815e-05,0.19041559486652979,0.0004957115273660211
1857,2.2497636942146073,0.60713306593568339,0.015017648,0.13176089435020727,0.00044119738942117147,0.049308902239849808,5.8318337274775721e-05,0.000556248333386102,5.9346873038682533e-09,0.032922391524293174,1.7197917793120815e-05,0.024380651360960948,7.631216362179021e-06
1858,2.2052217384615602,0.60488050579154662,0.015086964,0.13176089435020727,0.00044119738942117147,0.049308902239849808,5.8318337274775721e-05,0.000556248333386102,5.9346873038682533e-09,0.067329104785706195,7.0057662713197101e-05,0.011998077590687784,1.9024147497166475e-06
1859,2.0982639363658708,0.58155916864774282,0.015037247,0.13176089435020727,0.00044119738942117147,0.049308902239849808,5.8318337274775721e-05,0.000556248333386102,5.9346873038682533e-09,0.13466067744867269,0.00028084676437526779,0.024380651360960948,7.631216362179021e-06
1860,2.3091306872979795,0.60773415563151523,0.015068247,0.13176089435020727,0.00044119738942117147,0.049308902239849808,5.8318337274775721e-05,0.0032657381748219037,2.0747590606460765e-07,0.0036204138554804133,2.2943610162988871e-07,0.0025502881807835864,9.853245885274214e-08
1861,2.318686221481185,0.60813491503529338,0.015058429,0.13176089435020727,0.00044119738942117147,0.049308902239849808,5.8318337274775721e-05,0.0067340929936715345,9.2459189360104763e-07,0,0,0,0
1862,2.2875535642229403,0.60677025384575956,0.015029311,0.13176089435020727,0.00044119738942117147,0.049308902239849808,5.8318337274775721e-05,0.0067340929936715345,9.2459189360104763e-07,0.00059882329038815337,6.6185493683973793e-09,0.048165930627978824,3.1024997526312467e-05
1863,2.2373135833007112,0.60556210584746351,0.014999073,0.13176089435020727,0.00044119738942117147,0.049308902239849808,5.8318337274775721e-05,0.013875902228953515,3.8910972590460246e-06,0.067329104785706195,7.0057662713197101e-05,0.0003441145397622694,2.8488482178333717e-09
1864,2.1265475751089724,0.57670241601499372,0.014983412,0.13176089435020727,0.00044119738942117147,0.049308902239849808,5.8318337274775721e-05,0.013875902228953515,3.8910972590460246e-06,0.13466067744867269,0.00028084676437526779,0.0025502881807835864,9.853245885274214e-08
1865,1.849652622335797,0.55140287916448805,0.015006998000000001,0.13176089435020727,0.00044119738942117147,0.049308902239849808,5.8318337274775721e-05,0.029482704752294028,1.5922870822089668e-05,0.27149403570967562,0.0011467575667019995,0.19041559486652979,0.0004957115273660211
1866,2.3186423803309761,0.61022705399621713,0.015114376000000001,0.13176089435020727,0.00044119738942117147,0.049308902239849808,5.8318337274775721e-05,0.058191510134582916,6.3561167843227188e-05,0.032922391524293174,1.7197917793120815e-05,0,0
1867,1.988616258623878,0.56462872217090776,0.015103035000000001,0.13176089435020727,0.00044119738942117147,0.049308902239849808,5.8318337274775721e-05,0.11753286278100532,0.00026025549033156434,0.27149403570967562,0.0011467575667019995,0.0011137781542328951,1.9666077745222721e-08
1868,2.5314767785261663,0.65732096670730489,0.015102343000000001,0.13176089435020727,0.00044119738942117147,0.049308902239849808,5.8318337274775721e-05,0.23357852699496401,0.001044597176994619,0,0,0.024380651360960948,7.631216362179021e-06
1869,2.4595627526789152,0.63530214426552356,0.015058458,0.13176089435020727,0.00044119738942117147,0.099112756898239507,0.00023255411467313362,0,0,0,0,0.0025502881807835864,9.853245885274214e-08
1870,2.4420998688101405,0.63462653206966235,0.015043890000000001,0.13176089435020727,0.00044119738942117147,0.099112756898239507,0.00023255411467313362,0,0,0,0,0.024380651360960948,7.631216362179021e-06
1871,2.4562649884330745,0.63295127550685204,0.015044650999999999,0.13176089435020727,0.00044119738942117147,0.099112756898239507,0.00023255411467313362,0,0,0.0036204138554804133,2.2943610162988871e-07,0,0
1872,2.0135501255673267,0.57876695001528433,0.01498238,0.13176089435020727,0.00044119738942117147,0.099112756898239507,0.00023255411467313362,0.000556248333386102,5.9346873038682533e-09,0.27149403570967562,0.0011467575667019995,0.048165930627978824,3.1024997526312467e-05
1873,2.4527868436174822,0.63281000583775326,0.014958074,0.13176089435020727,0.00044119738942117147,0.099112756898239507,0.00023255411467313362,0.0014914208778900066,4.0933148225877827e-08,0.00059882329038815337,6.6185493683973793e-09,0.011998077590687784,1.9024147497166475e-06
1874,2.4281478454291712,0.63169841427497575,0.015004152999999999,0.13176089435020727,0.00044119738942117147,0.099112756898239507,0.00023255411467313362,0.0014914208778900066,4.0933148225877827e-08,0.00059882329038815337,6.6185493683973793e-09,0.048165930627978824,3.1024997526312467e-05
1875,2.4499659525329891,0.63269651508101554,0.014995435999999999,0.13176089435020727,0.00044119738942117147,0.099112756898239507,0.00023255411467313362,0.0014914208778900066,4.0933148225877827e-08,0.0075661031970618185,1.0157051859989345e-06,0.0011137781542328951,1.9666077745222721e-08
1876,2.3460992773671481,0.61910866773389284,0.015008862,0.13176089435020727,0.00044119738942117147,0.099112756898239507,0.00023255411467313362,0.0032657381748219037,2.0747590606460765e-07,0.067329104785706195,7.0057662713197101e-05,0.0011137781542328951,1.9666077745222721e-08
1877,2.4514532180919932,0.63643862794356099,0.014957992999999999,0.13176089435020727,0.00044119738942117147,0.099112756898239507,0.00023255411467313362,0.013875902228953515,3.8910972590460246e-06,0.00059882329038815337,6.6185493683973793e-09,0.024380651360960948,7.631216362179021e-06
1878,2.3132751437673189,0.63121841248242583,0.015092784999999999,0.13176089435020727,0.00044119738942117147,0.099112756898239507,0.00023255411467313362,0.013875902228953515,3.8910972590460246e-06,0.0036204138554804133,2.2943610162988871e-07,0.19041559486652979,0.0004957115273660211
1879,2.4732174933954711,0.63534925892716654,0.014973152,0.13176089435020727,0.00044119738942117147,0.099112756898239507,0.00023255411467313362,0.029482704752294028,1.5922870822089668e-05,0.0075661031970618185,1.0157051859989345e-06,0.0011137781542328951,1.9666077745222721e-08
1880,2.2796419729164468,0.61434029813606694,0.015126099,0.13176089435020727,0.00044119738942117147,0.099112756898239507,0.00023255411467313362,0.029482704752294028,1.5922870822089668e-05,0.13466067744867269,0.00028084676437526779,0.0025502881807835864,9.853245885274214e-08
1881,2.4640303398435326,0.63287904162526376,0.015166628,0.13176089435020727,0.00044119738942117147,0.099112756898239507,0.00023255411467313362,0.11753286278100532,0.00026025549033156434,0.067329104785706195,7.0057662713197101e-05,0.0011137781542328951,1.9666077745222721e-08
1882,2.5185260679687826,0.661805870683149,0.015195044,0.13176089435020727,0.00044119738942117147,0.099112756898239507,0.00023255411467313362,0.23357852699496401,0.001044597176994619,0.00059882329038815337,6.6185493683973793e-09,0.19041559486652979,0.0004957115273660211
1883,2.6450417286526515,0.66798515397668434,0.015026325,0.13176089435020727,0.00044119738942117147,0.099112756898239507,0.00023255411467313362,0.23357852699496401,0.001044597176994619,0.0036204138554804133,2.2943610162988871e-07,0.011998077590687784,1.9024147497166475e-06
1884,2.6327977451267235,0.66729338577924091,0.015145287,0.13176089435020727,0.00044119738942117147,0.099112756898239507,0.00023255411467313362,0.23357852699496401,0.001044597176994619,0.0075661031970618185,1.0157051859989345e-06,0.024380651360960948,7.631216362179021e-06
1885,2.3736108748754083,0.64837888782647279,0.015121020000000001,0.13176089435020727,0.00044119738942117147,0.099112756898239507,0.00023255411467313362,0.23357852699496401,0.001044597176994619,0.067329104785706195,7.0057662713197101e-05,0.19041559486652979,0.0004957115273660211
1886,2.4442750914548537,0.63704844287306994,0.015126911,0.13176089435020727,0.00044119738942117147,0.099112756898239507,0.00023255411467313362,0.23357852699496401,0.001044597176994619,0.13466067744867269,0.00028084676437526779,0.0025502881807835864,9.853245885274214e-08
1887,2.8049740359154827,0.74411007446217869,0.015075099999999999,0.13176089435020727,0.00044119738942117147,0.199574729684656,0.00093691305727090681,0,0,0.0075661031970618185,1.0157051859989345e-06,0,0
1888,2.6044053536640406,0.72323986565311127,0.015100751000000001,0.13176089435020727,0.00044119738942117147,0.199574729684656,0.00093691305727090681,0.000556248333386102,5.9346873038682533e-09,0.13466067744867269,0.00028084676437526779,0.048165930627978824,3.1024997526312467e-05
1889,2.793911827701828,0.74368106489636732,0.015089709,0.13176089435020727,0.00044119738942117147,0.199574729684656,0.00093691305727090681,0.0014914208778900066,4.0933148225877827e-08,0.0016266125358492093,4.650168832398788e-08,0.024380651360960948,7.631216362179021e-06
1890,2.8038781582652703,0.74404754463628486,0.015138815,0.13176089435020727,0.00044119738942117147,0.199574729684656,0.00093691305727090681,0.0014914208778900066,4.0933148225877827e-08,0.0075661031970618185,1.0157051859989345e-06,0.0025502881807835864,9.853245885274214e-08
1891,2.6395541805468921,0.72279863093715968,0.015151018,0.13176089435020727,0.00044119738942117147,0.199574729684656,0.00093691305727090681,0.0067340929936715345,9.2459189360104763e-07,0.13466067744867269,0.00028084676437526779,0.0055576717676975368,4.4941701671434056e-07
1892,2.7327744990049143,0.73810969619221567,0.015172018000000001,0.13176089435020727,0.00044119738942117147,0.199574729684656,0.00093691305727090681,0.013875902228953515,3.8910972590460246e-06,0.067329104785706195,7.0057662713197101e-05,0.0011137781542328951,1.9666077745222721e-08
1893,2.7290218268584066,0.73793977653071374,0.015103105,0.13176089435020727,0.00044119738942117147,0.199574729684656,0.00093691305727090681,0.013875902228953515,3.8910972590460246e-06,0.067329104785706195,7.0057662713197101e-05,0.0055576717676975368,4.4941701671434056e-07
1894,2.7331739042327263,0.74445304492593489,0.015086001999999999,0.13176089435020727,0.00044119738942117147,0.199574729684656,0.00093691305727090681,0.029482704752294028,1.5922870822089668e-05,0.067329104785706195,7.0057662713197101e-05,0.024380651360960948,7.631216362179021e-06
1895,2.4441275349703027,0.7108390565194912,0.015003893000000001,0.13176089435020727,0.00044119738942117147,0.199574729684656,0.00093691305727090681,0.029482704752294028,1.5922870822089668e-05,0.27149403570967562,0.0011467575667019995,0.0011137781542328951,1.9666077745222721e-08
1896,2.6667259305150428,0.74649475901513918,0.015094748,0.13176089435020727,0.00044119738942117147,0.199574729684656,0.00093691305727090681,0.11753286278100532,0.00026025549033156434,0.067329104785706195,7.0057662713197101e-05,0.19041559486652979,0.0004957115273660211
1897,3.7721826268628691,0.98182416143208384,0.015071624,0.26265410100364994,0.0017665486377781159,0,0,0,0,0,0,0,0
1898,3.7701808814334545,0.98168199990150629,0.01509565,0.26265410100364994,0.0017665486377781159,0,0,0,0,0,0,0.0025502881807835864,9.853245885274214e-08
1899,3.7622665464166514,0.98120064518361549,0.015138654,0.26265410100364994,0.0017665486377781159,0,0,0,0,0,0,0.011998077590687784,1.9024147497166475e-06
1900,3.7712937702764227,0.98176789246866292,0.015187469,0.26265410100364994,0.0017665486377781159,0,0,0,0,0.00059882329038815337,6.6185493683973793e-09,0,0
1901,3.7475499588134626,0.97983995118692779,0.015104618,0.26265410100364994,0.0017665486377781159,0,0,0,0,0.016534326377095288,4.2141881657428466e-06,0,0
1902,3.6699433304738029,0.9656117004557625,0.015072446,0.26265410100364994,0.0017665486377781159,0,0,0,0,0.067329104785706195,7.0057662713197101e-05,0.0055576717676975368,4.4941701671434056e-07
1903,3.4405770468690338,0.93163897973254706,0.015067315,0.26265410100364994,0.0017665486377781159,0,0,0,0,0.27149403570967562,0.0011467575667019995,0.011998077590687784,1.9024147497166475e-06
1904,3.706563209279802,0.97688941707593235,0.015060583000000001,0.26265410100364994,0.0017665486377781159,0,0,0.000556248333386102,5.9346873038682533e-09,0,0,0.095166505640853619,0.00012474732005306627
1905,3.7734858625182626,0.98188557016269817,0.015052827,0.26265410100364994,0.0017665486377781159,0,0,0.0014914208778900066,4.0933148225877827e-08,0,0,0.0003441145397622694,2.8488482178333717e-09
1906,3.7517787058477543,0.97985846061470061,0.015163171,0.26265410100364994,0.0017665486377781159,0,0,0.0014914208778900066,4.0933148225877827e-08,0.016534326377095288,4.2141881657428466e-06,0.0011137781542328951,1.9666077745222721e-08
1907,3.7504333363897779,0.97977601219321953,0.015300438,0.26265410100364994,0.0017665486377781159,0,0,0.0014914208778900066,4.0933148225877827e-08,0.016534326377095288,4.2141881657428466e-06,0.0025502881807835864,9.853245885274214e-08
1908,3.6689678595021928,0.96570527790536076,0.015505125,0.26265410100364994,0.0017665486377781159,0,0,0.0014914208778900066,4.0933148225877827e-08,0.067329104785706195,7.0057662713197101e-05,0.0055576717676975368,4.4941701671434056e-07
1909,3.6545231372544773,0.97212124126108734,0.015492661,0.26265410100364994,0.0017665486377781159,0,0,0.0032657381748219037,2.0747590606460765e-07,0.00059882329038815337,6.6185493683973793e-09,0.19041559486652979,0.0004957115273660211
1910,3.5762583519736761,0.95493789850812205,0.01552281,0.26265410100364994,0.0017665486377781159,0,0,0.0032657381748219037,2.0747590606460765e-07,0.13466067744867269,0.00028084676437526779,0.0011137781542328951,1.9666077745222721e-08
1911,3.7726028654463715,0.98193203816133812,0.015661769999999998,0.26265410100364994,0.0017665486377781159,0,0,0.0067340929936715345,9.2459189360104763e-07,0,0,0.0055576717676975368,4.4941701671434056e-07
1912,3.7825174647743989,0.98473567440302956,0.015645919000000001,0.26265410100364994,0.0017665486377781159,0,0,0.013875902228953515,3.8910972590460246e-06,0.00059882329038815337,6.6185493683973793e-09,0,0
1913,3.7739068181256696,0.9840966700827275,0.015649276,0.26265410100364994,0.0017665486377781159,0,0,0.013875902228953515,3.8910972590460246e-06,0.0036204138554804133,2.2943610162988871e-07,0.0055576717676975368,4.4941701671434056e-07
1914,3.7398074905553411,0.98055182693255516,0.015646561,0.26265410100364994,0.0017665486377781159,0,0,0.029482704752294028,1.5922870822089668e-05,0.032922391524293174,1.7197917793120815e-05,0.0025502881807835864,9.853245885274214e-08
1915,3.8131064660506455,0.99123493308792421,0.015683492,0.26265410100364994,0.0017665486377781159,0,0,0.058191510134582916,6.3561167843227188e-05,0,0,0.0025502881807835864,9.853245885274214e-08
1916,3.8768908884633806,0.99294677565106726,0.015409279999999999,0.26265410100364994,0.0017665486377781159,0,0,0.11753286278100532,0.00026025549033156434,0.0036204138554804133,2.2943610162988871e-07,0.0025502881807835864,9.853245885274214e-08
1917,3.6838688077013351,0.96979766138450274,0.015401846,0.26265410100364994,0.0017665486377781159,0,0,0.11753286278100532,0.00026025549033156434,0.13466067744867269,0.00028084676437526779,0.0003441145397622694,2.8488482178333717e-09
1918,3.9632393672822959,1.0193776891228026,0.015522419000000001,0.26265410100364994,0.0017665486377781159,0,0,0.23357852699496401,0.001044597176994619,0,0,0,0
1919,3.962532706961003,1.0193117086719339,0.015592536000000001,0.26265410100364994,0.0017665486377781159,0,0,0.23357852699496401,0.001044597176994619,0,0,0.0011137781542328951,1.9666077745222721e-08
1920,3.9313973389461125,1.0165488504656024,0.015549762999999999,0.26265410100364994,0.0017665486377781159,0,0,0.23357852699496401,0.001044597176994619,0,0,0.048165930627978824,3.1024997526312467e-05
1921,3.8872716136364369,1.0138996574502075,0.015474316,0.26265410100364994,0.0017665486377781159,0,0,0.23357852699496401,0.001044597176994619,0,0,0.095166505640853619,0.00012474732005306627
1922,3.78420895570923,0.99875170655255152,0.015460108,0.26265410100364994,0.0017665486377781159,0,0,0.23357852699496401,0.001044597176994619,0.067329104785706195,7.0057662713197101e-05,0.095166505640853619,0.00012474732005306627
1923,3.7646194312976666,0.97927409693530332,0.015420560999999999,0.26265410100364994,0.0017665486377781159,0.00054984026108467472,5.4234620717900624e-09,0,0,0.0016266125358492093,4.650168832398788e-08,0.0055576717676975368,4.4941701671434056e-07
1924,3.6995662173530399,0.97380780801185673,0.015326179000000001,0.26265410100364994,0.0017665486377781159,0.00054984026108467472,5.4234620717900624e-09,0,0,0.0075661031970618185,1.0157051859989345e-06,0.095166505640853619,0.00012474732005306627
1925,3.7475499588134626,0.97983995118692779,0.015357018,0.26265410100364994,0.0017665486377781159,0.00054984026108467472,5.4234620717900624e-09,0,0,0.016534326377095288,4.2141881657428466e-06,0,0
1926,3.7626424278610933,0.98120928822697151,0.015318093,0.26265410100364994,0.0017665486377781159,0.00054984026108467472,5.4234620717900624e-09,0.000556248333386102,5.9346873038682533e-09,0,0,0.011998077590687784,1.9024147497166475e-06
1927,3.7058144143330427,0.9767743161880984,0.015192429,0.26265410100364994,0.0017665486377781159,0.00054984026108467472,5.4234620717900624e-09,0.0014914208778900066,4.0933148225877827e-08,0.0016266125358492093,4.650168832398788e-08,0.095166505640853619,0.00012474732005306627
1928,3.7600297914404566,0.98087743120979587,0.015071133,0.26265410100364994,0.0017665486377781159,0.00054984026108467472,5.4234620717900624e-09,0.0014914208778900066,4.0933148225877827e-08,0.0036204138554804133,2.2943610162988871e-07,0.011998077590687784,1.9024147497166475e-06
1929,3.6689678595021928,0.96570527790536076,0.015032237,0.26265410100364994,0.0017665486377781159,0.00054984026108467472,5.4234620717900624e-09,0.0014914208778900066,4.0933148225877827e-08,0.067329104785706195,7.0057662713197101e-05,0.0055576717676975368,4.4941701671434056e-07
1930,3.7006588536121141,0.97412840613566676,0.015042867999999999,0.26265410100364994,0.0017665486377781159,0.00054984026108467472,5.4234620717900624e-09,0.0032657381748219037,2.0747590606460765e-07,0.0075661031970618185,1.0157051859989345e-06,0.095166505640853619,0.00012474732005306627
1931,3.7284879439096761,0.9762921804033251,0.015054440000000001,0.26265410100364994,0.0017665486377781159,0.00054984026108467472,5.4234620717900624e-09,0.0032657381748219037,2.0747590606460765e-07,0.032922391524293174,1.7197917793120815e-05,0.0011137781542328951,1.9666077745222721e-08
1932,3.5762583519736761,0.95493789850812205,0.015004943999999999,0.26265410100364994,0.0017665486377781159,0.00054984026108467472,5.4234620717900624e-09,0.0032657381748219037,2.0747590606460765e-07,0.13466067744867269,0.00028084676437526779,0.0011137781542328951,1.9666077745222721e-08
1933,3.7656520232313859,0.97932312965794044,0.015112713,0.26265410100364994,0.0017665486377781159,0.00054984026108467472,5.4234620717900624e-09,0.0067340929936715345,9.2459189360104763e-07,0.0075661031970618185,1.0157051859989345e-06,0.0003441145397622694,2.8488482178333717e-09
1934,3.6354780381442389,0.96502942166327732,0.015129597,0.26265410100364994,0.0017665486377781159,0.00054984026108467472,5.4234620717900624e-09,0.0067340929936715345,9.2459189360104763e-07,0.067329104785706195,7.0057662713197101e-05,0.048165930627978824,3.1024997526312467e-05
1935,3.7078354333354531,0.97895910486345028,0.015151599,0.26265410100364994,0.0017665486377781159,0.00054984026108467472,5.4234620717900624e-09,0.013875902228953515,3.8910972590460246e-06,0.0075661031970618185,1.0157051859989345e-06,0.095166505640853619,0.00012474732005306627
1936,3.8145934911568795,0.99132306172223406,0.015215975,0.26265410100364994,0.0017665486377781159,0.00054984026108467472,5.4234620717900624e-09,0.058191510134582916,6.3561167843227188e-05,0.00059882329038815337,6.6185493683973793e-09,0,0
1937,3.7674499957745802,0.98600317640739976,0.015114828,0.26265410100364994,0.0017665486377781159,0.00054984026108467472,5.4234620717900624e-09,0.058191510134582916,6.3561167843227188e-05,0.0075661031970618185,1.0157051859989345e-06,0.048165930627978824,3.1024997526312467e-05
1938,3.8473271459407079,0.99081581353511172,0.015106301000000001,0.26265410100364994,0.0017665486377781159,0.00054984026108467472,5.4234620717900624e-09,0.11753286278100532,0.00026025549033156434,0.00059882329038815337,6.6185493683973793e-09,0.048165930627978824,3.1024997526312467e-05
1939,3.72141252422978,0.97994554012929358,0.015046505,0.26265410100364994,0.0017665486377781159,0.00054984026108467472,5.4234620717900624e-09,0.11753286278100532,0.00026025549033156434,0.016534326377095288,4.2141881657428466e-06,0.19041559486652979,0.0004957115273660211
1940,3.8335225694350519,0.9875858703695759,0.015147862,0.26265410100364994,0.0017665486377781159,0.00054984026108467472,5.4234620717900624e-09,0.11753286278100532,0.00026025549033156434,0.032922391524293174,1.7197917793120815e-05,0.0003441145397622694,2.8488482178333717e-09
1941,3.9609179776015502,1.0192003588232128,0.015066434,0.26265410100364994,0.0017665486377781159,0.00054984026108467472,5.4234620717900624e-09,0.23357852699496401,0.001044597176994619,0.0016266125358492093,4.650168832398788e-08,0.0011137781542328951,1.9666077745222721e-08
1942,3.7721826268628691,0.98182416143208384,0.015084788999999999,0.26265410100364994,0.0017665486377781159,0.0014826382597978712,3.7927712872417375e-08,0,0,0,0,0,0
1943,3.7673165529332988,0.97943764219703133,0.015108655,0.26265410100364994,0.0017665486377781159,0.0014826382597978712,3.7927712872417375e-08,0,0,0.0016266125358492093,4.650168832398788e-08,0.0025502881807835864,9.853245885274214e-08
1944,3.7202955988366235,0.97615309457249555,0.015091943,0.26265410100364994,0.0017665486377781159,0.0014826382597978712,3.7927712872417375e-08,0,0,0.032922391524293174,1.7197917793120815e-05,0,0
1945,3.7590608285744964,0.97867503516985332,0.015046185,0.26265410100364994,0.0017665486377781159,0.0014826382597978712,3.7927712872417375e-08,0.0014914208778900066,4.0933148225877827e-08,0.0075661031970618185,1.0157051859989345e-06,0.0055576717676975368,4.4941701671434056e-07
1946,3.7484547204226604,0.97960699959500019,0.015141178999999999,0.26265410100364994,0.0017665486377781159,0.0014826382597978712,3.7927712872417375e-08,0.0014914208778900066,4.0933148225877827e-08,0.016534326377095288,4.2141881657428466e-06,0.0055576717676975368,4.4941701671434056e-07
1947,3.5406803863164162,0.95478286791845823,0.015176999,0.26265410100364994,0.0017665486377781159,0.0014826382597978712,3.7927712872417375e-08,0.0014914208778900066,4.0933148225877827e-08,0.13466067744867269,0.00028084676437526779,0.048165930627978824,3.1024997526312467e-05
1948,3.6701052447345579,0.97139072046344022,0.015138473,0.26265410100364994,0.0017665486377781159,0.0014826382597978712,3.7927712872417375e-08,0.0032657381748219037,2.0747590606460765e-07,0.032922391524293174,1.7197917793120815e-05,0.095166505640853619,0.00012474732005306627
1949,3.7237513044103756,0.97622196366350378,0.015091222,0.26265410100364994,0.0017665486377781159,0.0014826382597978712,3.7927712872417375e-08,0.013875902228953515,3.8910972590460246e-06,0.016534326377095288,4.2141881657428466e-06,0.048165930627978824,3.1024997526312467e-05
1950,3.725380041536881,0.97943961727131712,0.015115028000000001,0.26265410100364994,0.0017665486377781159,0.0014826382597978712,3.7927712872417375e-08,0.029482704752294028,1.5922870822089668e-05,0.032922391524293174,1.7197917793120815e-05,0.024380651360960948,7.631216362179021e-06
1951,3.6632052221268796,0.97567817389912281,0.015142592,0.26265410100364994,0.0017665486377781159,0.0014826382597978712,3.7927712872417375e-08,0.029482704752294028,1.5922870822089668e-05,0.032922391524293174,1.7197917793120815e-05,0.095166505640853619,0.00012474732005306627
1952,3.7963322709404084,0.99002885419690689,0.015098466,0.26265410100364994,0.0017665486377781159,0.0014826382597978712,3.7927712872417375e-08,0.058191510134582916,6.3561167843227188e-05,0.00059882329038815337,6.6185493683973793e-09,0.024380651360960948,7.631216362179021e-06
1953,3.7778246994620481,0.98437262573382878,0.015047698,0.26265410100364994,0.0017665486377781159,0.0032763021406752579,1.8605944461100654e-07,0.000556248333386102,5.9346873038682533e-09,0,0,0,0
1954,3.7614376327573265,0.98305151697978899,0.015067727,0.26265410100364994,0.0017665486377781159,0.0032763021406752579,1.8605944461100654e-07,0.000556248333386102,5.9346873038682533e-09,0,0,0.024380651360960948,7.631216362179021e-06
1955,3.7309869768149437,0.97657992613169087,0.015093226,0.26265410100364994,0.0017665486377781159,0.0032763021406752579,1.8605944461100654e-07,0.000556248333386102,5.9346873038682533e-09,0.032922391524293174,1.7197917793120815e-05,0,0
1956,3.6569700680241191,0.97455862060988363,0.015102564000000001,0.26265410100364994,0.0017665486377781159,0.0032763021406752579,1.8605944461100654e-07,0.0032657381748219037,2.0747590606460765e-07,0,0,0.19041559486652979,0.0004957115273660211
1957,3.7526893069705314,0.9803328504203348,0.015091792999999999,0.26265410100364994,0.0017665486377781159,0.0032763021406752579,1.8605944461100654e-07,0.0032657381748219037,2.0747590606460765e-07,0.0075661031970618185,1.0157051859989345e-06,0.024380651360960948,7.631216362179021e-06
1958,3.4588474353520868,0.93205713284751657,0.015093346000000001,0.26265410100364994,0.0017665486377781159,0.0032763021406752579,1.8605944461100654e-07,0.0067340929936715345,9.2459189360104763e-07,0.27149403570967562,0.0011467575667019995,0,0
1959,3.7225198257117502,0.97993199269411457,0.015076212,0.26265410100364994,0.0017665486377781159,0.0032763021406752579,1.8605944461100654e-07,0.013875902228953515,3.8910972590460246e-06,0,0,0.095166505640853619,0.00012474732005306627
1960,3.7848499407505929,0.98270183247667653,0.015100769999999999,0.26265410100364994,0.0017665486377781159,0.0032763021406752579,1.8605944461100654e-07,0.013875902228953515,3.8910972590460246e-06,0.0036204138554804133,2.2943610162988871e-07,0,0
1961,3.6790887658983804,0.97434069365444198,0.015071193,0.26265410100364994,0.0017665486377781159,0.0032763021406752579,1.8605944461100654e-07,0.013875902228953515,3.8910972590460246e-06,0.032922391524293174,1.7197917793120815e-05,0.095166505640853619,0.00012474732005306627
1962,3.799769713438319,0.98437681744077599,0.015051455,0.26265410100364994,0.0017665486377781159,0.0032763021406752579,1.8605944461100654e-07,0.029482704752294028,1.5922870822089668e-05,0.0016266125358492093,4.650168832398788e-08,0.0011137781542328951,1.9666077745222721e-08
1963,3.8215851478032485,0.98819759103153082,0.015047667000000001,0.26265410100364994,0.0017665486377781159,0.0032763021406752579,1.8605944461100654e-07,0.058191510134582916,6.3561167843227188e-05,0.0016266125358492093,4.650168832398788e-08,0.0025502881807835864,9.853245885274214e-08
1964,3.6136805036500039,0.96133378768618383,0.015119537000000001,0.26265410100364994,0.0017665486377781159,0.0032763021406752579,1.8605944461100654e-07,0.058191510134582916,6.3561167843227188e-05,0.13466067744867269,0.00028084676437526779,0.0011137781542328951,1.9666077745222721e-08
1965,3.8608809344441406,0.99067306550791145,0.015130118,0.26265410100364994,0.0017665486377781159,0.0032763021406752579,1.8605944461100654e-07,0.11753286278100532,0.00026025549033156434,0.016534326377095288,4.2141881657428466e-06,0.0011137781542328951,1.9666077745222721e-08
1966,3.6254026641048016,0.97390690051374151,0.015119216,0.26265410100364994,0.0017665486377781159,0.0032763021406752579,1.8605944461100654e-07,0.23357852699496401,0.001044597176994619,0.13466067744867269,0.00028084676437526779,0.19041559486652979,0.0004957115273660211
1967,3.7369503762119574,0.97731872539050613,0.015116050000000001,0.26265410100364994,0.0017665486377781159,0.0065000668855896863,8.306447327947619e-07,0,0,0.032922391524293174,1.7197917793120815e-05,0.0003441145397622694,2.8488482178333717e-09
1968,3.7483988188220136,0.98463578186464529,0.015074079000000001,0.26265410100364994,0.0017665486377781159,0.0065000668855896863,8.306447327947619e-07,0.000556248333386102,5.9346873038682533e-09,0,0,0.048165930627978824,3.1024997526312467e-05
1969,3.7679574606867003,0.98582760000839575,0.015046946,0.26265410100364994,0.0017665486377781159,0.0065000668855896863,8.306447327947619e-07,0.0014914208778900066,4.0933148225877827e-08,0.0016266125358492093,4.650168832398788e-08,0.024380651360960948,7.631216362179021e-06
1970,3.657679280480957,0.97227090821937323,0.015064070000000001,0.26265410100364994,0.0017665486377781159,0.0065000668855896863,8.306447327947619e-07,0.0014914208778900066,4.0933148225877827e-08,0.0075661031970618185,1.0157051859989345e-06,0.19041559486652979,0.0004957115273660211
1971,3.6732403835926126,0.96919423413463468,0.01502306,0.26265410100364994,0.0017665486377781159,0.0065000668855896863,8.306447327947619e-07,0.0014914208778900066,4.0933148225877827e-08,0.067329104785706195,7.0057662713197101e-05,0.024380651360960948,7.631216362179021e-06
1972,3.5180200472561816,0.9512012924969947,0.015094949,0.26265410100364994,0.0017665486377781159,0.0065000668855896863,8.306447327947619e-07,0.0032657381748219037,2.0747590606460765e-07,0.13466067744867269,0.00028084676437526779,0.095166505640853619,0.00012474732005306627
1973,3.7908034221714426,0.98742690262513089,0.015119697,0.26265410100364994,0.0017665486377781159,0.0065000668855896863,8.306447327947619e-07,0.0067340929936715345,9.2459189360104763e-07,0.0016266125358492093,4.650168832398788e-08,0.0011137781542328951,1.9666077745222721e-08
1974,3.7853521273542938,0.99155871976935084,0.015075320999999999,0.26265410100364994,0.0017665486377781159,0.0065000668855896863,8.306447327947619e-07,0.013875902228953515,3.8910972590460246e-06,0.0036204138554804133,2.2943610162988871e-07,0.011998077590687784,1.9024147497166475e-06
1975,3.8102883539485788,0.99352221662659412,0.015128493999999999,0.26265410100364994,0.0017665486377781159,0.0065000668855896863,8.306447327947619e-07,0.029482704752294028,1.5922870822089668e-05,0,0,0.0011137781542328951,1.9666077745222721e-08
1976,3.808775154997682,0.99341709810915935,0.01506948,0.26265410100364994,0.0017665486377781159,0.0065000668855896863,8.306447327947619e-07,0.029482704752294028,1.5922870822089668e-05,0.0016266125358492093,4.650168832398788e-08,0,0
1977,3.8374570911736279,0.99339660217594827,0.015048669000000001,0.26265410100364994,0.0017665486377781159,0.0065000668855896863,8.306447327947619e-07,0.058191510134582916,6.3561167843227188e-05,0,0,0,0
1978,3.7984586921187971,0.99076857406224406,0.015083005999999999,0.26265410100364994,0.0017665486377781159,0.0065000668855896863,8.306447327947619e-07,0.058191510134582916,6.3561167843227188e-05,0,0,0.048165930627978824,3.1024997526312467e-05
1979,3.7226697462177634,0.98491559004912155,0.015101511999999999,0.26265410100364994,0.0017665486377781159,0.0065000668855896863,8.306447327947619e-07,0.058191510134582916,6.3561167843227188e-05,0.032922391524293174,1.7197917793120815e-05,0.095166505640853619,0.00012474732005306627
1980,3.9108568293247008,0.99860273526040944,0.015091563000000001,0.26265410100364994,0.0017665486377781159,0.0065000668855896863,8.306447327947619e-07,0.11753286278100532,0.00026025549033156434,0,0,0.0025502881807835864,9.853245885274214e-08
1981,3.8962494584920635,0.99739452249977312,0.014989183999999999,0.26265410100364994,0.0017665486377781159,0.0065000668855896863,8.306447327947619e-07,0.11753286278100532,0.00026025549033156434,0,0,0.024380651360960948,7.631216362179021e-06
1982,3.8072328672004123,0.99123283005216312,0.01502855,0.26265410100364994,0.0017665486377781159,0.012588944289611177,3.5224865185964549e-06,0,0,0.0016266125358492093,4.650168832398788e-08,0,0
1983,3.8104171457450517,0.99014288673884598,0.015071302999999999,0.26265410100364994,0.0017665486377781159,0.012588944289611177,3.5224865185964549e-06,0.0014914208778900066,4.0933148225877827e-08,0,0,0,0
1984,3.6101354578271296,0.95812807101464037,0.015154264000000001,0.26265410100364994,0.0017665486377781159,0.012588944289611177,3.5224865185964549e-06,0.0014914208778900066,4.0933148225877827e-08,0.13466067744867269,0.00028084676437526779,0.0025502881807835864,9.853245885274214e-08
1985,3.8010473519531334,0.98869572351851309,0.01504901,0.26265410100364994,0.0017665486377781159,0.012588944289611177,3.5224865185964549e-06,0.0032657381748219037,2.0747590606460765e-07,0.0075661031970618185,1.0157051859989345e-06,0,0
1986,3.7821431139430759,0.98894591408927057,0.014996908,0.26265410100364994,0.0017665486377781159,0.012588944289611177,3.5224865185964549e-06,0.0067340929936715345,9.2459189360104763e-07,0.0016266125358492093,4.650168832398788e-08,0.048165930627978824,3.1024997526312467e-05
1987,3.7895297412086206,0.98978712594161689,0.015031826,0.26265410100364994,0.0017665486377781159,0.012588944289611177,3.5224865185964549e-06,0.0067340929936715345,9.2459189360104763e-07,0.016534326377095288,4.2141881657428466e-06,0.0011137781542328951,1.9666077745222721e-08
1988,3.7746637482553762,0.98263880344958998,0.015068517999999999,0.26265410100364994,0.0017665486377781159,0.012588944289611177,3.5224865185964549e-06,0.013875902228953515,3.8910972590460246e-06,0.032922391524293174,1.7197917793120815e-05,0.0011137781542328951,1.9666077745222721e-08
1989,3.8278057188699814,0.98895909262159365,0.015119347,0.26265410100364994,0.0017665486377781159,0.012588944289611177,3.5224865185964549e-06,0.029482704752294028,1.5922870822089668e-05,0,0,0.0025502881807835864,9.853245885274214e-08
1990,3.7920219774529387,0.98611553400935814,0.015075682,0.26265410100364994,0.0017665486377781159,0.012588944289611177,3.5224865185964549e-06,0.029482704752294028,1.5922870822089668e-05,0.0036204138554804133,2.2943610162988871e-07,0.048165930627978824,3.1024997526312467e-05
1991,3.9236714437455245,1.0045635589598128,0.015098517000000001,0.26265410100364994,0.0017665486377781159,0.012588944289611177,3.5224865185964549e-06,0.11753286278100532,0.00026025549033156434,0.00059882329038815337,6.6185493683973793e-09,0.0025502881807835864,9.853245885274214e-08
1992,3.8856817693253585,1.0016513864597869,0.015137101,0.26265410100364994,0.0017665486377781159,0.012588944289611177,3.5224865185964549e-06,0.11753286278100532,0.00026025549033156434,0.0036204138554804133,2.2943610162988871e-07,0.048165930627978824,3.1024997526312467e-05
1993,4.0265565863825872,1.0211370339453367,0.015040714,0.26265410100364994,0.0017665486377781159,0.012588944289611177,3.5224865185964549e-06,0.23357852699496401,0.001044597176994619,0.00059882329038815337,6.6185493683973793e-09,0.0055576717676975368,4.4941701671434056e-07
1994,4.0093257016411048,1.022130572238368,0.015074179,0.26265410100364994,0.0017665486377781159,0.012588944289611177,3.5224865185964549e-06,0.23357852699496401,0.001044597176994619,0.016534326377095288,4.2141881657428466e-06,0,0
1995,3.6422431680749017,0.96253442086448382,0.015099177,0.26265410100364994,0.0017665486377781159,0.012588944289611177,3.5224865185964549e-06,0.23357852699496401,0.001044597176994619,0.27149403570967562,0.0011467575667019995,0.0003441145397622694,2.8488482178333717e-09
1996,3.8473148611162267,0.99394135429760455,0.015053057,0.26265410100364994,0.0017665486377781159,0.025011694954138793,1.4476156942003518e-05,0,0,0,0,0.011998077590687784,1.9024147497166475e-06
1997,3.8483252339149723,0.99416782987062147,0.014953384,0.26265410100364994,0.0017665486377781159,0.025011694954138793,1.4476156942003518e-05,0,0,0.0036204138554804133,2.2943610162988871e-07,0.0003441145397622694,2.8488482178333717e-09
1998,3.8312175636894259,0.99283177597198613,0.015019401999999999,0.26265410100364994,0.0017665486377781159,0.025011694954138793,1.4476156942003518e-05,0,0,0.016534326377095288,4.2141881657428466e-06,0,0
1999,3.8273644341073725,0.99263452944432196,0.015075933,0.26265410100364994,0.0017665486377781159,0.025011694954138793,1.4476156942003518e-05,0.0014914208778900066,4.0933148225877827e-08,0.016534326377095288,4.2141881657428466e-06,0.0055576717676975368,4.4941701671434056e-07
2000,3.8575398462148187,0.99478876612631062,0.015156008,0.26265410100364994,0.0017665486377781159,0.025011694954138793,1.4476156942003518e-05,0.0032657381748219037,2.0747590606460765e-07,0,0,0,0
2001,3.8274102202686127,0.99240408912600497,0.01505426,0.26265410100364994,0.0017665486377781159,0.025011694954138793,1.4476156942003518e-05,0.0032657381748219037,2.0747590606460765e-07,0.016534326377095288,4.2141881657428466e-06,0.011998077590687784,1.9024147497166475e-06
2002,3.7537948355599076,0.98789954516897782,0.015036676000000001,0.26265410100364994,0.0017665486377781159,0.025011694954138793,1.4476156942003518e-05,0.0032657381748219037,2.0747590606460765e-07,0.016534326377095288,4.2141881657428466e-06,0.095166505640853619,0.00012474732005306627
2003,3.8437890623415085,0.99366797810061791,0.015064108999999999,0.26265410100364994,0.0017665486377781159,0.025011694954138793,1.4476156942003518e-05,0.0067340929936715345,9.2459189360104763e-07,0.00059882329038815337,6.6185493683973793e-09,0.024380651360960948,7.631216362179021e-06
2004,3.859142543136671,0.99486434423273506,0.015133654,0.26265410100364994,0.0017665486377781159,0.025011694954138793,1.4476156942003518e-05,0.0067340929936715345,9.2459189360104763e-07,0.0016266125358492093,4.650168832398788e-08,0,0
2005,3.7770061283811942,0.98179440620236513,0.015080972,0.26265410100364994,0.0017665486377781159,0.025011694954138793,1.4476156942003518e-05,0.013875902228953515,3.8910972590460246e-06,0.067329104785706195,7.0057662713197101e-05,0.0003441145397622694,2.8488482178333717e-09
2006,3.6479989608761518,0.97180949564334795,0.015083025999999999,0.26265410100364994,0.0017665486377781159,0.025011694954138793,1.4476156942003518e-05,0.013875902228953515,3.8910972590460246e-06,0.067329104785706195,7.0057662713197101e-05,0.19041559486652979,0.0004957115273660211
2007,3.867418801779674,0.99861892332075786,0.015119587,0.26265410100364994,0.0017665486377781159,0.025011694954138793,1.4476156942003518e-05,0.058191510134582916,6.3561167843227188e-05,0.00059882329038815337,6.6185493683973793e-09,0.048165930627978824,3.1024997526312467e-05
2008,3.6049497497212157,0.95882413778404452,0.015026787,0.26265410100364994,0.0017665486377781159,0.025011694954138793,1.4476156942003518e-05,0.058191510134582916,6.3561167843227188e-05,0.13466067744867269,0.00028084676437526779,0.19041559486652979,0.0004957115273660211
2009,4.003368179796353,1.0234730026096988,0.015003031,0.26265410100364994,0.0017665486377781159,0.025011694954138793,1.4476156942003518e-05,0.23357852699496401,0.001044597176994619,0,0,0,0
2010,3.9208616145876003,0.99789766107150479,0.015069881,0.26265410100364994,0.0017665486377781159,0.049308902239849808,5.8318337274775721e-05,0,0,0,0,0,0
2011,3.5691055869618773,0.94497375532039241,0.015090800999999999,0.26265410100364994,0.0017665486377781159,0.049308902239849808,5.8318337274775721e-05,0,0,0.27149403570967562,0.0011467575667019995,0.0025502881807835864,9.853245885274214e-08
2012,3.7203235156196199,0.96639554791401727,0.01511066,0.26265410100364994,0.0017665486377781159,0.049308902239849808,5.8318337274775721e-05,0.000556248333386102,5.9346873038682533e-09,0.13466067744867269,0.00028084676437526779,0.011998077590687784,1.9024147497166475e-06
2013,3.9197855645802426,0.99778585850907242,0.015137602,0.26265410100364994,0.0017665486377781159,0.049308902239849808,5.8318337274775721e-05,0.0014914208778900066,4.0933148225877827e-08,0.0016266125358492093,4.650168832398788e-08,0.0003441145397622694,2.8488482178333717e-09
2014,3.726572859927884,0.96882391833176051,0.015107003000000001,0.26265410100364994,0.0017665486377781159,0.049308902239849808,5.8318337274775721e-05,0.0014914208778900066,4.0933148225877827e-08,0.13466067744867269,0.00028084676437526779,0.0055576717676975368,4.4941701671434056e-07
2015,3.9253874223629843,1.0003188107658605,0.015124456,0.26265410100364994,0.0017665486377781159,0.049308902239849808,5.8318337274775721e-05,0.0067340929936715345,9.2459189360104763e-07,0,0,0.0011137781542328951,1.9666077745222721e-08
2016,3.9240293138366344,1.0002048430799177,0.015194032,0.26265410100364994,0.0017665486377781159,0.049308902239849808,5.8318337274775721e-05,0.0067340929936715345,9.2459189360104763e-07,0.0016266125358492093,4.650168832398788e-08,0,0
2017,3.5835550236617286,0.94262255763866654,0.015061364000000001,0.26265410100364994,0.0017665486377781159,0.049308902239849808,5.8318337274775721e-05,0.029482704752294028,1.5922870822089668e-05,0.27149403570967562,0.0011467575667019995,0.0003441145397622694,2.8488482178333717e-09
2018,4.0552021138951897,1.0377208041336288,0.015031937,0.26265410100364994,0.0017665486377781159,0.049308902239849808,5.8318337274775721e-05,0.23357852699496401,0.001044597176994619,0.016534326377095288,4.2141881657428466e-06,0,0
2019,4.0172391882926624,1.0336153486153909,0.015034722,0.26265410100364994,0.0017665486377781159,0.049308902239849808,5.8318337274775721e-05,0.23357852699496401,0.001044597176994619,0.032922391524293174,1.7197917793120815e-05,0.024380651360960948,7.631216362179021e-06
2020,3.5308315669072727,0.96701424937003255,0.015070161,0.26265410100364994,0.0017665486377781159,0.049308902239849808,5.8318337274775721e-05,0.23357852699496401,0.001044597176994619,0.27149403570967562,0.0011467575667019995,0.19041559486652979,0.0004957115273660211
2021,4.1231400620692957,1.0316605865963995,0.015089529000000001,0.26265410100364994,0.0017665486377781159,0.099112756898239507,0.00023255411467313362,0,0,0,0,0,0
2022,4.113250336637071,1.0307800190615832,0.015002178999999999,0.26265410100364994,0.0017665486377781159,0.099112756898239507,0.00023255411467313362,0.000556248333386102,5.9346873038682533e-09,0.0016266125358492093,4.650168832398788e-08,0.011998077590687784,1.9024147497166475e-06
2023,4.0964816629015663,1.0268088322681324,0.015011958000000001,0.26265410100364994,0.0017665486377781159,0.099112756898239507,0.00023255411467313362,0.000556248333386102,5.9346873038682533e-09,0.016534326377095288,4.2141881657428466e-06,0,0
2024,3.8844184860287809,1.0021085722918348,0.015013591,0.26265410100364994,0.0017665486377781159,0.099112756898239507,0.00023255411467313362,0.000556248333386102,5.9346873038682533e-09,0.13466067744867269,0.00028084676437526779,0.048165930627978824,3.1024997526312467e-05
2025,4.0644809420024925,1.0238259848439224,0.014978554,0.26265410100364994,0.0017665486377781159,0.099112756898239507,0.00023255411467313362,0.0014914208778900066,4.0933148225877827e-08,0.032922391524293174,1.7197917793120815e-05,0.011998077590687784,1.9024147497166475e-06
2026,4.0458287875178565,1.0217094000038536,0.014987250000000001,0.26265410100364994,0.0017665486377781159,0.099112756898239507,0.00023255411467313362,0.0014914208778900066,4.0933148225877827e-08,0.032922391524293174,1.7197917793120815e-05,0.048165930627978824,3.1024997526312467e-05
2027,4.095254558891499,1.0289978067892627,0.01495608,0.26265410100364994,0.0017665486377781159,0.099112756898239507,0.00023255411467313362,0.0032657381748219037,2.0747590606460765e-07,0,0,0.048165930627978824,3.1024997526312467e-05
2028,3.7179400268413199,0.98081154879245447,0.014973814,0.26265410100364994,0.0017665486377781159,0.099112756898239507,0.00023255411467313362,0.0067340929936715345,9.2459189360104763e-07,0.27149403570967562,0.0011467575667019995,0.024380651360960948,7.631216362179021e-06
2029,4.1314351444538362,1.0315100269093225,0.01507467,0.26265410100364994,0.0017665486377781159,0.099112756898239507,0.00023255411467313362,0.013875902228953515,3.8910972590460246e-06,0.0036204138554804133,2.2943610162988871e-07,0,0
2030,4.0595369487980717,1.0242252225943715,0.015015004,0.26265410100364994,0.0017665486377781159,0.099112756898239507,0.00023255411467313362,0.029482704752294028,1.5922870822089668e-05,0.067329104785706195,7.0057662713197101e-05,0.024380651360960948,7.631216362179021e-06
2031,4.1522521342883705,1.0445960252917208,0.01507435,0.26265410100364994,0.0017665486377781159,0.099112756898239507,0.00023255411467313362,0.058191510134582916,6.3561167843227188e-05,0.00059882329038815337,6.6185493683973793e-09,0.024380651360960948,7.631216362179021e-06
2032,4.1239912577174227,1.0341263582709421,0.015060201,0.26265410100364994,0.0017665486377781159,0.099112756898239507,0.00023255411467313362,0.058191510134582916,6.3561167843227188e-05,0.032922391524293174,1.7197917793120815e-05,0.0003441145397622694,2.8488482178333717e-09
2033,4.2064781114617862,1.0598320295275894,0.015155266000000001,0.26265410100364994,0.0017665486377781159,0.099112756898239507,0.00023255411467313362,0.11753286278100532,0.00026025549033156434,0,0,0.0003441145397622694,2.8488482178333717e-09
2034,3.8893513418951349,1.0053217946334574,0.015209802999999999,0.26265410100364994,0.0017665486377781159,0.099112756898239507,0.00023255411467313362,0.23357852699496401,0.001044597176994619,0.27149403570967562,0.0011467575667019995,0.024380651360960948,7.631216362179021e-06
2035,4.2319607630928822,1.0599232719319995,0.015239620000000001,0.26265410100364994,0.0017665486377781159,0.199574729684656,0.00093691305727090681,0,0,0.13466067744867269,0.00028084676437526779,0.0055576717676975368,4.4941701671434056e-07
2036,4.458444136943843,1.0927715669784281,0.015225012,0.26265410100364994,0.0017665486377781159,0.199574729684656,0.00093691305727090681,0.000556248333386102,5.9346873038682533e-09,0,0,0,0
2037,4.4288112056179578,1.0897787424966741,0.015163282,0.26265410100364994,0.0017665486377781159,0.199574729684656,0.00093691305727090681,0.0067340929936715345,9.2459189360104763e-07,0.0016266125358492093,4.650168832398788e-08,0.048165930627978824,3.1024997526312467e-05
2038,4.2369811483849302,1.0605071578676675,0.015155136,0.26265410100364994,0.0017665486377781159,0.199574729684656,0.00093691305727090681,0.0067340929936715345,9.2459189360104763e-07,0.13466067744867269,0.00028084676437526779,0.0025502881807835864,9.853245885274214e-08
2039,4.3167876842452415,1.0811730359603811,0.015232536,0.26265410100364994,0.0017665486377781159,0.199574729684656,0.00093691305727090681,0.013875902228953515,3.8910972590460246e-06,0,0,0.19041559486652979,0.0004957115273660211
2040,4.3654494658790757,1.0850317326443881,0.015182118,0.26265410100364994,0.0017665486377781159,0.199574729684656,0.00093691305727090681,0.013875902228953515,3.8910972590460246e-06,0.067329104785706195,7.0057662713197101e-05,0.0003441145397622694,2.8488482178333717e-09
2041,4.1841125064607052,1.0595868135464546,0.015182128,0.26265410100364994,0.0017665486377781159,0.199574729684656,0.00093691305727090681,0.013875902228953515,3.8910972590460246e-06,0.13466067744867269,0.00028084676437526779,0.095166505640853619,0.00012474732005306627
2042,4.4645250100455378,1.0947876700458938,0.015067867,0.26265410100364994,0.0017665486377781159,0.199574729684656,0.00093691305727090681,0.029482704752294028,1.5922870822089668e-05,0.0075661031970618185,1.0157051859989345e-06,0.0011137781542328951,1.9666077745222721e-08
2043,3.9719831347837746,1.0310339080333208,0.015011738,0.26265410100364994,0.0017665486377781159,0.199574729684656,0.00093691305727090681,0.029482704752294028,1.5922870822089668e-05,0.27149403570967562,0.0011467575667019995,0.19041559486652979,0.0004957115273660211
2044,4.4653856942007613,1.0993924857679012,0.015041495,0.26265410100364994,0.0017665486377781159,0.199574729684656,0.00093691305727090681,0.058191510134582916,6.3561167843227188e-05,0,0,0.048165930627978824,3.1024997526312467e-05
2045,4.5312803409955533,1.1121408821562517,0.015048288,0.26265410100364994,0.0017665486377781159,0.199574729684656,0.00093691305727090681,0.11753286278100532,0.00026025549033156434,0.00059882329038815337,6.6185493683973793e-09,0.0025502881807835864,9.853245885274214e-08
2046,4.5267601198503176,1.109824725956954,0.015084800000000001,0.26265410100364994,0.0017665486377781159,0.199574729684656,0.00093691305727090681,0.11753286278100532,0.00026025549033156434,0.0036204138554804133,2.2943610162988871e-07,0.0025502881807835864,9.853245885274214e-08
2047,4.3308640019030449,1.0910479653597585,0.01509518,0.26265410100364994,0.0017665486377781159,0.199574729684656,0.00093691305727090681,0.11753286278100532,0.00026025549033156434,0.032922391524293174,1.7197917793120815e-05,0.19041559486652979,0.0004957115273660211
