config_id,overall_MAPE,overall_NMSE,runtime_sec,s0_MAPE,s0_NMSE,s1_MAPE,s1_NMSE,s2_MAPE,s2_NMSE,s3_MAPE,s3_NMSE,s4_MAPE,s4_NMSE,s5_MAPE,s5_NMSE
0,0,0,0.46708663499999997,0,0,0,0,0,0,0,0,0,0,0,0
1,0,0,0.32945257300000003,0,0,0,0,0,0,0,0,0,0,0.00073691275757772434,1.017642263681214e-07
2,0,0,0.30855169100000002,0,0,0,0,0,0,0,0,0,0,0.0020897457832725727,7.133946667246938e-07
3,0,0,0.352351205,0,0,0,0,0,0,0,0,0,0,0.0046713869740736399,3.5621158608966306e-06
4,0,0,0.35738514900000001,0,0,0,0,0,0,0,0,0,0,0.0094673376615136643,1.5803755559712259e-05
5,0,0,0.30323770900000002,0,0,0,0,0,0,0,0,0,0,0.018436560699085457,6.6669330534709393e-05
6,0,0,0.43659915900000001,0,0,0,0,0,0,0,0,0,0,0.035299224261615122,0.00027203686528506433
7,0,0,0.314770775,0,0,0,0,0,0,0,0,0,0,0.066925301383199784,0.0010976716341893321
8,0,0,0.30529771900000002,0,0,0,0,0,0,0,0,0,0,0.12482140519422169,0.0043929082768954294
9,0.017853308042273225,0.0061128677149420085,0.32906089199999999,0,0,0,0,0,0,0,0,0,0,0.23835386535479269,0.017767155452867944
10,0.0007154408482573215,3.043999564602165e-07,0.39284268100000003,0,0,0,0,0,0,0,0,0.0072555615269624344,3.1365272899216516e-06,0,0
11,0.0007154408482573215,3.043999564602165e-07,0.44468881399999999,0,0,0,0,0,0,0,0,0.0072555615269624344,3.1365272899216516e-06,0.0046713869740736399,3.5621158608966306e-06
12,0.0007154408482573215,3.043999564602165e-07,0.376428969,0,0,0,0,0,0,0,0,0.0072555615269624344,3.1365272899216516e-06,0.0094673376615136643,1.5803755559712259e-05
13,0.0019341246153998365,2.1186734658523743e-06,0.30813594500000002,0,0,0,0,0,0,0,0,0.019542957487582578,2.1920897010672351e-05,0,0
14,0.0019341246153998365,2.1186734658523743e-06,0.53329251799999999,0,0,0,0,0,0,0,0,0.019542957487582578,2.1920897010672351e-05,0.0046713869740736399,3.5621158608966306e-06
15,0.0019341246153998365,2.1186734658523743e-06,0.332877859,0,0,0,0,0,0,0,0,0.019542957487582578,2.1920897010672351e-05,0.0094673376615136643,1.5803755559712259e-05
16,0.0019341246153998365,2.1186734658523743e-06,0.42898819199999999,0,0,0,0,0,0,0,0,0.019542957487582578,2.1920897010672351e-05,0.035299224261615122,0.00027203686528506433
17,0.0019341246153998365,2.1186734658523743e-06,0.33480153699999998,0,0,0,0,0,0,0,0,0.019542957487582578,2.1920897010672351e-05,0.12482140519422169,0.0043929082768954294
18,0.019787432657673892,0.0061149863884078608,0.31040418600000003,0,0,0,0,0,0,0,0,0.019542957487582578,2.1920897010672351e-05,0.23835386535479269,0.017767155452867944
19,0.0041053229627482507,1.0592024359234019e-05,0.32178813099999998,0,0,0,0,0,0,0,0,0.041005308662877701,0.00010943307334319948,0,0
20,0.0041053229627482507,1.0592024359234019e-05,0.43161669000000003,0,0,0,0,0,0,0,0,0.041005308662877701,0.00010943307334319948,0.018436560699085457,6.6669330534709393e-05
21,0.0078296133646851875,4.6816823901113004e-05,0.30635633600000001,0,0,0,0,0,0,0,0,0.077646384166351154,0.00048192924222406397,0,0
22,0.0078296133646851875,4.6816823901113004e-05,0.45272295200000001,0,0,0,0,0,0,0,0,0.077646384166351154,0.00048192924222406397,0.035299224261615122,0.00027203686528506433
23,0.025682921406960976,0.0061596845388431215,0.30638659499999998,0,0,0,0,0,0,0,0,0.077646384166351154,0.00048192924222406397,0.23835386535479269,0.017767155452867944
24,0.014100551700556022,0.00019546401442165523,0.332149266,0,0,0,0,0,0,0,0,0.13810176934126006,0.002002016474771101,0,0
25,0.014100551700556022,0.00019546401442165523,0.308403863,0,0,0,0,0,0,0,0,0.13810176934126006,0.002002016474771101,0.0020897457832725727,7.133946667246938e-07
26,0.014100551700556022,0.00019546401442165523,0.44719910099999999,0,0,0,0,0,0,0,0,0.13810176934126006,0.002002016474771101,0.0046713869740736399,3.5621158608966306e-06
27,0.014100551700556022,0.00019546401442165523,0.61247945500000001,0,0,0,0,0,0,0,0,0.13810176934126006,0.002002016474771101,0.066925301383199784,0.0010976716341893321
28,0.031953859742832762,0.0063083317293636636,0.60760828099999997,0,0,0,0,0,0,0,0,0.13810176934126006,0.002002016474771101,0.23835386535479269,0.017767155452867944
29,0.024420190192908208,0.00079126113353594383,0.38345395300000001,0,0,0,0,0,0,0,0,0.23639565188982414,0.008090160902531382,0,0
30,0.024420190192908208,0.00079126113353594383,0.30830759800000002,0,0,0,0,0,0,0,0,0.23639565188982414,0.008090160902531382,0.00073691275757772434,1.017642263681214e-07
31,0.024420190192908208,0.00079126113353594383,0.30712668900000001,0,0,0,0,0,0,0,0,0.23639565188982414,0.008090160902531382,0.0020897457832725727,7.133946667246938e-07
32,0.024420190192908208,0.00079126113353594383,0.363003776,0,0,0,0,0,0,0,0,0.23639565188982414,0.008090160902531382,0.035299224261615122,0.00027203686528506433
33,0.024420190192908208,0.00079126113353594383,0.31895232299999998,0,0,0,0,0,0,0,0,0.23639565188982414,0.008090160902531382,0.12482140519422169,0.0043929082768954294
34,0.00034336118052734886,1.4211970444972308e-05,0.358215283,0,0,0,0,0,0,0.0025776564298912751,7.178637923836913e-07,0,0,0,0
35,0.00034336118052734886,1.4211970444972308e-05,0.30562315899999998,0,0,0,0,0,0,0.0025776564298912751,7.178637923836913e-07,0,0,0.0046713869740736399,3.5621158608966306e-06
36,0.018129765311114886,0.0061045887688349378,0.425837678,0,0,0,0,0,0,0.0025776564298912751,7.178637923836913e-07,0,0,0.23835386535479269,0.017767155452867944
37,0.0021334063509526415,1.6565722914376617e-05,0.33055566600000003,0,0,0,0,0,0,0.0025776564298912751,7.178637923836913e-07,0.019542957487582578,2.1920897010672351e-05,0,0
38,0.025762193398815005,0.0061526297296659984,0.44710091099999999,0,0,0,0,0,0,0.0025776564298912751,7.178637923836913e-07,0.077646384166351154,0.00048192924222406397,0.23835386535479269,0.017767155452867944
39,0.014255805474810075,0.00021245733504298832,0.306025563,0,0,0,0,0,0,0.0025776564298912751,7.178637923836913e-07,0.13810176934126006,0.002002016474771101,0,0
40,0.014255805474810075,0.00021245733504298832,0.31367281400000002,0,0,0,0,0,0,0.0025776564298912751,7.178637923836913e-07,0.13810176934126006,0.002002016474771101,0.066925301383199784,0.0010976716341893321
41,0.024575809547402114,0.00081115653338922986,0.340672319,0,0,0,0,0,0,0.0025776564298912751,7.178637923836913e-07,0.23639565188982414,0.008090160902531382,0.035299224261615122,0.00027203686528506433
42,0.0010184405519672126,4.2282364600305065e-05,0.61561780300000002,0,0,0,0,0,0,0.0070568641369427197,5.0167964149023017e-06,0,0,0,0
43,0.0010184405519672126,4.2282364600305065e-05,0.60841598399999997,0,0,0,0,0,0,0.0070568641369427197,5.0167964149023017e-06,0,0,0.00073691275757772434,1.017642263681214e-07
44,0.0010184405519672126,4.2282364600305065e-05,0.60900213000000003,0,0,0,0,0,0,0.0070568641369427197,5.0167964149023017e-06,0,0,0.0020897457832725727,7.133946667246938e-07
45,0.0025397536458547695,4.4922357306454729e-05,0.61255243199999998,0,0,0,0,0,0,0.0070568641369427197,5.0167964149023017e-06,0.019542957487582578,2.1920897010672351e-05,0.035299224261615122,0.00027203686528506433
46,0.0025397536458547695,4.4922357306454729e-05,0.61581882600000004,0,0,0,0,0,0,0.0070568641369427197,5.0167964149023017e-06,0.019542957487582578,2.1920897010672351e-05,0.12482140519422169,0.0043929082768954294
47,0.014508633276666559,0.00024514180884717738,0.47274088399999997,0,0,0,0,0,0,0.0070568641369427197,5.0167964149023017e-06,0.13810176934126006,0.002002016474771101,0,0
48,0.014508633276666559,0.00024514180884717738,0.30657860799999997,0,0,0,0,0,0,0.0070568641369427197,5.0167964149023017e-06,0.13810176934126006,0.002002016474771101,0.0020897457832725727,7.133946667246938e-07
49,0.0024508220406699514,0.00011775269826788857,0.305998983,0,0,0,0,0,0,0.014981183407215215,2.5095647377126372e-05,0,0,0,0
50,0.0024508220406699514,0.00011775269826788857,0.39500348400000002,0,0,0,0,0,0,0.014981183407215215,2.5095647377126372e-05,0,0,0.0020897457832725727,7.133946667246938e-07
51,0.0024508220406699514,0.00011775269826788857,0.44535762000000001,0,0,0,0,0,0,0.014981183407215215,2.5095647377126372e-05,0,0,0.12482140519422169,0.0043929082768954294
52,0.0028356342891469131,0.0001186542557721013,0.30525571499999998,0,0,0,0,0,0,0.014981183407215215,2.5095647377126372e-05,0.0072555615269624344,3.1365272899216516e-06,0,0
53,0.0028356342891469131,0.0001186542557721013,0.54589747399999999,0,0,0,0,0,0,0.014981183407215215,2.5095647377126372e-05,0.0072555615269624344,3.1365272899216516e-06,0.0046713869740736399,3.5621158608966306e-06
54,0.015002820795181155,0.00032788227126142336,0.56911031700000003,0,0,0,0,0,0,0.014981183407215215,2.5095647377126372e-05,0.13810176934126006,0.002002016474771101,0.066925301383199784,0.0010976716341893321
55,0.025322969290761027,0.00094399141705580052,0.35988541400000001,0,0,0,0,0,0,0.014981183407215215,2.5095647377126372e-05,0.23639565188982414,0.008090160902531382,0.00073691275757772434,1.017642263681214e-07
56,0.004960976184680636,0.00026168408903474424,0.30744352000000003,0,0,0,0,0,0,0.029349513899250026,0.00011093713019455803,0,0,0,0
57,0.004960976184680636,0.00026168408903474424,0.342023719,0,0,0,0,0,0,0.029349513899250026,0.00011093713019455803,0,0,0.0046713869740736399,3.5621158608966306e-06
58,0.004960976184680636,0.00026168408903474424,0.31648609700000002,0,0,0,0,0,0,0.029349513899250026,0.00011093713019455803,0,0,0.12482140519422169,0.0043929082768954294
59,0.0052999893925203007,0.00026336930904932753,0.35601398299999998,0,0,0,0,0,0,0.029349513899250026,0.00011093713019455803,0.0072555615269624344,3.1365272899216516e-06,0,0
60,0.0059558536327432507,0.00026761542478533182,0.49603135399999998,0,0,0,0,0,0,0.029349513899250026,0.00011093713019455803,0.019542957487582578,2.1920897010672351e-05,0,0
61,0.026129088025144517,0.0011098301643984784,0.42286868100000002,0,0,0,0,0,0,0.029349513899250026,0.00011093713019455803,0.23639565188982414,0.008090160902531382,0.035299224261615122,0.00027203686528506433
62,0.009401788990919686,0.00052998098223619482,0.40821465699999998,0,0,0,0,0,0,0.054808110924766583,0.00046335850843711145,0,0,0,0
63,0.009401788990919686,0.00052998098223619482,0.41672522400000001,0,0,0,0,0,0,0.054808110924766583,0.00046335850843711145,0,0,0.0020897457832725727,7.133946667246938e-07
64,0.009401788990919686,0.00052998098223619482,0.30691925599999997,0,0,0,0,0,0,0.054808110924766583,0.00046335850843711145,0,0,0.0046713869740736399,3.5621158608966306e-06
65,0.0096623752491874562,0.00053316872896767527,0.61770568199999998,0,0,0,0,0,0,0.054808110924766583,0.00046335850843711145,0.0072555615269624344,3.1365272899216516e-06,0,0
66,0.01131325260653528,0.00055855145498086962,0.61139990200000005,0,0,0,0,0,0,0.054808110924766583,0.00046335850843711145,0.041005308662877701,0.00010943307334319948,0.018436560699085457,6.6669330534709393e-05
67,0.018626327775611736,0.00077630914710650621,0.30789637199999997,0,0,0,0,0,0,0.054808110924766583,0.00046335850843711145,0.13810176934126006,0.002002016474771101,0,0
68,0.018626327775611736,0.00077630914710650621,0.39015416600000002,0,0,0,0,0,0,0.054808110924766583,0.00046335850843711145,0.13810176934126006,0.002002016474771101,0.0046713869740736399,3.5621158608966306e-06
69,0.028042086629941169,0.0014291777525103216,0.30629192700000002,0,0,0,0,0,0,0.054808110924766583,0.00046335850843711145,0.23639565188982414,0.008090160902531382,0.12482140519422169,0.0043929082768954294
70,0.01692453988410143,0.001123925335950146,0.61437499299999998,0,0,0,0,0,0,0.099015042046594087,0.0018951229601319186,0,0,0,0
71,0.017144530303981161,0.0011299252322956113,0.61191469899999995,0,0,0,0,0,0,0.099015042046594087,0.0018951229601319186,0.0072555615269624344,3.1365272899216516e-06,0,0
72,0.017556098624209843,0.0011428308977694472,0.61612774299999995,0,0,0,0,0,0,0.099015042046594087,0.0018951229601319186,0.019542957487582578,2.1920897010672351e-05,0.0094673376615136643,1.5803755559712259e-05
73,0.017556098624209843,0.0011428308977694472,0.610874692,0,0,0,0,0,0,0.099015042046594087,0.0018951229601319186,0.019542957487582578,2.1920897010672351e-05,0.12482140519422169,0.0043929082768954294
74,0.018451683434345792,0.0011714840322942922,0.61533618700000003,0,0,0,0,0,0,0.099015042046594087,0.0018951229601319186,0.041005308662877701,0.00010943307334319948,0,0
75,0.020163364088470827,0.0012421624909060231,0.61165451199999998,0,0,0,0,0,0,0.099015042046594087,0.0018951229601319186,0.077646384166351154,0.00048192924222406397,0.035299224261615122,0.00027203686528506433
76,0.033958039206809842,0.0060029788961695673,0.43287441199999999,0,0,0,0,0,0,0.099015042046594087,0.0018951229601319186,0.077646384166351154,0.00048192924222406397,0.23835386535479269,0.017767155452867944
77,0.029015995737223323,0.0024825841569134422,0.40923341499999999,0,0,0,0,0,0,0.17323221681704717,0.0075662290638639019,0,0,0,0
78,0.029015995737223323,0.0024825841569134422,0.33634821399999998,0,0,0,0,0,0,0.17323221681704717,0.0075662290638639019,0,0,0.00073691275757772434,1.017642263681214e-07
79,0.039831652728723611,0.0062666062035859364,0.40281512000000003,0,0,0,0,0,0,0.17323221681704717,0.0075662290638639019,0,0,0.23835386535479269,0.017767155452867944
80,0.040565980100757203,0.003672921335696831,0.40641947899999997,0,0,0,0,0,0,0.17323221681704717,0.0075662290638639019,0.23639565188982414,0.008090160902531382,0.035299224261615122,0.00027203686528506433
81,0.047636224342865165,0.0063884413431176852,0.348484352,0,0,0,0,0,0,0.29432736935424308,0.029782257606169423,0,0,0,0
82,0.047636224342865165,0.0063884413431176852,0.34855895599999998,0,0,0,0,0,0,0.29432736935424308,0.029782257606169423,0,0,0.0046713869740736399,3.5621158608966306e-06
83,0.047636224342865165,0.0063884413431176852,0.33693042499999998,0,0,0,0,0,0,0.29432736935424308,0.029782257606169423,0,0,0.066925301383199784,0.0010976716341893321
84,0.055190900490024584,0.0090431751795276329,0.32393933600000002,0,0,0,0,0,0,0.29432736935424308,0.029782257606169423,0,0,0.23835386535479269,0.017767155452867944
85,0.054647941636539549,0.0080313563502309952,0.56607649000000004,0,0,0,0,0,0,0.29432736935424308,0.029782257606169423,0.23639565188982414,0.008090160902531382,0,0
86,0,0,0.62004223800000002,0,0,0,0,0.00071998620962972519,1.0668702470797522e-07,0,0,0,0,0,0
87,0,0,0.61767323200000002,0,0,0,0,0.00071998620962972519,1.0668702470797522e-07,0,0,0,0,0.0046713869740736399,3.5621158608966306e-06
88,0,0,0.61191092999999996,0,0,0,0,0.00071998620962972519,1.0668702470797522e-07,0,0,0,0,0.018436560699085457,6.6669330534709393e-05
89,0.0019341246153998365,2.1186734658523743e-06,0.61530950600000001,0,0,0,0,0.00071998620962972519,1.0668702470797522e-07,0,0,0.019542957487582578,2.1920897010672351e-05,0.0046713869740736399,3.5621158608966306e-06
90,0.0019341246153998365,2.1186734658523743e-06,0.61734025999999997,0,0,0,0,0.00071998620962972519,1.0668702470797522e-07,0,0,0.019542957487582578,2.1920897010672351e-05,0.035299224261615122,0.00027203686528506433
91,0.0078296133646851875,4.6816823901113004e-05,0.61819484300000005,0,0,0,0,0.00071998620962972519,1.0668702470797522e-07,0,0,0.077646384166351154,0.00048192924222406397,0,0
92,0.014100551700556022,0.00019546401442165523,0.61571876299999995,0,0,0,0,0.00071998620962972519,1.0668702470797522e-07,0,0,0.13810176934126006,0.002002016474771101,0.0020897457832725727,7.133946667246938e-07
93,0.031953859742832762,0.0063083317293636636,0.61054306700000005,0,0,0,0,0.00071998620962972519,1.0668702470797522e-07,0,0,0.13810176934126006,0.002002016474771101,0.23835386535479269,0.017767155452867944
94,0.024420190192908208,0.00079126113353594383,0.61556718899999996,0,0,0,0,0.00071998620962972519,1.0668702470797522e-07,0,0,0.23639565188982414,0.008090160902531382,0,0
95,0.024420190192908208,0.00079126113353594383,0.61284775999999996,0,0,0,0,0.00071998620962972519,1.0668702470797522e-07,0,0,0.23639565188982414,0.008090160902531382,0.035299224261615122,0.00027203686528506433
96,0.00034336118052734886,1.4211970444972308e-05,0.56423904199999997,0,0,0,0,0.00071998620962972519,1.0668702470797522e-07,0.0025776564298912751,7.178637923836913e-07,0,0,0,0
97,0.00034336118052734886,1.4211970444972308e-05,0.30461360599999998,0,0,0,0,0.00071998620962972519,1.0668702470797522e-07,0.0025776564298912751,7.178637923836913e-07,0,0,0.035299224261615122,0.00027203686528506433
98,0.018129765311114886,0.0061045887688349378,0.56278962200000004,0,0,0,0,0.00071998620962972519,1.0668702470797522e-07,0.0025776564298912751,7.178637923836913e-07,0,0,0.23835386535479269,0.017767155452867944
99,0.00094533128828912163,1.4563907590506665e-05,0.61654493600000004,0,0,0,0,0.00071998620962972519,1.0668702470797522e-07,0.0025776564298912751,7.178637923836913e-07,0.0072555615269624344,3.1365272899216516e-06,0.0094673376615136643,1.5803755559712259e-05
100,0.0079757892682249323,6.225293127603235e-05,0.54792074700000004,0,0,0,0,0.00071998620962972519,1.0668702470797522e-07,0.0025776564298912751,7.178637923836913e-07,0.077646384166351154,0.00048192924222406397,0,0
101,0.014255805474810075,0.00021245733504298832,0.33372908600000001,0,0,0,0,0.00071998620962972519,1.0668702470797522e-07,0.0025776564298912751,7.178637923836913e-07,0.13810176934126006,0.002002016474771101,0.0020897457832725727,7.133946667246938e-07
102,0.024575809547402114,0.00081115653338922986,0.309208013,0,0,0,0,0.00071998620962972519,1.0668702470797522e-07,0.0025776564298912751,7.178637923836913e-07,0.23639565188982414,0.008090160902531382,0.12482140519422169,0.0043929082768954294
103,0.047636224342865165,0.0063884413431176852,0.41101379999999998,0,0,0,0,0.00071998620962972519,1.0668702470797522e-07,0.29432736935424308,0.029782257606169423,0,0,0,0
104,0.047636224342865165,0.0063884413431176852,0.46439140899999998,0,0,0,0,0.00071998620962972519,1.0668702470797522e-07,0.29432736935424308,0.029782257606169423,0,0,0.018436560699085457,6.6669330534709393e-05
105,0.055190900490024584,0.0090431751795276329,0.37675089099999998,0,0,0,0,0.00071998620962972519,1.0668702470797522e-07,0.29432736935424308,0.029782257606169423,0,0,0.23835386535479269,0.017767155452867944
106,0.047776657027001769,0.0064103340553953361,0.48240477999999998,0,0,0,0,0.00071998620962972519,1.0668702470797522e-07,0.29432736935424308,0.029782257606169423,0.0072555615269624344,3.1365272899216516e-06,0,0
107,0.048457647433648353,0.0065203673421935678,0.30877655599999998,0,0,0,0,0.00071998620962972519,1.0668702470797522e-07,0.29432736935424308,0.029782257606169423,0.041005308662877701,0.00010943307334319948,0.018436560699085457,6.6669330534709393e-05
108,0.051055004967878209,0.0070013735451894821,0.405255965,0,0,0,0,0.00071998620962972519,1.0668702470797522e-07,0.29432736935424308,0.029782257606169423,0.13810176934126006,0.002002016474771101,0,0
109,0.058609681115036207,0.0096561073815994297,0.38930158799999998,0,0,0,0,0.00071998620962972519,1.0668702470797522e-07,0.29432736935424308,0.029782257606169423,0.13810176934126006,0.002002016474771101,0.23835386535479269,0.017767155452867944
110,0,0,0.330352812,0,0,0,0,0.0019913003314104079,7.4466870783374176e-07,0,0,0,0,0,0
111,0,0,0.370571704,0,0,0,0,0.0019913003314104079,7.4466870783374176e-07,0,0,0,0,0.0094673376615136643,1.5803755559712259e-05
112,0.014100551700556022,0.00019546401442165523,0.33714835599999998,0,0,0,0,0.0019913003314104079,7.4466870783374176e-07,0,0,0.13810176934126006,0.002002016474771101,0,0
113,0.024420190192908208,0.00079126113353594383,0.36630990699999999,0,0,0,0,0.0019913003314104079,7.4466870783374176e-07,0,0,0.23639565188982414,0.008090160902531382,0.0020897457832725727,7.133946667246938e-07
114,0.004960976184680636,0.00026168408903474424,0.40112110600000001,0,0,0,0,0.0019913003314104079,7.4466870783374176e-07,0.029349513899250026,0.00011093713019455803,0,0,0,0
115,0.004960976184680636,0.00026168408903474424,0.39239859900000001,0,0,0,0,0.0019913003314104079,7.4466870783374176e-07,0.029349513899250026,0.00011093713019455803,0,0,0.0094673376615136643,1.5803755559712259e-05
116,0.004960976184680636,0.00026168408903474424,0.54260610099999995,0,0,0,0,0.0019913003314104079,7.4466870783374176e-07,0.029349513899250026,0.00011093713019455803,0,0,0.018436560699085457,6.6669330534709393e-05
117,0.021752504602565059,0.0060174060084380457,0.30348855699999999,0,0,0,0,0.0019913003314104079,7.4466870783374176e-07,0.029349513899250026,0.00011093713019455803,0,0,0.23835386535479269,0.017767155452867944
118,0.0052999893925203007,0.00026336930904932753,0.33622072200000003,0,0,0,0,0.0019913003314104079,7.4466870783374176e-07,0.029349513899250026,0.00011093713019455803,0.0072555615269624344,3.1365272899216516e-06,0.0046713869740736399,3.5621158608966306e-06
119,0.0052999893925203007,0.00026336930904932753,0.56838933800000002,0,0,0,0,0.0019913003314104079,7.4466870783374176e-07,0.029349513899250026,0.00011093713019455803,0.0072555615269624344,3.1365272899216516e-06,0.0094673376615136643,1.5803755559712259e-05
120,0.0059558536327432507,0.00026761542478533182,0.61127131800000001,0,0,0,0,0.0019913003314104079,7.4466870783374176e-07,0.029349513899250026,0.00011093713019455803,0.019542957487582578,2.1920897010672351e-05,0.0094673376615136643,1.5803755559712259e-05
121,0.0074577859333089976,0.00027982871021157264,0.61340584899999995,0,0,0,0,0.0019913003314104079,7.4466870783374176e-07,0.029349513899250026,0.00011093713019455803,0.041005308662877701,0.00010943307334319948,0.018436560699085457,6.6669330534709393e-05
122,0.010377099688085459,0.00032138478477107936,0.61600206199999996,0,0,0,0,0.0019913003314104079,7.4466870783374176e-07,0.029349513899250026,0.00011093713019455803,0.077646384166351154,0.00048192924222406397,0,0
123,0.010377099688085459,0.00032138478477107936,0.61347930299999998,0,0,0,0,0.0019913003314104079,7.4466870783374176e-07,0.029349513899250026,0.00011093713019455803,0.077646384166351154,0.00048192924222406397,0.035299224261615122,0.00027203686528506433
124,0.016181100935433776,0.00048654987464831517,0.60936092600000002,0,0,0,0,0.0019913003314104079,7.4466870783374176e-07,0.029349513899250026,0.00011093713019455803,0.13810176934126006,0.002002016474771101,0.0020897457832725727,7.133946667246938e-07
125,0.026129088025144517,0.0011098301643984784,0.61618693599999996,0,0,0,0,0.0019913003314104079,7.4466870783374176e-07,0.029349513899250026,0.00011093713019455803,0.23639565188982414,0.008090160902531382,0,0
126,0,0,0.348903352,0,0,0,0,0.004391030021690891,3.7296579112788589e-06,0,0,0,0,0,0
127,0,0,0.44754410900000002,0,0,0,0,0.004391030021690891,3.7296579112788589e-06,0,0,0,0,0.00073691275757772434,1.017642263681214e-07
128,0,0,0.61600366699999998,0,0,0,0,0.004391030021690891,3.7296579112788589e-06,0,0,0,0,0.0094673376615136643,1.5803755559712259e-05
129,0.0019341246153998365,2.1186734658523743e-06,0.30704566999999999,0,0,0,0,0.004391030021690891,3.7296579112788589e-06,0,0,0.019542957487582578,2.1920897010672351e-05,0.0046713869740736399,3.5621158608966306e-06
130,0.014100551700556022,0.00019546401442165523,0.30676390599999998,0,0,0,0,0.004391030021690891,3.7296579112788589e-06,0,0,0.13810176934126006,0.002002016474771101,0,0
131,0.024420190192908208,0.00079126113353594383,0.55123639800000002,0,0,0,0,0.004391030021690891,3.7296579112788589e-06,0,0,0.23639565188982414,0.008090160902531382,0.00073691275757772434,1.017642263681214e-07
132,0.024420190192908208,0.00079126113353594383,0.38579286200000001,0,0,0,0,0.004391030021690891,3.7296579112788589e-06,0,0,0.23639565188982414,0.008090160902531382,0.0020897457832725727,7.133946667246938e-07
133,0.024420190192908208,0.00079126113353594383,0.38448654900000001,0,0,0,0,0.004391030021690891,3.7296579112788589e-06,0,0,0.23639565188982414,0.008090160902531382,0.035299224261615122,0.00027203686528506433
134,0,0,0.51423293699999995,0,0,0,0,0.0089799454227389077,1.6589615174066303e-05,0,0,0,0,0,0
135,0.0041053229627482507,1.0592024359234019e-05,0.61674521000000004,0,0,0,0,0.0089799454227389077,1.6589615174066303e-05,0,0,0.041005308662877701,0.00010943307334319948,0,0
136,0.014100551700556022,0.00019546401442165523,0.43267287799999998,0,0,0,0,0.0089799454227389077,1.6589615174066303e-05,0,0,0.13810176934126006,0.002002016474771101,0.0046713869740736399,3.5621158608966306e-06
137,0.024420190192908208,0.00079126113353594383,0.30560065600000003,0,0,0,0,0.0089799454227389077,1.6589615174066303e-05,0,0,0.23639565188982414,0.008090160902531382,0.0020897457832725727,7.133946667246938e-07
138,0.024420190192908208,0.00079126113353594383,0.36252598899999999,0,0,0,0,0.0089799454227389077,1.6589615174066303e-05,0,0,0.23639565188982414,0.008090160902531382,0.12482140519422169,0.0043929082768954294
139,0,0,0.64054800199999995,0,0,0,0,0.017576043218851114,6.9394104898684919e-05,0,0,0,0,0,0
140,0,0,0.61815053799999997,0,0,0,0,0.017576043218851114,6.9394104898684919e-05,0,0,0,0,0.00073691275757772434,1.017642263681214e-07
141,0,0,0.31350937099999998,0,0,0,0,0.017576043218851114,6.9394104898684919e-05,0,0,0,0,0.018436560699085457,6.6669330534709393e-05
142,0,0,0.55548792700000005,0,0,0,0,0.017576043218851114,6.9394104898684919e-05,0,0,0,0,0.066925301383199784,0.0010976716341893321
143,0,0,0.51984701899999997,0,0,0,0,0.017576043218851114,6.9394104898684919e-05,0,0,0,0,0.12482140519422169,0.0043929082768954294
144,0.0007154408482573215,3.043999564602165e-07,0.30855076999999997,0,0,0,0,0.017576043218851114,6.9394104898684919e-05,0,0,0.0072555615269624344,3.1365272899216516e-06,0,0
145,0.0007154408482573215,3.043999564602165e-07,0.30612679599999998,0,0,0,0,0.017576043218851114,6.9394104898684919e-05,0,0,0.0072555615269624344,3.1365272899216516e-06,0.0094673376615136643,1.5803755559712259e-05
146,0.019787432657673892,0.0061149863884078608,0.436553472,0,0,0,0,0.017576043218851114,6.9394104898684919e-05,0,0,0.019542957487582578,2.1920897010672351e-05,0.23835386535479269,0.017767155452867944
147,0.0078296133646851875,4.6816823901113004e-05,0.61356299000000003,0,0,0,0,0.017576043218851114,6.9394104898684919e-05,0,0,0.077646384166351154,0.00048192924222406397,0,0
148,0.0078296133646851875,4.6816823901113004e-05,0.53534340599999997,0,0,0,0,0.017576043218851114,6.9394104898684919e-05,0,0,0.077646384166351154,0.00048192924222406397,0.035299224261615122,0.00027203686528506433
149,0.004960976184680636,0.00026168408903474424,0.46582356000000003,0,0,0,0,0.017576043218851114,6.9394104898684919e-05,0.029349513899250026,0.00011093713019455803,0,0,0,0
150,0.004960976184680636,0.00026168408903474424,0.306635351,0,0,0,0,0.017576043218851114,6.9394104898684919e-05,0.029349513899250026,0.00011093713019455803,0,0,0.066925301383199784,0.0010976716341893321
151,0.0052999893925203007,0.00026336930904932753,0.34144790400000002,0,0,0,0,0.017576043218851114,6.9394104898684919e-05,0.029349513899250026,0.00011093713019455803,0.0072555615269624344,3.1365272899216516e-06,0.0046713869740736399,3.5621158608966306e-06
152,0.016181100935433776,0.00048654987464831517,0.30743607299999998,0,0,0,0,0.017576043218851114,6.9394104898684919e-05,0.029349513899250026,0.00011093713019455803,0.13810176934126006,0.002002016474771101,0,0
153,0.032972629353319655,0.0062422717940516168,0.58687110600000003,0,0,0,0,0.017576043218851114,6.9394104898684919e-05,0.029349513899250026,0.00011093713019455803,0.13810176934126006,0.002002016474771101,0.23835386535479269,0.017767155452867944
154,0.026129088025144517,0.0011098301643984784,0.61229389999999995,0,0,0,0,0.017576043218851114,6.9394104898684919e-05,0.029349513899250026,0.00011093713019455803,0.23639565188982414,0.008090160902531382,0.00073691275757772434,1.017642263681214e-07
155,0,0,0.61559991300000005,0,0,0,0,0.033822280134755418,0.00028442848457030151,0,0,0,0,0,0
156,0,0,0.61329243,0,0,0,0,0.033822280134755418,0.00028442848457030151,0,0,0,0,0.12482140519422169,0.0043929082768954294
157,0.017853308042273225,0.0061128677149420085,0.60956100800000002,0,0,0,0,0.033822280134755418,0.00028442848457030151,0,0,0,0,0.23835386535479269,0.017767155452867944
158,0.0007154408482573215,3.043999564602165e-07,0.61149927900000001,0,0,0,0,0.033822280134755418,0.00028442848457030151,0,0,0.0072555615269624344,3.1365272899216516e-06,0,0
159,0.0007154408482573215,3.043999564602165e-07,0.61516481899999997,0,0,0,0,0.033822280134755418,0.00028442848457030151,0,0,0.0072555615269624344,3.1365272899216516e-06,0.0094673376615136643,1.5803755559712259e-05
160,0.0019341246153998365,2.1186734658523743e-06,0.61778830600000001,0,0,0,0,0.033822280134755418,0.00028442848457030151,0,0,0.019542957487582578,2.1920897010672351e-05,0.0094673376615136643,1.5803755559712259e-05
161,0.0078296133646851875,4.6816823901113004e-05,0.61500902999999996,0,0,0,0,0.033822280134755418,0.00028442848457030151,0,0,0.077646384166351154,0.00048192924222406397,0,0
162,0.01692453988410143,0.001123925335950146,0.614351961,0,0,0,0,0.033822280134755418,0.00028442848457030151,0.099015042046594087,0.0018951229601319186,0,0,0,0
163,0.01692453988410143,0.001123925335950146,0.61290635800000004,0,0,0,0,0.033822280134755418,0.00028442848457030151,0.099015042046594087,0.0018951229601319186,0,0,0.0020897457832725727,7.133946667246938e-07
164,0.01692453988410143,0.001123925335950146,0.61196746400000002,0,0,0,0,0.033822280134755418,0.00028442848457030151,0.099015042046594087,0.0018951229601319186,0,0,0.0094673376615136643,1.5803755559712259e-05
165,0.017556098624209843,0.0011428308977694472,0.61294464000000004,0,0,0,0,0.033822280134755418,0.00028442848457030151,0.099015042046594087,0.0018951229601319186,0.019542957487582578,2.1920897010672351e-05,0.035299224261615122,0.00027203686528506433
166,0.033958039206809842,0.0060029788961695673,0.61062079499999999,0,0,0,0,0.033822280134755418,0.00028442848457030151,0.099015042046594087,0.0018951229601319186,0.077646384166351154,0.00048192924222406397,0.23835386535479269,0.017767155452867944
167,0.032109015060364475,0.0020996719211752004,0.61526977500000002,0,0,0,0,0.033822280134755418,0.00028442848457030151,0.099015042046594087,0.0018951229601319186,0.23639565188982414,0.008090160902531382,0.00073691275757772434,1.017642263681214e-07
168,0,0,0.61848475700000005,0,0,0,0,0.064301081919963615,0.0011434775053933504,0,0,0,0,0,0
169,0,0,0.61612502400000002,0,0,0,0,0.064301081919963615,0.0011434775053933504,0,0,0,0,0.0020897457832725727,7.133946667246938e-07
170,0,0,0.61503452800000002,0,0,0,0,0.064301081919963615,0.0011434775053933504,0,0,0,0,0.0094673376615136643,1.5803755559712259e-05
171,0.0019341246153998365,2.1186734658523743e-06,0.34416280900000001,0,0,0,0,0.064301081919963615,0.0011434775053933504,0,0,0.019542957487582578,2.1920897010672351e-05,0.0094673376615136643,1.5803755559712259e-05
172,0.031953859742832762,0.0063083317293636636,0.45276330999999997,0,0,0,0,0.064301081919963615,0.0011434775053933504,0,0,0.13810176934126006,0.002002016474771101,0.23835386535479269,0.017767155452867944
173,0.00034336118052734886,1.4211970444972308e-05,0.61532013799999996,0,0,0,0,0.064301081919963615,0.0011434775053933504,0.0025776564298912751,7.178637923836913e-07,0,0,0,0
174,0.00034336118052734886,1.4211970444972308e-05,0.40401934499999997,0,0,0,0,0.064301081919963615,0.0011434775053933504,0.0025776564298912751,7.178637923836913e-07,0,0,0.018436560699085457,6.6669330534709393e-05
175,0.00034336118052734886,1.4211970444972308e-05,0.390728295,0,0,0,0,0.064301081919963615,0.0011434775053933504,0.0025776564298912751,7.178637923836913e-07,0,0,0.12482140519422169,0.0043929082768954294
176,0.024575809547402114,0.00081115653338922986,0.30529810499999999,0,0,0,0,0.064301081919963615,0.0011434775053933504,0.0025776564298912751,7.178637923836913e-07,0.23639565188982414,0.008090160902531382,0.035299224261615122,0.00027203686528506433
177,0,0,0.36903441799999998,0,0,0,0,0.12074096984968002,0.0045738414776371689,0,0,0,0,0,0
178,0,0,0.34801776099999998,0,0,0,0,0.12074096984968002,0.0045738414776371689,0,0,0,0,0.00073691275757772434,1.017642263681214e-07
179,0,0,0.33379169199999997,0,0,0,0,0.12074096984968002,0.0045738414776371689,0,0,0,0,0.0020897457832725727,7.133946667246938e-07
180,0,0,0.59357632299999996,0,0,0,0,0.12074096984968002,0.0045738414776371689,0,0,0,0,0.066925301383199784,0.0010976716341893321
181,0.017853308042273225,0.0061128677149420085,0.54242510499999996,0,0,0,0,0.12074096984968002,0.0045738414776371689,0,0,0,0,0.23835386535479269,0.017767155452867944
182,0.0007154408482573215,3.043999564602165e-07,0.30619961600000001,0,0,0,0,0.12074096984968002,0.0045738414776371689,0,0,0.0072555615269624344,3.1365272899216516e-06,0.0094673376615136643,1.5803755559712259e-05
183,0.0019341246153998365,2.1186734658523743e-06,0.34040199300000001,0,0,0,0,0.12074096984968002,0.0045738414776371689,0,0,0.019542957487582578,2.1920897010672351e-05,0.0046713869740736399,3.5621158608966306e-06
184,0.0019341246153998365,2.1186734658523743e-06,0.32093902499999999,0,0,0,0,0.12074096984968002,0.0045738414776371689,0,0,0.019542957487582578,2.1920897010672351e-05,0.035299224261615122,0.00027203686528506433
185,0.0024508220406699514,0.00011775269826788857,0.389026859,0,0,0,0,0.12074096984968002,0.0045738414776371689,0.014981183407215215,2.5095647377126372e-05,0,0,0,0
186,0.0024508220406699514,0.00011775269826788857,0.30565139099999999,0,0,0,0,0.12074096984968002,0.0045738414776371689,0.014981183407215215,2.5095647377126372e-05,0,0,0.0020897457832725727,7.133946667246938e-07
187,0.0024508220406699514,0.00011775269826788857,0.36230189699999998,0,0,0,0,0.12074096984968002,0.0045738414776371689,0.014981183407215215,2.5095647377126372e-05,0,0,0.0094673376615136643,1.5803755559712259e-05
188,0.0024508220406699514,0.00011775269826788857,0.42853686400000002,0,0,0,0,0.12074096984968002,0.0045738414776371689,0.014981183407215215,2.5095647377126372e-05,0,0,0.018436560699085457,6.6669330534709393e-05
189,0.0024508220406699514,0.00011775269826788857,0.306138998,0,0,0,0,0.12074096984968002,0.0045738414776371689,0.014981183407215215,2.5095647377126372e-05,0,0,0.066925301383199784,0.0010976716341893321
190,0.0037136176780088142,0.00012139873352137383,0.41066672100000001,0,0,0,0,0.12074096984968002,0.0045738414776371689,0.014981183407215215,2.5095647377126372e-05,0.019542957487582578,2.1920897010672351e-05,0.0094673376615136643,1.5803755559712259e-05
191,0.015002820795181155,0.00032788227126142336,0.36248039799999998,0,0,0,0,0.12074096984968002,0.0045738414776371689,0.014981183407215215,2.5095647377126372e-05,0.13810176934126006,0.002002016474771101,0.0046713869740736399,3.5621158608966306e-06
192,0.015002820795181155,0.00032788227126142336,0.32428363399999999,0,0,0,0,0.12074096984968002,0.0045738414776371689,0.014981183407215215,2.5095647377126372e-05,0.13810176934126006,0.002002016474771101,0.066925301383199784,0.0010976716341893321
193,0.032377428983217181,0.0062806965167460328,0.42601706900000003,0,0,0,0,0.12074096984968002,0.0045738414776371689,0.014981183407215215,2.5095647377126372e-05,0.13810176934126006,0.002002016474771101,0.23835386535479269,0.017767155452867944
194,0.025322969290761027,0.00094399141705580052,0.34371195399999999,0,0,0,0,0.12074096984968002,0.0045738414776371689,0.014981183407215215,2.5095647377126372e-05,0.23639565188982414,0.008090160902531382,0.12482140519422169,0.0043929082768954294
195,0.004960976184680636,0.00026168408903474424,0.31293986499999998,0,0,0,0,0.12074096984968002,0.0045738414776371689,0.029349513899250026,0.00011093713019455803,0,0,0,0
196,0.004960976184680636,0.00026168408903474424,0.36809407300000002,0,0,0,0,0.12074096984968002,0.0045738414776371689,0.029349513899250026,0.00011093713019455803,0,0,0.00073691275757772434,1.017642263681214e-07
197,0.004960976184680636,0.00026168408903474424,0.30600143099999999,0,0,0,0,0.12074096984968002,0.0045738414776371689,0.029349513899250026,0.00011093713019455803,0,0,0.0094673376615136643,1.5803755559712259e-05
198,0.004960976184680636,0.00026168408903474424,0.40135774000000002,0,0,0,0,0.12074096984968002,0.0045738414776371689,0.029349513899250026,0.00011093713019455803,0,0,0.066925301383199784,0.0010976716341893321
199,0.004960976184680636,0.00026168408903474424,0.30625901500000002,0,0,0,0,0.12074096984968002,0.0045738414776371689,0.029349513899250026,0.00011093713019455803,0,0,0.12482140519422169,0.0043929082768954294
200,0.0052999893925203007,0.00026336930904932753,0.30522479699999999,0,0,0,0,0.12074096984968002,0.0045738414776371689,0.029349513899250026,0.00011093713019455803,0.0072555615269624344,3.1365272899216516e-06,0.0094673376615136643,1.5803755559712259e-05
201,0.0059558536327432507,0.00026761542478533182,0.37870098099999999,0,0,0,0,0.12074096984968002,0.0045738414776371689,0.029349513899250026,0.00011093713019455803,0.019542957487582578,2.1920897010672351e-05,0.0046713869740736399,3.5621158608966306e-06
202,0.032972629353319655,0.0062422717940516168,0.30359207999999999,0,0,0,0,0.12074096984968002,0.0045738414776371689,0.029349513899250026,0.00011093713019455803,0.13810176934126006,0.002002016474771101,0.23835386535479269,0.017767155452867944
203,0.026129088025144517,0.0011098301643984784,0.37730993099999999,0,0,0,0,0.12074096984968002,0.0045738414776371689,0.029349513899250026,0.00011093713019455803,0.23639565188982414,0.008090160902531382,0.0020897457832725727,7.133946667246938e-07
204,0.043871330275814482,0.021158511748397234,0.334840107,0,0,0,0,0.2422388505978256,0.018789844584028239,0,0,0,0,0,0
205,0.043871330275814482,0.021158511748397234,0.398329184,0,0,0,0,0.2422388505978256,0.018789844584028239,0,0,0,0,0.0020897457832725727,7.133946667246938e-07
206,0.043871330275814482,0.021158511748397234,0.61319243000000001,0,0,0,0,0.2422388505978256,0.018789844584028239,0,0,0,0,0.0046713869740736399,3.5621158608966306e-06
207,0.058826628206480373,0.026699851116099162,0.61087591100000005,0,0,0,0,0.2422388505978256,0.018789844584028239,0,0,0,0,0.23835386535479269,0.017767155452867944
208,0.044059599213050873,0.021151745766649115,0.61166399599999999,0,0,0,0,0.2422388505978256,0.018789844584028239,0,0,0.0072555615269624344,3.1365272899216516e-06,0,0
209,0.044547106097420679,0.02113951099370243,0.58737227299999994,0,0,0,0,0.2422388505978256,0.018789844584028239,0,0,0.019542957487582578,2.1920897010672351e-05,0.0094673376615136643,1.5803755559712259e-05
210,0.047604664067897109,0.021094725550215358,0.42617316799999999,0,0,0,0,0.2422388505978256,0.018789844584028239,0,0,0.077646384166351154,0.00048192924222406397,0.035299224261615122,0.00027203686528506433
211,0.051617013614337987,0.021112922004110392,0.305312845,0,0,0,0,0.2422388505978256,0.018789844584028239,0,0,0.13810176934126006,0.002002016474771101,0.0020897457832725727,7.133946667246938e-07
212,0.051617013614337987,0.021112922004110392,0.316794978,0,0,0,0,0.2422388505978256,0.018789844584028239,0,0,0.13810176934126006,0.002002016474771101,0.0046713869740736399,3.5621158608966306e-06
213,0.043869289489979271,0.021150081007177898,0.33756320099999998,0,0,0,0,0.2422388505978256,0.018789844584028239,0.0025776564298912751,7.178637923836913e-07,0,0,0,0
214,0.043869289489979271,0.021150081007177898,0.37286902999999999,0,0,0,0,0.2422388505978256,0.018789844584028239,0.0025776564298912751,7.178637923836913e-07,0,0,0.00073691275757772434,1.017642263681214e-07
215,0.043869289489979271,0.021150081007177898,0.38733704000000002,0,0,0,0,0.2422388505978256,0.018789844584028239,0.0025776564298912751,7.178637923836913e-07,0,0,0.0094673376615136643,1.5803755559712259e-05
216,0.043869289489979271,0.021150081007177898,0.57775389700000002,0,0,0,0,0.2422388505978256,0.018789844584028239,0.0025776564298912751,7.178637923836913e-07,0,0,0.12482140519422169,0.0043929082768954294
217,0.044581086314387439,0.021131394379097473,0.30325776700000001,0,0,0,0,0.2422388505978256,0.018789844584028239,0.0025776564298912751,7.178637923836913e-07,0.019542957487582578,2.1920897010672351e-05,0.12482140519422169,0.0043929082768954294
218,0.059516716144875463,0.026659326284524571,0.40716752499999997,0,0,0,0,0.2422388505978256,0.018789844584028239,0.0025776564298912751,7.178637923836913e-07,0.019542957487582578,2.1920897010672351e-05,0.23835386535479269,0.017767155452867944
219,0.047659639750500388,0.021087542773769185,0.61249609500000002,0,0,0,0,0.2422388505978256,0.018789844584028239,0.0025776564298912751,7.178637923836913e-07,0.077646384166351154,0.00048192924222406397,0,0
220,0.05167519076284452,0.021106647391395995,0.50021126400000004,0,0,0,0,0.2422388505978256,0.018789844584028239,0.0025776564298912751,7.178637923836913e-07,0.13810176934126006,0.002002016474771101,0.0020897457832725727,7.133946667246938e-07
221,0.05167519076284452,0.021106647391395995,0.304862093,0,0,0,0,0.2422388505978256,0.018789844584028239,0.0025776564298912751,7.178637923836913e-07,0.13810176934126006,0.002002016474771101,0.0046713869740736399,3.5621158608966306e-06
222,0.059245720263709889,0.02139813129411422,0.60974671400000002,0,0,0,0,0.2422388505978256,0.018789844584028239,0.0025776564298912751,7.178637923836913e-07,0.23639565188982414,0.008090160902531382,0.00073691275757772434,1.017642263681214e-07
223,0.059245720263709889,0.02139813129411422,0.38388814399999999,0,0,0,0,0.2422388505978256,0.018789844584028239,0.0025776564298912751,7.178637923836913e-07,0.23639565188982414,0.008090160902531382,0.035299224261615122,0.00027203686528506433
224,0.00085602641375796568,3.8257700671981884e-05,0.585622431,0,0,0.0070538581727384439,2.9911722163954058e-06,0,0,0,0,0,0,0,0
225,0.00085602641375796568,3.8257700671981884e-05,0.30596388099999999,0,0,0.0070538581727384439,2.9911722163954058e-06,0,0,0,0,0,0,0.035299224261615122,0.00027203686528506433
226,0.0015714672620152836,3.8562100628442097e-05,0.30423039099999999,0,0,0.0070538581727384439,2.9911722163954058e-06,0,0,0,0,0.0072555615269624344,3.1365272899216516e-06,0,0
227,0.0015714672620152836,3.8562100628442097e-05,0.50063067500000002,0,0,0.0070538581727384439,2.9911722163954058e-06,0,0,0,0,0.0072555615269624344,3.1365272899216516e-06,0.0094673376615136643,1.5803755559712259e-05
228,0.0027901510291574436,4.0376374137834254e-05,0.51731700800000002,0,0,0.0070538581727384439,2.9911722163954058e-06,0,0,0,0,0.019542957487582578,2.1920897010672351e-05,0.12482140519422169,0.0043929082768954294
229,0.0049613493765062631,4.8849725031215898e-05,0.30605788900000003,0,0,0.0070538581727384439,2.9911722163954058e-06,0,0,0,0,0.041005308662877701,0.00010943307334319948,0,0
230,0.014956578114314299,0.0002337217150936371,0.35213031900000002,0,0,0.0070538581727384439,2.9911722163954058e-06,0,0,0,0,0.13810176934126006,0.002002016474771101,0.0020897457832725727,7.133946667246938e-07
231,0.014956578114314299,0.0002337217150936371,0.30638295399999999,0,0,0.0070538581727384439,2.9911722163954058e-06,0,0,0,0,0.13810176934126006,0.002002016474771101,0.0046713869740736399,3.5621158608966306e-06
232,0.025276216606667803,0.00082951883420792573,0.35283921200000001,0,0,0.0070538581727384439,2.9911722163954058e-06,0,0,0,0,0.23639565188982414,0.008090160902531382,0.035299224261615122,0.00027203686528506433
233,0.0011911876626738171,5.0395295912461724e-05,0.37470699699999999,0,0,0.0070538581727384439,2.9911722163954058e-06,0,0,0.0025776564298912751,7.178637923836913e-07,0,0,0.00073691275757772434,1.017642263681214e-07
234,0.0029812328330987682,5.2749048381866031e-05,0.30524285699999998,0,0,0.0070538581727384439,2.9911722163954058e-06,0,0,0.0025776564298912751,7.178637923836913e-07,0.019542957487582578,2.1920897010672351e-05,0.0094673376615136643,1.5803755559712259e-05
235,0.025423636029550264,0.00084733985885671926,0.444733671,0,0,0.0070538581727384439,2.9911722163954058e-06,0,0,0.0025776564298912751,7.178637923836913e-07,0.23639565188982414,0.008090160902531382,0,0
236,0.025423636029550264,0.00084733985885671926,0.405758746,0,0,0.0070538581727384439,2.9911722163954058e-06,0,0,0.0025776564298912751,7.178637923836913e-07,0.23639565188982414,0.008090160902531382,0.12482140519422169,0.0043929082768954294
237,0.0018728867560643913,8.1443252115136398e-05,0.42151385899999999,0,0,0.0070538581727384439,2.9911722163954058e-06,0,0,0.0070568641369427197,5.0167964149023017e-06,0,0,0.066925301383199784,0.0010976716341893321
238,0.015363079480764208,0.0002843026963620087,0.30510076800000002,0,0,0.0070538581727384439,2.9911722163954058e-06,0,0,0.0070568641369427197,5.0167964149023017e-06,0.13810176934126006,0.002002016474771101,0,0
239,0.025691527248377942,0.00089021474973313664,0.48221897600000002,0,0,0.0070538581727384439,2.9911722163954058e-06,0,0,0.0070568641369427197,5.0167964149023017e-06,0.23639565188982414,0.008090160902531382,0.12482140519422169,0.0043929082768954294
240,0.0032924572461013549,0.00015290859241539291,0.359499456,0,0,0.0070538581727384439,2.9911722163954058e-06,0,0,0.014981183407215215,2.5095647377126372e-05,0,0,0.0046713869740736399,3.5621158608966306e-06
241,0.0032924572461013549,0.00015290859241539291,0.61223925099999998,0,0,0.0070538581727384439,2.9911722163954058e-06,0,0,0.014981183407215215,2.5095647377126372e-05,0,0,0.12482140519422169,0.0043929082768954294
242,0.0061562281202153686,0.00030203282366443178,0.64878190999999996,0,0,0.0070538581727384439,2.9911722163954058e-06,0,0,0.029349513899250026,0.00011093713019455803,0.0072555615269624344,3.1365272899216516e-06,0.0094673376615136643,1.5803755559712259e-05
243,0.010238319627396984,0.00056099657878606597,0.61350411599999999,0,0,0.0070538581727384439,2.9911722163954058e-06,0,0,0.054808110924766583,0.00046335850843711145,0,0,0.0046713869740736399,3.5621158608966306e-06
244,0.017748593316642972,0.0011500763000679497,0.617479373,0,0,0.0070538581727384439,2.9911722163954058e-06,0,0,0.099015042046594087,0.0018951229601319186,0,0,0,0
245,0.017748593316642972,0.0011500763000679497,0.61267786199999996,0,0,0.0070538581727384439,2.9911722163954058e-06,0,0,0.099015042046594087,0.0018951229601319186,0,0,0.00073691275757772434,1.017642263681214e-07
246,0.017968583736522888,0.0011560761964134151,0.61402886000000001,0,0,0.0070538581727384439,2.9911722163954058e-06,0,0,0.099015042046594087,0.0018951229601319186,0.0072555615269624344,3.1365272899216516e-06,0.0094673376615136643,1.5803755559712259e-05
247,0.018380152056751638,0.0011689818618872509,0.61751085900000002,0,0,0.0070538581727384439,2.9911722163954058e-06,0,0,0.099015042046594087,0.0018951229601319186,0.019542957487582578,2.1920897010672351e-05,0,0
248,0.018380152056751638,0.0011689818618872509,0.32009361400000003,0,0,0.0070538581727384439,2.9911722163954058e-06,0,0,0.099015042046594087,0.0018951229601319186,0.019542957487582578,2.1920897010672351e-05,0.0046713869740736399,3.5621158608966306e-06
249,0.029808219209059295,0.0025000481194060804,0.42079139900000001,0,0,0.0070538581727384439,2.9911722163954058e-06,0,0,0.17323221681704717,0.0075662290638639019,0,0,0,0
250,0.029808219209059295,0.0025000481194060804,0.38823284899999999,0,0,0.0070538581727384439,2.9911722163954058e-06,0,0,0.17323221681704717,0.0075662290638639019,0,0,0.035299224261615122,0.00027203686528506433
251,0.030319732271429502,0.0025347391286787962,0.61723001200000005,0,0,0.0070538581727384439,2.9911722163954058e-06,0,0,0.17323221681704717,0.0075662290638639019,0.019542957487582578,2.1920897010672351e-05,0.035299224261615122,0.00027203686528506433
252,0.048434623973735463,0.0064094809929338198,0.61716536600000005,0,0,0.0070538581727384439,2.9911722163954058e-06,0,0,0.29432736935424308,0.029782257606169423,0,0,0,0
253,0.048434623973735463,0.0064094809929338198,0.37950020499999998,0,0,0.0070538581727384439,2.9911722163954058e-06,0,0,0.29432736935424308,0.029782257606169423,0,0,0.0046713869740736399,3.5621158608966306e-06
254,0.048575056657872089,0.0064313737052114706,0.30648602800000002,0,0,0.0070538581727384439,2.9911722163954058e-06,0,0,0.29432736935424308,0.029782257606169423,0.0072555615269624344,3.1365272899216516e-06,0.0046713869740736399,3.5621158608966306e-06
255,0.025276216606667803,0.00082951883420792573,0.36813132399999998,0,0,0.0070538581727384439,2.9911722163954058e-06,0.00071998620962972519,1.0668702470797522e-07,0,0,0.23639565188982414,0.008090160902531382,0,0
256,0.0011911876626738171,5.0395295912461724e-05,0.54846099000000004,0,0,0.0070538581727384439,2.9911722163954058e-06,0.00071998620962972519,1.0668702470797522e-07,0.0025776564298912751,7.178637923836913e-07,0,0,0.066925301383199784,0.0010976716341893321
257,0.0011911876626738171,5.0395295912461724e-05,0.33117496200000002,0,0,0.0070538581727384439,2.9911722163954058e-06,0.00071998620962972519,1.0668702470797522e-07,0.0025776564298912751,7.178637923836913e-07,0,0,0.12482140519422169,0.0043929082768954294
258,0.0017931577704355754,5.0747233057996079e-05,0.32741933099999998,0,0,0.0070538581727384439,2.9911722163954058e-06,0.00071998620962972519,1.0668702470797522e-07,0.0025776564298912751,7.178637923836913e-07,0.0072555615269624344,3.1365272899216516e-06,0,0
259,0.048575056657872089,0.0064313737052114706,0.45404177000000001,0,0,0.0070538581727384439,2.9911722163954058e-06,0.00071998620962972519,1.0668702470797522e-07,0.29432736935424308,0.029782257606169423,0.0072555615269624344,3.1365272899216516e-06,0.0094673376615136643,1.5803755559712259e-05
260,0.0027901510291574436,4.0376374137834254e-05,0.38537221399999999,0,0,0.0070538581727384439,2.9911722163954058e-06,0.0019913003314104079,7.4466870783374176e-07,0,0,0.019542957487582578,2.1920897010672351e-05,0.12482140519422169,0.0043929082768954294
261,0.014956578114314299,0.0002337217150936371,0.36123797400000002,0,0,0.0070538581727384439,2.9911722163954058e-06,0.0019913003314104079,7.4466870783374176e-07,0,0,0.13810176934126006,0.002002016474771101,0.066925301383199784,0.0010976716341893321
262,0.0058172149123756163,0.00030034760364984849,0.35549853799999998,0,0,0.0070538581727384439,2.9911722163954058e-06,0.0019913003314104079,7.4466870783374176e-07,0.029349513899250026,0.00011093713019455803,0,0,0.00073691275757772434,1.017642263681214e-07
263,0.0083140246610034791,0.00031849222482667683,0.30852777999999997,0,0,0.0070538581727384439,2.9911722163954058e-06,0.0019913003314104079,7.4466870783374176e-07,0.029349513899250026,0.00011093713019455803,0.041005308662877701,0.00010943307334319948,0.018436560699085457,6.6669330534709393e-05
264,0.017037339663129574,0.00052521338926341942,0.52289721700000003,0,0,0.0070538581727384439,2.9911722163954058e-06,0.0019913003314104079,7.4466870783374176e-07,0.029349513899250026,0.00011093713019455803,0.13810176934126006,0.002002016474771101,0,0
265,0.026985326752841206,0.0011484936790135826,0.61297466,0,0,0.0070538581727384439,2.9911722163954058e-06,0.0019913003314104079,7.4466870783374176e-07,0.029349513899250026,0.00011093713019455803,0.23639565188982414,0.008090160902531382,0.00073691275757772434,1.017642263681214e-07
266,0.00085602641375796568,3.8257700671981884e-05,0.61311781099999996,0,0,0.0070538581727384439,2.9911722163954058e-06,0.004391030021690891,3.7296579112788589e-06,0,0,0,0,0.0020897457832725727,7.133946667246938e-07
267,0.0027901510291574436,4.0376374137834254e-05,0.61334256399999998,0,0,0.0070538581727384439,2.9911722163954058e-06,0.004391030021690891,3.7296579112788589e-06,0,0,0.019542957487582578,2.1920897010672351e-05,0.0094673376615136643,1.5803755559712259e-05
268,0.0049613493765062631,4.8849725031215898e-05,0.616672424,0,0,0.0070538581727384439,2.9911722163954058e-06,0.004391030021690891,3.7296579112788589e-06,0,0,0.041005308662877701,0.00010943307334319948,0,0
269,0.014956578114314299,0.0002337217150936371,0.61639475399999999,0,0,0.0070538581727384439,2.9911722163954058e-06,0.004391030021690891,3.7296579112788589e-06,0,0,0.13810176934126006,0.002002016474771101,0.066925301383199784,0.0010976716341893321
270,0.00085602641375796568,3.8257700671981884e-05,0.61328919400000004,0,0,0.0070538581727384439,2.9911722163954058e-06,0.0089799454227389077,1.6589615174066303e-05,0,0,0,0,0.018436560699085457,6.6669330534709393e-05
271,0.0015714672620152836,3.8562100628442097e-05,0.61269816399999999,0,0,0.0070538581727384439,2.9911722163954058e-06,0.017576043218851114,6.9394104898684919e-05,0,0,0.0072555615269624344,3.1365272899216516e-06,0.0094673376615136643,1.5803755559712259e-05
272,0.0027901510291574436,4.0376374137834254e-05,0.61341810399999996,0,0,0.0070538581727384439,2.9911722163954058e-06,0.017576043218851114,6.9394104898684919e-05,0,0,0.019542957487582578,2.1920897010672351e-05,0,0
273,0.0027901510291574436,4.0376374137834254e-05,0.61313662300000005,0,0,0.0070538581727384439,2.9911722163954058e-06,0.017576043218851114,6.9394104898684919e-05,0,0,0.019542957487582578,2.1920897010672351e-05,0.12482140519422169,0.0043929082768954294
274,0.0061562281202153686,0.00030203282366443178,0.61213524200000002,0,0,0.0070538581727384439,2.9911722163954058e-06,0.017576043218851114,6.9394104898684919e-05,0.029349513899250026,0.00011093713019455803,0.0072555615269624344,3.1365272899216516e-06,0.0046713869740736399,3.5621158608966306e-06
275,0.0068120923604383671,0.00030627893940043602,0.45820261600000001,0,0,0.0070538581727384439,2.9911722163954058e-06,0.017576043218851114,6.9394104898684919e-05,0.029349513899250026,0.00011093713019455803,0.019542957487582578,2.1920897010672351e-05,0.035299224261615122,0.00027203686528506433
276,0.0015714672620152836,3.8562100628442097e-05,0.35750432799999998,0,0,0.0070538581727384439,2.9911722163954058e-06,0.033822280134755418,0.00028442848457030151,0,0,0.0072555615269624344,3.1365272899216516e-06,0.0046713869740736399,3.5621158608966306e-06
277,0.020476736581260906,0.0060959570363512865,0.61172150599999997,0,0,0.0070538581727384439,2.9911722163954058e-06,0.033822280134755418,0.00028442848457030151,0,0,0.019542957487582578,2.1920897010672351e-05,0.23835386535479269,0.017767155452867944
278,0.025276216606667803,0.00082951883420792573,0.61321170400000002,0,0,0.0070538581727384439,2.9911722163954058e-06,0.033822280134755418,0.00028442848457030151,0,0,0.23639565188982414,0.008090160902531382,0,0
279,0.032933068492906462,0.0021258228852930041,0.61370768799999997,0,0,0.0070538581727384439,2.9911722163954058e-06,0.033822280134755418,0.00028442848457030151,0.099015042046594087,0.0018951229601319186,0.23639565188982414,0.008090160902531382,0.0020897457832725727,7.133946667246938e-07
280,0.00085602641375796568,3.8257700671981884e-05,0.61146298099999996,0,0,0.0070538581727384439,2.9911722163954058e-06,0.064301081919963615,0.0011434775053933504,0,0,0,0,0.0094673376615136643,1.5803755559712259e-05
281,0.0015714672620152836,3.8562100628442097e-05,0.61343470600000005,0,0,0.0070538581727384439,2.9911722163954058e-06,0.064301081919963615,0.0011434775053933504,0,0,0.0072555615269624344,3.1365272899216516e-06,0,0
282,0.0027901510291574436,4.0376374137834254e-05,0.61276180899999999,0,0,0.0070538581727384439,2.9911722163954058e-06,0.064301081919963615,0.0011434775053933504,0,0,0.019542957487582578,2.1920897010672351e-05,0,0
283,0.0011911876626738171,5.0395295912461724e-05,0.61275172499999997,0,0,0.0070538581727384439,2.9911722163954058e-06,0.064301081919963615,0.0011434775053933504,0.0025776564298912751,7.178637923836913e-07,0,0,0.12482140519422169,0.0043929082768954294
284,0.0017931577704355754,5.0747233057996079e-05,0.61267904299999998,0,0,0.0070538581727384439,2.9911722163954058e-06,0.064301081919963615,0.0011434775053933504,0.0025776564298912751,7.178637923836913e-07,0.0072555615269624344,3.1365272899216516e-06,0.0046713869740736399,3.5621158608966306e-06
285,0.0029812328330987682,5.2749048381866031e-05,0.613453523,0,0,0.0070538581727384439,2.9911722163954058e-06,0.064301081919963615,0.0011434775053933504,0.0025776564298912751,7.178637923836913e-07,0.019542957487582578,2.1920897010672351e-05,0,0
286,0.0029812328330987682,5.2749048381866031e-05,0.616599809,0,0,0.0070538581727384439,2.9911722163954058e-06,0.064301081919963615,0.0011434775053933504,0.0025776564298912751,7.178637923836913e-07,0.019542957487582578,2.1920897010672351e-05,0.0094673376615136643,1.5803755559712259e-05
287,0.00085602641375796568,3.8257700671981884e-05,0.617107564,0,0,0.0070538581727384439,2.9911722163954058e-06,0.12074096984968002,0.0045738414776371689,0,0,0,0,0,0
288,0.014956578114314299,0.0002337217150936371,0.61462666499999996,0,0,0.0070538581727384439,2.9911722163954058e-06,0.12074096984968002,0.0045738414776371689,0,0,0.13810176934126006,0.002002016474771101,0.0046713869740736399,3.5621158608966306e-06
289,0.0062945187495657244,0.00016641234366626524,0.61604465200000003,0,0,0.0070538581727384439,2.9911722163954058e-06,0.12074096984968002,0.0045738414776371689,0.014981183407215215,2.5095647377126372e-05,0.041005308662877701,0.00010943307334319948,0.018436560699085457,6.6669330534709393e-05
290,0.026164604496194389,0.00097914731120330475,0.61569753100000002,0,0,0.0070538581727384439,2.9911722163954058e-06,0.12074096984968002,0.0045738414776371689,0.014981183407215215,2.5095647377126372e-05,0.23639565188982414,0.008090160902531382,0.0020897457832725727,7.133946667246938e-07
291,0.0068120923604383671,0.00030627893940043602,0.61285432299999998,0,0,0.0070538581727384439,2.9911722163954058e-06,0.12074096984968002,0.0045738414776371689,0.029349513899250026,0.00011093713019455803,0.019542957487582578,2.1920897010672351e-05,0.035299224261615122,0.00027203686528506433
292,0.011233338415779849,0.00036004829938618356,0.61386908500000004,0,0,0.0070538581727384439,2.9911722163954058e-06,0.12074096984968002,0.0045738414776371689,0.029349513899250026,0.00011093713019455803,0.077646384166351154,0.00048192924222406397,0,0
293,0.044632173709469675,0.02117075602088191,0.61204443600000003,0,0,0.0070538581727384439,2.9911722163954058e-06,0.2422388505978256,0.018789844584028239,0,0,0,0,0.0094673376615136643,1.5803755559712259e-05
294,0.059933412522705981,0.021414093796366159,0.61264516300000005,0,0,0.0070538581727384439,2.9911722163954058e-06,0.2422388505978256,0.018789844584028239,0,0,0.23639565188982414,0.008090160902531382,0,0
295,0.044627204928292696,0.02116197698631072,0.61219985099999996,0,0,0.0070538581727384439,2.9911722163954058e-06,0.2422388505978256,0.018789844584028239,0.0025776564298912751,7.178637923836913e-07,0,0,0.0094673376615136643,1.5803755559712259e-05
296,0.045339001752700753,0.021143290358230298,0.61507382399999999,0,0,0.0070538581727384439,2.9911722163954058e-06,0.2422388505978256,0.018789844584028239,0.0025776564298912751,7.178637923836913e-07,0.019542957487582578,2.1920897010672351e-05,0.0046713869740736399,3.5621158608966306e-06
297,0.046369279047986905,0.021123151969674986,0.61294594400000002,0,0,0.0070538581727384439,2.9911722163954058e-06,0.2422388505978256,0.018789844584028239,0.0025776564298912751,7.178637923836913e-07,0.041005308662877701,0.00010943307334319948,0,0
298,0.0023355105609404493,9.6329245392396553e-05,0.61423979200000001,0,0,0.019523749686017854,2.0955279582831375e-05,0,0,0,0,0,0,0,0
299,0.0023355105609404493,9.6329245392396553e-05,0.61630393400000005,0,0,0.019523749686017854,2.0955279582831375e-05,0,0,0,0,0,0,0.0020897457832725727,7.133946667246938e-07
300,0.0023355105609404493,9.6329245392396553e-05,0.61343017899999996,0,0,0.019523749686017854,2.0955279582831375e-05,0,0,0,0,0,0,0.066925301383199784,0.0010976716341893321
301,0.0042696351763401152,9.8447918858248916e-05,0.61685237599999998,0,0,0.019523749686017854,2.0955279582831375e-05,0,0,0,0,0.019542957487582578,2.1920897010672351e-05,0.0046713869740736399,3.5621158608966306e-06
302,0.0064408335236891719,0.00010692126975163057,0.61593133899999997,0,0,0.019523749686017854,2.0955279582831375e-05,0,0,0,0,0.041005308662877701,0.00010943307334319948,0.018436560699085457,6.6669330534709393e-05
303,0.027598836318485014,0.0061148238692849315,0.61199131900000003,0,0,0.019523749686017854,2.0955279582831375e-05,0,0,0,0,0.077646384166351154,0.00048192924222406397,0.23835386535479269,0.017767155452867944
304,0.016436062261497977,0.00029179325981405177,0.61305334,0,0,0.019523749686017854,2.0955279582831375e-05,0,0,0,0,0.13810176934126006,0.002002016474771101,0,0
305,0.03386977465435434,0.0062634710598054736,0.61105030699999996,0,0,0.019523749686017854,2.0955279582831375e-05,0,0,0,0,0.13810176934126006,0.002002016474771101,0.23835386535479269,0.017767155452867944
306,0.0026778118984100204,0.00011076160116885135,0.47503600400000001,0,0,0.019523749686017854,2.0955279582831375e-05,0,0,0.0025776564298912751,7.178637923836913e-07,0,0,0.00073691275757772434,1.017642263681214e-07
307,0.0032797820061716233,0.00011111353831438569,0.30382945900000002,0,0,0.019523749686017854,2.0955279582831375e-05,0,0,0.0025776564298912751,7.178637923836913e-07,0.0072555615269624344,3.1365272899216516e-06,0.0046713869740736399,3.5621158608966306e-06
308,0.0032797820061716233,0.00011111353831438569,0.30266741600000002,0,0,0.019523749686017854,2.0955279582831375e-05,0,0,0.0025776564298912751,7.178637923836913e-07,0.0072555615269624344,3.1365272899216516e-06,0.0094673376615136643,1.5803755559712259e-05
309,0.0044678570688353632,0.00011311535363825565,0.303671892,0,0,0.019523749686017854,2.0955279582831375e-05,0,0,0.0025776564298912751,7.178637923836913e-07,0.019542957487582578,2.1920897010672351e-05,0.0094673376615136643,1.5803755559712259e-05
310,0.02691026026528719,0.00090770616411310894,0.32166899300000001,0,0,0.019523749686017854,2.0955279582831375e-05,0,0,0.0025776564298912751,7.178637923836913e-07,0.23639565188982414,0.008090160902531382,0.00073691275757772434,1.017642263681214e-07
311,0.0033623586354231952,0.00014222952187383889,0.30459101999999999,0,0,0.019523749686017854,2.0955279582831375e-05,0,0,0.0070568641369427197,5.0167964149023017e-06,0,0,0,0
312,0.0033623586354231952,0.00014222952187383889,0.45982417399999997,0,0,0.019523749686017854,2.0955279582831375e-05,0,0,0.0070568641369427197,5.0167964149023017e-06,0,0,0.018436560699085457,6.6669330534709393e-05
313,0.0047763759709313148,0.00021053403409184966,0.31000854300000003,0,0,0.019523749686017854,2.0955279582831375e-05,0,0,0.014981183407215215,2.5095647377126372e-05,0,0,0.066925301383199784,0.0010976716341893321
314,0.0076389260300780198,0.00035826642502871338,0.55764814900000004,0,0,0.019523749686017854,2.0955279582831375e-05,0,0,0.029349513899250026,0.00011093713019455803,0.0072555615269624344,3.1365272899216516e-06,0,0
315,0.0082947902703005318,0.00036251254076471762,0.34063136199999999,0,0,0.019523749686017854,2.0955279582831375e-05,0,0,0.029349513899250026,0.00011093713019455803,0.019542957487582578,2.1920897010672351e-05,0.12482140519422169,0.0043929082768954294
316,0.030367678364112152,0.0015197332241356925,0.359169289,0,0,0.019523749686017854,2.0955279582831375e-05,0,0,0.054808110924766583,0.00046335850843711145,0.23639565188982414,0.008090160902531382,0,0
317,0.019198483941079727,0.0011943665727311482,0.61690906300000004,0,0,0.019523749686017854,2.0955279582831375e-05,0,0,0.099015042046594087,0.0018951229601319186,0,0,0.0046713869740736399,3.5621158608966306e-06
318,0.019198483941079727,0.0011943665727311482,0.52486822600000005,0,0,0.019523749686017854,2.0955279582831375e-05,0,0,0.099015042046594087,0.0018951229601319186,0,0,0.12482140519422169,0.0043929082768954294
319,0.019418474360959868,0.0012003664690766135,0.45580215899999998,0,0,0.019523749686017854,2.0955279582831375e-05,0,0,0.099015042046594087,0.0018951229601319186,0.0072555615269624344,3.1365272899216516e-06,0.0046713869740736399,3.5621158608966306e-06
320,0.039958489037367963,0.006152145430974483,0.39628871799999998,0,0,0.019523749686017854,2.0955279582831375e-05,0,0,0.099015042046594087,0.0018951229601319186,0.13810176934126006,0.002002016474771101,0.23835386535479269,0.017767155452867944
321,0.03174221101620233,0.0025717075287501412,0.334822746,0,0,0.019523749686017854,2.0955279582831375e-05,0,0,0.17323221681704717,0.0075662290638639019,0.019542957487582578,2.1920897010672351e-05,0.035299224261615122,0.00027203686528506433
322,0.03174221101620233,0.0025717075287501412,0.31522994500000001,0,0,0.019523749686017854,2.0955279582831375e-05,0,0,0.17323221681704717,0.0075662290638639019,0.019542957487582578,2.1920897010672351e-05,0.12482140519422169,0.0043929082768954294
323,0.049855365210927344,0.0064478292552096654,0.32347189300000001,0,0,0.019523749686017854,2.0955279582831375e-05,0,0,0.29432736935424308,0.029782257606169423,0,0,0.00073691275757772434,1.017642263681214e-07
324,0.049855365210927344,0.0064478292552096654,0.44538917,0,0,0.019523749686017854,2.0955279582831375e-05,0,0,0.29432736935424308,0.029782257606169423,0,0,0.066925301383199784,0.0010976716341893321
325,0.0026778118984100204,0.00011076160116885135,0.30790659399999998,0,0,0.019523749686017854,2.0955279582831375e-05,0.00071998620962972519,1.0668702470797522e-07,0.0025776564298912751,7.178637923836913e-07,0,0,0.035299224261615122,0.00027203686528506433
326,0.033963368978217195,0.0062607614005291291,0.49271573600000002,0,0,0.019523749686017854,2.0955279582831375e-05,0.00071998620962972519,1.0668702470797522e-07,0.0025776564298912751,7.178637923836913e-07,0.13810176934126006,0.002002016474771101,0.23835386535479269,0.017767155452867944
327,0.049855365210927344,0.0064478292552096654,0.39576064100000002,0,0,0.019523749686017854,2.0955279582831375e-05,0.00071998620962972519,1.0668702470797522e-07,0.29432736935424308,0.029782257606169423,0,0,0,0
328,0.0023355105609404493,9.6329245392396553e-05,0.387422767,0,0,0.019523749686017854,2.0955279582831375e-05,0.0019913003314104079,7.4466870783374176e-07,0,0,0,0,0,0
329,0.0042696351763401152,9.8447918858248916e-05,0.35541325699999998,0,0,0.019523749686017854,2.0955279582831375e-05,0.0019913003314104079,7.4466870783374176e-07,0,0,0.019542957487582578,2.1920897010672351e-05,0.0046713869740736399,3.5621158608966306e-06
330,0.0042696351763401152,9.8447918858248916e-05,0.30442640399999998,0,0,0.019523749686017854,2.0955279582831375e-05,0.0019913003314104079,7.4466870783374176e-07,0,0,0.019542957487582578,2.1920897010672351e-05,0.0094673376615136643,1.5803755559712259e-05
331,0.010165123925624239,0.00014314606929350954,0.365523298,0,0,0.019523749686017854,2.0955279582831375e-05,0.004391030021690891,3.7296579112788589e-06,0,0,0.077646384166351154,0.00048192924222406397,0.035299224261615122,0.00027203686528506433
332,0.021703347569196965,0.0060701257188496708,0.33550668300000003,0,0,0.019523749686017854,2.0955279582831375e-05,0.0089799454227389077,1.6589615174066303e-05,0,0,0.019542957487582578,2.1920897010672351e-05,0.23835386535479269,0.017767155452867944
333,0.016436062261497977,0.00029179325981405177,0.36859908000000002,0,0,0.019523749686017854,2.0955279582831375e-05,0.0089799454227389077,1.6589615174066303e-05,0,0,0.13810176934126006,0.002002016474771101,0.0046713869740736399,3.5621158608966306e-06
334,0.0023355105609404493,9.6329245392396553e-05,0.30532341600000001,0,0,0.019523749686017854,2.0955279582831375e-05,0.017576043218851114,6.9394104898684919e-05,0,0,0,0,0.00073691275757772434,1.017642263681214e-07
335,0.02675570075385092,0.00088759037892834048,0.35364437700000001,0,0,0.019523749686017854,2.0955279582831375e-05,0.017576043218851114,6.9394104898684919e-05,0,0,0.23639565188982414,0.008090160902531382,0.12482140519422169,0.0043929082768954294
336,0.007299912822238656,0.0003565812050141301,0.42300299000000002,0,0,0.019523749686017854,2.0955279582831375e-05,0.017576043218851114,6.9394104898684919e-05,0.029349513899250026,0.00011093713019455803,0,0,0,0
337,0.007299912822238656,0.0003565812050141301,0.491082988,0,0,0.019523749686017854,2.0955279582831375e-05,0.017576043218851114,6.9394104898684919e-05,0.029349513899250026,0.00011093713019455803,0,0,0.018436560699085457,6.6669330534709393e-05
338,0.0082947902703005318,0.00036251254076471762,0.33885666399999997,0,0,0.019523749686017854,2.0955279582831375e-05,0.017576043218851114,6.9394104898684919e-05,0.029349513899250026,0.00011093713019455803,0.019542957487582578,2.1920897010672351e-05,0,0
339,0.009796722570865668,0.00037472582619095844,0.61408814700000003,0,0,0.019523749686017854,2.0955279582831375e-05,0.017576043218851114,6.9394104898684919e-05,0.029349513899250026,0.00011093713019455803,0.041005308662877701,0.00010943307334319948,0.018436560699085457,6.6669330534709393e-05
340,0.034869097775347066,0.0061868500180691718,0.60807308599999998,0,0,0.019523749686017854,2.0955279582831375e-05,0.017576043218851114,6.9394104898684919e-05,0.029349513899250026,0.00011093713019455803,0.13810176934126006,0.002002016474771101,0.23835386535479269,0.017767155452867944
341,0.027598836318485014,0.0061148238692849315,0.60560536799999998,0,0,0.019523749686017854,2.0955279582831375e-05,0.033822280134755418,0.00028442848457030151,0,0,0.077646384166351154,0.00048192924222406397,0.23835386535479269,0.017767155452867944
342,0.02675570075385092,0.00088759037892834048,0.60950828300000004,0,0,0.019523749686017854,2.0955279582831375e-05,0.033822280134755418,0.00028442848457030151,0,0,0.23639565188982414,0.008090160902531382,0,0
343,0.02675570075385092,0.00088759037892834048,0.612609085,0,0,0.019523749686017854,2.0955279582831375e-05,0.033822280134755418,0.00028442848457030151,0,0,0.23639565188982414,0.008090160902531382,0.035299224261615122,0.00027203686528506433
344,0.019198483941079727,0.0011943665727311482,0.50549772100000001,0,0,0.019523749686017854,2.0955279582831375e-05,0.033822280134755418,0.00028442848457030151,0.099015042046594087,0.0018951229601319186,0,0,0,0
345,0.019198483941079727,0.0011943665727311482,0.30590268599999998,0,0,0.019523749686017854,2.0955279582831375e-05,0.033822280134755418,0.00028442848457030151,0.099015042046594087,0.0018951229601319186,0,0,0.0020897457832725727,7.133946667246938e-07
346,0.032628143575425539,0.0058361118584010774,0.366219289,0,0,0.019523749686017854,2.0955279582831375e-05,0.033822280134755418,0.00028442848457030151,0.099015042046594087,0.0018951229601319186,0,0,0.23835386535479269,0.017767155452867944
347,0.039958489037367963,0.006152145430974483,0.36550834900000001,0,0,0.019523749686017854,2.0955279582831375e-05,0.033822280134755418,0.00028442848457030151,0.099015042046594087,0.0018951229601319186,0.13810176934126006,0.002002016474771101,0.23835386535479269,0.017767155452867944
348,0.0023355105609404493,9.6329245392396553e-05,0.38012384900000001,0,0,0.019523749686017854,2.0955279582831375e-05,0.064301081919963615,0.0011434775053933504,0,0,0,0,0,0
349,0.0023355105609404493,9.6329245392396553e-05,0.35924800499999998,0,0,0.019523749686017854,2.0955279582831375e-05,0.064301081919963615,0.0011434775053933504,0,0,0,0,0.018436560699085457,6.6669330534709393e-05
350,0.0023355105609404493,9.6329245392396553e-05,0.61020771600000001,0,0,0.019523749686017854,2.0955279582831375e-05,0.064301081919963615,0.0011434775053933504,0,0,0,0,0.12482140519422169,0.0043929082768954294
351,0.0026778118984100204,0.00011076160116885135,0.61077064700000006,0,0,0.019523749686017854,2.0955279582831375e-05,0.064301081919963615,0.0011434775053933504,0.0025776564298912751,7.178637923836913e-07,0,0,0.0020897457832725727,7.133946667246938e-07
352,0.0032797820061716233,0.00011111353831438569,0.61318401099999997,0,0,0.019523749686017854,2.0955279582831375e-05,0.064301081919963615,0.0011434775053933504,0.0025776564298912751,7.178637923836913e-07,0.0072555615269624344,3.1365272899216516e-06,0,0
353,0.016590256192694414,0.00030900696576686737,0.61448925600000004,0,0,0.019523749686017854,2.0955279582831375e-05,0.064301081919963615,0.0011434775053933504,0.0025776564298912751,7.178637923836913e-07,0.13810176934126006,0.002002016474771101,0,0
354,0.0023355105609404493,9.6329245392396553e-05,0.53007799799999999,0,0,0.019523749686017854,2.0955279582831375e-05,0.12074096984968002,0.0045738414776371689,0,0,0,0,0.0046713869740736399,3.5621158608966306e-06
355,0.0023355105609404493,9.6329245392396553e-05,0.35483850500000003,0,0,0.019523749686017854,2.0955279582831375e-05,0.12074096984968002,0.0045738414776371689,0,0,0,0,0.018436560699085457,6.6669330534709393e-05
356,0.016436062261497977,0.00029179325981405177,0.31248416899999998,0,0,0.019523749686017854,2.0955279582831375e-05,0.12074096984968002,0.0045738414776371689,0,0,0.13810176934126006,0.002002016474771101,0.0020897457832725727,7.133946667246938e-07
357,0.0047763759709313148,0.00021053403409184966,0.32538326699999998,0,0,0.019523749686017854,2.0955279582831375e-05,0.12074096984968002,0.0045738414776371689,0.014981183407215215,2.5095647377126372e-05,0,0,0.00073691275757772434,1.017642263681214e-07
358,0.0051611882194084633,0.00021143559159606239,0.61012054400000004,0,0,0.019523749686017854,2.0955279582831375e-05,0.12074096984968002,0.0045738414776371689,0.014981183407215215,2.5095647377126372e-05,0.0072555615269624344,3.1365272899216516e-06,0.0094673376615136643,1.5803755559712259e-05
359,0.0077784374743948819,0.00022403778534272199,0.61450136499999997,0,0,0.019523749686017854,2.0955279582831375e-05,0.12074096984968002,0.0045738414776371689,0.014981183407215215,2.5095647377126372e-05,0.041005308662877701,0.00010943307334319948,0,0
360,0.017328374725444205,0.00042066360708538451,0.55675280900000002,0,0,0.019523749686017854,2.0955279582831375e-05,0.12074096984968002,0.0045738414776371689,0.014981183407215215,2.5095647377126372e-05,0.13810176934126006,0.002002016474771101,0.0046713869740736399,3.5621158608966306e-06
361,0.012716036325642067,0.00041628190075046516,0.305450899,0,0,0.019523749686017854,2.0955279582831375e-05,0.12074096984968002,0.0045738414776371689,0.029349513899250026,0.00011093713019455803,0.077646384166351154,0.00048192924222406397,0,0
362,0.04598110901825795,0.021196341880986597,0.43250274100000002,0,0,0.019523749686017854,2.0955279582831375e-05,0.2422388505978256,0.018789844584028239,0,0,0,0,0.00073691275757772434,1.017642263681214e-07
363,0.046656884839864021,0.021177341126291792,0.30611052300000002,0,0,0.019523749686017854,2.0955279582831375e-05,0.2422388505978256,0.018789844584028239,0,0,0.019542957487582578,2.1920897010672351e-05,0.12482140519422169,0.0043929082768954294
364,0.061355840968087723,0.021436612698043634,0.30717091099999999,0,0,0.019523749686017854,2.0955279582831375e-05,0.2422388505978256,0.018789844584028239,0.0025776564298912751,7.178637923836913e-07,0.23639565188982414,0.008090160902531382,0,0
365,0.0050376643971713876,0.00023843942067978963,0.39158085300000001,0,0,0.040725592931596735,0.00010507916537179608,0,0,0,0,0,0,0,0
366,0.0050376643971713876,0.00023843942067978963,0.46193841400000002,0,0,0.040725592931596735,0.00010507916537179608,0,0,0,0,0,0,0.066925301383199784,0.0010976716341893321
367,0.0069717890125714221,0.000240558094145642,0.46100446699999997,0,0,0.040725592931596735,0.00010507916537179608,0,0,0,0,0.019542957487582578,2.1920897010672351e-05,0,0
368,0.0069717890125714221,0.000240558094145642,0.30587414400000001,0,0,0.040725592931596735,0.00010507916537179608,0,0,0,0,0.019542957487582578,2.1920897010672351e-05,0.12482140519422169,0.0043929082768954294
369,0.023812416433063036,0.006013462347326917,0.36695813199999999,0,0,0.040725592931596735,0.00010507916537179608,0,0,0,0,0.019542957487582578,2.1920897010672351e-05,0.23835386535479269,0.017767155452867944
370,0.012867277761853873,0.00028525624458090263,0.31245125200000001,0,0,0.040725592931596735,0.00010507916537179608,0,0,0,0,0.077646384166351154,0.00048192924222406397,0.035299224261615122,0.00027203686528506433
371,0.019138216097730646,0.00043390343510144486,0.34326682400000003,0,0,0.040725592931596735,0.00010507916537179608,0,0,0,0,0.13810176934126006,0.002002016474771101,0.066925301383199784,0.0010976716341893321
372,0.0053775425070797115,0.00025244440586921914,0.36895931700000001,0,0,0.040725592931596735,0.00010507916537179608,0,0,0.0025776564298912751,7.178637923836913e-07,0,0,0.035299224261615122,0.00027203686528506433
373,0.0060616795154444323,0.00028424487952735374,0.61292829299999996,0,0,0.040725592931596735,0.00010507916537179608,0,0,0.0070568641369427197,5.0167964149023017e-06,0,0,0,0
374,0.0060616795154444323,0.00028424487952735374,0.64345590100000005,0,0,0.040725592931596735,0.00010507916537179608,0,0,0.0070568641369427197,5.0167964149023017e-06,0,0,0.035299224261615122,0.00027203686528506433
375,0.013283478584594352,0.00033450785339295347,0.45613654999999997,0,0,0.040725592931596735,0.00010507916537179608,0,0,0.0070568641369427197,5.0167964149023017e-06,0.077646384166351154,0.00048192924222406397,0,0
376,0.02988032000775926,0.001093016377145354,0.61299933500000003,0,0,0.040725592931596735,0.00010507916537179608,0,0,0.0070568641369427197,5.0167964149023017e-06,0.23639565188982414,0.008090160902531382,0.00073691275757772434,1.017642263681214e-07
377,0.0074945780960391367,0.00035857249382292877,0.61437294200000003,0,0,0.040725592931596735,0.00010507916537179608,0,0,0.014981183407215215,2.5095647377126372e-05,0,0,0.00073691275757772434,1.017642263681214e-07
378,0.0087573737333771842,0.00036221852907641401,0.58136215599999996,0,0,0.040725592931596735,0.00010507916537179608,0,0,0.014981183407215215,2.5095647377126372e-05,0.019542957487582578,2.1920897010672351e-05,0.0094673376615136643,1.5803755559712259e-05
379,0.020046576850554127,0.00056870206681646363,0.35439192899999999,0,0,0.040725592931596735,0.00010507916537179608,0,0,0.014981183407215215,2.5095647377126372e-05,0.13810176934126006,0.002002016474771101,0.0020897457832725727,7.133946667246938e-07
380,0.030366725346133612,0.0011848112126108406,0.32515453700000002,0,0,0.040725592931596735,0.00010507916537179608,0,0,0.014981183407215215,2.5095647377126372e-05,0.23639565188982414,0.008090160902531382,0.00073691275757772434,1.017642263681214e-07
381,0.0099851994766431643,0.00049341595703740666,0.30505767900000003,0,0,0.040725592931596735,0.00010507916537179608,0,0,0.029349513899250026,0.00011093713019455803,0,0,0.00073691275757772434,1.017642263681214e-07
382,0.014384597134898123,0.0007491316206493236,0.33797725200000001,0,0,0.040725592931596735,0.00010507916537179608,0,0,0.054808110924766583,0.00046335850843711145,0,0,0,0
383,0.033024894773924521,0.0016483283909234504,0.34670536099999999,0,0,0.040725592931596735,0.00010507916537179608,0,0,0.054808110924766583,0.00046335850843711145,0.23639565188982414,0.008090160902531382,0,0
384,0.029155426181409087,0.0016255767209408527,0.30909931400000001,0,0,0.040725592931596735,0.00010507916537179608,0,0,0.099015042046594087,0.0018951229601319186,0.13810176934126006,0.002002016474771101,0,0
385,0.046351191462675467,0.0063780376406805186,0.31124169400000001,0,0,0.040725592931596735,0.00010507916537179608,0,0,0.17323221681704717,0.0075662290638639019,0.077646384166351154,0.00048192924222406397,0.23835386535479269,0.017767155452867944
386,0.045339304204319961,0.003820580337271584,0.37239422900000002,0,0,0.040725592931596735,0.00010507916537179608,0,0,0.17323221681704717,0.0075662290638639019,0.23639565188982414,0.008090160902531382,0.0020897457832725727,7.133946667246938e-07
387,0.05238185908554651,0.0065402044808471156,0.30667134299999999,0,0,0.040725592931596735,0.00010507916537179608,0,0,0.29432736935424308,0.029782257606169423,0,0,0,0
388,0.055800639710559569,0.0071531366829189124,0.47527722999999999,0,0,0.040725592931596735,0.00010507916537179608,0,0,0.29432736935424308,0.029782257606169423,0.13810176934126006,0.002002016474771101,0.066925301383199784,0.0010976716341893321
389,0.0050376643971713876,0.00023843942067978963,0.61554888200000002,0,0,0.040725592931596735,0.00010507916537179608,0.00071998620962972519,1.0668702470797522e-07,0,0,0,0,0.0094673376615136643,1.5803755559712259e-05
390,0.0053775425070797115,0.00025244440586921914,0.50956910700000002,0,0,0.040725592931596735,0.00010507916537179608,0.00071998620962972519,1.0668702470797522e-07,0.0025776564298912751,7.178637923836913e-07,0,0,0,0
391,0.0053775425070797115,0.00025244440586921914,0.30661203300000001,0,0,0.040725592931596735,0.00010507916537179608,0.00071998620962972519,1.0668702470797522e-07,0.0025776564298912751,7.178637923836913e-07,0,0,0.0020897457832725727,7.133946667246938e-07
392,0.0053775425070797115,0.00025244440586921914,0.31884056500000002,0,0,0.040725592931596735,0.00010507916537179608,0.00071998620962972519,1.0668702470797522e-07,0.0025776564298912751,7.178637923836913e-07,0,0,0.0094673376615136643,1.5803755559712259e-05
393,0.05238185908554651,0.0065402044808471156,0.366201571,0,0,0.040725592931596735,0.00010507916537179608,0.00071998620962972519,1.0668702470797522e-07,0.29432736935424308,0.029782257606169423,0,0,0.0020897457832725727,7.133946667246938e-07
394,0.012867277761853873,0.00028525624458090263,0.51719190500000001,0,0,0.040725592931596735,0.00010507916537179608,0.0019913003314104079,7.4466870783374176e-07,0,0,0.077646384166351154,0.00048192924222406397,0,0
395,0.010980076924704858,0.00049934729278799429,0.61306708300000001,0,0,0.040725592931596735,0.00010507916537179608,0.0019913003314104079,7.4466870783374176e-07,0.029349513899250026,0.00011093713019455803,0.019542957487582578,2.1920897010672351e-05,0.0094673376615136643,1.5803755559712259e-05
396,0.0057531052454287725,0.00023874382063624985,0.61787312599999999,0,0,0.040725592931596735,0.00010507916537179608,0.004391030021690891,3.7296579112788589e-06,0,0,0.0072555615269624344,3.1365272899216516e-06,0,0
397,0.02945785459008252,0.0010297005542157336,0.61815561699999999,0,0,0.040725592931596735,0.00010507916537179608,0.004391030021690891,3.7296579112788589e-06,0,0,0.23639565188982414,0.008090160902531382,0.00073691275757772434,1.017642263681214e-07
398,0.02945785459008252,0.0010297005542157336,0.63564422700000001,0,0,0.040725592931596735,0.00010507916537179608,0.004391030021690891,3.7296579112788589e-06,0,0,0.23639565188982414,0.008090160902531382,0.0020897457832725727,7.133946667246938e-07
399,0.0050376643971713876,0.00023843942067978963,0.75472590299999998,0,0,0.040725592931596735,0.00010507916537179608,0.0089799454227389077,1.6589615174066303e-05,0,0,0,0,0.0094673376615136643,1.5803755559712259e-05
400,0.0091429873599182913,0.00024903144503902368,0.71880024899999995,0,0,0.040725592931596735,0.00010507916537179608,0.0089799454227389077,1.6589615174066303e-05,0,0,0.041005308662877701,0.00010943307334319948,0.018436560699085457,6.6669330534709393e-05
401,0.0069717890125714221,0.000240558094145642,0.65934039200000005,0,0,0.040725592931596735,0.00010507916537179608,0.017576043218851114,6.9394104898684919e-05,0,0,0.019542957487582578,2.1920897010672351e-05,0,0
402,0.012867277761853873,0.00028525624458090263,0.69749987800000002,0,0,0.040725592931596735,0.00010507916537179608,0.017576043218851114,6.9394104898684919e-05,0,0,0.077646384166351154,0.00048192924222406397,0,0
403,0.015401322980048919,0.00055311665277374183,0.72596516099999997,0,0,0.040725592931596735,0.00010507916537179608,0.017576043218851114,6.9394104898684919e-05,0.029349513899250026,0.00011093713019455803,0.077646384166351154,0.00048192924222406397,0.035299224261615122,0.00027203686528506433
404,0.031153311317111521,0.0013415620324011407,0.73591682400000002,0,0,0.040725592931596735,0.00010507916537179608,0.017576043218851114,6.9394104898684919e-05,0.029349513899250026,0.00011093713019455803,0.23639565188982414,0.008090160902531382,0,0
405,0.0050376643971713876,0.00023843942067978963,0.80284607699999999,0,0,0.040725592931596735,0.00010507916537179608,0.033822280134755418,0.00028442848457030151,0,0,0,0,0,0
406,0.022045071139343175,0.0013155430447129124,0.87625431399999998,0,0,0.040725592931596735,0.00010507916537179608,0.033822280134755418,0.00028442848457030151,0.099015042046594087,0.0018951229601319186,0.0072555615269624344,3.1365272899216516e-06,0.0046713869740736399,3.5621158608966306e-06
407,0.025063904923833879,0.0014277803033233242,0.61415708400000002,0,0,0.040725592931596735,0.00010507916537179608,0.033822280134755418,0.00028442848457030151,0.099015042046594087,0.0018951229601319186,0.077646384166351154,0.00048192924222406397,0,0
408,0.0050376643971713876,0.00023843942067978963,0.496484117,0,0,0.040725592931596735,0.00010507916537179608,0.064301081919963615,0.0011434775053933504,0,0,0,0,0.066925301383199784,0.0010976716341893321
409,0.0057531052454287725,0.00023874382063624985,0.305967086,0,0,0.040725592931596735,0.00010507916537179608,0.064301081919963615,0.0011434775053933504,0,0,0.0072555615269624344,3.1365272899216516e-06,0,0
410,0.023812416433063036,0.006013462347326917,0.396126904,0,0,0.040725592931596735,0.00010507916537179608,0.064301081919963615,0.0011434775053933504,0,0,0.019542957487582578,2.1920897010672351e-05,0.23835386535479269,0.017767155452867944
411,0.02945785459008252,0.0010297005542157336,0.37141925100000001,0,0,0.040725592931596735,0.00010507916537179608,0.064301081919963615,0.0011434775053933504,0,0,0.23639565188982414,0.008090160902531382,0,0
412,0.0050376643971713876,0.00023843942067978963,0.31201593399999999,0,0,0.040725592931596735,0.00010507916537179608,0.12074096984968002,0.0045738414776371689,0,0,0,0,0.0020897457832725727,7.133946667246938e-07
413,0.0069717890125714221,0.000240558094145642,0.61359106399999996,0,0,0.040725592931596735,0.00010507916537179608,0.12074096984968002,0.0045738414776371689,0,0,0.019542957487582578,2.1920897010672351e-05,0,0
414,0.025106445170617751,0.005969008074323847,0.60684360400000004,0,0,0.040725592931596735,0.00010507916537179608,0.12074096984968002,0.0045738414776371689,0.014981183407215215,2.5095647377126372e-05,0.019542957487582578,2.1920897010672351e-05,0.23835386535479269,0.017767155452867944
415,0.013966857176332531,0.00041292733936692204,0.61405718799999998,0,0,0.040725592931596735,0.00010507916537179608,0.12074096984968002,0.0045738414776371689,0.014981183407215215,2.5095647377126372e-05,0.077646384166351154,0.00048192924222406397,0.035299224261615122,0.00027203686528506433
416,0.030366725346133612,0.0011848112126108406,0.57091514600000004,0,0,0.040725592931596735,0.00010507916537179608,0.12074096984968002,0.0045738414776371689,0.014981183407215215,2.5095647377126372e-05,0.23639565188982414,0.008090160902531382,0,0
417,0.030366725346133612,0.0011848112126108406,0.30728583700000001,0,0,0.040725592931596735,0.00010507916537179608,0.12074096984968002,0.0045738414776371689,0.014981183407215215,2.5095647377126372e-05,0.23639565188982414,0.008090160902531382,0.0020897457832725727,7.133946667246938e-07
418,0.062797873594912318,0.026554753938475114,0.397280036,0,0,0.040725592931596735,0.00010507916537179608,0.2422388505978256,0.018789844584028239,0,0,0,0,0.23835386535479269,0.017767155452867944
419,0.06347364941651866,0.026535753183780309,0.33074154,0,0,0.040725592931596735,0.00010507916537179608,0.2422388505978256,0.018789844584028239,0,0,0.019542957487582578,2.1920897010672351e-05,0.23835386535479269,0.017767155452867944
420,0.04838923255347459,0.02125690359825682,0.61215936500000001,0,0,0.040725592931596735,0.00010507916537179608,0.2422388505978256,0.018789844584028239,0.0025776564298912751,7.178637923836913e-07,0,0,0,0
421,0.04838923255347459,0.02125690359825682,0.46310200600000001,0,0,0.040725592931596735,0.00010507916537179608,0.2422388505978256,0.018789844584028239,0.0025776564298912751,7.178637923836913e-07,0,0,0.0046713869740736399,3.5621158608966306e-06
422,0.056195133826339484,0.021213469982474916,0.30625193099999998,0,0,0.040725592931596735,0.00010507916537179608,0.2422388505978256,0.018789844584028239,0.0025776564298912751,7.178637923836913e-07,0.13810176934126006,0.002002016474771101,0.0046713869740736399,3.5621158608966306e-06
423,0.070595144767148732,0.026503587185279887,0.30304926100000001,0,0,0.040725592931596735,0.00010507916537179608,0.2422388505978256,0.018789844584028239,0.0025776564298912751,7.178637923836913e-07,0.13810176934126006,0.002002016474771101,0.23835386535479269,0.017767155452867944
424,0.063765663327203861,0.021504953885193141,0.30636065400000001,0,0,0.040725592931596735,0.00010507916537179608,0.2422388505978256,0.018789844584028239,0.0025776564298912751,7.178637923836913e-07,0.23639565188982414,0.008090160902531382,0.035299224261615122,0.00027203686528506433
425,0.0097754240382586406,0.00049845267725385199,0.41314134000000002,0,0,0.077119332289920364,0.0004635491768056605,0,0,0,0,0,0,0,0
426,0.0097754240382586406,0.00049845267725385199,0.61411262499999997,0,0,0.077119332289920364,0.0004635491768056605,0,0,0,0,0,0,0.00073691275757772434,1.017642263681214e-07
427,0.0097754240382586406,0.00049845267725385199,0.32240234299999998,0,0,0.077119332289920364,0.0004635491768056605,0,0,0,0,0,0,0.018436560699085457,6.6669330534709393e-05
428,0.0097754240382586406,0.00049845267725385199,0.30668455300000003,0,0,0.077119332289920364,0.0004635491768056605,0,0,0,0,0,0,0.035299224261615122,0.00027203686528506433
429,0.010490864886515266,0.00049875707721031221,0.40869450099999999,0,0,0.077119332289920364,0.0004635491768056605,0,0,0,0,0.0072555615269624344,3.1365272899216516e-06,0.0046713869740736399,3.5621158608966306e-06
430,0.023875975738822473,0.00069391669167550717,0.34118309800000002,0,0,0.077119332289920364,0.0004635491768056605,0,0,0,0,0.13810176934126006,0.002002016474771101,0.0046713869740736399,3.5621158608966306e-06
431,0.023875975738822473,0.00069391669167550717,0.56782658200000002,0,0,0.077119332289920364,0.0004635491768056605,0,0,0,0,0.13810176934126006,0.002002016474771101,0.066925301383199784,0.0010976716341893321
432,0.034195614231172344,0.0012897138107897958,0.61331980900000005,0,0,0.077119332289920364,0.0004635491768056605,0,0,0,0,0.23639565188982414,0.008090160902531382,0.12482140519422169,0.0043929082768954294
433,0.014039038897461479,0.00052507012596074226,0.61294876200000004,0,0,0.077119332289920364,0.0004635491768056605,0,0,0.0025776564298912751,7.178637923836913e-07,0.041005308662877701,0.00010943307334319948,0,0
434,0.034352037529202753,0.0013108311454971744,0.61342093900000005,0,0,0.077119332289920364,0.0004635491768056605,0,0,0.0025776564298912751,7.178637923836913e-07,0.23639565188982414,0.008090160902531382,0.0020897457832725727,7.133946667246938e-07
435,0.034352037529202753,0.0013108311454971744,0.613390192,0,0,0.077119332289920364,0.0004635491768056605,0,0,0.0025776564298912751,7.178637923836913e-07,0.23639565188982414,0.008090160902531382,0.12482140519422169,0.0043929082768954294
436,0.027568304439083119,0.0058912546224854558,0.61024310299999995,0,0,0.077119332289920364,0.0004635491768056605,0,0,0.014981183407215215,2.5095647377126372e-05,0,0,0.23835386535479269,0.017767155452867944
437,0.015212643655293416,0.00062333595388286173,0.61635532299999995,0,0,0.077119332289920364,0.0004635491768056605,0,0,0.014981183407215215,2.5095647377126372e-05,0.041005308662877701,0.00010943307334319948,0,0
438,0.019066501964998147,0.00098747557195978035,0.60098906100000005,0,0,0.077119332289920364,0.0004635491768056605,0,0,0.054808110924766583,0.00046335850843711145,0,0,0.0020897457832725727,7.133946667246938e-07
439,0.019884275445800861,0.00099798515178399559,0.40699701500000002,0,0,0.077119332289920364,0.0004635491768056605,0,0,0.054808110924766583,0.00046335850843711145,0.019542957487582578,2.1920897010672351e-05,0.12482140519422169,0.0043929082768954294
440,0.026434029861301708,0.0015195897337130842,0.61397305700000004,0,0,0.077119332289920364,0.0004635491768056605,0,0,0.099015042046594087,0.0018951229601319186,0,0,0.0020897457832725727,7.133946667246938e-07
441,0.02967285406567316,0.0016378268886689615,0.61379251899999998,0,0,0.077119332289920364,0.0004635491768056605,0,0,0.099015042046594087,0.0018951229601319186,0.077646384166351154,0.00048192924222406397,0.035299224261615122,0.00027203686528506433
442,0.038360327389825651,0.0028296750766049379,0.61466805300000005,0,0,0.077119332289920364,0.0004635491768056605,0,0,0.17323221681704717,0.0075662290638639019,0,0,0.0094673376615136643,1.5803755559712259e-05
443,0.03887184045219591,0.0028643660858776536,0.615973993,0,0,0.077119332289920364,0.0004635491768056605,0,0,0.17323221681704717,0.0075662290638639019,0.019542957487582578,2.1920897010672351e-05,0,0
444,0.043367926885970402,0.0032772727277064996,0.61300398599999995,0,0,0.077119332289920364,0.0004635491768056605,0,0,0.17323221681704717,0.0075662290638639019,0.13810176934126006,0.002002016474771101,0.0046713869740736399,3.5621158608966306e-06
445,0.043367926885970402,0.0032772727277064996,0.61512061299999998,0,0,0.077119332289920364,0.0004635491768056605,0,0,0.17323221681704717,0.0075662290638639019,0.13810176934126006,0.002002016474771101,0.066925301383199784,0.0010976716341893321
446,0.056891212689975247,0.006738384968143051,0.61640444999999999,0,0,0.077119332289920364,0.0004635491768056605,0,0,0.29432736935424308,0.029782257606169423,0,0,0,0
447,0.0097754240382586406,0.00049845267725385199,0.61547471799999998,0,0,0.077119332289920364,0.0004635491768056605,0.00071998620962972519,1.0668702470797522e-07,0,0,0,0,0,0
448,0.034352037529202753,0.0013108311454971744,0.61435651800000002,0,0,0.077119332289920364,0.0004635491768056605,0.00071998620962972519,1.0668702470797522e-07,0.0025776564298912751,7.178637923836913e-07,0.23639565188982414,0.008090160902531382,0.0020897457832725727,7.133946667246938e-07
449,0.057278819105877767,0.006802160136196095,0.61053233600000001,0,0,0.077119332289920364,0.0004635491768056605,0.00071998620962972519,1.0668702470797522e-07,0.29432736935424308,0.029782257606169423,0.019542957487582578,2.1920897010672351e-05,0.035299224261615122,0.00027203686528506433
450,0.023875975738822473,0.00069391669167550717,0.61414005100000002,0,0,0.077119332289920364,0.0004635491768056605,0.0019913003314104079,7.4466870783374176e-07,0,0,0.13810176934126006,0.002002016474771101,0.0046713869740736399,3.5621158608966306e-06
451,0.034195614231172344,0.0012897138107897958,0.61159873799999998,0,0,0.077119332289920364,0.0004635491768056605,0.0019913003314104079,7.4466870783374176e-07,0,0,0.23639565188982414,0.008090160902531382,0.12482140519422169,0.0043929082768954294
452,0.015679677970589598,0.00074464836208082755,0.63713225200000001,0,0,0.077119332289920364,0.0004635491768056605,0.0019913003314104079,7.4466870783374176e-07,0.029349513899250026,0.00011093713019455803,0.019542957487582578,2.1920897010672351e-05,0.12482140519422169,0.0043929082768954294
453,0.040710030579396463,0.0060600844109496522,0.60826768600000003,0,0,0.077119332289920364,0.0004635491768056605,0.0019913003314104079,7.4466870783374176e-07,0.029349513899250026,0.00011093713019455803,0.13810176934126006,0.002002016474771101,0.23835386535479269,0.017767155452867944
454,0.0097754240382586406,0.00049845267725385199,0.61389209700000003,0,0,0.077119332289920364,0.0004635491768056605,0.0089799454227389077,1.6589615174066303e-05,0,0,0,0,0,0
455,0.023875975738822473,0.00069391669167550717,0.61148234199999996,0,0,0.077119332289920364,0.0004635491768056605,0.0089799454227389077,1.6589615174066303e-05,0,0,0.13810176934126006,0.002002016474771101,0.0046713869740736399,3.5621158608966306e-06
456,0.034195614231172344,0.0012897138107897958,0.61421218499999997,0,0,0.077119332289920364,0.0004635491768056605,0.017576043218851114,6.9394104898684919e-05,0,0,0.23639565188982414,0.008090160902531382,0.12482140519422169,0.0043929082768954294
457,0.025904925273287558,0.00096358281194381095,0.61355037499999998,0,0,0.077119332289920364,0.0004635491768056605,0.017576043218851114,6.9394104898684919e-05,0.029349513899250026,0.00011093713019455803,0.13810176934126006,0.002002016474771101,0.0020897457832725727,7.133946667246938e-07
458,0.035852912362996509,0.0015868631016939742,0.35649640300000002,0,0,0.077119332289920364,0.0004635491768056605,0.017576043218851114,6.9394104898684919e-05,0.029349513899250026,0.00011093713019455803,0.23639565188982414,0.008090160902531382,0.00073691275757772434,1.017642263681214e-07
459,0.0097754240382586406,0.00049845267725385199,0.309462921,0,0,0.077119332289920364,0.0004635491768056605,0.033822280134755418,0.00028442848457030151,0,0,0,0,0.0020897457832725727,7.133946667246938e-07
460,0.02560481473859727,0.0059382629084885549,0.59105048100000002,0,0,0.077119332289920364,0.0004635491768056605,0.033822280134755418,0.00028442848457030151,0,0,0,0,0.23835386535479269,0.017767155452867944
461,0.011709548653657,0.00050057135071970437,0.30611776800000001,0,0,0.077119332289920364,0.0004635491768056605,0.033822280134755418,0.00028442848457030151,0,0,0.019542957487582578,2.1920897010672351e-05,0,0
462,0.023875975738822473,0.00069391669167550717,0.36073853500000003,0,0,0.077119332289920364,0.0004635491768056605,0.033822280134755418,0.00028442848457030151,0,0,0.13810176934126006,0.002002016474771101,0,0
463,0.023875975738822473,0.00069391669167550717,0.30717148599999999,0,0,0.077119332289920364,0.0004635491768056605,0.033822280134755418,0.00028442848457030151,0,0,0.13810176934126006,0.002002016474771101,0.066925301383199784,0.0010976716341893321
464,0.041618505037567227,0.0024953363189381384,0.34829246899999999,0,0,0.077119332289920364,0.0004635491768056605,0.033822280134755418,0.00028442848457030151,0.099015042046594087,0.0018951229601319186,0.23639565188982414,0.008090160902531382,0.0020897457832725727,7.133946667246938e-07
465,0.010490864886515266,0.00049875707721031221,0.30599499299999999,0,0,0.077119332289920364,0.0004635491768056605,0.064301081919963615,0.0011434775053933504,0,0,0.0072555615269624344,3.1365272899216516e-06,0,0
466,0.010721559270083503,0.00051423851969845114,0.317226542,0,0,0.077119332289920364,0.0004635491768056605,0.064301081919963615,0.0011434775053933504,0.0025776564298912751,7.178637923836913e-07,0.0072555615269624344,3.1365272899216516e-06,0.0046713869740736399,3.5621158608966306e-06
467,0.011909634332746366,0.00051624033502232114,0.48757641299999999,0,0,0.077119332289920364,0.0004635491768056605,0.064301081919963615,0.0011434775053933504,0.0025776564298912751,7.178637923836913e-07,0.019542957487582578,2.1920897010672351e-05,0.035299224261615122,0.00027203686528506433
468,0.014039038897461479,0.00052507012596074226,0.39215261099999998,0,0,0.077119332289920364,0.0004635491768056605,0.064301081919963615,0.0011434775053933504,0.0025776564298912751,7.178637923836913e-07,0.041005308662877701,0.00010943307334319948,0.018436560699085457,6.6669330534709393e-05
469,0.02753893935399947,0.0059403815819544072,0.32583268399999998,0,0,0.077119332289920364,0.0004635491768056605,0.12074096984968002,0.0045738414776371689,0,0,0.019542957487582578,2.1920897010672351e-05,0.23835386535479269,0.017767155452867944
470,0.034195614231172344,0.0012897138107897958,0.63348996300000004,0,0,0.077119332289920364,0.0004635491768056605,0.12074096984968002,0.0045738414776371689,0,0,0.23639565188982414,0.008090160902531382,0.12482140519422169,0.0043929082768954294
471,0.012595394400305559,0.00061073376013620216,0.61168837799999998,0,0,0.077119332289920364,0.0004635491768056605,0.12074096984968002,0.0045738414776371689,0.014981183407215215,2.5095647377126372e-05,0.0072555615269624344,3.1365272899216516e-06,0.0094673376615136643,1.5803755559712259e-05
472,0.014684800522526313,0.00073871702633024003,0.60962815400000003,0,0,0.077119332289920364,0.0004635491768056605,0.12074096984968002,0.0045738414776371689,0.029349513899250026,0.00011093713019455803,0,0,0,0
473,0.014684800522526313,0.00073871702633024003,0.38123824899999997,0,0,0.077119332289920364,0.0004635491768056605,0.12074096984968002,0.0045738414776371689,0.029349513899250026,0.00011093713019455803,0,0,0.066925301383199784,0.0010976716341893321
474,0.015023813730365796,0.00074040224634482326,0.61561915,0,0,0.077119332289920364,0.0004635491768056605,0.12074096984968002,0.0045738414776371689,0.029349513899250026,0.00011093713019455803,0.0072555615269624344,3.1365272899216516e-06,0,0
475,0.052703858307275357,0.021424138827058091,0.61011534899999997,0,0,0.077119332289920364,0.0004635491768056605,0.2422388505978256,0.018789844584028239,0,0,0,0,0.0046713869740736399,3.5621158608966306e-06
476,0.0671646967156449,0.026413394404435055,0.30543717199999998,0,0,0.077119332289920364,0.0004635491768056605,0.2422388505978256,0.018789844584028239,0.0025776564298912751,7.178637923836913e-07,0.019542957487582578,2.1920897010672351e-05,0.23835386535479269,0.017767155452867944
477,0.060509529211334595,0.021376675659331958,0.30393200599999998,0,0,0.077119332289920364,0.0004635491768056605,0.2422388505978256,0.018789844584028239,0.0025776564298912751,7.178637923836913e-07,0.13810176934126006,0.002002016474771101,0,0
478,0.017777245130583898,0.0010542778833286211,0.30652601800000001,0,0,0.13771161500754689,0.0019340170004380711,0,0,0,0,0,0,0,0
479,0.017777245130583898,0.0010542778833286211,0.613898414,0,0,0.13771161500754689,0.0019340170004380711,0,0,0,0,0,0,0.0046713869740736399,3.5621158608966306e-06
480,0.017777245130583898,0.0010542778833286211,0.61194206900000003,0,0,0.13771161500754689,0.0019340170004380711,0,0,0,0,0,0,0.018436560699085457,6.6669330534709393e-05
481,0.017777245130583898,0.0010542778833286211,0.61264849399999999,0,0,0.13771161500754689,0.0019340170004380711,0,0,0,0,0,0,0.12482140519422169,0.0043929082768954294
482,0.031618121590802045,0.0058391078862863027,0.61118031900000003,0,0,0.13771161500754689,0.0019340170004380711,0,0,0,0,0,0,0.23835386535479269,0.017767155452867944
483,0.019711369745985471,0.0010563965567944736,0.61647060799999998,0,0,0.13771161500754689,0.0019340170004380711,0,0,0,0,0.019542957487582578,2.1920897010672351e-05,0,0
484,0.031877796831149274,0.0012497418977502764,0.61601024400000004,0,0,0.13771161500754689,0.0019340170004380711,0,0,0,0,0.13810176934126006,0.002002016474771101,0.0046713869740736399,3.5621158608966306e-06
485,0.042197435323498816,0.0018455390168645651,0.616535783,0,0,0.13771161500754689,0.0019340170004380711,0,0,0,0,0.23639565188982414,0.008090160902531382,0.0020897457832725727,7.133946667246938e-07
486,0.019902895429591491,0.0010684854002479865,0.61522411099999996,0,0,0.13771161500754689,0.0019340170004380711,0,0,0.0025776564298912751,7.178637923836913e-07,0.019542957487582578,2.1920897010672351e-05,0,0
487,0.025745278346867621,0.0011141726086096421,0.601003599,0,0,0.13771161500754689,0.0019340170004380711,0,0,0.0025776564298912751,7.178637923836913e-07,0.077646384166351154,0.00048192924222406397,0,0
488,0.045810965842574325,0.0060312067930597844,0.30681840100000002,0,0,0.13771161500754689,0.0019340170004380711,0,0,0.0025776564298912751,7.178637923836913e-07,0.13810176934126006,0.002002016474771101,0.23835386535479269,0.017767155452867944
489,0.018799563300517061,0.0010968067323029354,0.54097174400000003,0,0,0.13771161500754689,0.0019340170004380711,0,0,0.0070568641369427197,5.0167964149023017e-06,0,0,0,0
490,0.032289756025224714,0.0012996661765498076,0.39006139000000001,0,0,0.13771161500754689,0.0019340170004380711,0,0,0.0070568641369427197,5.0167964149023017e-06,0.13810176934126006,0.002002016474771101,0,0
491,0.032289756025224714,0.0012996661765498076,0.30627683,0,0,0.13771161500754689,0.0019340170004380711,0,0,0.0070568641369427197,5.0167964149023017e-06,0.13810176934126006,0.002002016474771101,0.0020897457832725727,7.133946667246938e-07
492,0.042618203792834826,0.0019055782299209356,0.60291850700000005,0,0,0.13771161500754689,0.0019340170004380711,0,0,0.0070568641369427197,5.0167964149023017e-06,0.23639565188982414,0.008090160902531382,0.0020897457832725727,7.133946667246938e-07
493,0.034846175002207491,0.0057967341799745444,0.58423867200000001,0,0,0.13771161500754689,0.0019340170004380711,0,0,0.014981183407215215,2.5095647377126372e-05,0.019542957487582578,2.1920897010672351e-05,0.23835386535479269,0.017767155452867944
494,0.03649588578317222,0.0057406861454688176,0.30551883499999999,0,0,0.13771161500754689,0.0019340170004380711,0,0,0.029349513899250026,0.00011093713019455803,0.019542957487582578,2.1920897010672351e-05,0.23835386535479269,0.017767155452867944
495,0.02510632093145445,0.001283707308216767,0.340086157,0,0,0.13771161500754689,0.0019340170004380711,0,0,0.029349513899250026,0.00011093713019455803,0.041005308662877701,0.00010943307334319948,0,0
496,0.026936524348742195,0.0014946038948422389,0.32384797199999998,0,0,0.13771161500754689,0.0019340170004380711,0,0,0.054808110924766583,0.00046335850843711145,0,0,0,0
497,0.043273671669509933,0.0057378670835091005,0.34168527399999998,0,0,0.13771161500754689,0.0019340170004380711,0,0,0.054808110924766583,0.00046335850843711145,0.077646384166351154,0.00048192924222406397,0.23835386535479269,0.017767155452867944
498,0.034224870162545266,0.0019953667866621657,0.38958380100000001,0,0,0.13771161500754689,0.0019340170004380711,0,0,0.099015042046594087,0.0018951229601319186,0,0,0.12482140519422169,0.0043929082768954294
499,0.051064646582693607,0.0037439317942740504,0.30702138499999998,0,0,0.13771161500754689,0.0019340170004380711,0,0,0.17323221681704717,0.0075662290638639019,0.13810176934126006,0.002002016474771101,0,0
500,0.064915852449100739,0.0073026703817795323,0.599356903,0,0,0.13771161500754689,0.0019340170004380711,0,0,0.29432736935424308,0.029782257606169423,0.019542957487582578,2.1920897010672351e-05,0.035299224261615122,0.00027203686528506433
501,0.017777245130583898,0.0010542778833286211,0.32931244500000001,0,0,0.13771161500754689,0.0019340170004380711,0.00071998620962972519,1.0668702470797522e-07,0,0,0,0,0,0
502,0.017777245130583898,0.0010542778833286211,0.44184647300000002,0,0,0.13771161500754689,0.0019340170004380711,0.00071998620962972519,1.0668702470797522e-07,0,0,0,0,0.0094673376615136643,1.5803755559712259e-05
503,0.018112850259164572,0.0010661316477785822,0.30549987299999998,0,0,0.13771161500754689,0.0019340170004380711,0.00071998620962972519,1.0668702470797522e-07,0.0025776564298912751,7.178637923836913e-07,0,0,0.018436560699085457,6.6669330534709393e-05
504,0.032025294553456291,0.0012643770123765981,0.33443523200000003,0,0,0.13771161500754689,0.0019340170004380711,0.00071998620962972519,1.0668702470797522e-07,0.0025776564298912751,7.178637923836913e-07,0.13810176934126006,0.002002016474771101,0.0020897457832725727,7.133946667246938e-07
505,0.067947026658208384,0.0078518274157982852,0.61344965399999996,0,0,0.13771161500754689,0.0019340170004380711,0.00071998620962972519,1.0668702470797522e-07,0.29432736935424308,0.029782257606169423,0.13810176934126006,0.002002016474771101,0.0020897457832725727,7.133946667246938e-07
506,0.018492685978842086,0.0010545822832850815,0.61673444499999996,0,0,0.13771161500754689,0.0019340170004380711,0.0019913003314104079,7.4466870783374176e-07,0,0,0.0072555615269624344,3.1365272899216516e-06,0,0
507,0.031877796831149274,0.0012497418977502764,0.61282627599999995,0,0,0.13771161500754689,0.0019340170004380711,0.0019913003314104079,7.4466870783374176e-07,0,0,0.13810176934126006,0.002002016474771101,0.0020897457832725727,7.133946667246938e-07
508,0.017777245130583898,0.0010542778833286211,0.30604617499999998,0,0,0.13771161500754689,0.0019340170004380711,0.004391030021690891,3.7296579112788589e-06,0,0,0,0,0.018436560699085457,6.6669330534709393e-05
509,0.025606858495274675,0.0011010947072297341,0.34251141000000002,0,0,0.13771161500754689,0.0019340170004380711,0.004391030021690891,3.7296579112788589e-06,0,0,0.077646384166351154,0.00048192924222406397,0,0
510,0.017777245130583898,0.0010542778833286211,0.30607730700000002,0,0,0.13771161500754689,0.0019340170004380711,0.0089799454227389077,1.6589615174066303e-05,0,0,0,0,0.00073691275757772434,1.017642263681214e-07
511,0.033552246206201813,0.0058412265597521549,0.39880388300000003,0,0,0.13771161500754689,0.0019340170004380711,0.0089799454227389077,1.6589615174066303e-05,0,0,0.019542957487582578,2.1920897010672351e-05,0.23835386535479269,0.017767155452867944
512,0.021882568093335105,0.0010648699076878552,0.30755589500000002,0,0,0.13771161500754689,0.0019340170004380711,0.0089799454227389077,1.6589615174066303e-05,0,0,0.041005308662877701,0.00010943307334319948,0.018436560699085457,6.6669330534709393e-05
513,0.025606858495274675,0.0011010947072297341,0.33008989,0,0,0.13771161500754689,0.0019340170004380711,0.0089799454227389077,1.6589615174066303e-05,0,0,0.077646384166351154,0.00048192924222406397,0,0
514,0.018492685978842086,0.0010545822832850815,0.59567533299999997,0,0,0.13771161500754689,0.0019340170004380711,0.017576043218851114,6.9394104898684919e-05,0,0,0.0072555615269624344,3.1365272899216516e-06,0.0094673376615136643,1.5803755559712259e-05
515,0.019711369745985471,0.0010563965567944736,0.42188331099999998,0,0,0.13771161500754689,0.0019340170004380711,0.033822280134755418,0.00028442848457030151,0,0,0.019542957487582578,2.1920897010672351e-05,0.035299224261615122,0.00027203686528506433
516,0.037463694366916343,0.002113603941618043,0.306276039,0,0,0.13771161500754689,0.0019340170004380711,0.033822280134755418,0.00028442848457030151,0.099015042046594087,0.0018951229601319186,0.077646384166351154,0.00048192924222406397,0.035299224261615122,0.00027203686528506433
517,0.049409345338811937,0.0029711133718872199,0.30557484699999998,0,0,0.13771161500754689,0.0019340170004380711,0.033822280134755418,0.00028442848457030151,0.099015042046594087,0.0018951229601319186,0.23639565188982414,0.008090160902531382,0.00073691275757772434,1.017642263681214e-07
518,0.019711369745985471,0.0010563965567944736,0.61448001600000002,0,0,0.13771161500754689,0.0019340170004380711,0.064301081919963615,0.0011434775053933504,0,0,0.019542957487582578,2.1920897010672351e-05,0.035299224261615122,0.00027203686528506433
519,0.042197435323498816,0.0018455390168645651,0.53950570399999997,0,0,0.13771161500754689,0.0019340170004380711,0.064301081919963615,0.0011434775053933504,0,0,0.23639565188982414,0.008090160902531382,0.00073691275757772434,1.017642263681214e-07
520,0.019711369745985471,0.0010563965567944736,0.369421783,0,0,0.13771161500754689,0.0019340170004380711,0.12074096984968002,0.0045738414776371689,0,0,0.019542957487582578,2.1920897010672351e-05,0.0046713869740736399,3.5621158608966306e-06
521,0.019711369745985471,0.0010563965567944736,0.36063925299999999,0,0,0.13771161500754689,0.0019340170004380711,0.12074096984968002,0.0045738414776371689,0,0,0.019542957487582578,2.1920897010672351e-05,0.0094673376615136643,1.5803755559712259e-05
522,0.039447734955487847,0.0058859247101874157,0.41485989400000001,0,0,0.13771161500754689,0.0019340170004380711,0.12074096984968002,0.0045738414776371689,0,0,0.077646384166351154,0.00048192924222406397,0.23835386535479269,0.017767155452867944
523,0.020181165296246639,0.001153909640141202,0.44706418599999997,0,0,0.13771161500754689,0.0019340170004380711,0.12074096984968002,0.0045738414776371689,0.014981183407215215,2.5095647377126372e-05,0,0,0,0
524,0.033583379364869263,0.005793088144721059,0.61087065200000001,0,0,0.13771161500754689,0.0019340170004380711,0.12074096984968002,0.0045738414776371689,0.014981183407215215,2.5095647377126372e-05,0,0,0.23835386535479269,0.017767155452867944
525,0.022609511182823297,0.0012655626870399386,0.61955749400000004,0,0,0.13771161500754689,0.0019340170004380711,0.12074096984968002,0.0045738414776371689,0.029349513899250026,0.00011093713019455803,0,0,0.066925301383199784,0.0010976716341893321
526,0.022609511182823297,0.0012655626870399386,0.61220728700000004,0,0,0.13771161500754689,0.0019340170004380711,0.12074096984968002,0.0045738414776371689,0.029349513899250026,0.00011093713019455803,0,0,0.12482140519422169,0.0043929082768954294
527,0.022948524390663593,0.001267247907054522,0.61599816699999999,0,0,0.13771161500754689,0.0019340170004380711,0.12074096984968002,0.0045738414776371689,0.029349513899250026,0.00011093713019455803,0.0072555615269624344,3.1365272899216516e-06,0,0
528,0.022948524390663593,0.001267247907054522,0.61485292400000002,0,0,0.13771161500754689,0.0019340170004380711,0.12074096984968002,0.0045738414776371689,0.029349513899250026,0.00011093713019455803,0.0072555615269624344,3.1365272899216516e-06,0.0046713869740736399,3.5621158608966306e-06
529,0.02510632093145445,0.001283707308216767,0.61467486199999999,0,0,0.13771161500754689,0.0019340170004380711,0.12074096984968002,0.0045738414776371689,0.029349513899250026,0.00011093713019455803,0.041005308662877701,0.00010943307334319948,0.018436560699085457,6.6669330534709393e-05
530,0.046721133085863814,0.0059596205953318009,0.61154020399999998,0,0,0.13771161500754689,0.0019340170004380711,0.12074096984968002,0.0045738414776371689,0.029349513899250026,0.00011093713019455803,0.13810176934126006,0.002002016474771101,0.23835386535479269,0.017767155452867944
531,0.061705733681955595,0.021781866958100346,0.615134442,0,0,0.13771161500754689,0.0019340170004380711,0.2422388505978256,0.018789844584028239,0,0,0.041005308662877701,0.00010943307334319948,0.018436560699085457,6.6669330534709393e-05
532,0.067749132687411603,0.021775842710548349,0.61583812100000002,0,0,0.13771161500754689,0.0019340170004380711,0.2422388505978256,0.018789844584028239,0,0,0.13810176934126006,0.002002016474771101,0.0046713869740736399,3.5621158608966306e-06
533,0.061747716748814768,0.021779233127256679,0.62535216299999996,0,0,0.13771161500754689,0.0019340170004380711,0.2422388505978256,0.018789844584028239,0.0025776564298912751,7.178637923836913e-07,0.041005308662877701,0.00010943307334319948,0,0
534,0.061747716748814768,0.021779233127256679,0.56612652799999996,0,0,0.13771161500754689,0.0019340170004380711,0.2422388505978256,0.018789844584028239,0.0025776564298912751,7.178637923836913e-07,0.041005308662877701,0.00010943307334319948,0.018436560699085457,6.6669330534709393e-05
535,0.06379599288963958,0.021755519910483696,0.398314638,0,0,0.13771161500754689,0.0019340170004380711,0.2422388505978256,0.018789844584028239,0.0025776564298912751,7.178637923836913e-07,0.077646384166351154,0.00048192924222406397,0.035299224261615122,0.00027203686528506433
536,0.080250853467716099,0.026270296494441733,0.376039067,0,0,0.13771161500754689,0.0019340170004380711,0.2422388505978256,0.018789844584028239,0.0025776564298912751,7.178637923836913e-07,0.13810176934126006,0.002002016474771101,0.23835386535479269,0.017767155452867944
537,0.030822672657560876,0.002233726152503604,0.59215743600000004,0,0,0.2357173310580522,0.007790242378895188,0,0,0,0,0,0,0,0
538,0.030822672657560876,0.002233726152503604,0.35795575000000002,0,0,0.2357173310580522,0.007790242378895188,0,0,0,0,0,0,0.00073691275757772434,1.017642263681214e-07
539,0.030822672657560876,0.002233726152503604,0.334277298,0,0,0.2357173310580522,0.007790242378895188,0,0,0,0,0,0,0.035299224261615122,0.00027203686528506433
540,0.031538113505819143,0.0022340305524600639,0.35245015699999999,0,0,0.2357173310580522,0.007790242378895188,0,0,0,0,0.0072555615269624344,3.1365272899216516e-06,0.0046713869740736399,3.5621158608966306e-06
541,0.044923224358126068,0.0024291901669252591,0.45227629499999999,0,0,0.2357173310580522,0.007790242378895188,0,0,0,0,0.13810176934126006,0.002002016474771101,0.0020897457832725727,7.133946667246938e-07
542,0.044923224358126068,0.0024291901669252591,0.515651631,0,0,0.2357173310580522,0.007790242378895188,0,0,0,0,0.13810176934126006,0.002002016474771101,0.0046713869740736399,3.5621158608966306e-06
543,0.041648682717140048,0.0059505727198855473,0.36972401900000001,0,0,0.2357173310580522,0.007790242378895188,0,0,0.0025776564298912751,7.178637923836913e-07,0,0,0.23835386535479269,0.017767155452867944
544,0.045077833731509052,0.0024449757427508086,0.36464062800000002,0,0,0.2357173310580522,0.007790242378895188,0,0,0.0025776564298912751,7.178637923836913e-07,0.13810176934126006,0.002002016474771101,0.0046713869740736399,3.5621158608966306e-06
545,0.055397837804101457,0.0030436749410970502,0.39144396599999998,0,0,0.2357173310580522,0.007790242378895188,0,0,0.0025776564298912751,7.178637923836913e-07,0.23639565188982414,0.008090160902531382,0.00073691275757772434,1.017642263681214e-07
546,0.042206746908298579,0.005938712299834125,0.62546894799999997,0,0,0.2357173310580522,0.007790242378895188,0,0,0.0070568641369427197,5.0167964149023017e-06,0,0,0.23835386535479269,0.017767155452867944
547,0.033363871528302301,0.002276329970804767,0.61392719799999995,0,0,0.2357173310580522,0.007790242378895188,0,0,0.0070568641369427197,5.0167964149023017e-06,0.019542957487582578,2.1920897010672351e-05,0.12482140519422169,0.0043929082768954294
548,0.045332751159121568,0.0024765494223454895,0.61726623599999997,0,0,0.2357173310580522,0.007790242378895188,0,0,0.0070568641369427197,5.0167964149023017e-06,0.13810176934126006,0.002002016474771101,0,0
549,0.055696939633002832,0.0061415717440809975,0.54888698000000002,0,0,0.2357173310580522,0.007790242378895188,0,0,0.0070568641369427197,5.0167964149023017e-06,0.13810176934126006,0.002002016474771101,0.23835386535479269,0.017767155452867944
550,0.046804848280842776,0.0026431243542581417,0.30701031899999998,0,0,0.2357173310580522,0.007790242378895188,0,0,0.029349513899250026,0.00011093713019455803,0.13810176934126006,0.002002016474771101,0.0046713869740736399,3.5621158608966306e-06
551,0.044239990212044611,0.0027087928829305271,0.43024112399999997,0,0,0.2357173310580522,0.007790242378895188,0,0,0.054808110924766583,0.00046335850843711145,0.077646384166351154,0.00048192924222406397,0.035299224261615122,0.00027203686528506433
552,0.049088479228498773,0.0028766736162005552,0.61457148299999997,0,0,0.2357173310580522,0.007790242378895188,0,0,0.054808110924766583,0.00046335850843711145,0.13810176934126006,0.002002016474771101,0.0020897457832725727,7.133946667246938e-07
553,0.047069915616080434,0.0031198157426762596,0.62070693099999996,0,0,0.2357173310580522,0.007790242378895188,0,0,0.099015042046594087,0.0018951229601319186,0,0,0.018436560699085457,6.6669330534709393e-05
554,0.047069915616080434,0.0031198157426762596,0.61531886300000005,0,0,0.2357173310580522,0.007790242378895188,0,0,0.099015042046594087,0.0018951229601319186,0,0,0.035299224261615122,0.00027203686528506433
555,0.054400261078028173,0.0034358493152496653,0.61261866899999995,0,0,0.2357173310580522,0.007790242378895188,0,0,0.099015042046594087,0.0018951229601319186,0.13810176934126006,0.002002016474771101,0.0020897457832725727,7.133946667246938e-07
556,0.058782618498513531,0.0044396502382383959,0.61550578199999995,0,0,0.2357173310580522,0.007790242378895188,0,0,0.17323221681704717,0.0075662290638639019,0,0,0,0
557,0.058782618498513531,0.0044396502382383959,0.615206421,0,0,0.2357173310580522,0.007790242378895188,0,0,0.17323221681704717,0.0075662290638639019,0,0,0.0020897457832725727,7.133946667246938e-07
558,0.080200130417829751,0.0095891150794707673,0.50403329900000005,0,0,0.2357173310580522,0.007790242378895188,0,0,0.29432736935424308,0.029782257606169423,0.019542957487582578,2.1920897010672351e-05,0.23835386535479269,0.017767155452867944
559,0.080530921846201795,0.0090880276332691821,0.30617865900000002,0,0,0.2357173310580522,0.007790242378895188,0,0,0.29432736935424308,0.029782257606169423,0.13810176934126006,0.002002016474771101,0.0046713869740736399,3.5621158608966306e-06
560,0.030822672657560876,0.002233726152503604,0.38475015099999998,0,0,0.2357173310580522,0.007790242378895188,0.00071998620962972519,1.0668702470797522e-07,0,0,0,0,0.00073691275757772434,1.017642263681214e-07
561,0.034927995620311306,0.0022443181768628377,0.43111355400000001,0,0,0.2357173310580522,0.007790242378895188,0.00071998620962972519,1.0668702470797522e-07,0,0,0.041005308662877701,0.00010943307334319948,0.018436560699085457,6.6669330534709393e-05
562,0.031767359544980153,0.002247082315298327,0.61068826399999998,0,0,0.2357173310580522,0.007790242378895188,0.00071998620962972519,1.0668702470797522e-07,0.0025776564298912751,7.178637923836913e-07,0.0072555615269624344,3.1365272899216516e-06,0.0046713869740736399,3.5621158608966306e-06
563,0.031767359544980153,0.002247082315298327,0.34965273699999999,0,0,0.2357173310580522,0.007790242378895188,0.00071998620962972519,1.0668702470797522e-07,0.0025776564298912751,7.178637923836913e-07,0.0072555615269624344,3.1365272899216516e-06,0.0094673376615136643,1.5803755559712259e-05
564,0.038797817524920099,0.0022947713389838528,0.41942307400000001,0,0,0.2357173310580522,0.007790242378895188,0.00071998620962972519,1.0668702470797522e-07,0.0025776564298912751,7.178637923836913e-07,0.077646384166351154,0.00048192924222406397,0.035299224261615122,0.00027203686528506433
565,0.055397837804101457,0.0030436749410970502,0.34757782799999998,0,0,0.2357173310580522,0.007790242378895188,0.00071998620962972519,1.0668702470797522e-07,0.0025776564298912751,7.178637923836913e-07,0.23639565188982414,0.008090160902531382,0.00073691275757772434,1.017642263681214e-07
566,0.077112141221192795,0.0084750954311973853,0.31874521500000003,0,0,0.2357173310580522,0.007790242378895188,0.00071998620962972519,1.0668702470797522e-07,0.29432736935424308,0.029782257606169423,0,0,0,0
567,0.077499747637093663,0.0085388705992504293,0.35721712300000003,0,0,0.2357173310580522,0.007790242378895188,0.00071998620962972519,1.0668702470797522e-07,0.29432736935424308,0.029782257606169423,0.019542957487582578,2.1920897010672351e-05,0,0
568,0.032756797272962081,0.0022358448259694563,0.43418111999999998,0,0,0.2357173310580522,0.007790242378895188,0.0019913003314104079,7.4466870783374176e-07,0,0,0.019542957487582578,2.1920897010672351e-05,0.12482140519422169,0.0043929082768954294
569,0.038652286022251257,0.002280542976404717,0.36225375700000001,0,0,0.2357173310580522,0.007790242378895188,0.0019913003314104079,7.4466870783374176e-07,0,0,0.077646384166351154,0.00048192924222406397,0.035299224261615122,0.00027203686528506433
570,0.04100084703349275,0.0024779592643809057,0.31900748699999998,0,0,0.2357173310580522,0.007790242378895188,0.0019913003314104079,7.4466870783374176e-07,0.029349513899250026,0.00011093713019455803,0.077646384166351154,0.00048192924222406397,0,0
571,0.046804848280842776,0.0026431243542581417,0.33639336800000003,0,0,0.2357173310580522,0.007790242378895188,0.0019913003314104079,7.4466870783374176e-07,0.029349513899250026,0.00011093713019455803,0.13810176934126006,0.002002016474771101,0.0020897457832725727,7.133946667246938e-07
572,0.030822672657560876,0.002233726152503604,0.35815269199999999,0,0,0.2357173310580522,0.007790242378895188,0.004391030021690891,3.7296579112788589e-06,0,0,0,0,0.0020897457832725727,7.133946667246938e-07
573,0.031538113505819143,0.0022340305524600639,0.305879185,0,0,0.2357173310580522,0.007790242378895188,0.004391030021690891,3.7296579112788589e-06,0,0,0.0072555615269624344,3.1365272899216516e-06,0,0
574,0.041377844767592258,0.0059619456714411984,0.35924763199999998,0,0,0.2357173310580522,0.007790242378895188,0.0089799454227389077,1.6589615174066303e-05,0,0,0,0,0.23835386535479269,0.017767155452867944
575,0.055242862850478441,0.0030249872860395478,0.40232921500000002,0,0,0.2357173310580522,0.007790242378895188,0.0089799454227389077,1.6589615174066303e-05,0,0,0.23639565188982414,0.008090160902531382,0.00073691275757772434,1.017642263681214e-07
576,0.055242862850478441,0.0030249872860395478,0.339993145,0,0,0.2357173310580522,0.007790242378895188,0.0089799454227389077,1.6589615174066303e-05,0,0,0.23639565188982414,0.008090160902531382,0.0020897457832725727,7.133946667246938e-07
577,0.03558472353008333,0.0024182585686445706,0.59864178199999996,0,0,0.2357173310580522,0.007790242378895188,0.017576043218851114,6.9394104898684919e-05,0.029349513899250026,0.00011093713019455803,0,0,0.035299224261615122,0.00027203686528506433
578,0.030822672657560876,0.002233726152503604,0.30692224200000001,0,0,0.2357173310580522,0.007790242378895188,0.033822280134755418,0.00028442848457030151,0,0,0,0,0,0
579,0.032756797272962081,0.0022358448259694563,0.33816674000000002,0,0,0.2357173310580522,0.007790242378895188,0.033822280134755418,0.00028442848457030151,0,0,0.019542957487582578,2.1920897010672351e-05,0.12482140519422169,0.0043929082768954294
580,0.05547839646815398,0.0061574096858628535,0.52522597100000001,0,0,0.2357173310580522,0.007790242378895188,0.033822280134755418,0.00028442848457030151,0,0,0.13810176934126006,0.002002016474771101,0.23835386535479269,0.017767155452867944
581,0.055242862850478441,0.0030249872860395478,0.30695273899999997,0,0,0.2357173310580522,0.007790242378895188,0.033822280134755418,0.00028442848457030151,0,0,0.23639565188982414,0.008090160902531382,0.00073691275757772434,1.017642263681214e-07
582,0.047069915616080434,0.0031198157426762596,0.52144813999999995,0,0,0.2357173310580522,0.007790242378895188,0.033822280134755418,0.00028442848457030151,0.099015042046594087,0.0018951229601319186,0,0,0.0020897457832725727,7.133946667246938e-07
583,0.047069915616080434,0.0031198157426762596,0.61693854199999998,0,0,0.2357173310580522,0.007790242378895188,0.033822280134755418,0.00028442848457030151,0.099015042046594087,0.0018951229601319186,0,0,0.018436560699085457,6.6669330534709393e-05
584,0.034927995620311306,0.0022443181768628377,0.61573277100000001,0,0,0.2357173310580522,0.007790242378895188,0.064301081919963615,0.0011434775053933504,0,0,0.041005308662877701,0.00010943307334319948,0,0
585,0.038652286022251257,0.002280542976404717,0.61425642899999999,0,0,0.2357173310580522,0.007790242378895188,0.064301081919963615,0.0011434775053933504,0,0,0.077646384166351154,0.00048192924222406397,0.035299224261615122,0.00027203686528506433
586,0.031165389437217743,0.0022467303781527927,0.61226108099999998,0,0,0.2357173310580522,0.007790242378895188,0.064301081919963615,0.0011434775053933504,0.0025776564298912751,7.178637923836913e-07,0,0,0.018436560699085457,6.6669330534709393e-05
587,0.032955434607644031,0.0022490841306221968,0.61165740199999996,0,0,0.2357173310580522,0.007790242378895188,0.064301081919963615,0.0011434775053933504,0.0025776564298912751,7.178637923836913e-07,0.019542957487582578,2.1920897010672351e-05,0.0094673376615136643,1.5803755559712259e-05
588,0.038797817524920099,0.0022947713389838528,0.61200599,0,0,0.2357173310580522,0.007790242378895188,0.064301081919963615,0.0011434775053933504,0.0025776564298912751,7.178637923836913e-07,0.077646384166351154,0.00048192924222406397,0.035299224261615122,0.00027203686528506433
589,0.045077833731509052,0.0024449757427508086,0.61134688999999998,0,0,0.2357173310580522,0.007790242378895188,0.064301081919963615,0.0011434775053933504,0.0025776564298912751,7.178637923836913e-07,0.13810176934126006,0.002002016474771101,0.0046713869740736399,3.5621158608966306e-06
590,0.05556112701142827,0.0061488180844835637,0.61065804700000004,0,0,0.2357173310580522,0.007790242378895188,0.064301081919963615,0.0011434775053933504,0.0025776564298912751,7.178637923836913e-07,0.13810176934126006,0.002002016474771101,0.23835386535479269,0.017767155452867944
591,0.030822672657560876,0.002233726152503604,0.61536086800000001,0,0,0.2357173310580522,0.007790242378895188,0.12074096984968002,0.0045738414776371689,0,0,0,0,0,0
592,0.032756797272962081,0.0022358448259694563,0.61180212300000003,0,0,0.2357173310580522,0.007790242378895188,0.12074096984968002,0.0045738414776371689,0,0,0.019542957487582578,2.1920897010672351e-05,0.0094673376615136643,1.5803755559712259e-05
593,0.055242862850478441,0.0030249872860395478,0.61611438900000004,0,0,0.2357173310580522,0.007790242378895188,0.12074096984968002,0.0045738414776371689,0,0,0.23639565188982414,0.008090160902531382,0,0
594,0.033181511719306042,0.0023142424788056928,0.61239909599999998,0,0,0.2357173310580522,0.007790242378895188,0.12074096984968002,0.0045738414776371689,0.014981183407215215,2.5095647377126372e-05,0,0,0.035299224261615122,0.00027203686528506433
595,0.034444307356645165,0.0023178885140591778,0.61253721400000005,0,0,0.2357173310580522,0.007790242378895188,0.12074096984968002,0.0045738414776371689,0.014981183407215215,2.5095647377126372e-05,0.019542957487582578,2.1920897010672351e-05,0.0046713869740736399,3.5621158608966306e-06
596,0.056053658969404459,0.0031404811975936043,0.61281825300000003,0,0,0.2357173310580522,0.007790242378895188,0.12074096984968002,0.0045738414776371689,0.014981183407215215,2.5095647377126372e-05,0.23639565188982414,0.008090160902531382,0.035299224261615122,0.00027203686528506433
597,0.046804848280842776,0.0026431243542581417,0.612366356,0,0,0.2357173310580522,0.007790242378895188,0.12074096984968002,0.0045738414776371689,0.029349513899250026,0.00011093713019455803,0.13810176934126006,0.002002016474771101,0.0046713869740736399,3.5621158608966306e-06
598,0.056752835370553284,0.0032664046440083047,0.61198379000000003,0,0,0.2357173310580522,0.007790242378895188,0.12074096984968002,0.0045738414776371689,0.029349513899250026,0.00011093713019455803,0.23639565188982414,0.008090160902531382,0,0
599,0.087564791820016016,0.023117081146421452,0.61183873499999997,0,0,0.2357173310580522,0.007790242378895188,0.2422388505978256,0.018789844584028239,0,0,0.23639565188982414,0.008090160902531382,0.12482140519422169,0.0043929082768954294
600,0.00073893893749474066,3.2050572201483318e-07,0.61687762499999999,0.007288309102407518,2.9820392610820737e-06,0,0,0,0,0,0,0,0,0,0
601,0.0014543797857520498,6.2490567847504963e-07,0.61677840500000003,0.007288309102407518,2.9820392610820737e-06,0,0,0,0,0,0,0.0072555615269624344,3.1365272899216516e-06,0.0094673376615136643,1.5803755559712259e-05
602,0.0026730635528942727,2.4391791878672074e-06,0.61659076899999998,0.007288309102407518,2.9820392610820737e-06,0,0,0,0,0,0,0.019542957487582578,2.1920897010672351e-05,0.035299224261615122,0.00027203686528506433
603,0.0085685523021794448,4.7137329623127837e-05,0.616841639,0.007288309102407518,2.9820392610820737e-06,0,0,0,0,0,0,0.077646384166351154,0.00048192924222406397,0.035299224261615122,0.00027203686528506433
604,0.025159129130404242,0.00079158163925795871,0.61455670200000001,0.007288309102407518,2.9820392610820737e-06,0,0,0,0,0,0,0.23639565188982414,0.008090160902531382,0.00073691275757772434,1.017642263681214e-07
605,0.025159129130404242,0.00079158163925795871,0.61431300700000002,0.007288309102407518,2.9820392610820737e-06,0,0,0,0,0,0,0.23639565188982414,0.008090160902531382,0.035299224261615122,0.00027203686528506433
606,0.025159129130404242,0.00079158163925795871,0.61431542800000005,0.007288309102407518,2.9820392610820737e-06,0,0,0,0,0,0,0.23639565188982414,0.008090160902531382,0.12482140519422169,0.0043929082768954294
607,0.0010823001180220683,1.4532476166987141e-05,0.61788053899999995,0.007288309102407518,2.9820392610820737e-06,0,0,0,0,0.0025776564298912751,7.178637923836913e-07,0,0,0,0
608,0.001684270225783852,1.4884413312521498e-05,0.61379416799999997,0.007288309102407518,2.9820392610820737e-06,0,0,0,0,0.0025776564298912751,7.178637923836913e-07,0.0072555615269624344,3.1365272899216516e-06,0,0
609,0.025314748484898161,0.00081147703911124474,0.61425759000000002,0.007288309102407518,2.9820392610820737e-06,0,0,0,0,0.0025776564298912751,7.178637923836913e-07,0.23639565188982414,0.008090160902531382,0.00073691275757772434,1.017642263681214e-07
610,0.001757379489461911,4.2602870322319899e-05,0.61380873400000002,0.007288309102407518,2.9820392610820737e-06,0,0,0,0,0.0070568641369427197,5.0167964149023017e-06,0,0,0.0046713869740736399,3.5621158608966306e-06
611,0.025576019981775042,0.00085137436794032015,0.614849117,0.007288309102407518,2.9820392610820737e-06,0,0,0,0,0.0070568641369427197,5.0167964149023017e-06,0.23639565188982414,0.008090160902531382,0.0020897457832725727,7.133946667246938e-07
612,0.0035745732266414115,0.00011897476149411613,0.614812103,0.007288309102407518,2.9820392610820737e-06,0,0,0,0,0.014981183407215215,2.5095647377126372e-05,0.0072555615269624344,3.1365272899216516e-06,0.0046713869740736399,3.5621158608966306e-06
613,0.021827164803538912,0.0060745334847279982,0.611868513,0.007288309102407518,2.9820392610820737e-06,0,0,0,0,0.014981183407215215,2.5095647377126372e-05,0.019542957487582578,2.1920897010672351e-05,0.23835386535479269,0.017767155452867944
614,0.015741759732676112,0.00032820277698343824,0.61416849699999998,0.007288309102407518,2.9820392610820737e-06,0,0,0,0,0.014981183407215215,2.5095647377126372e-05,0.13810176934126006,0.002002016474771101,0.066925301383199784,0.0010976716341893321
615,0.026061908228257123,0.00094431192277781529,0.61459596900000002,0.007288309102407518,2.9820392610820737e-06,0,0,0,0,0.014981183407215215,2.5095647377126372e-05,0.23639565188982414,0.008090160902531382,0.0020897457832725727,7.133946667246938e-07
616,0.0056999151221753539,0.00026200459475675912,0.58553619499999998,0.007288309102407518,2.9820392610820737e-06,0,0,0,0,0.029349513899250026,0.00011093713019455803,0,0,0.0020897457832725727,7.133946667246938e-07
617,0.026868026962640647,0.0011101506701204932,0.30678972900000001,0.007288309102407518,2.9820392610820737e-06,0,0,0,0,0.029349513899250026,0.00011093713019455803,0.23639565188982414,0.008090160902531382,0.12482140519422169,0.0043929082768954294
618,0.025863637782660223,0.005929147469800165,0.32998771399999999,0.007288309102407518,2.9820392610820737e-06,0,0,0,0,0.054808110924766583,0.00046335850843711145,0,0,0.23835386535479269,0.017767155452867944
619,0.028781025567437373,0.0014294982582323365,0.405105241,0.007288309102407518,2.9820392610820737e-06,0,0,0,0,0.054808110924766583,0.00046335850843711145,0.23639565188982414,0.008090160902531382,0.12482140519422169,0.0043929082768954294
620,0.017663478821596423,0.0011242458416721608,0.41757859600000002,0.007288309102407518,2.9820392610820737e-06,0,0,0,0,0.099015042046594087,0.0018951229601319186,0,0,0.0094673376615136643,1.5803755559712259e-05
621,0.019190622371841229,0.0011718045380163071,0.32131104599999999,0.007288309102407518,2.9820392610820737e-06,0,0,0,0,0.099015042046594087,0.0018951229601319186,0.041005308662877701,0.00010943307334319948,0,0
622,0.029937532339451012,0.0024952351024470688,0.39885831199999999,0.007288309102407518,2.9820392610820737e-06,0,0,0,0,0.17323221681704717,0.0075662290638639019,0.0072555615269624344,3.1365272899216516e-06,0.0094673376615136643,1.5803755559712259e-05
623,0.030266447737089506,0.0025175956719081728,0.61344669600000001,0.007288309102407518,2.9820392610820737e-06,0,0,0,0,0.17323221681704717,0.0075662290638639019,0.019542957487582578,2.1920897010672351e-05,0.0046713869740736399,3.5621158608966306e-06
624,0.030855922679291183,0.0025620926138339661,0.61695210700000003,0.007288309102407518,2.9820392610820737e-06,0,0,0,0,0.17323221681704717,0.0075662290638639019,0.041005308662877701,0.00010943307334319948,0,0
625,0.034762534170862502,0.0029305023137370183,0.61445696699999997,0.007288309102407518,2.9820392610820737e-06,0,0,0,0,0.17323221681704717,0.0075662290638639019,0.13810176934126006,0.002002016474771101,0.0020897457832725727,7.133946667246938e-07
626,0.045578191162360719,0.0067145243604095134,0.61198925599999998,0.007288309102407518,2.9820392610820737e-06,0,0,0,0,0.17323221681704717,0.0075662290638639019,0.13810176934126006,0.002002016474771101,0.23835386535479269,0.017767155452867944
627,0.041304919038251543,0.0036732418414188455,0.61723825099999996,0.007288309102407518,2.9820392610820737e-06,0,0,0,0,0.17323221681704717,0.0075662290638639019,0.23639565188982414,0.008090160902531382,0.0020897457832725727,7.133946667246938e-07
628,0.059348620052529819,0.0096564278873214442,0.61265544299999997,0.007288309102407518,2.9820392610820737e-06,0,0,0,0,0.29432736935424308,0.029782257606169423,0.13810176934126006,0.002002016474771101,0.23835386535479269,0.017767155452867944
629,0.055386880574032696,0.0080316768559530113,0.617322221,0.007288309102407518,2.9820392610820737e-06,0,0,0,0,0.29432736935424308,0.029782257606169423,0.23639565188982414,0.008090160902531382,0,0
630,0.00073893893749474066,3.2050572201483318e-07,0.52099728000000001,0.007288309102407518,2.9820392610820737e-06,0,0,0.00071998620962972519,1.0668702470797522e-07,0,0,0,0,0.00073691275757772434,1.017642263681214e-07
631,0.00073893893749474066,3.2050572201483318e-07,0.30730328600000001,0.007288309102407518,2.9820392610820737e-06,0,0,0.00071998620962972519,1.0668702470797522e-07,0,0,0,0,0.12482140519422169,0.0043929082768954294
632,0.0014543797857520498,6.2490567847504963e-07,0.45468410500000001,0.007288309102407518,2.9820392610820737e-06,0,0,0.00071998620962972519,1.0668702470797522e-07,0,0,0.0072555615269624344,3.1365272899216516e-06,0.0046713869740736399,3.5621158608966306e-06
633,0.0026730635528942727,2.4391791878672074e-06,0.31855317500000002,0.007288309102407518,2.9820392610820737e-06,0,0,0.00071998620962972519,1.0668702470797522e-07,0,0,0.019542957487582578,2.1920897010672351e-05,0.035299224261615122,0.00027203686528506433
634,0.014839490638050798,0.00019578452014367006,0.32479800800000003,0.007288309102407518,2.9820392610820737e-06,0,0,0.00071998620962972519,1.0668702470797522e-07,0,0,0.13810176934126006,0.002002016474771101,0,0
635,0.025159129130404242,0.00079158163925795871,0.32432915400000001,0.007288309102407518,2.9820392610820737e-06,0,0,0.00071998620962972519,1.0668702470797522e-07,0,0,0.23639565188982414,0.008090160902531382,0.0020897457832725727,7.133946667246938e-07
636,0.0028723452884470741,1.688622863639145e-05,0.31831564200000001,0.007288309102407518,2.9820392610820737e-06,0,0,0.00071998620962972519,1.0668702470797522e-07,0.0025776564298912751,7.178637923836913e-07,0.019542957487582578,2.1920897010672351e-05,0.035299224261615122,0.00027203686528506433
637,0.04837516328035877,0.0063887618488396997,0.39372252800000002,0.007288309102407518,2.9820392610820737e-06,0,0,0.00071998620962972519,1.0668702470797522e-07,0.29432736935424308,0.029782257606169423,0,0,0,0
638,0.04837516328035877,0.0063887618488396997,0.33619157799999999,0.007288309102407518,2.9820392610820737e-06,0,0,0.00071998620962972519,1.0668702470797522e-07,0.29432736935424308,0.029782257606169423,0,0,0.035299224261615122,0.00027203686528506433
639,0.048515595964495367,0.0064106545611173505,0.43852098299999998,0.007288309102407518,2.9820392610820737e-06,0,0,0.00071998620962972519,1.0668702470797522e-07,0.29432736935424308,0.029782257606169423,0.0072555615269624344,3.1365272899216516e-06,0.0094673376615136643,1.5803755559712259e-05
640,0.048762769696261879,0.0064525370168927445,0.30577048400000001,0.007288309102407518,2.9820392610820737e-06,0,0,0.00071998620962972519,1.0668702470797522e-07,0.29432736935424308,0.029782257606169423,0.019542957487582578,2.1920897010672351e-05,0,0
641,0.048762769696261879,0.0064525370168927445,0.55714733999999999,0.007288309102407518,2.9820392610820737e-06,0,0,0.00071998620962972519,1.0668702470797522e-07,0.29432736935424308,0.029782257606169423,0.019542957487582578,2.1920897010672351e-05,0.0094673376615136643,1.5803755559712259e-05
642,0.05748442106257564,0.009299133397351271,0.30514034299999998,0.007288309102407518,2.9820392610820737e-06,0,0,0.00071998620962972519,1.0668702470797522e-07,0.29432736935424308,0.029782257606169423,0.077646384166351154,0.00048192924222406397,0.23835386535479269,0.017767155452867944
643,0.025159129130404242,0.00079158163925795871,0.461962504,0.007288309102407518,2.9820392610820737e-06,0,0,0.0019913003314104079,7.4466870783374176e-07,0,0,0.23639565188982414,0.008090160902531382,0.0020897457832725727,7.133946667246938e-07
644,0.0056999151221753539,0.00026200459475675912,0.30669321599999999,0.007288309102407518,2.9820392610820737e-06,0,0,0.0019913003314104079,7.4466870783374176e-07,0.029349513899250026,0.00011093713019455803,0,0,0.0094673376615136643,1.5803755559712259e-05
645,0.00073893893749474066,3.2050572201483318e-07,0.42271607500000002,0.007288309102407518,2.9820392610820737e-06,0,0,0.004391030021690891,3.7296579112788589e-06,0,0,0,0,0.018436560699085457,6.6669330534709393e-05
646,0.02642186034445709,0.006160005044565136,0.61420790000000003,0.007288309102407518,2.9820392610820737e-06,0,0,0.004391030021690891,3.7296579112788589e-06,0,0,0.077646384166351154,0.00048192924222406397,0.23835386535479269,0.017767155452867944
647,0.00073893893749474066,3.2050572201483318e-07,0.42338199999999998,0.007288309102407518,2.9820392610820737e-06,0,0,0.0089799454227389077,1.6589615174066303e-05,0,0,0,0,0.12482140519422169,0.0043929082768954294
648,0.0026730635528942727,2.4391791878672074e-06,0.45297380199999998,0.007288309102407518,2.9820392610820737e-06,0,0,0.0089799454227389077,1.6589615174066303e-05,0,0,0.019542957487582578,2.1920897010672351e-05,0.035299224261615122,0.00027203686528506433
649,0.0048442619002430631,1.0912530081248852e-05,0.30749832399999999,0.007288309102407518,2.9820392610820737e-06,0,0,0.0089799454227389077,1.6589615174066303e-05,0,0,0.041005308662877701,0.00010943307334319948,0.018436560699085457,6.6669330534709393e-05
650,0.025159129130404242,0.00079158163925795871,0.51805958100000005,0.007288309102407518,2.9820392610820737e-06,0,0,0.0089799454227389077,1.6589615174066303e-05,0,0,0.23639565188982414,0.008090160902531382,0,0
651,0.025159129130404242,0.00079158163925795871,0.63576652099999997,0.007288309102407518,2.9820392610820737e-06,0,0,0.0089799454227389077,1.6589615174066303e-05,0,0,0.23639565188982414,0.008090160902531382,0.12482140519422169,0.0043929082768954294
652,0.0026730635528942727,2.4391791878672074e-06,0.61602260499999995,0.007288309102407518,2.9820392610820737e-06,0,0,0.017576043218851114,6.9394104898684919e-05,0,0,0.019542957487582578,2.1920897010672351e-05,0.0046713869740736399,3.5621158608966306e-06
653,0.0056999151221753539,0.00026200459475675912,0.61355854099999996,0.007288309102407518,2.9820392610820737e-06,0,0,0.017576043218851114,6.9394104898684919e-05,0.029349513899250026,0.00011093713019455803,0,0,0.0094673376615136643,1.5803755559712259e-05
654,0.00073893893749474066,3.2050572201483318e-07,0.61217093700000003,0.007288309102407518,2.9820392610820737e-06,0,0,0.033822280134755418,0.00028442848457030151,0,0,0,0,0.035299224261615122,0.00027203686528506433
655,0.0085685523021794448,4.7137329623127837e-05,0.61389019099999997,0.007288309102407518,2.9820392610820737e-06,0,0,0.033822280134755418,0.00028442848457030151,0,0,0.077646384166351154,0.00048192924222406397,0,0
656,0.00073893893749474066,3.2050572201483318e-07,0.62014514600000004,0.007288309102407518,2.9820392610820737e-06,0,0,0.064301081919963615,0.0011434775053933504,0,0,0,0,0.0020897457832725727,7.133946667246938e-07
657,0.00073893893749474066,3.2050572201483318e-07,0.61425444200000001,0.007288309102407518,2.9820392610820737e-06,0,0,0.064301081919963615,0.0011434775053933504,0,0,0,0,0.0046713869740736399,3.5621158608966306e-06
658,0.0014543797857520498,6.2490567847504963e-07,0.61770276300000004,0.007288309102407518,2.9820392610820737e-06,0,0,0.064301081919963615,0.0011434775053933504,0,0,0.0072555615269624344,3.1365272899216516e-06,0,0
659,0.0014543797857520498,6.2490567847504963e-07,0.61659566700000001,0.007288309102407518,2.9820392610820737e-06,0,0,0.064301081919963615,0.0011434775053933504,0,0,0.0072555615269624344,3.1365272899216516e-06,0.0094673376615136643,1.5803755559712259e-05
660,0.0026730635528942727,2.4391791878672074e-06,0.61673365899999999,0.007288309102407518,2.9820392610820737e-06,0,0,0.064301081919963615,0.0011434775053933504,0,0,0.019542957487582578,2.1920897010672351e-05,0,0
661,0.020526371595169322,0.0061153068941298761,0.61821242899999995,0.007288309102407518,2.9820392610820737e-06,0,0,0.064301081919963615,0.0011434775053933504,0,0,0.019542957487582578,2.1920897010672351e-05,0.23835386535479269,0.017767155452867944
662,0.032692798680327755,0.0063086522350856789,0.60810223399999996,0.007288309102407518,2.9820392610820737e-06,0,0,0.064301081919963615,0.0011434775053933504,0,0,0.13810176934126006,0.002002016474771101,0.23835386535479269,0.017767155452867944
663,0.014994744412304941,0.00021277784076500315,0.58912191999999997,0.007288309102407518,2.9820392610820737e-06,0,0,0.064301081919963615,0.0011434775053933504,0.0025776564298912751,7.178637923836913e-07,0.13810176934126006,0.002002016474771101,0.066925301383199784,0.0010976716341893321
664,0.027036648246498221,0.0061252422950185065,0.30690882899999999,0.007288309102407518,2.9820392610820737e-06,0,0,0.12074096984968002,0.0045738414776371689,0.014981183407215215,2.5095647377126372e-05,0.077646384166351154,0.00048192924222406397,0.23835386535479269,0.017767155452867944
665,0.0056999151221753539,0.00026200459475675912,0.34034402200000002,0.007288309102407518,2.9820392610820737e-06,0,0,0.12074096984968002,0.0045738414776371689,0.029349513899250026,0.00011093713019455803,0,0,0,0
666,0.0081967248708032861,0.00028014921593358746,0.30991913500000001,0.007288309102407518,2.9820392610820737e-06,0,0,0.12074096984968002,0.0045738414776371689,0.029349513899250026,0.00011093713019455803,0.041005308662877701,0.00010943307334319948,0.018436560699085457,6.6669330534709393e-05
667,0.016920039872928908,0.00048687038037032999,0.34187651600000002,0.007288309102407518,2.9820392610820737e-06,0,0,0.12074096984968002,0.0045738414776371689,0.029349513899250026,0.00011093713019455803,0.13810176934126006,0.002002016474771101,0.0046713869740736399,3.5621158608966306e-06
668,0.016920039872928908,0.00048687038037032999,0.40503405999999997,0.007288309102407518,2.9820392610820737e-06,0,0,0.12074096984968002,0.0045738414776371689,0.029349513899250026,0.00011093713019455803,0.13810176934126006,0.002002016474771101,0.066925301383199784,0.0010976716341893321
669,0.044610269213308157,0.021158832254119249,0.32795581899999998,0.007288309102407518,2.9820392610820737e-06,0,0,0.2422388505978256,0.018789844584028239,0,0,0,0,0.0020897457832725727,7.133946667246938e-07
670,0.044610269213308157,0.021158832254119249,0.34885923200000002,0.007288309102407518,2.9820392610820737e-06,0,0,0.2422388505978256,0.018789844584028239,0,0,0,0,0.0046713869740736399,3.5621158608966306e-06
671,0.044610269213308157,0.021158832254119249,0.38124961499999999,0.007288309102407518,2.9820392610820737e-06,0,0,0.2422388505978256,0.018789844584028239,0,0,0,0,0.0094673376615136643,1.5803755559712259e-05
672,0.044608228427472973,0.021150401512899913,0.30858007100000001,0.007288309102407518,2.9820392610820737e-06,0,0,0.2422388505978256,0.018789844584028239,0.0025776564298912751,7.178637923836913e-07,0,0,0.12482140519422169,0.0043929082768954294
673,0.052414129700337632,0.021106967897118009,0.42672579799999999,0.007288309102407518,2.9820392610820737e-06,0,0,0.2422388505978256,0.018789844584028239,0.0025776564298912751,7.178637923836913e-07,0.13810176934126006,0.002002016474771101,0.0046713869740736399,3.5621158608966306e-06
674,0.059984659201203709,0.021398451799836234,0.305247043,0.007288309102407518,2.9820392610820737e-06,0,0,0.2422388505978256,0.018789844584028239,0.0025776564298912751,7.178637923836913e-07,0.23639565188982414,0.008090160902531382,0.035299224261615122,0.00027203686528506433
675,0.0015949653512526869,3.8578206393996717e-05,0.48283414000000002,0.007288309102407518,2.9820392610820737e-06,0.0070538581727384439,2.9911722163954058e-06,0,0,0,0,0,0,0,0
676,0.0015949653512526869,3.8578206393996717e-05,0.53215443100000004,0.007288309102407518,2.9820392610820737e-06,0.0070538581727384439,2.9911722163954058e-06,0,0,0,0,0,0,0.00073691275757772434,1.017642263681214e-07
677,0.0015949653512526869,3.8578206393996717e-05,0.30940028600000002,0.007288309102407518,2.9820392610820737e-06,0.0070538581727384439,2.9911722163954058e-06,0,0,0,0,0,0,0.018436560699085457,6.6669330534709393e-05
678,0.01928155090335516,0.0060941588686074487,0.35911512400000001,0.007288309102407518,2.9820392610820737e-06,0.0070538581727384439,2.9911722163954058e-06,0,0,0,0,0,0,0.23835386535479269,0.017767155452867944
679,0.0023104061995097036,3.888260635045693e-05,0.50386390599999997,0.007288309102407518,2.9820392610820737e-06,0.0070538581727384439,2.9911722163954058e-06,0,0,0,0,0.0072555615269624344,3.1365272899216516e-06,0.0094673376615136643,1.5803755559712259e-05
680,0.0035290899666519113,4.0696879859849087e-05,0.41621908000000002,0.007288309102407518,2.9820392610820737e-06,0.0070538581727384439,2.9911722163954058e-06,0,0,0,0,0.019542957487582578,2.1920897010672351e-05,0.0094673376615136643,1.5803755559712259e-05
681,0.0035290899666519113,4.0696879859849087e-05,0.33529071799999999,0.007288309102407518,2.9820392610820737e-06,0.0070538581727384439,2.9911722163954058e-06,0,0,0,0,0.019542957487582578,2.1920897010672351e-05,0.035299224261615122,0.00027203686528506433
682,0.026015155544163986,0.00082983933992994061,0.45427612499999998,0.007288309102407518,2.9820392610820737e-06,0.0070538581727384439,2.9911722163954058e-06,0,0,0,0,0.23639565188982414,0.008090160902531382,0.035299224261615122,0.00027203686528506433
683,0.0019301266001684257,5.0715801634476557e-05,0.30597958800000002,0.007288309102407518,2.9820392610820737e-06,0.0070538581727384439,2.9911722163954058e-06,0,0,0.0025776564298912751,7.178637923836913e-07,0,0,0,0
684,0.0031258081580821085,8.2285452319073949e-05,0.34500794400000001,0.007288309102407518,2.9820392610820737e-06,0.0070538581727384439,2.9911722163954058e-06,0,0,0.0070568641369427197,5.0167964149023017e-06,0.0072555615269624344,3.1365272899216516e-06,0.0094673376615136643,1.5803755559712259e-05
685,0.0044162084320730991,0.00015413065564162047,0.55599817699999998,0.007288309102407518,2.9820392610820737e-06,0.0070538581727384439,2.9911722163954058e-06,0,0,0.014981183407215215,2.5095647377126372e-05,0.0072555615269624344,3.1365272899216516e-06,0,0
686,0.0052941918209353372,0.00015687513339089301,0.32388112299999999,0.007288309102407518,2.9820392610820737e-06,0.0070538581727384439,2.9911722163954058e-06,0,0,0.014981183407215215,2.5095647377126372e-05,0.019542957487582578,2.1920897010672351e-05,0,0
687,0.0052941918209353372,0.00015687513339089301,0.342925431,0.007288309102407518,2.9820392610820737e-06,0.0070538581727384439,2.9911722163954058e-06,0,0,0.014981183407215215,2.5095647377126372e-05,0.019542957487582578,2.1920897010672351e-05,0.12482140519422169,0.0043929082768954294
688,0.0065561538498704382,0.00030066810937186332,0.306041648,0.007288309102407518,2.9820392610820737e-06,0.0070538581727384439,2.9911722163954058e-06,0,0,0.029349513899250026,0.00011093713019455803,0,0,0,0
689,0.028596854952991954,0.0060583912318626981,0.38175666200000002,0.007288309102407518,2.9820392610820737e-06,0.0070538581727384439,2.9911722163954058e-06,0,0,0.029349513899250026,0.00011093713019455803,0.077646384166351154,0.00048192924222406397,0.23835386535479269,0.017767155452867944
690,0.010977258564891077,0.00056131708450808085,0.36726293599999998,0.007288309102407518,2.9820392610820737e-06,0.0070538581727384439,2.9911722163954058e-06,0,0,0.054808110924766583,0.00046335850843711145,0,0,0,0
691,0.019119090994247016,0.0011693023676092658,0.437984863,0.007288309102407518,2.9820392610820737e-06,0.0070538581727384439,2.9911722163954058e-06,0,0,0.099015042046594087,0.0018951229601319186,0.019542957487582578,2.1920897010672351e-05,0.0094673376615136643,1.5803755559712259e-05
692,0.031648146151126412,0.0025795565763266043,0.360463592,0.007288309102407518,2.9820392610820737e-06,0.0070538581727384439,2.9911722163954058e-06,0,0,0.17323221681704717,0.0075662290638639019,0.041005308662877701,0.00010943307334319948,0.018436560699085457,6.6669330534709393e-05
693,0.03555475764269711,0.0029479662762296566,0.34535785400000002,0.007288309102407518,2.9820392610820737e-06,0.0070538581727384439,2.9911722163954058e-06,0,0,0.17323221681704717,0.0075662290638639019,0.13810176934126006,0.002002016474771101,0.066925301383199784,0.0010976716341893321
694,0.050728144546287345,0.0066654392107574588,0.32146423400000002,0.007288309102407518,2.9820392610820737e-06,0.0070538581727384439,2.9911722163954058e-06,0,0,0.29432736935424308,0.029782257606169423,0.077646384166351154,0.00048192924222406397,0,0
695,0.0035290899666519113,4.0696879859849087e-05,0.34638460999999998,0.007288309102407518,2.9820392610820737e-06,0.0070538581727384439,2.9911722163954058e-06,0.00071998620962972519,1.0668702470797522e-07,0,0,0.019542957487582578,2.1920897010672351e-05,0.0094673376615136643,1.5803755559712259e-05
696,0.015695517051809518,0.00023404222081565193,0.43894940100000002,0.007288309102407518,2.9820392610820737e-06,0.0070538581727384439,2.9911722163954058e-06,0.00071998620962972519,1.0668702470797522e-07,0,0,0.13810176934126006,0.002002016474771101,0.0046713869740736399,3.5621158608966306e-06
697,0.0025320967079299384,5.1067738780010913e-05,0.31246323399999998,0.007288309102407518,2.9820392610820737e-06,0.0070538581727384439,2.9911722163954058e-06,0.00071998620962972519,1.0668702470797522e-07,0.0025776564298912751,7.178637923836913e-07,0.0072555615269624344,3.1365272899216516e-06,0.0094673376615136643,1.5803755559712259e-05
698,0.015842570894452162,0.00024896116623249258,0.46737729300000003,0.007288309102407518,2.9820392610820737e-06,0.0070538581727384439,2.9911722163954058e-06,0.00071998620962972519,1.0668702470797522e-07,0.0025776564298912751,7.178637923836913e-07,0.13810176934126006,0.002002016474771101,0.066925301383199784,0.0010976716341893321
699,0.049313995595365506,0.0064316942109334859,0.43947364100000003,0.007288309102407518,2.9820392610820737e-06,0.0070538581727384439,2.9911722163954058e-06,0.00071998620962972519,1.0668702470797522e-07,0.29432736935424308,0.029782257606169423,0.0072555615269624344,3.1365272899216516e-06,0.0094673376615136643,1.5803755559712259e-05
700,0.04956116932713206,0.0064735766667088791,0.38770986899999998,0.007288309102407518,2.9820392610820737e-06,0.0070538581727384439,2.9911722163954058e-06,0.00071998620962972519,1.0668702470797522e-07,0.29432736935424308,0.029782257606169423,0.019542957487582578,2.1920897010672351e-05,0.0094673376615136643,1.5803755559712259e-05
701,0.052592343536241343,0.0070227337007276319,0.333169139,0.007288309102407518,2.9820392610820737e-06,0.0070538581727384439,2.9911722163954058e-06,0.00071998620962972519,1.0668702470797522e-07,0.29432736935424308,0.029782257606169423,0.13810176934126006,0.002002016474771101,0.0020897457832725727,7.133946667246938e-07
702,0.056185280204902606,0.008052716505769145,0.30693773800000002,0.007288309102407518,2.9820392610820737e-06,0.0070538581727384439,2.9911722163954058e-06,0.00071998620962972519,1.0668702470797522e-07,0.29432736935424308,0.029782257606169423,0.23639565188982414,0.008090160902531382,0.035299224261615122,0.00027203686528506433
703,0.0015949653512526869,3.8578206393996717e-05,0.33469677399999997,0.007288309102407518,2.9820392610820737e-06,0.0070538581727384439,2.9911722163954058e-06,0.0019913003314104079,7.4466870783374176e-07,0,0,0,0,0.0046713869740736399,3.5621158608966306e-06
704,0.0015949653512526869,3.8578206393996717e-05,0.53889291399999995,0.007288309102407518,2.9820392610820737e-06,0.0070538581727384439,2.9911722163954058e-06,0.0019913003314104079,7.4466870783374176e-07,0,0,0,0,0.0094673376615136643,1.5803755559712259e-05
705,0.0015949653512526869,3.8578206393996717e-05,0.614060889,0.007288309102407518,2.9820392610820737e-06,0.0070538581727384439,2.9911722163954058e-06,0.0019913003314104079,7.4466870783374176e-07,0,0,0,0,0.035299224261615122,0.00027203686528506433
706,0.0057002883140011319,4.9170230753230731e-05,0.61326167399999998,0.007288309102407518,2.9820392610820737e-06,0.0070538581727384439,2.9911722163954058e-06,0.0019913003314104079,7.4466870783374176e-07,0,0,0.041005308662877701,0.00010943307334319948,0.018436560699085457,6.6669330534709393e-05
707,0.026015155544163986,0.00082983933992994061,0.61748270800000005,0.007288309102407518,2.9820392610820737e-06,0.0070538581727384439,2.9911722163954058e-06,0.0019913003314104079,7.4466870783374176e-07,0,0,0.23639565188982414,0.008090160902531382,0,0
708,0.026015155544163986,0.00082983933992994061,0.61664566099999996,0.007288309102407518,2.9820392610820737e-06,0.0070538581727384439,2.9911722163954058e-06,0.0019913003314104079,7.4466870783374176e-07,0,0,0.23639565188982414,0.008090160902531382,0.035299224261615122,0.00027203686528506433
709,0.011972277353273822,0.00036036880510819839,0.61565821099999996,0.007288309102407518,2.9820392610820737e-06,0.0070538581727384439,2.9911722163954058e-06,0.0019913003314104079,7.4466870783374176e-07,0.029349513899250026,0.00011093713019455803,0.077646384166351154,0.00048192924222406397,0.035299224261615122,0.00027203686528506433
710,0.0023104061995097036,3.888260635045693e-05,0.60833627000000001,0.007288309102407518,2.9820392610820737e-06,0.0070538581727384439,2.9911722163954058e-06,0.004391030021690891,3.7296579112788589e-06,0,0,0.0072555615269624344,3.1365272899216516e-06,0.0046713869740736399,3.5621158608966306e-06
711,0.0015949653512526869,3.8578206393996717e-05,0.60934775200000002,0.007288309102407518,2.9820392610820737e-06,0.0070538581727384439,2.9911722163954058e-06,0.0089799454227389077,1.6589615174066303e-05,0,0,0,0,0,0
712,0.0057002883140011319,4.9170230753230731e-05,0.61237094599999997,0.007288309102407518,2.9820392610820737e-06,0.0070538581727384439,2.9911722163954058e-06,0.017576043218851114,6.9394104898684919e-05,0,0,0.041005308662877701,0.00010943307334319948,0,0
713,0.0065561538498704382,0.00030066810937186332,0.61426354500000002,0.007288309102407518,2.9820392610820737e-06,0.0070538581727384439,2.9911722163954058e-06,0.017576043218851114,6.9394104898684919e-05,0.029349513899250026,0.00011093713019455803,0,0,0.0046713869740736399,3.5621158608966306e-06
714,0.0015949653512526869,3.8578206393996717e-05,0.61623626300000001,0.007288309102407518,2.9820392610820737e-06,0.0070538581727384439,2.9911722163954058e-06,0.033822280134755418,0.00028442848457030151,0,0,0,0,0,0
715,0.0023104061995097036,3.888260635045693e-05,0.61275641000000003,0.007288309102407518,2.9820392610820737e-06,0.0070538581727384439,2.9911722163954058e-06,0.033822280134755418,0.00028442848457030151,0,0,0.0072555615269624344,3.1365272899216516e-06,0.0046713869740736399,3.5621158608966306e-06
716,0.0057002883140011319,4.9170230753230731e-05,0.61275291799999998,0.007288309102407518,2.9820392610820737e-06,0.0070538581727384439,2.9911722163954058e-06,0.033822280134755418,0.00028442848457030151,0,0,0.041005308662877701,0.00010943307334319948,0.018436560699085457,6.6669330534709393e-05
717,0.0094245787159367746,8.5395030295109715e-05,0.61302864000000001,0.007288309102407518,2.9820392610820737e-06,0.0070538581727384439,2.9911722163954058e-06,0.033822280134755418,0.00028442848457030151,0,0,0.077646384166351154,0.00048192924222406397,0,0
718,0.015695517051809518,0.00023404222081565193,0.61541749999999995,0.007288309102407518,2.9820392610820737e-06,0.0070538581727384439,2.9911722163954058e-06,0.033822280134755418,0.00028442848457030151,0,0,0.13810176934126006,0.002002016474771101,0.0020897457832725727,7.133946667246938e-07
719,0.018487532254138191,0.0011503968057899646,0.61649232899999995,0.007288309102407518,2.9820392610820737e-06,0.0070538581727384439,2.9911722163954058e-06,0.033822280134755418,0.00028442848457030151,0.099015042046594087,0.0018951229601319186,0,0,0,0
720,0.0035290899666519113,4.0696879859849087e-05,0.61197140900000002,0.007288309102407518,2.9820392610820737e-06,0.0070538581727384439,2.9911722163954058e-06,0.064301081919963615,0.0011434775053933504,0,0,0.019542957487582578,2.1920897010672351e-05,0.12482140519422169,0.0043929082768954294
721,0.0057002883140011319,4.9170230753230731e-05,0.68048276399999996,0.007288309102407518,2.9820392610820737e-06,0.0070538581727384439,2.9911722163954058e-06,0.064301081919963615,0.0011434775053933504,0,0,0.041005308662877701,0.00010943307334319948,0.018436560699085457,6.6669330534709393e-05
722,0.009562554687865002,9.8756762465536591e-05,0.935446683,0.007288309102407518,2.9820392610820737e-06,0.0070538581727384439,2.9911722163954058e-06,0.064301081919963615,0.0011434775053933504,0.0025776564298912751,7.178637923836913e-07,0.077646384166351154,0.00048192924222406397,0.035299224261615122,0.00027203686528506433
723,0.0035290899666519113,4.0696879859849087e-05,0.76149903900000004,0.007288309102407518,2.9820392610820737e-06,0.0070538581727384439,2.9911722163954058e-06,0.12074096984968002,0.0045738414776371689,0,0,0.019542957487582578,2.1920897010672351e-05,0.035299224261615122,0.00027203686528506433
724,0.026015155544163986,0.00082983933992994061,0.93081472799999998,0.007288309102407518,2.9820392610820737e-06,0.0070538581727384439,2.9911722163954058e-06,0.12074096984968002,0.0045738414776371689,0,0,0.23639565188982414,0.008090160902531382,0.12482140519422169,0.0043929082768954294
725,0.0052941918209353372,0.00015687513339089301,0.78609528699999998,0.007288309102407518,2.9820392610820737e-06,0.0070538581727384439,2.9911722163954058e-06,0.12074096984968002,0.0045738414776371689,0.014981183407215215,2.5095647377126372e-05,0.019542957487582578,2.1920897010672351e-05,0.0094673376615136643,1.5803755559712259e-05
726,0.026903543433690568,0.00097946781692531963,0.93789980799999995,0.007288309102407518,2.9820392610820737e-06,0.0070538581727384439,2.9911722163954058e-06,0.12074096984968002,0.0045738414776371689,0.014981183407215215,2.5095647377126372e-05,0.23639565188982414,0.008090160902531382,0.00073691275757772434,1.017642263681214e-07
727,0.0065561538498704382,0.00030066810937186332,0.82570743199999996,0.007288309102407518,2.9820392610820737e-06,0.0070538581727384439,2.9911722163954058e-06,0.12074096984968002,0.0045738414776371689,0.029349513899250026,0.00011093713019455803,0,0,0,0
728,0.0065561538498704382,0.00030066810937186332,0.92576164900000002,0.007288309102407518,2.9820392610820737e-06,0.0070538581727384439,2.9911722163954058e-06,0.12074096984968002,0.0045738414776371689,0.029349513899250026,0.00011093713019455803,0,0,0.066925301383199784,0.0010976716341893321
729,0.0075510312979325828,0.00030659944512245084,0.61754686800000003,0.007288309102407518,2.9820392610820737e-06,0.0070538581727384439,2.9911722163954058e-06,0.12074096984968002,0.0045738414776371689,0.029349513899250026,0.00011093713019455803,0.019542957487582578,2.1920897010672351e-05,0,0
730,0.0090529635984975751,0.00031881273054869166,0.60892012699999998,0.007288309102407518,2.9820392610820737e-06,0.0070538581727384439,2.9911722163954058e-06,0.12074096984968002,0.0045738414776371689,0.029349513899250026,0.00011093713019455803,0.041005308662877701,0.00010943307334319948,0.018436560699085457,6.6669330534709393e-05
731,0.027724265690337573,0.0011488141847355974,0.61507419500000005,0.007288309102407518,2.9820392610820737e-06,0.0070538581727384439,2.9911722163954058e-06,0.12074096984968002,0.0045738414776371689,0.029349513899250026,0.00011093713019455803,0.23639565188982414,0.008090160902531382,0.035299224261615122,0.00027203686528506433
732,0.045603893160506871,0.021155671050795376,0.60945318800000003,0.007288309102407518,2.9820392610820737e-06,0.0070538581727384439,2.9911722163954058e-06,0.2422388505978256,0.018789844584028239,0.0025776564298912751,7.178637923836913e-07,0.0072555615269624344,3.1365272899216516e-06,0.0094673376615136643,1.5803755559712259e-05
733,0.0057766033346661723,0.00023875992640180448,0.61869987199999998,0.007288309102407518,2.9820392610820737e-06,0.040725592931596735,0.00010507916537179608,0,0,0,0,0,0,0,0
734,0.0057766033346661723,0.00023875992640180448,0.61623778200000001,0.007288309102407518,2.9820392610820737e-06,0.040725592931596735,0.00010507916537179608,0,0,0,0,0,0,0.0046713869740736399,3.5621158608966306e-06
735,0.0077107279500653429,0.00024087859986765686,0.61421097599999996,0.007288309102407518,2.9820392610820737e-06,0.040725592931596735,0.00010507916537179608,0,0,0,0,0.019542957487582578,2.1920897010672351e-05,0.12482140519422169,0.0043929082768954294
736,0.019877155035226541,0.00043422394082345969,0.61574262199999996,0.007288309102407518,2.9820392610820737e-06,0.040725592931596735,0.00010507916537179608,0,0,0,0,0.13810176934126006,0.002002016474771101,0.0046713869740736399,3.5621158608966306e-06
737,0.019877155035226541,0.00043422394082345969,0.46005861399999998,0.007288309102407518,2.9820392610820737e-06,0.040725592931596735,0.00010507916537179608,0,0,0,0,0.13810176934126006,0.002002016474771101,0.066925301383199784,0.0010976716341893321
738,0.020028925738861662,0.00045101027618924997,0.51745461999999998,0.007288309102407518,2.9820392610820737e-06,0.040725592931596735,0.00010507916537179608,0,0,0.0025776564298912751,7.178637923836913e-07,0.13810176934126006,0.002002016474771101,0.0020897457832725727,7.133946667246938e-07
739,0.0068006184529392248,0.00028456538524936856,0.32566900100000001,0.007288309102407518,2.9820392610820737e-06,0.040725592931596735,0.00010507916537179608,0,0,0.0070568641369427197,5.0167964149023017e-06,0,0,0.0046713869740736399,3.5621158608966306e-06
740,0.0068006184529392248,0.00028456538524936856,0.30664397599999998,0.007288309102407518,2.9820392610820737e-06,0.040725592931596735,0.00010507916537179608,0,0,0.0070568641369427197,5.0167964149023017e-06,0,0,0.0094673376615136643,1.5803755559712259e-05
741,0.0073146009174623709,0.00028508707973129129,0.562006915,0.007288309102407518,2.9820392610820737e-06,0.040725592931596735,0.00010507916537179608,0,0,0.0070568641369427197,5.0167964149023017e-06,0.0072555615269624344,3.1365272899216516e-06,0.0046713869740736399,3.5621158608966306e-06
742,0.036956308762295137,0.0062020666090932151,0.3052358,0.007288309102407518,2.9820392610820737e-06,0.040725592931596735,0.00010507916537179608,0,0,0.0070568641369427197,5.0167964149023017e-06,0.13810176934126006,0.002002016474771101,0.23835386535479269,0.017767155452867944
743,0.030619258945255048,0.0010933368828673689,0.54783617799999995,0.007288309102407518,2.9820392610820737e-06,0.040725592931596735,0.00010507916537179608,0,0,0.0070568641369427197,5.0167964149023017e-06,0.23639565188982414,0.008090160902531382,0.0020897457832725727,7.133946667246938e-07
744,0.0082335170335332344,0.00035889299954494359,0.61477138600000003,0.007288309102407518,2.9820392610820737e-06,0.040725592931596735,0.00010507916537179608,0,0,0.014981183407215215,2.5095647377126372e-05,0,0,0.035299224261615122,0.00027203686528506433
745,0.01072413841413703,0.00049373646275942154,0.61891177600000002,0.007288309102407518,2.9820392610820737e-06,0.040725592931596735,0.00010507916537179608,0,0,0.029349513899250026,0.00011093713019455803,0,0,0,0
746,0.01072413841413703,0.00049373646275942154,0.61721071000000005,0.007288309102407518,2.9820392610820737e-06,0.040725592931596735,0.00010507916537179608,0,0,0.029349513899250026,0.00011093713019455803,0,0,0.0094673376615136643,1.5803755559712259e-05
747,0.01072413841413703,0.00049373646275942154,0.61467874600000005,0.007288309102407518,2.9820392610820737e-06,0.040725592931596735,0.00010507916537179608,0,0,0.029349513899250026,0.00011093713019455803,0,0,0.066925301383199784,0.0010976716341893321
748,0.015384122330660974,0.00075263987310281893,0.61683712000000002,0.007288309102407518,2.9820392610820737e-06,0.040725592931596735,0.00010507916537179608,0,0,0.054808110924766583,0.00046335850843711145,0.0072555615269624344,3.1365272899216516e-06,0.0094673376615136643,1.5803755559712259e-05
749,0.017034999688011462,0.00077802259911601327,0.44235661100000001,0.007288309102407518,2.9820392610820737e-06,0.040725592931596735,0.00010507916537179608,0,0,0.054808110924766583,0.00046335850843711145,0.041005308662877701,0.00010943307334319948,0.018436560699085457,6.6669330534709393e-05
750,0.023195578397068088,0.0013287692159087631,0.38502349899999999,0.007288309102407518,2.9820392610820737e-06,0.040725592931596735,0.00010507916537179608,0,0,0.099015042046594087,0.0018951229601319186,0.019542957487582578,2.1920897010672351e-05,0.035299224261615122,0.00027203686528506433
751,0.025802843861330211,0.001428100809045339,0.37336272599999998,0.007288309102407518,2.9820392610820737e-06,0.040725592931596735,0.00010507916537179608,0,0,0.099015042046594087,0.0018951229601319186,0.077646384166351154,0.00048192924222406397,0,0
752,0.029894365118904961,0.0016258972266628676,0.456414076,0.007288309102407518,2.9820392610820737e-06,0.040725592931596735,0.00010507916537179608,0,0,0.099015042046594087,0.0018951229601319186,0.13810176934126006,0.002002016474771101,0,0
753,0.053120798023039643,0.0065405249865691309,0.35057978099999998,0.007288309102407518,2.9820392610820737e-06,0.040725592931596735,0.00010507916537179608,0,0,0.29432736935424308,0.029782257606169423,0,0,0.066925301383199784,0.0010976716341893321
754,0.053261230707176387,0.0065624176988467817,0.40448709999999999,0.007288309102407518,2.9820392610820737e-06,0.040725592931596735,0.00010507916537179608,0,0,0.29432736935424308,0.029782257606169423,0.0072555615269624344,3.1365272899216516e-06,0.0094673376615136643,1.5803755559712259e-05
755,0.0057766033346661723,0.00023875992640180448,0.31079389699999999,0.007288309102407518,2.9820392610820737e-06,0.040725592931596735,0.00010507916537179608,0.00071998620962972519,1.0668702470797522e-07,0,0,0,0,0,0
756,0.030348929811453269,0.0010497094745354914,0.36180546800000002,0.007288309102407518,2.9820392610820737e-06,0.040725592931596735,0.00010507916537179608,0.00071998620962972519,1.0668702470797522e-07,0.0025776564298912751,7.178637923836913e-07,0.23639565188982414,0.008090160902531382,0.0020897457832725727,7.133946667246938e-07
757,0.053120798023039643,0.0065405249865691309,0.30579711199999998,0.007288309102407518,2.9820392610820737e-06,0.040725592931596735,0.00010507916537179608,0.00071998620962972519,1.0668702470797522e-07,0.29432736935424308,0.029782257606169423,0,0,0.035299224261615122,0.00027203686528506433
758,0.060036510457655269,0.0089859548309353873,0.31695303800000002,0.007288309102407518,2.9820392610820737e-06,0.040725592931596735,0.00010507916537179608,0.00071998620962972519,1.0668702470797522e-07,0.29432736935424308,0.029782257606169423,0,0,0.23835386535479269,0.017767155452867944
759,0.013606216699347626,0.00028557675030291746,0.49484411699999997,0.007288309102407518,2.9820392610820737e-06,0.040725592931596735,0.00010507916537179608,0.0019913003314104079,7.4466870783374176e-07,0,0,0.077646384166351154,0.00048192924222406397,0.035299224261615122,0.00027203686528506433
760,0.030196793527578394,0.0010300210599377484,0.30595002199999999,0.007288309102407518,2.9820392610820737e-06,0.040725592931596735,0.00010507916537179608,0.0019913003314104079,7.4466870783374176e-07,0,0,0.23639565188982414,0.008090160902531382,0.035299224261615122,0.00027203686528506433
761,0.01072413841413703,0.00049373646275942154,0.35885777499999999,0.007288309102407518,2.9820392610820737e-06,0.040725592931596735,0.00010507916537179608,0.0019913003314104079,7.4466870783374176e-07,0.029349513899250026,0.00011093713019455803,0,0,0,0
762,0.01072413841413703,0.00049373646275942154,0.306742497,0.007288309102407518,2.9820392610820737e-06,0.040725592931596735,0.00010507916537179608,0.0019913003314104079,7.4466870783374176e-07,0.029349513899250026,0.00011093713019455803,0,0,0.00073691275757772434,1.017642263681214e-07
763,0.011719015862198659,0.00049966779851000906,0.42697376999999997,0.007288309102407518,2.9820392610820737e-06,0.040725592931596735,0.00010507916537179608,0.0019913003314104079,7.4466870783374176e-07,0.029349513899250026,0.00011093713019455803,0.019542957487582578,2.1920897010672351e-05,0.0094673376615136643,1.5803755559712259e-05
764,0.0057766033346661723,0.00023875992640180448,0.307639194,0.007288309102407518,2.9820392610820737e-06,0.040725592931596735,0.00010507916537179608,0.004391030021690891,3.7296579112788589e-06,0,0,0,0,0.0020897457832725727,7.133946667246938e-07
765,0.0077107279500653429,0.00024087859986765686,0.33940049500000002,0.007288309102407518,2.9820392610820737e-06,0.040725592931596735,0.00010507916537179608,0.004391030021690891,3.7296579112788589e-06,0,0,0.019542957487582578,2.1920897010672351e-05,0,0
766,0.024551355370559087,0.0060137828530489323,0.46767576700000002,0.007288309102407518,2.9820392610820737e-06,0.040725592931596735,0.00010507916537179608,0.004391030021690891,3.7296579112788589e-06,0,0,0.019542957487582578,2.1920897010672351e-05,0.23835386535479269,0.017767155452867944
767,0.030446844119844704,0.0060584810034841922,0.32275440100000002,0.007288309102407518,2.9820392610820737e-06,0.040725592931596735,0.00010507916537179608,0.004391030021690891,3.7296579112788589e-06,0,0,0.077646384166351154,0.00048192924222406397,0.23835386535479269,0.017767155452867944
768,0.0057766033346661723,0.00023875992640180448,0.359009311,0.007288309102407518,2.9820392610820737e-06,0.040725592931596735,0.00010507916537179608,0.0089799454227389077,1.6589615174066303e-05,0,0,0,0,0.00073691275757772434,1.017642263681214e-07
769,0.013606216699347626,0.00028557675030291746,0.30664512399999999,0.007288309102407518,2.9820392610820737e-06,0.040725592931596735,0.00010507916537179608,0.0089799454227389077,1.6589615174066303e-05,0,0,0.077646384166351154,0.00048192924222406397,0.035299224261615122,0.00027203686528506433
770,0.030446844119844704,0.0060584810034841922,0.466245886,0.007288309102407518,2.9820392610820737e-06,0.040725592931596735,0.00010507916537179608,0.0089799454227389077,1.6589615174066303e-05,0,0,0.077646384166351154,0.00048192924222406397,0.23835386535479269,0.017767155452867944
771,0.022617230755157182,0.0060116641795830792,0.36966139399999998,0.007288309102407518,2.9820392610820737e-06,0.040725592931596735,0.00010507916537179608,0.017576043218851114,6.9394104898684919e-05,0,0,0,0,0.23835386535479269,0.017767155452867944
772,0.0077107279500653429,0.00024087859986765686,0.30736388599999998,0.007288309102407518,2.9820392610820737e-06,0.040725592931596735,0.00010507916537179608,0.017576043218851114,6.9394104898684919e-05,0,0,0.019542957487582578,2.1920897010672351e-05,0.035299224261615122,0.00027203686528506433
773,0.01072413841413703,0.00049373646275942154,0.364413349,0.007288309102407518,2.9820392610820737e-06,0.040725592931596735,0.00010507916537179608,0.017576043218851114,6.9394104898684919e-05,0.029349513899250026,0.00011093713019455803,0,0,0,0
774,0.0057766033346661723,0.00023875992640180448,0.51767353599999999,0.007288309102407518,2.9820392610820737e-06,0.040725592931596735,0.00010507916537179608,0.033822280134755418,0.00028442848457030151,0,0,0,0,0,0
775,0.0064920441829235884,0.0002390643263582647,0.36542207300000001,0.007288309102407518,2.9820392610820737e-06,0.040725592931596735,0.00010507916537179608,0.033822280134755418,0.00028442848457030151,0,0,0.0072555615269624344,3.1365272899216516e-06,0.0094673376615136643,1.5803755559712259e-05
776,0.0077107279500653429,0.00024087859986765686,0.30621087899999999,0.007288309102407518,2.9820392610820737e-06,0.040725592931596735,0.00010507916537179608,0.033822280134755418,0.00028442848457030151,0,0,0.019542957487582578,2.1920897010672351e-05,0.12482140519422169,0.0043929082768954294
777,0.030196793527578394,0.0010300210599377484,0.592030426,0.007288309102407518,2.9820392610820737e-06,0.040725592931596735,0.00010507916537179608,0.033822280134755418,0.00028442848457030151,0,0,0.23639565188982414,0.008090160902531382,0.0020897457832725727,7.133946667246938e-07
778,0.030196793527578394,0.0010300210599377484,0.61495146499999997,0.007288309102407518,2.9820392610820737e-06,0.040725592931596735,0.00010507916537179608,0.064301081919963615,0.0011434775053933504,0,0,0.23639565188982414,0.008090160902531382,0,0
779,0.0061164814445744866,0.00025276491159123397,0.30634399200000001,0.007288309102407518,2.9820392610820737e-06,0.040725592931596735,0.00010507916537179608,0.064301081919963615,0.0011434775053933504,0.0025776564298912751,7.178637923836913e-07,0,0,0.0046713869740736399,3.5621158608966306e-06
780,0.0061164814445744866,0.00025276491159123397,0.35817405099999999,0.007288309102407518,2.9820392610820737e-06,0.040725592931596735,0.00010507916537179608,0.064301081919963615,0.0011434775053933504,0.0025776564298912751,7.178637923836913e-07,0,0,0.018436560699085457,6.6669330534709393e-05
781,0.024689026274835522,0.0060085457143053888,0.30817683600000001,0.007288309102407518,2.9820392610820737e-06,0.040725592931596735,0.00010507916537179608,0.064301081919963615,0.0011434775053933504,0.0025776564298912751,7.178637923836913e-07,0.019542957487582578,2.1920897010672351e-05,0.23835386535479269,0.017767155452867944
782,0.030348929811453269,0.0010497094745354914,0.32729423000000002,0.007288309102407518,2.9820392610820737e-06,0.040725592931596735,0.00010507916537179608,0.064301081919963615,0.0011434775053933504,0.0025776564298912751,7.178637923836913e-07,0.23639565188982414,0.008090160902531382,0.035299224261615122,0.00027203686528506433
783,0.0057766033346661723,0.00023875992640180448,0.39327288799999999,0.007288309102407518,2.9820392610820737e-06,0.040725592931596735,0.00010507916537179608,0.12074096984968002,0.0045738414776371689,0,0,0,0,0.035299224261615122,0.00027203686528506433
784,0.0057766033346661723,0.00023875992640180448,0.33685212599999997,0.007288309102407518,2.9820392610820737e-06,0.040725592931596735,0.00010507916537179608,0.12074096984968002,0.0045738414776371689,0,0,0,0,0.066925301383199784,0.0010976716341893321
785,0.0082335170335332344,0.00035889299954494359,0.51120994200000003,0.007288309102407518,2.9820392610820737e-06,0.040725592931596735,0.00010507916537179608,0.12074096984968002,0.0045738414776371689,0.014981183407215215,2.5095647377126372e-05,0,0,0,0
786,0.025845384108113972,0.0059693285800458615,0.48258300199999998,0.007288309102407518,2.9820392610820737e-06,0.040725592931596735,0.00010507916537179608,0.12074096984968002,0.0045738414776371689,0.014981183407215215,2.5095647377126372e-05,0.019542957487582578,2.1920897010672351e-05,0.23835386535479269,0.017767155452867944
787,0.031054867551070262,0.0060200373903363698,0.30517465199999999,0.007288309102407518,2.9820392610820737e-06,0.040725592931596735,0.00010507916537179608,0.12074096984968002,0.0045738414776371689,0.014981183407215215,2.5095647377126372e-05,0.077646384166351154,0.00048192924222406397,0.23835386535479269,0.017767155452867944
788,0.031105664283629226,0.0011851317183328555,0.43833341300000001,0.007288309102407518,2.9820392610820737e-06,0.040725592931596735,0.00010507916537179608,0.12074096984968002,0.0045738414776371689,0.014981183407215215,2.5095647377126372e-05,0.23639565188982414,0.008090160902531382,0.035299224261615122,0.00027203686528506433
789,0.026501129147541345,0.0059080064751208259,0.30370244000000002,0.007288309102407518,2.9820392610820737e-06,0.040725592931596735,0.00010507916537179608,0.12074096984968002,0.0045738414776371689,0.029349513899250026,0.00011093713019455803,0,0,0.23835386535479269,0.017767155452867944
790,0.011719015862198659,0.00049966779851000906,0.35039931800000002,0.007288309102407518,2.9820392610820737e-06,0.040725592931596735,0.00010507916537179608,0.12074096984968002,0.0045738414776371689,0.029349513899250026,0.00011093713019455803,0.019542957487582578,2.1920897010672351e-05,0.035299224261615122,0.00027203686528506433
791,0.013220948162763917,0.00051188108393624993,0.61241146899999999,0.007288309102407518,2.9820392610820737e-06,0.040725592931596735,0.00010507916537179608,0.12074096984968002,0.0045738414776371689,0.029349513899250026,0.00011093713019455803,0.041005308662877701,0.00010943307334319948,0.018436560699085457,6.6669330534709393e-05
792,0.021944263164897046,0.00071860224837299246,0.61189371800000003,0.007288309102407518,2.9820392610820737e-06,0.040725592931596735,0.00010507916537179608,0.12074096984968002,0.0045738414776371689,0.029349513899250026,0.00011093713019455803,0.13810176934126006,0.002002016474771101,0.0020897457832725727,7.133946667246938e-07
793,0.049131068321196542,0.021264212327517004,0.61146715900000004,0.007288309102407518,2.9820392610820737e-06,0.040725592931596735,0.00010507916537179608,0.2422388505978256,0.018789844584028239,0,0,0,0,0.0046713869740736399,3.5621158608966306e-06
794,0.049131068321196542,0.021264212327517004,0.61212300100000006,0.007288309102407518,2.9820392610820737e-06,0.040725592931596735,0.00010507916537179608,0.2422388505978256,0.018789844584028239,0,0,0,0,0.0094673376615136643,1.5803755559712259e-05
795,0.049806844142802453,0.021245211572822199,0.61328187700000003,0.007288309102407518,2.9820392610820737e-06,0.040725592931596735,0.00010507916537179608,0.2422388505978256,0.018789844584028239,0,0,0.019542957487582578,2.1920897010672351e-05,0,0
796,0.067270146324488356,0.026491288246015252,0.611639712,0.007288309102407518,2.9820392610820737e-06,0.040725592931596735,0.00010507916537179608,0.2422388505978256,0.018789844584028239,0,0,0.077646384166351154,0.00048192924222406397,0.23835386535479269,0.017767155452867944
797,0.056876751659719026,0.021218622583230162,0.61321080100000003,0.007288309102407518,2.9820392610820737e-06,0.040725592931596735,0.00010507916537179608,0.2422388505978256,0.018789844584028239,0,0,0.13810176934126006,0.002002016474771101,0,0
798,0.049839968315375828,0.021238537475898413,0.61181361999999995,0.007288309102407518,2.9820392610820737e-06,0.040725592931596735,0.00010507916537179608,0.2422388505978256,0.018789844584028239,0.0025776564298912751,7.178637923836913e-07,0.019542957487582578,2.1920897010672351e-05,0.035299224261615122,0.00027203686528506433
799,0.067318532692302438,0.026484803073375092,0.610403433,0.007288309102407518,2.9820392610820737e-06,0.040725592931596735,0.00010507916537179608,0.2422388505978256,0.018789844584028239,0.0025776564298912751,7.178637923836913e-07,0.077646384166351154,0.00048192924222406397,0.23835386535479269,0.017767155452867944
800,0.071334083704644655,0.026503907691001902,0.60806280599999996,0.007288309102407518,2.9820392610820737e-06,0.040725592931596735,0.00010507916537179608,0.2422388505978256,0.018789844584028239,0.0025776564298912751,7.178637923836913e-07,0.13810176934126006,0.002002016474771101,0.23835386535479269,0.017767155452867944
801,0.064504602264698244,0.021505274390915156,0.61181047300000002,0.007288309102407518,2.9820392610820737e-06,0.040725592931596735,0.00010507916537179608,0.2422388505978256,0.018789844584028239,0.0025776564298912751,7.178637923836913e-07,0.23639565188982414,0.008090160902531382,0.035299224261615122,0.00027203686528506433
802,0.064504602264698244,0.021505274390915156,0.61274625699999996,0.007288309102407518,2.9820392610820737e-06,0.040725592931596735,0.00010507916537179608,0.2422388505978256,0.018789844584028239,0.0025776564298912751,7.178637923836913e-07,0.23639565188982414,0.008090160902531382,0.12482140519422169,0.0043929082768954294
803,0.0020113363044406024,2.2351069923112863e-06,0.61738770700000001,0.019479130796355142,2.0848977662625432e-05,0,0,0,0,0,0,0,0,0,0
804,0.0020113363044406024,2.2351069923112863e-06,0.61685477600000005,0.019479130796355142,2.0848977662625432e-05,0,0,0,0,0,0,0,0,0.0046713869740736399,3.5621158608966306e-06
805,0.0020113363044406024,2.2351069923112863e-06,0.33531938900000002,0.019479130796355142,2.0848977662625432e-05,0,0,0,0,0,0,0,0,0.066925301383199784,0.0010976716341893321
806,0.0020113363044406024,2.2351069923112863e-06,0.468727589,0.019479130796355142,2.0848977662625432e-05,0,0,0,0,0,0,0,0,0.12482140519422169,0.0043929082768954294
807,0.0027267771526976476,2.5395069487715028e-06,0.30768426199999999,0.019479130796355142,2.0848977662625432e-05,0,0,0,0,0,0,0.0072555615269624344,3.1365272899216516e-06,0,0
808,0.0027267771526976476,2.5395069487715028e-06,0.38470561399999997,0.019479130796355142,2.0848977662625432e-05,0,0,0,0,0,0,0.0072555615269624344,3.1365272899216516e-06,0.0046713869740736399,3.5621158608966306e-06
809,0.0039454609198400874,4.3537804581636609e-06,0.30655835300000001,0.019479130796355142,2.0848977662625432e-05,0,0,0,0,0,0,0.019542957487582578,2.1920897010672351e-05,0.0094673376615136643,1.5803755559712259e-05
810,0.026431526497350782,0.00079349624052825517,0.31510914899999998,0.019479130796355142,2.0848977662625432e-05,0,0,0,0,0,0,0.23639565188982414,0.008090160902531382,0.00073691275757772434,1.017642263681214e-07
811,0.0030297768564074962,4.4517471592616352e-05,0.51949514900000004,0.019479130796355142,2.0848977662625432e-05,0,0,0,0,0.0070568641369427197,5.0167964149023017e-06,0,0,0.0020897457832725727,7.133946667246938e-07
812,0.0030297768564074962,4.4517471592616352e-05,0.61643146000000004,0.019479130796355142,2.0848977662625432e-05,0,0,0,0,0.0070568641369427197,5.0167964149023017e-06,0,0,0.0046713869740736399,3.5621158608966306e-06
813,0.0048469705935875653,0.00012088936276441259,0.61343116099999995,0.019479130796355142,2.0848977662625432e-05,0,0,0,0,0.014981183407215215,2.5095647377126372e-05,0.0072555615269624344,3.1365272899216516e-06,0.0094673376615136643,1.5803755559712259e-05
814,0.0057249539824497358,0.0001236338405136851,0.61293669399999995,0.019479130796355142,2.0848977662625432e-05,0,0,0,0,0.014981183407215215,2.5095647377126372e-05,0.019542957487582578,2.1920897010672351e-05,0.035299224261615122,0.00027203686528506433
815,0.017014157099622916,0.00033011737825373465,0.61325918099999999,0.019479130796355142,2.0848977662625432e-05,0,0,0,0,0.014981183407215215,2.5095647377126372e-05,0.13810176934126006,0.002002016474771101,0.0020897457832725727,7.133946667246938e-07
816,0.027334305595203768,0.00094622652404811175,0.61360995500000004,0.019479130796355142,2.0848977662625432e-05,0,0,0,0,0.014981183407215215,2.5095647377126372e-05,0.23639565188982414,0.008090160902531382,0.00073691275757772434,1.017642263681214e-07
817,0.0079671899371832576,0.00026985053177764311,0.61291210500000004,0.019479130796355142,2.0848977662625432e-05,0,0,0,0,0.029349513899250026,0.00011093713019455803,0.019542957487582578,2.1920897010672351e-05,0.035299224261615122,0.00027203686528506433
818,0.028140424329587417,0.0011120652713907896,0.61398085400000002,0.019479130796355142,2.0848977662625432e-05,0,0,0,0,0.029349513899250026,0.00011093713019455803,0.23639565188982414,0.008090160902531382,0.12482140519422169,0.0043929082768954294
819,0.011413125295359046,0.00053221608922850606,0.60995738700000002,0.019479130796355142,2.0848977662625432e-05,0,0,0,0,0.054808110924766583,0.00046335850843711145,0,0,0.035299224261615122,0.00027203686528506433
820,0.020637664080054061,0.00077854425409881755,0.61360083399999998,0.019479130796355142,2.0848977662625432e-05,0,0,0,0,0.054808110924766583,0.00046335850843711145,0.13810176934126006,0.002002016474771101,0,0
821,0.020637664080054061,0.00077854425409881755,0.61247865099999999,0.019479130796355142,2.0848977662625432e-05,0,0,0,0,0.054808110924766583,0.00046335850843711145,0.13810176934126006,0.002002016474771101,0.0020897457832725727,7.133946667246938e-07
822,0.034120351364806227,0.0021019070281675114,0.61654545299999997,0.019479130796355142,2.0848977662625432e-05,0,0,0,0,0.099015042046594087,0.0018951229601319186,0.23639565188982414,0.008090160902531382,0,0
823,0.034120351364806227,0.0021019070281675114,0.61742951899999998,0.019479130796355142,2.0848977662625432e-05,0,0,0,0,0.099015042046594087,0.0018951229601319186,0.23639565188982414,0.008090160902531382,0.0020897457832725727,7.133946667246938e-07
824,0.034120351364806227,0.0021019070281675114,0.61444836400000002,0.019479130796355142,2.0848977662625432e-05,0,0,0,0,0.099015042046594087,0.0018951229601319186,0.23639565188982414,0.008090160902531382,0.12482140519422169,0.0043929082768954294
825,0.049647560647304502,0.0063906764501099967,0.61756903900000004,0.019479130796355142,2.0848977662625432e-05,0,0,0,0,0.29432736935424308,0.029782257606169423,0,0,0.0094673376615136643,1.5803755559712259e-05
826,0.057589843210366101,0.0091091854545729892,0.61622156400000005,0.019479130796355142,2.0848977662625432e-05,0,0,0,0,0.29432736935424308,0.029782257606169423,0.019542957487582578,2.1920897010672351e-05,0.23835386535479269,0.017767155452867944
827,0.0027267771526976476,2.5395069487715028e-06,0.617004671,0.019479130796355142,2.0848977662625432e-05,0,0,0.00071998620962972519,1.0668702470797522e-07,0,0,0.0072555615269624344,3.1365272899216516e-06,0.0094673376615136643,1.5803755559712259e-05
828,0.026431526497350782,0.00079349624052825517,0.61700696099999996,0.019479130796355142,2.0848977662625432e-05,0,0,0.00071998620962972519,1.0668702470797522e-07,0,0,0.23639565188982414,0.008090160902531382,0.035299224261615122,0.00027203686528506433
829,0.0023546974849678092,1.6447077437283592e-05,0.645998607,0.019479130796355142,2.0848977662625432e-05,0,0,0.00071998620962972519,1.0668702470797522e-07,0.0025776564298912751,7.178637923836913e-07,0,0,0.066925301383199784,0.0010976716341893321
830,0.049647560647304502,0.0063906764501099967,0.37369033099999999,0.019479130796355142,2.0848977662625432e-05,0,0,0.00071998620962972519,1.0668702470797522e-07,0.29432736935424308,0.029782257606169423,0,0,0.0094673376615136643,1.5803755559712259e-05
831,0.051202142282363104,0.0066463141622116204,0.43678126900000003,0.019479130796355142,2.0848977662625432e-05,0,0,0.00071998620962972519,1.0668702470797522e-07,0.29432736935424308,0.029782257606169423,0.077646384166351154,0.00048192924222406397,0.035299224261615122,0.00027203686528506433
832,0.019864644346714228,0.0061151028219343199,0.42027153499999997,0.019479130796355142,2.0848977662625432e-05,0,0,0.0019913003314104079,7.4466870783374176e-07,0,0,0,0,0.23835386535479269,0.017767155452867944
833,0.0039454609198400874,4.3537804581636609e-06,0.322959526,0.019479130796355142,2.0848977662625432e-05,0,0,0.0019913003314104079,7.4466870783374176e-07,0,0,0.019542957487582578,2.1920897010672351e-05,0.12482140519422169,0.0043929082768954294
834,0.0069723124891213732,0.00026391919602705553,0.61575558200000002,0.019479130796355142,2.0848977662625432e-05,0,0,0.0019913003314104079,7.4466870783374176e-07,0.029349513899250026,0.00011093713019455803,0,0,0.0020897457832725727,7.133946667246938e-07
835,0.0073113256969608515,0.00026560441604163882,0.61441154399999998,0.019479130796355142,2.0848977662625432e-05,0,0,0.0019913003314104079,7.4466870783374176e-07,0.029349513899250026,0.00011093713019455803,0.0072555615269624344,3.1365272899216516e-06,0,0
836,0.012388435992524663,0.00032361989176339065,0.60992743599999999,0.019479130796355142,2.0848977662625432e-05,0,0,0.0019913003314104079,7.4466870783374176e-07,0.029349513899250026,0.00011093713019455803,0.077646384166351154,0.00048192924222406397,0.035299224261615122,0.00027203686528506433
837,0.01819243723987559,0.00048878498164062645,0.60644064499999994,0.019479130796355142,2.0848977662625432e-05,0,0,0.0019913003314104079,7.4466870783374176e-07,0.029349513899250026,0.00011093713019455803,0.13810176934126006,0.002002016474771101,0.066925301383199784,0.0010976716341893321
838,0.0020113363044406024,2.2351069923112863e-06,0.61169760900000003,0.019479130796355142,2.0848977662625432e-05,0,0,0.004391030021690891,3.7296579112788589e-06,0,0,0,0,0.035299224261615122,0.00027203686528506433
839,0.0061166592671892204,1.2827131351545305e-05,0.61473216500000005,0.019479130796355142,2.0848977662625432e-05,0,0,0.004391030021690891,3.7296579112788589e-06,0,0,0.041005308662877701,0.00010943307334319948,0.018436560699085457,6.6669330534709393e-05
840,0.0020113363044406024,2.2351069923112863e-06,0.61071133300000002,0.019479130796355142,2.0848977662625432e-05,0,0,0.0089799454227389077,1.6589615174066303e-05,0,0,0,0,0,0
841,0.019864644346714228,0.0061151028219343199,0.61389858900000005,0.019479130796355142,2.0848977662625432e-05,0,0,0.0089799454227389077,1.6589615174066303e-05,0,0,0,0,0.23835386535479269,0.017767155452867944
842,0.0020113363044406024,2.2351069923112863e-06,0.612204941,0.019479130796355142,2.0848977662625432e-05,0,0,0.017576043218851114,6.9394104898684919e-05,0,0,0,0,0.12482140519422169,0.0043929082768954294
843,0.0027267771526976476,2.5395069487715028e-06,0.61073523699999999,0.019479130796355142,2.0848977662625432e-05,0,0,0.017576043218851114,6.9394104898684919e-05,0,0,0.0072555615269624344,3.1365272899216516e-06,0,0
844,0.016111888004997715,0.00019769912141396652,0.61085397500000005,0.019479130796355142,2.0848977662625432e-05,0,0,0.017576043218851114,6.9394104898684919e-05,0,0,0.13810176934126006,0.002002016474771101,0.0020897457832725727,7.133946667246938e-07
845,0.033965196047272918,0.006310566836355975,0.46586419000000001,0.019479130796355142,2.0848977662625432e-05,0,0,0.017576043218851114,6.9394104898684919e-05,0,0,0.13810176934126006,0.002002016474771101,0.23835386535479269,0.017767155452867944
846,0.0069723124891213732,0.00026391919602705553,0.30640534200000002,0.019479130796355142,2.0848977662625432e-05,0,0,0.017576043218851114,6.9394104898684919e-05,0.029349513899250026,0.00011093713019455803,0,0,0,0
847,0.0069723124891213732,0.00026391919602705553,0.33934356900000001,0.019479130796355142,2.0848977662625432e-05,0,0,0.017576043218851114,6.9394104898684919e-05,0.029349513899250026,0.00011093713019455803,0,0,0.066925301383199784,0.0010976716341893321
848,0.0079671899371832576,0.00026985053177764311,0.33727515400000002,0.019479130796355142,2.0848977662625432e-05,0,0,0.017576043218851114,6.9394104898684919e-05,0.029349513899250026,0.00011093713019455803,0.019542957487582578,2.1920897010672351e-05,0.0094673376615136643,1.5803755559712259e-05
849,0.0020113363044406024,2.2351069923112863e-06,0.33240699200000001,0.019479130796355142,2.0848977662625432e-05,0,0,0.033822280134755418,0.00028442848457030151,0,0,0,0,0.0046713869740736399,3.5621158608966306e-06
850,0.0039454609198400874,4.3537804581636609e-06,0.32856165300000001,0.019479130796355142,2.0848977662625432e-05,0,0,0.033822280134755418,0.00028442848457030151,0,0,0.019542957487582578,2.1920897010672351e-05,0.035299224261615122,0.00027203686528506433
851,0.026431526497350782,0.00079349624052825517,0.36634263900000003,0.019479130796355142,2.0848977662625432e-05,0,0,0.033822280134755418,0.00028442848457030151,0,0,0.23639565188982414,0.008090160902531382,0.035299224261615122,0.00027203686528506433
852,0.026431526497350782,0.00079349624052825517,0.30606813999999999,0.019479130796355142,2.0848977662625432e-05,0,0,0.033822280134755418,0.00028442848457030151,0,0,0.23639565188982414,0.008090160902531382,0.12482140519422169,0.0043929082768954294
853,0.018935876188542557,0.0011261604429424572,0.361858128,0.019479130796355142,2.0848977662625432e-05,0,0,0.033822280134755418,0.00028442848457030151,0.099015042046594087,0.0018951229601319186,0,0,0.0020897457832725727,7.133946667246938e-07
854,0.018935876188542557,0.0011261604429424572,0.30477757999999999,0.019479130796355142,2.0848977662625432e-05,0,0,0.033822280134755418,0.00028442848457030151,0.099015042046594087,0.0018951229601319186,0,0,0.018436560699085457,6.6669330534709393e-05
855,0.01956743492865139,0.0011450660047617584,0.32035170099999999,0.019479130796355142,2.0848977662625432e-05,0,0,0.033822280134755418,0.00028442848457030151,0.099015042046594087,0.0018951229601319186,0.019542957487582578,2.1920897010672351e-05,0.0046713869740736399,3.5621158608966306e-06
856,0.020463019738787867,0.0011737191392866035,0.46603153200000003,0.019479130796355142,2.0848977662625432e-05,0,0,0.033822280134755418,0.00028442848457030151,0.099015042046594087,0.0018951229601319186,0.041005308662877701,0.00010943307334319948,0,0
857,0.026431526497350782,0.00079349624052825517,0.61525728700000004,0.019479130796355142,2.0848977662625432e-05,0,0,0.064301081919963615,0.0011434775053933504,0,0,0.23639565188982414,0.008090160902531382,0,0
858,0.0023546974849678092,1.6447077437283592e-05,0.589763017,0.019479130796355142,2.0848977662625432e-05,0,0,0.064301081919963615,0.0011434775053933504,0.0025776564298912751,7.178637923836913e-07,0,0,0.00073691275757772434,1.017642263681214e-07
859,0.0041447426553930106,1.8800829906687903e-05,0.30601366800000002,0.019479130796355142,2.0848977662625432e-05,0,0,0.064301081919963615,0.0011434775053933504,0.0025776564298912751,7.178637923836913e-07,0.019542957487582578,2.1920897010672351e-05,0.0046713869740736399,3.5621158608966306e-06
860,0.016267141779251797,0.00021469244203529961,0.33315118100000002,0.019479130796355142,2.0848977662625432e-05,0,0,0.064301081919963615,0.0011434775053933504,0.0025776564298912751,7.178637923836913e-07,0.13810176934126006,0.002002016474771101,0.0046713869740736399,3.5621158608966306e-06
861,0.026587145851844716,0.0008133916403815412,0.36269234,0.019479130796355142,2.0848977662625432e-05,0,0,0.064301081919963615,0.0011434775053933504,0.0025776564298912751,7.178637923836913e-07,0.23639565188982414,0.008090160902531382,0.0020897457832725727,7.133946667246938e-07
862,0.0027267771526976476,2.5395069487715028e-06,0.30785617199999998,0.019479130796355142,2.0848977662625432e-05,0,0,0.12074096984968002,0.0045738414776371689,0,0,0.0072555615269624344,3.1365272899216516e-06,0,0
863,0.0039454609198400874,4.3537804581636609e-06,0.58881220899999998,0.019479130796355142,2.0848977662625432e-05,0,0,0.12074096984968002,0.0045738414776371689,0,0,0.019542957487582578,2.1920897010672351e-05,0.12482140519422169,0.0043929082768954294
864,0.021798768962115772,0.0061172214954001722,0.40687453000000001,0.019479130796355142,2.0848977662625432e-05,0,0,0.12074096984968002,0.0045738414776371689,0,0,0.019542957487582578,2.1920897010672351e-05,0.23835386535479269,0.017767155452867944
865,0.026431526497350782,0.00079349624052825517,0.37923010200000001,0.019479130796355142,2.0848977662625432e-05,0,0,0.12074096984968002,0.0045738414776371689,0,0,0.23639565188982414,0.008090160902531382,0.12482140519422169,0.0043929082768954294
866,0.0044621583451104254,0.00011998780526019986,0.34445148799999997,0.019479130796355142,2.0848977662625432e-05,0,0,0.12074096984968002,0.0045738414776371689,0.014981183407215215,2.5095647377126372e-05,0,0,0,0
867,0.0074642198485743621,0.00013349155651107216,0.46178896899999999,0.019479130796355142,2.0848977662625432e-05,0,0,0.12074096984968002,0.0045738414776371689,0.014981183407215215,2.5095647377126372e-05,0.041005308662877701,0.00010943307334319948,0.018436560699085457,6.6669330534709393e-05
868,0.04588266658025341,0.021160746855389545,0.30666898199999998,0.019479130796355142,2.0848977662625432e-05,0,0,0.2422388505978256,0.018789844584028239,0,0,0,0,0.0046713869740736399,3.5621158608966306e-06
869,0.04588266658025341,0.021160746855389545,0.33640194899999998,0.019479130796355142,2.0848977662625432e-05,0,0,0.2422388505978256,0.018789844584028239,0,0,0,0,0.12482140519422169,0.0043929082768954294
870,0.046592422618826332,0.021133629486089787,0.43352221299999999,0.019479130796355142,2.0848977662625432e-05,0,0,0.2422388505978256,0.018789844584028239,0.0025776564298912751,7.178637923836913e-07,0.019542957487582578,2.1920897010672351e-05,0,0
871,0.049670976054938962,0.021089777880761496,0.30634114299999998,0.019479130796355142,2.0848977662625432e-05,0,0,0.2422388505978256,0.018789844584028239,0.0025776564298912751,7.178637923836913e-07,0.077646384166351154,0.00048192924222406397,0,0
872,0.049670976054938962,0.021089777880761496,0.30827182400000003,0.019479130796355142,2.0848977662625432e-05,0,0,0.2422388505978256,0.018789844584028239,0.0025776564298912751,7.178637923836913e-07,0.077646384166351154,0.00048192924222406397,0.035299224261615122,0.00027203686528506433
873,0.06125705656814933,0.02140036640110653,0.39116800600000001,0.019479130796355142,2.0848977662625432e-05,0,0,0.2422388505978256,0.018789844584028239,0.0025776564298912751,7.178637923836913e-07,0.23639565188982414,0.008090160902531382,0.035299224261615122,0.00027203686528506433
874,0.0028673627181982054,4.049280766429317e-05,0.30736226999999999,0.019479130796355142,2.0848977662625432e-05,0.0070538581727384439,2.9911722163954058e-06,0,0,0,0,0,0,0,0
875,0.0035828035664553027,4.0797207620753383e-05,0.37698938399999998,0.019479130796355142,2.0848977662625432e-05,0.0070538581727384439,2.9911722163954058e-06,0,0,0,0,0.0072555615269624344,3.1365272899216516e-06,0.0046713869740736399,3.5621158608966306e-06
876,0.016967914418756676,0.00023595682208594839,0.42152455500000002,0.019479130796355142,2.0848977662625432e-05,0.0070538581727384439,2.9911722163954058e-06,0,0,0,0,0.13810176934126006,0.002002016474771101,0.066925301383199784,0.0010976716341893321
877,0.027287552911110721,0.00083175394120023707,0.30544115300000002,0.019479130796355142,2.0848977662625432e-05,0.0070538581727384439,2.9911722163954058e-06,0,0,0,0,0.23639565188982414,0.008090160902531382,0.0020897457832725727,7.133946667246938e-07
878,0.027287552911110721,0.00083175394120023707,0.42740744800000002,0.019479130796355142,2.0848977662625432e-05,0.0070538581727384439,2.9911722163954058e-06,0,0,0,0,0.23639565188982414,0.008090160902531382,0.035299224261615122,0.00027203686528506433
879,0.0032025239671139359,5.263040290477301e-05,0.30746303400000002,0.019479130796355142,2.0848977662625432e-05,0.0070538581727384439,2.9911722163954058e-06,0,0,0.0025776564298912751,7.178637923836913e-07,0,0,0,0
880,0.0049925691375396581,5.4984155374177317e-05,0.36033120800000001,0.019479130796355142,2.0848977662625432e-05,0.0070538581727384439,2.9911722163954058e-06,0,0,0.0025776564298912751,7.178637923836913e-07,0.019542957487582578,2.1920897010672351e-05,0.12482140519422169,0.0043929082768954294
881,0.0038842230605045953,8.3678359107447684e-05,0.391849059,0.019479130796355142,2.0848977662625432e-05,0.0070538581727384439,2.9911722163954058e-06,0,0,0.0070568641369427197,5.0167964149023017e-06,0,0,0.018436560699085457,6.6669330534709393e-05
882,0.005405536154392758,8.6318351813597348e-05,0.33843635500000002,0.019479130796355142,2.0848977662625432e-05,0.0070538581727384439,2.9911722163954058e-06,0,0,0.0070568641369427197,5.0167964149023017e-06,0.019542957487582578,2.1920897010672351e-05,0.0046713869740736399,3.5621158608966306e-06
883,0.0074840096742556554,9.5852017043087214e-05,0.61239321099999999,0.019479130796355142,2.0848977662625432e-05,0.0070538581727384439,2.9911722163954058e-06,0,0,0.0070568641369427197,5.0167964149023017e-06,0.041005308662877701,0.00010943307334319948,0.018436560699085457,6.6669330534709393e-05
884,0.027702863552820877,0.00089244985672544798,0.61345130999999997,0.019479130796355142,2.0848977662625432e-05,0.0070538581727384439,2.9911722163954058e-06,0,0,0.0070568641369427197,5.0167964149023017e-06,0.23639565188982414,0.008090160902531382,0,0
885,0.0053037935505420974,0.0001551436994077042,0.61013650900000005,0.019479130796355142,2.0848977662625432e-05,0.0070538581727384439,2.9911722163954058e-06,0,0,0.014981183407215215,2.5095647377126372e-05,0,0,0.00073691275757772434,1.017642263681214e-07
886,0.0053037935505420974,0.0001551436994077042,0.60964389699999999,0.019479130796355142,2.0848977662625432e-05,0.0070538581727384439,2.9911722163954058e-06,0,0,0.014981183407215215,2.5095647377126372e-05,0,0,0.066925301383199784,0.0010976716341893321
887,0.017855792305055743,0.00036527327240123904,0.61372099800000002,0.019479130796355142,2.0848977662625432e-05,0.0070538581727384439,2.9911722163954058e-06,0,0,0.014981183407215215,2.5095647377126372e-05,0.13810176934126006,0.002002016474771101,0.066925301383199784,0.0010976716341893321
888,0.028175940800637313,0.0009813824181956162,0.61173062700000003,0.019479130796355142,2.0848977662625432e-05,0.0070538581727384439,2.9911722163954058e-06,0,0,0.014981183407215215,2.5095647377126372e-05,0.23639565188982414,0.008090160902531382,0.035299224261615122,0.00027203686528506433
889,0.012249655931836016,0.00056323168577837731,0.36859723799999999,0.019479130796355142,2.0848977662625432e-05,0.0070538581727384439,2.9911722163954058e-06,0,0,0.054808110924766583,0.00046335850843711145,0,0,0.0020897457832725727,7.133946667246938e-07
890,0.014161119547451658,0.0005918021585230521,0.37727002599999998,0.019479130796355142,2.0848977662625432e-05,0.0070538581727384439,2.9911722163954058e-06,0,0,0.054808110924766583,0.00046335850843711145,0.041005308662877701,0.00010943307334319948,0.018436560699085457,6.6669330534709393e-05
891,0.034944404797347478,0.0021280579922853152,0.30502799600000002,0.019479130796355142,2.0848977662625432e-05,0.0070538581727384439,2.9911722163954058e-06,0,0,0.099015042046594087,0.0018951229601319186,0.23639565188982414,0.008090160902531382,0.0020897457832725727,7.133946667246938e-07
892,0.0318195555135002,0.0025022832263983915,0.30436462800000003,0.019479130796355142,2.0848977662625432e-05,0.0070538581727384439,2.9911722163954058e-06,0,0,0.17323221681704717,0.0075662290638639019,0,0,0.018436560699085457,6.6669330534709393e-05
893,0.0318195555135002,0.0025022832263983915,0.30638212599999998,0.019479130796355142,2.0848977662625432e-05,0.0070538581727384439,2.9911722163954058e-06,0,0,0.17323221681704717,0.0075662290638639019,0,0,0.066925301383199784,0.0010976716341893321
894,0.047556688550845418,0.00670682056096643,0.30372823900000001,0.019479130796355142,2.0848977662625432e-05,0.0070538581727384439,2.9911722163954058e-06,0,0,0.17323221681704717,0.0075662290638639019,0.13810176934126006,0.002002016474771101,0.23835386535479269,0.017767155452867944
895,0.0028673627181982054,4.049280766429317e-05,0.31137532899999998,0.019479130796355142,2.0848977662625432e-05,0.0070538581727384439,2.9911722163954058e-06,0.00071998620962972519,1.0668702470797522e-07,0,0,0,0,0.00073691275757772434,1.017642263681214e-07
896,0.0048014873335982438,4.261148113014554e-05,0.30401498599999999,0.019479130796355142,2.0848977662625432e-05,0.0070538581727384439,2.9911722163954058e-06,0.00071998620962972519,1.0668702470797522e-07,0,0,0.019542957487582578,2.1920897010672351e-05,0.0046713869740736399,3.5621158608966306e-06
897,0.027287552911110721,0.00083175394120023707,0.349409513,0.019479130796355142,2.0848977662625432e-05,0.0070538581727384439,2.9911722163954058e-06,0.00071998620962972519,1.0668702470797522e-07,0,0,0.23639565188982414,0.008090160902531382,0,0
898,0.0032025239671139359,5.263040290477301e-05,0.304787643,0.019479130796355142,2.0848977662625432e-05,0.0070538581727384439,2.9911722163954058e-06,0.00071998620962972519,1.0668702470797522e-07,0.0025776564298912751,7.178637923836913e-07,0,0,0.0046713869740736399,3.5621158608966306e-06
899,0.020836552186939104,0.0060910835166175644,0.386689903,0.019479130796355142,2.0848977662625432e-05,0.0070538581727384439,2.9911722163954058e-06,0.00071998620962972519,1.0668702470797522e-07,0.0025776564298912751,7.178637923836913e-07,0,0,0.23835386535479269,0.017767155452867944
900,0.0038044940748756823,5.2982340050307366e-05,0.30659818500000002,0.019479130796355142,2.0848977662625432e-05,0.0070538581727384439,2.9911722163954058e-06,0.00071998620962972519,1.0668702470797522e-07,0.0025776564298912751,7.178637923836913e-07,0.0072555615269624344,3.1365272899216516e-06,0,0
901,0.010834952054809962,0.00010067136373583305,0.37928883800000002,0.019479130796355142,2.0848977662625432e-05,0.0070538581727384439,2.9911722163954058e-06,0.00071998620962972519,1.0668702470797522e-07,0.0025776564298912751,7.178637923836913e-07,0.077646384166351154,0.00048192924222406397,0.035299224261615122,0.00027203686528506433
902,0.050445960278174579,0.0064117160999261312,0.30634011700000002,0.019479130796355142,2.0848977662625432e-05,0.0070538581727384439,2.9911722163954058e-06,0.00071998620962972519,1.0668702470797522e-07,0.29432736935424308,0.029782257606169423,0,0,0,0
903,0.0028673627181982054,4.049280766429317e-05,0.30497740899999998,0.019479130796355142,2.0848977662625432e-05,0.0070538581727384439,2.9911722163954058e-06,0.0019913003314104079,7.4466870783374176e-07,0,0,0,0,0.035299224261615122,0.00027203686528506433
904,0.0048014873335982438,4.261148113014554e-05,0.35604482799999998,0.019479130796355142,2.0848977662625432e-05,0.0070538581727384439,2.9911722163954058e-06,0.0019913003314104079,7.4466870783374176e-07,0,0,0.019542957487582578,2.1920897010672351e-05,0.0046713869740736399,3.5621158608966306e-06
905,0.034654499970859065,0.0062915374842994008,0.30503696299999999,0.019479130796355142,2.0848977662625432e-05,0.0070538581727384439,2.9911722163954058e-06,0.0019913003314104079,7.4466870783374176e-07,0,0,0.13810176934126006,0.002002016474771101,0.23835386535479269,0.017767155452867944
906,0.0028673627181982054,4.049280766429317e-05,0.30912642000000001,0.019479130796355142,2.0848977662625432e-05,0.0070538581727384439,2.9911722163954058e-06,0.004391030021690891,3.7296579112788589e-06,0,0,0,0,0.066925301383199784,0.0010976716341893321
907,0.0069726856809472848,5.1084832023527184e-05,0.30435804599999999,0.019479130796355142,2.0848977662625432e-05,0.0070538581727384439,2.9911722163954058e-06,0.004391030021690891,3.7296579112788589e-06,0,0,0.041005308662877701,0.00010943307334319948,0.018436560699085457,6.6669330534709393e-05
908,0.034654499970859065,0.0062915374842994008,0.30457706000000001,0.019479130796355142,2.0848977662625432e-05,0.0070538581727384439,2.9911722163954058e-06,0.004391030021690891,3.7296579112788589e-06,0,0,0.13810176934126006,0.002002016474771101,0.23835386535479269,0.017767155452867944
909,0.027287552911110721,0.00083175394120023707,0.42960868099999999,0.019479130796355142,2.0848977662625432e-05,0.0070538581727384439,2.9911722163954058e-06,0.004391030021690891,3.7296579112788589e-06,0,0,0.23639565188982414,0.008090160902531382,0.035299224261615122,0.00027203686528506433
910,0.0028673627181982054,4.049280766429317e-05,0.30545405799999997,0.019479130796355142,2.0848977662625432e-05,0.0070538581727384439,2.9911722163954058e-06,0.0089799454227389077,1.6589615174066303e-05,0,0,0,0,0,0
911,0.0028673627181982054,4.049280766429317e-05,0.31609717599999998,0.019479130796355142,2.0848977662625432e-05,0.0070538581727384439,2.9911722163954058e-06,0.0089799454227389077,1.6589615174066303e-05,0,0,0,0,0.035299224261615122,0.00027203686528506433
912,0.020553948270301384,0.0060960734698777457,0.30442883100000001,0.019479130796355142,2.0848977662625432e-05,0.0070538581727384439,2.9911722163954058e-06,0.0089799454227389077,1.6589615174066303e-05,0,0,0,0,0.23835386535479269,0.017767155452867944
913,0.0069726856809472848,5.1084832023527184e-05,0.355927296,0.019479130796355142,2.0848977662625432e-05,0.0070538581727384439,2.9911722163954058e-06,0.0089799454227389077,1.6589615174066303e-05,0,0,0.041005308662877701,0.00010943307334319948,0,0
914,0.0069726856809472848,5.1084832023527184e-05,0.33859191999999999,0.019479130796355142,2.0848977662625432e-05,0.0070538581727384439,2.9911722163954058e-06,0.0089799454227389077,1.6589615174066303e-05,0,0,0.041005308662877701,0.00010943307334319948,0.018436560699085457,6.6669330534709393e-05
915,0.016967914418756676,0.00023595682208594839,0.45197252799999998,0.019479130796355142,2.0848977662625432e-05,0.0070538581727384439,2.9911722163954058e-06,0.0089799454227389077,1.6589615174066303e-05,0,0,0.13810176934126006,0.002002016474771101,0.0020897457832725727,7.133946667246938e-07
916,0.0048014873335982438,4.261148113014554e-05,0.37906598499999999,0.019479130796355142,2.0848977662625432e-05,0.0070538581727384439,2.9911722163954058e-06,0.017576043218851114,6.9394104898684919e-05,0,0,0.019542957487582578,2.1920897010672351e-05,0.12482140519422169,0.0043929082768954294
917,0.0081675644246550702,0.00030426793065674307,0.30821395400000001,0.019479130796355142,2.0848977662625432e-05,0.0070538581727384439,2.9911722163954058e-06,0.017576043218851114,6.9394104898684919e-05,0.029349513899250026,0.00011093713019455803,0.0072555615269624344,3.1365272899216516e-06,0.0094673376615136643,1.5803755559712259e-05
918,0.0088234286648774113,0.0003085140463927473,0.43033308799999997,0.019479130796355142,2.0848977662625432e-05,0.0070538581727384439,2.9911722163954058e-06,0.017576043218851114,6.9394104898684919e-05,0.029349513899250026,0.00011093713019455803,0.019542957487582578,2.1920897010672351e-05,0.0046713869740736399,3.5621158608966306e-06
919,0.025448006264593995,0.0060065364731472469,0.30274498900000002,0.019479130796355142,2.0848977662625432e-05,0.0070538581727384439,2.9911722163954058e-06,0.017576043218851114,6.9394104898684919e-05,0.029349513899250026,0.00011093713019455803,0.019542957487582578,2.1920897010672351e-05,0.23835386535479269,0.017767155452867944
920,0.013244674720218765,0.00036228340637849485,0.418069886,0.019479130796355142,2.0848977662625432e-05,0.0070538581727384439,2.9911722163954058e-06,0.017576043218851114,6.9394104898684919e-05,0.029349513899250026,0.00011093713019455803,0.077646384166351154,0.00048192924222406397,0.035299224261615122,0.00027203686528506433
921,0.0028673627181982054,4.049280766429317e-05,0.30368763199999999,0.019479130796355142,2.0848977662625432e-05,0.0070538581727384439,2.9911722163954058e-06,0.033822280134755418,0.00028442848457030151,0,0,0,0,0,0
922,0.0028673627181982054,4.049280766429317e-05,0.31936467099999999,0.019479130796355142,2.0848977662625432e-05,0.0070538581727384439,2.9911722163954058e-06,0.033822280134755418,0.00028442848457030151,0,0,0,0,0.066925301383199784,0.0010976716341893321
923,0.019979920040964869,0.0011583113034057263,0.35408288100000002,0.019479130796355142,2.0848977662625432e-05,0.0070538581727384439,2.9911722163954058e-06,0.033822280134755418,0.00028442848457030151,0.099015042046594087,0.0018951229601319186,0.0072555615269624344,3.1365272899216516e-06,0,0
924,0.0028673627181982054,4.049280766429317e-05,0.42118846100000001,0.019479130796355142,2.0848977662625432e-05,0.0070538581727384439,2.9911722163954058e-06,0.064301081919963615,0.0011434775053933504,0,0,0,0,0,0
925,0.010696976082881693,8.7309631565406174e-05,0.30641716400000002,0.019479130796355142,2.0848977662625432e-05,0.0070538581727384439,2.9911722163954058e-06,0.064301081919963615,0.0011434775053933504,0,0,0.077646384166351154,0.00048192924222406397,0.035299224261615122,0.00027203686528506433
926,0.02838356163499137,0.0061428902937788587,0.32430315799999998,0.019479130796355142,2.0848977662625432e-05,0.0070538581727384439,2.9911722163954058e-06,0.064301081919963615,0.0011434775053933504,0,0,0.077646384166351154,0.00048192924222406397,0.23835386535479269,0.017767155452867944
927,0.0038044940748756823,5.2982340050307366e-05,0.307894573,0.019479130796355142,2.0848977662625432e-05,0.0070538581727384439,2.9911722163954058e-06,0.064301081919963615,0.0011434775053933504,0.0025776564298912751,7.178637923836913e-07,0.0072555615269624344,3.1365272899216516e-06,0.0094673376615136643,1.5803755559712259e-05
928,0.0028673627181982054,4.049280766429317e-05,0.303740807,0.019479130796355142,2.0848977662625432e-05,0.0070538581727384439,2.9911722163954058e-06,0.12074096984968002,0.0045738414776371689,0,0,0,0,0.0046713869740736399,3.5621158608966306e-06
929,0.0035828035664553027,4.0797207620753383e-05,0.38434971099999998,0.019479130796355142,2.0848977662625432e-05,0.0070538581727384439,2.9911722163954058e-06,0.12074096984968002,0.0045738414776371689,0,0,0.0072555615269624344,3.1365272899216516e-06,0.0094673376615136643,1.5803755559712259e-05
930,0.0048014873335982438,4.261148113014554e-05,0.41150345999999999,0.019479130796355142,2.0848977662625432e-05,0.0070538581727384439,2.9911722163954058e-06,0.12074096984968002,0.0045738414776371689,0,0,0.019542957487582578,2.1920897010672351e-05,0.12482140519422169,0.0043929082768954294
931,0.016967914418756676,0.00023595682208594839,0.31477064599999999,0.019479130796355142,2.0848977662625432e-05,0.0070538581727384439,2.9911722163954058e-06,0.12074096984968002,0.0045738414776371689,0,0,0.13810176934126006,0.002002016474771101,0.0020897457832725727,7.133946667246938e-07
932,0.0053037935505420974,0.0001551436994077042,0.31952541699999998,0.019479130796355142,2.0848977662625432e-05,0.0070538581727384439,2.9911722163954058e-06,0.12074096984968002,0.0045738414776371689,0.014981183407215215,2.5095647377126372e-05,0,0,0.12482140519422169,0.0043929082768954294
933,0.046643510013908429,0.021172991127874224,0.30714118600000001,0.019479130796355142,2.0848977662625432e-05,0.0070538581727384439,2.9911722163954058e-06,0.2422388505978256,0.018789844584028239,0,0,0,0,0.018436560699085457,6.6669330534709393e-05
934,0.061944748827145873,0.02141632890335847,0.33132595399999998,0.019479130796355142,2.0848977662625432e-05,0.0070538581727384439,2.9911722163954058e-06,0.2422388505978256,0.018789844584028239,0,0,0.23639565188982414,0.008090160902531382,0.035299224261615122,0.00027203686528506433
935,0.046638541232731465,0.02116421209330303,0.48111984299999999,0.019479130796355142,2.0848977662625432e-05,0.0070538581727384439,2.9911722163954058e-06,0.2422388505978256,0.018789844584028239,0.0025776564298912751,7.178637923836913e-07,0,0,0.0020897457832725727,7.133946667246938e-07
936,0.0043468468653810096,9.856435238470784e-05,0.30723381,0.019479130796355142,2.0848977662625432e-05,0.019523749686017854,2.0955279582831375e-05,0,0,0,0,0,0,0,0
937,0.0043468468653810096,9.856435238470784e-05,0.43484234500000002,0.019479130796355142,2.0848977662625432e-05,0.019523749686017854,2.0955279582831375e-05,0,0,0,0,0,0,0.0020897457832725727,7.133946667246938e-07
938,0.023714683873639484,0.0060723608258419822,0.31904421799999999,0.019479130796355142,2.0848977662625432e-05,0.019523749686017854,2.0955279582831375e-05,0,0,0,0,0.019542957487582578,2.1920897010672351e-05,0.23835386535479269,0.017767155452867944
939,0.028767037058293841,0.00088982548592065171,0.39825996400000002,0.019479130796355142,2.0848977662625432e-05,0.019523749686017854,2.0955279582831375e-05,0,0,0,0,0.23639565188982414,0.008090160902531382,0.00073691275757772434,1.017642263681214e-07
940,0.028767037058293841,0.00088982548592065171,0.39838962999999999,0.019479130796355142,2.0848977662625432e-05,0.019523749686017854,2.0955279582831375e-05,0,0,0,0,0.23639565188982414,0.008090160902531382,0.035299224261615122,0.00027203686528506433
941,0.0046891482028507065,0.00011299670816116263,0.30468653499999998,0.019479130796355142,2.0848977662625432e-05,0.019523749686017854,2.0955279582831375e-05,0,0,0.0025776564298912751,7.178637923836913e-07,0,0,0.00073691275757772434,1.017642263681214e-07
942,0.022062260988374192,0.0060647511429234241,0.39760426300000001,0.019479130796355142,2.0848977662625432e-05,0.019523749686017854,2.0955279582831375e-05,0,0,0.0025776564298912751,7.178637923836913e-07,0,0,0.23835386535479269,0.017767155452867944
943,0.0052911183106126112,0.00011334864530669698,0.37587800999999998,0.019479130796355142,2.0848977662625432e-05,0.019523749686017854,2.0955279582831375e-05,0,0,0.0025776564298912751,7.178637923836913e-07,0.0072555615269624344,3.1365272899216516e-06,0,0
944,0.005373694939864098,0.00014446462886615017,0.30477133299999998,0.019479130796355142,2.0848977662625432e-05,0.019523749686017854,2.0955279582831375e-05,0,0,0.0070568641369427197,5.0167964149023017e-06,0,0,0.00073691275757772434,1.017642263681214e-07
945,0.005373694939864098,0.00014446462886615017,0.31158675699999999,0.019479130796355142,2.0848977662625432e-05,0.019523749686017854,2.0955279582831375e-05,0,0,0.0070568641369427197,5.0167964149023017e-06,0,0,0.018436560699085457,6.6669330534709393e-05
946,0.0089734815536131208,0.00015663828680178971,0.310719042,0.019479130796355142,2.0848977662625432e-05,0.019523749686017854,2.0955279582831375e-05,0,0,0.0070568641369427197,5.0167964149023017e-06,0.041005308662877701,0.00010943307334319948,0,0
947,0.0067877122753721786,0.00021276914108416095,0.30661226600000002,0.019479130796355142,2.0848977662625432e-05,0.019523749686017854,2.0955279582831375e-05,0,0,0.014981183407215215,2.5095647377126372e-05,0,0,0,0
948,0.0071725245238490627,0.00021367069858837368,0.30829519100000002,0.019479130796355142,2.0848977662625432e-05,0.019523749686017854,2.0955279582831375e-05,0,0,0.014981183407215215,2.5095647377126372e-05,0.0072555615269624344,3.1365272899216516e-06,0,0
949,0.019339711029886898,0.00042289871407769579,0.52690819700000002,0.019479130796355142,2.0848977662625432e-05,0.019523749686017854,2.0955279582831375e-05,0,0,0.014981183407215215,2.5095647377126372e-05,0.13810176934126006,0.002002016474771101,0,0
950,0.0093112491266777783,0.00035881631200644138,0.48930166400000003,0.019479130796355142,2.0848977662625432e-05,0.019523749686017854,2.0955279582831375e-05,0,0,0.029349513899250026,0.00011093713019455803,0,0,0.0046713869740736399,3.5621158608966306e-06
951,0.0096502623345168619,0.00036050153202102467,0.309131763,0.019479130796355142,2.0848977662625432e-05,0.019523749686017854,2.0955279582831375e-05,0,0,0.029349513899250026,0.00011093713019455803,0.0072555615269624344,3.1365272899216516e-06,0.0094673376615136643,1.5803755559712259e-05
952,0.014727372630082301,0.00041851700774277645,0.34777682799999998,0.019479130796355142,2.0848977662625432e-05,0.019523749686017854,2.0955279582831375e-05,0,0,0.029349513899250026,0.00011093713019455803,0.077646384166351154,0.00048192924222406397,0.035299224261615122,0.00027203686528506433
953,0.013738717029525534,0.00062277156085387695,0.61251559600000005,0.019479130796355142,2.0848977662625432e-05,0.019523749686017854,2.0955279582831375e-05,0,0,0.054808110924766583,0.00046335850843711145,0,0,0,0
954,0.029858099121531805,0.0058903909643854115,0.611262478,0.019479130796355142,2.0848977662625432e-05,0.019523749686017854,2.0955279582831375e-05,0,0,0.054808110924766583,0.00046335850843711145,0.019542957487582578,2.1920897010672351e-05,0.23835386535479269,0.017767155452867944
955,0.018114766797769261,0.0007012189924541605,0.61211121199999996,0.019479130796355142,2.0848977662625432e-05,0.019523749686017854,2.0955279582831375e-05,0,0,0.054808110924766583,0.00046335850843711145,0.077646384166351154,0.00048192924222406397,0,0
956,0.02444864444989326,0.0013148388346793367,0.61697655399999995,0.019479130796355142,2.0848977662625432e-05,0.019523749686017854,2.0955279582831375e-05,0,0,0.099015042046594087,0.0018951229601319186,0.077646384166351154,0.00048192924222406397,0.035299224261615122,0.00027203686528506433
957,0.034343022262844775,0.0026184395776682459,0.61337301300000002,0.019479130796355142,2.0848977662625432e-05,0.019523749686017854,2.0955279582831375e-05,0,0,0.17323221681704717,0.0075662290638639019,0.041005308662877701,0.00010943307334319948,0.018436560699085457,6.6669330534709393e-05
958,0.048785038400969052,0.0066825403540974248,0.60831476200000001,0.019479130796355142,2.0848977662625432e-05,0.019523749686017854,2.0955279582831375e-05,0,0,0.17323221681704717,0.0075662290638639019,0.13810176934126006,0.002002016474771101,0.23835386535479269,0.017767155452867944
959,0.05186670151536639,0.0064500643622019769,0.61237255199999996,0.019479130796355142,2.0848977662625432e-05,0.019523749686017854,2.0955279582831375e-05,0,0,0.29432736935424308,0.029782257606169423,0,0,0.066925301383199784,0.0010976716341893321
960,0.052007134199503008,0.0064719570744796277,0.61260929500000005,0.019479130796355142,2.0848977662625432e-05,0.019523749686017854,2.0955279582831375e-05,0,0,0.29432736935424308,0.029782257606169423,0.0072555615269624344,3.1365272899216516e-06,0,0
961,0.0043468468653810096,9.856435238470784e-05,0.61268395200000003,0.019479130796355142,2.0848977662625432e-05,0.019523749686017854,2.0955279582831375e-05,0.00071998620962972519,1.0668702470797522e-07,0,0,0,0,0.0094673376615136643,1.5803755559712259e-05
962,0.022062260988374192,0.0060647511429234241,0.61118465300000002,0.019479130796355142,2.0848977662625432e-05,0.019523749686017854,2.0955279582831375e-05,0.00071998620962972519,1.0668702470797522e-07,0.0025776564298912751,7.178637923836913e-07,0,0,0.23835386535479269,0.017767155452867944
963,0.023852306158801347,0.0060671048953928287,0.61155756800000005,0.019479130796355142,2.0848977662625432e-05,0.019523749686017854,2.0955279582831375e-05,0.00071998620962972519,1.0668702470797522e-07,0.0025776564298912751,7.178637923836913e-07,0.019542957487582578,2.1920897010672351e-05,0.23835386535479269,0.017767155452867944
964,0.055285482140379219,0.0070629965642737737,0.454368624,0.019479130796355142,2.0848977662625432e-05,0.019523749686017854,2.0955279582831375e-05,0.00071998620962972519,1.0668702470797522e-07,0.29432736935424308,0.029782257606169423,0.13810176934126006,0.002002016474771101,0.0046713869740736399,3.5621158608966306e-06
965,0.012176460230063066,0.00014538117628582083,0.33823444600000002,0.019479130796355142,2.0848977662625432e-05,0.019523749686017854,2.0955279582831375e-05,0.0019913003314104079,7.4466870783374176e-07,0,0,0.077646384166351154,0.00048192924222406397,0,0
966,0.03588111095879392,0.006265706166797785,0.32597446200000002,0.019479130796355142,2.0848977662625432e-05,0.019523749686017854,2.0955279582831375e-05,0.0019913003314104079,7.4466870783374176e-07,0,0,0.13810176934126006,0.002002016474771101,0.23835386535479269,0.017767155452867944
967,0.028767037058293841,0.00088982548592065171,0.58161656500000003,0.019479130796355142,2.0848977662625432e-05,0.019523749686017854,2.0955279582831375e-05,0.0019913003314104079,7.4466870783374176e-07,0,0,0.23639565188982414,0.008090160902531382,0,0
968,0.028767037058293841,0.00088982548592065171,0.30721929799999997,0.019479130796355142,2.0848977662625432e-05,0.019523749686017854,2.0955279582831375e-05,0.0019913003314104079,7.4466870783374176e-07,0,0,0.23639565188982414,0.008090160902531382,0.035299224261615122,0.00027203686528506433
969,0.0093112491266777783,0.00035881631200644138,0.30673003199999999,0.019479130796355142,2.0848977662625432e-05,0.019523749686017854,2.0955279582831375e-05,0.0019913003314104079,7.4466870783374176e-07,0.029349513899250026,0.00011093713019455803,0,0,0.12482140519422169,0.0043929082768954294
970,0.03588111095879392,0.006265706166797785,0.40534830700000002,0.019479130796355142,2.0848977662625432e-05,0.019523749686017854,2.0955279582831375e-05,0.004391030021690891,3.7296579112788589e-06,0,0,0.13810176934126006,0.002002016474771101,0.23835386535479269,0.017767155452867944
971,0.021780559258237513,0.0060702421523761299,0.30596741199999999,0.019479130796355142,2.0848977662625432e-05,0.019523749686017854,2.0955279582831375e-05,0.0089799454227389077,1.6589615174066303e-05,0,0,0,0,0.23835386535479269,0.017767155452867944
972,0.018447398565940454,0.00029402836680636306,0.49774394700000002,0.019479130796355142,2.0848977662625432e-05,0.019523749686017854,2.0955279582831375e-05,0.017576043218851114,6.9394104898684919e-05,0,0,0.13810176934126006,0.002002016474771101,0,0
973,0.03588111095879392,0.006265706166797785,0.32954779200000001,0.019479130796355142,2.0848977662625432e-05,0.019523749686017854,2.0955279582831375e-05,0.017576043218851114,6.9394104898684919e-05,0,0,0.13810176934126006,0.002002016474771101,0.23835386535479269,0.017767155452867944
974,0.0093112491266777783,0.00035881631200644138,0.365352012,0.019479130796355142,2.0848977662625432e-05,0.019523749686017854,2.0955279582831375e-05,0.017576043218851114,6.9394104898684919e-05,0.029349513899250026,0.00011093713019455803,0,0,0,0
975,0.0093112491266777783,0.00035881631200644138,0.389053545,0.019479130796355142,2.0848977662625432e-05,0.019523749686017854,2.0955279582831375e-05,0.017576043218851114,6.9394104898684919e-05,0.029349513899250026,0.00011093713019455803,0,0,0.0020897457832725727,7.133946667246938e-07
976,0.0093112491266777783,0.00035881631200644138,0.32114317199999998,0.019479130796355142,2.0848977662625432e-05,0.019523749686017854,2.0955279582831375e-05,0.017576043218851114,6.9394104898684919e-05,0.029349513899250026,0.00011093713019455803,0,0,0.0046713869740736399,3.5621158608966306e-06
977,0.020531373877436674,0.00058368209762001231,0.32230727199999998,0.019479130796355142,2.0848977662625432e-05,0.019523749686017854,2.0955279582831375e-05,0.017576043218851114,6.9394104898684919e-05,0.029349513899250026,0.00011093713019455803,0.13810176934126006,0.002002016474771101,0.0020897457832725727,7.133946667246938e-07
978,0.0062809714807812072,0.0001006830258505602,0.42170909699999998,0.019479130796355142,2.0848977662625432e-05,0.019523749686017854,2.0955279582831375e-05,0.033822280134755418,0.00028442848457030151,0,0,0.019542957487582578,2.1920897010672351e-05,0,0
979,0.0062809714807812072,0.0001006830258505602,0.30461208499999998,0.019479130796355142,2.0848977662625432e-05,0.019523749686017854,2.0955279582831375e-05,0.033822280134755418,0.00028442848457030151,0,0,0.019542957487582578,2.1920897010672351e-05,0.12482140519422169,0.0043929082768954294
980,0.018447398565940454,0.00029402836680636306,0.30623957299999999,0.019479130796355142,2.0848977662625432e-05,0.019523749686017854,2.0955279582831375e-05,0.033822280134755418,0.00028442848457030151,0,0,0.13810176934126006,0.002002016474771101,0,0
981,0.021209820245521788,0.0011966016797234594,0.48656292099999998,0.019479130796355142,2.0848977662625432e-05,0.019523749686017854,2.0955279582831375e-05,0.033822280134755418,0.00028442848457030151,0.099015042046594087,0.0018951229601319186,0,0,0.0020897457832725727,7.133946667246938e-07
982,0.021209820245521788,0.0011966016797234594,0.39066898999999999,0.019479130796355142,2.0848977662625432e-05,0.019523749686017854,2.0955279582831375e-05,0.033822280134755418,0.00028442848457030151,0.099015042046594087,0.0018951229601319186,0,0,0.0094673376615136643,1.5803755559712259e-05
983,0.036394295421784115,0.0021723482649485138,0.30533419899999997,0.019479130796355142,2.0848977662625432e-05,0.019523749686017854,2.0955279582831375e-05,0.033822280134755418,0.00028442848457030151,0.099015042046594087,0.0018951229601319186,0.23639565188982414,0.008090160902531382,0.00073691275757772434,1.017642263681214e-07
984,0.036394295421784115,0.0021723482649485138,0.34592966200000003,0.019479130796355142,2.0848977662625432e-05,0.019523749686017854,2.0955279582831375e-05,0.033822280134755418,0.00028442848457030151,0.099015042046594087,0.0018951229601319186,0.23639565188982414,0.008090160902531382,0.0020897457832725727,7.133946667246938e-07
985,0.018447398565940454,0.00029402836680636306,0.34703324699999999,0.019479130796355142,2.0848977662625432e-05,0.019523749686017854,2.0955279582831375e-05,0.064301081919963615,0.0011434775053933504,0,0,0.13810176934126006,0.002002016474771101,0,0
986,0.028767037058293841,0.00088982548592065171,0.33014570900000001,0.019479130796355142,2.0848977662625432e-05,0.019523749686017854,2.0955279582831375e-05,0.064301081919963615,0.0011434775053933504,0,0,0.23639565188982414,0.008090160902531382,0.12482140519422169,0.0043929082768954294
987,0.0046891482028507065,0.00011299670816116263,0.513972451,0.019479130796355142,2.0848977662625432e-05,0.019523749686017854,2.0955279582831375e-05,0.064301081919963615,0.0011434775053933504,0.0025776564298912751,7.178637923836913e-07,0,0,0.00073691275757772434,1.017642263681214e-07
988,0.0064791933732764274,0.00011535046063056693,0.39792609000000001,0.019479130796355142,2.0848977662625432e-05,0.019523749686017854,2.0955279582831375e-05,0.064301081919963615,0.0011434775053933504,0.0025776564298912751,7.178637923836913e-07,0.019542957487582578,2.1920897010672351e-05,0.0046713869740736399,3.5621158608966306e-06
989,0.0064791933732764274,0.00011535046063056693,0.31789246999999998,0.019479130796355142,2.0848977662625432e-05,0.019523749686017854,2.0955279582831375e-05,0.064301081919963615,0.0011434775053933504,0.0025776564298912751,7.178637923836913e-07,0.019542957487582578,2.1920897010672351e-05,0.035299224261615122,0.00027203686528506433
990,0.0071725245238490627,0.00021367069858837368,0.46452025000000002,0.019479130796355142,2.0848977662625432e-05,0.019523749686017854,2.0955279582831375e-05,0.12074096984968002,0.0045738414776371689,0.014981183407215215,2.5095647377126372e-05,0.0072555615269624344,3.1365272899216516e-06,0.0046713869740736399,3.5621158608966306e-06
991,0.013259991355664339,0.00026712398662815425,0.3731566,0.019479130796355142,2.0848977662625432e-05,0.019523749686017854,2.0955279582831375e-05,0.12074096984968002,0.0045738414776371689,0.014981183407215215,2.5095647377126372e-05,0.077646384166351154,0.00048192924222406397,0.035299224261615122,0.00027203686528506433
992,0.029659859525467291,0.0010390078598720728,0.321837231,0.019479130796355142,2.0848977662625432e-05,0.019523749686017854,2.0955279582831375e-05,0.12074096984968002,0.0045738414776371689,0.014981183407215215,2.5095647377126372e-05,0.23639565188982414,0.008090160902531382,0,0
993,0.0096502623345168619,0.00036050153202102467,0.361978299,0.019479130796355142,2.0848977662625432e-05,0.019523749686017854,2.0955279582831375e-05,0.12074096984968002,0.0045738414776371689,0.029349513899250026,0.00011093713019455803,0.0072555615269624344,3.1365272899216516e-06,0,0
994,0.0096502623345168619,0.00036050153202102467,0.306634819,0.019479130796355142,2.0848977662625432e-05,0.019523749686017854,2.0955279582831375e-05,0.12074096984968002,0.0045738414776371689,0.029349513899250026,0.00011093713019455803,0.0072555615269624344,3.1365272899216516e-06,0.0094673376615136643,1.5803755559712259e-05
995,0.010306126574739281,0.00036474764775702891,0.30811137599999999,0.019479130796355142,2.0848977662625432e-05,0.019523749686017854,2.0955279582831375e-05,0.12074096984968002,0.0045738414776371689,0.029349513899250026,0.00011093713019455803,0.019542957487582578,2.1920897010672351e-05,0,0
996,0.010306126574739281,0.00036474764775702891,0.30679057300000001,0.019479130796355142,2.0848977662625432e-05,0.019523749686017854,2.0955279582831375e-05,0.12074096984968002,0.0045738414776371689,0.029349513899250026,0.00011093713019455803,0.019542957487582578,2.1920897010672351e-05,0.0046713869740736399,3.5621158608966306e-06
997,0.010306126574739281,0.00036474764775702891,0.46116450799999997,0.019479130796355142,2.0848977662625432e-05,0.019523749686017854,2.0955279582831375e-05,0.12074096984968002,0.0045738414776371689,0.029349513899250026,0.00011093713019455803,0.019542957487582578,2.1920897010672351e-05,0.035299224261615122,0.00027203686528506433
998,0.062719167397751463,0.026626097848610426,0.30494558100000002,0.019479130796355142,2.0848977662625432e-05,0.019523749686017854,2.0955279582831375e-05,0.2422388505978256,0.018789844584028239,0,0,0,0,0.23835386535479269,0.017767155452867944
999,0.055738128661219064,0.021152987243692068,0.33295551099999998,0.019479130796355142,2.0848977662625432e-05,0.019523749686017854,2.0955279582831375e-05,0.2422388505978256,0.018789844584028239,0,0,0.13810176934126006,0.002002016474771101,0.0046713869740736399,3.5621158608966306e-06
1000,0.03283400896200267,0.0022359612594959151,0.33696795800000001,0.019479130796355142,2.0848977662625432e-05,0.2357173310580522,0.007790242378895188,0,0,0,0,0,0,0,0
1001,0.043389181072031852,0.0059641807784335098,0.34899477699999998,0.019479130796355142,2.0848977662625432e-05,0.2357173310580522,0.007790242378895188,0,0,0,0,0,0,0.23835386535479269,0.017767155452867944
1002,0.033549449810260347,0.0022362656594523754,0.373430439,0.019479130796355142,2.0848977662625432e-05,0.2357173310580522,0.007790242378895188,0,0,0,0,0.0072555615269624344,3.1365272899216516e-06,0.0094673376615136643,1.5803755559712259e-05
1003,0.03476813357740282,0.0022380799329617673,0.32393729799999998,0.019479130796355142,2.0848977662625432e-05,0.2357173310580522,0.007790242378895188,0,0,0,0,0.019542957487582578,2.1920897010672351e-05,0,0
1004,0.045323305687430197,0.0059662994518993621,0.36066283599999999,0.019479130796355142,2.0848977662625432e-05,0.2357173310580522,0.007790242378895188,0,0,0,0,0.019542957487582578,2.1920897010672351e-05,0.23835386535479269,0.017767155452867944
1005,0.036939331924752662,0.0022465532838551491,0.39647950599999998,0.019479130796355142,2.0848977662625432e-05,0.2357173310580522,0.007790242378895188,0,0,0,0,0.041005308662877701,0.00010943307334319948,0.018436560699085457,6.6669330534709393e-05
1006,0.057489732772589917,0.0061596447928551649,0.30333336700000002,0.019479130796355142,2.0848977662625432e-05,0.2357173310580522,0.007790242378895188,0,0,0,0,0.13810176934126006,0.002002016474771101,0.23835386535479269,0.017767155452867944
1007,0.057254199154915364,0.0030272223930318592,0.37523989600000002,0.019479130796355142,2.0848977662625432e-05,0.2357173310580522,0.007790242378895188,0,0,0,0,0.23639565188982414,0.008090160902531382,0.035299224261615122,0.00027203686528506433
1008,0.057254199154915364,0.0030272223930318592,0.32425148199999998,0.019479130796355142,2.0848977662625432e-05,0.2357173310580522,0.007790242378895188,0,0,0,0,0.23639565188982414,0.008090160902531382,0.12482140519422169,0.0043929082768954294
1009,0.03317672574165928,0.0022489654851451041,0.40532096499999998,0.019479130796355142,2.0848977662625432e-05,0.2357173310580522,0.007790242378895188,0,0,0.0025776564298912751,7.178637923836913e-07,0,0,0,0
1010,0.033778695849421218,0.0022493174222906385,0.30616648699999999,0.019479130796355142,2.0848977662625432e-05,0.2357173310580522,0.007790242378895188,0,0,0.0025776564298912751,7.178637923836913e-07,0.0072555615269624344,3.1365272899216516e-06,0,0
1011,0.038194909527211968,0.0023299813370488763,0.304917355,0.019479130796355142,2.0848977662625432e-05,0.2357173310580522,0.007790242378895188,0,0,0.014981183407215215,2.5095647377126372e-05,0.041005308662877701,0.00010943307334319948,0,0
1012,0.041875276748242846,0.0026325805583225547,0.30620261100000001,0.019479130796355142,2.0848977662625432e-05,0.2357173310580522,0.007790242378895188,0,0,0.054808110924766583,0.00046335850843711145,0,0,0.018436560699085457,6.6669330534709393e-05
1013,0.041875276748242846,0.0026325805583225547,0.31585395700000002,0.019479130796355142,2.0848977662625432e-05,0.2357173310580522,0.007790242378895188,0,0,0.054808110924766583,0.00046335850843711145,0,0,0.066925301383199784,0.0010976716341893321
1014,0.046251326516484441,0.0027110279899228381,0.30465986099999998,0.019479130796355142,2.0848977662625432e-05,0.2357173310580522,0.007790242378895188,0,0,0.054808110924766583,0.00046335850843711145,0.077646384166351154,0.00048192924222406397,0,0
1015,0.049081251920520035,0.0031220508496685707,0.305045287,0.019479130796355142,2.0848977662625432e-05,0.2357173310580522,0.007790242378895188,0,0,0.099015042046594087,0.0018951229601319186,0,0,0.0020897457832725727,7.133946667246938e-07
1016,0.049712810660628354,0.0031409564114878719,0.310063808,0.019479130796355142,2.0848977662625432e-05,0.2357173310580522,0.007790242378895188,0,0,0.099015042046594087,0.0018951229601319186,0.019542957487582578,2.1920897010672351e-05,0.0046713869740736399,3.5621158608966306e-06
1017,0.049712810660628354,0.0031409564114878719,0.340239821,0.019479130796355142,2.0848977662625432e-05,0.2357173310580522,0.007790242378895188,0,0,0.099015042046594087,0.0018951229601319186,0.019542957487582578,2.1920897010672351e-05,0.035299224261615122,0.00027203686528506433
1018,0.06426572709677944,0.0040977974348936248,0.33830962999999997,0.019479130796355142,2.0848977662625432e-05,0.2357173310580522,0.007790242378895188,0,0,0.099015042046594087,0.0018951229601319186,0.23639565188982414,0.008090160902531382,0.035299224261615122,0.00027203686528506433
1019,0.061305467865321019,0.0044765763545034226,0.33119061999999999,0.019479130796355142,2.0848977662625432e-05,0.2357173310580522,0.007790242378895188,0,0,0.17323221681704717,0.0075662290638639019,0.019542957487582578,2.1920897010672351e-05,0.035299224261615122,0.00027203686528506433
1020,0.063237936133372544,0.0046278506313931558,0.35910466099999999,0.019479130796355142,2.0848977662625432e-05,0.2357173310580522,0.007790242378895188,0,0,0.17323221681704717,0.0075662290638639019,0.077646384166351154,0.00048192924222406397,0,0
1021,0.036939331924752662,0.0022465532838551491,0.33355441299999999,0.019479130796355142,2.0848977662625432e-05,0.2357173310580522,0.007790242378895188,0.00071998620962972519,1.0668702470797522e-07,0,0,0.041005308662877701,0.00010943307334319948,0,0
1022,0.03317672574165928,0.0022489654851451041,0.61757647699999996,0.019479130796355142,2.0848977662625432e-05,0.2357173310580522,0.007790242378895188,0.00071998620962972519,1.0668702470797522e-07,0.0025776564298912751,7.178637923836913e-07,0,0,0,0
1023,0.03317672574165928,0.0022489654851451041,0.61201913900000005,0.019479130796355142,2.0848977662625432e-05,0.2357173310580522,0.007790242378895188,0.00071998620962972519,1.0668702470797522e-07,0.0025776564298912751,7.178637923836913e-07,0,0,0.00073691275757772434,1.017642263681214e-07
1024,0.057409174108538283,0.0030459100480893617,0.30546785999999998,0.019479130796355142,2.0848977662625432e-05,0.2357173310580522,0.007790242378895188,0.00071998620962972519,1.0668702470797522e-07,0.0025776564298912751,7.178637923836913e-07,0.23639565188982414,0.008090160902531382,0,0
1025,0.079123477525636851,0.0084773305381896959,0.30507451000000002,0.019479130796355142,2.0848977662625432e-05,0.2357173310580522,0.007790242378895188,0.00071998620962972519,1.0668702470797522e-07,0.29432736935424308,0.029782257606169423,0,0,0.00073691275757772434,1.017642263681214e-07
1026,0.036939331924752662,0.0022465532838551491,0.51436850099999998,0.019479130796355142,2.0848977662625432e-05,0.2357173310580522,0.007790242378895188,0.0019913003314104079,7.4466870783374176e-07,0,0,0.041005308662877701,0.00010943307334319948,0.018436560699085457,6.6669330534709393e-05
1027,0.057254199154915364,0.0030272223930318592,0.61878698499999996,0.019479130796355142,2.0848977662625432e-05,0.2357173310580522,0.007790242378895188,0.0019913003314104079,7.4466870783374176e-07,0,0,0.23639565188982414,0.008090160902531382,0.035299224261615122,0.00027203686528506433
1028,0.037596059834524458,0.0024204936756368821,0.60784297799999998,0.019479130796355142,2.0848977662625432e-05,0.2357173310580522,0.007790242378895188,0.0019913003314104079,7.4466870783374176e-07,0.029349513899250026,0.00011093713019455803,0,0,0,0
1029,0.038590937282587195,0.0024264250113874694,0.61216405399999996,0.019479130796355142,2.0848977662625432e-05,0.2357173310580522,0.007790242378895188,0.0019913003314104079,7.4466870783374176e-07,0.029349513899250026,0.00011093713019455803,0.019542957487582578,2.1920897010672351e-05,0.035299224261615122,0.00027203686528506433
1030,0.04881618458528212,0.0026453594612504527,0.61191104900000004,0.019479130796355142,2.0848977662625432e-05,0.2357173310580522,0.007790242378895188,0.0019913003314104079,7.4466870783374176e-07,0.029349513899250026,0.00011093713019455803,0.13810176934126006,0.002002016474771101,0.0020897457832725727,7.133946667246938e-07
1031,0.03476813357740282,0.0022380799329617673,0.61227180400000003,0.019479130796355142,2.0848977662625432e-05,0.2357173310580522,0.007790242378895188,0.017576043218851114,6.9394104898684919e-05,0,0,0.019542957487582578,2.1920897010672351e-05,0.0094673376615136643,1.5803755559712259e-05
1032,0.057254199154915364,0.0030272223930318592,0.61581226200000005,0.019479130796355142,2.0848977662625432e-05,0.2357173310580522,0.007790242378895188,0.017576043218851114,6.9394104898684919e-05,0,0,0.23639565188982414,0.008090160902531382,0.035299224261615122,0.00027203686528506433
1033,0.057254199154915364,0.0030272223930318592,0.61682016399999995,0.019479130796355142,2.0848977662625432e-05,0.2357173310580522,0.007790242378895188,0.033822280134755418,0.00028442848457030151,0,0,0.23639565188982414,0.008090160902531382,0.00073691275757772434,1.017642263681214e-07
1034,0.049081251920520035,0.0031220508496685707,0.61436225099999997,0.019479130796355142,2.0848977662625432e-05,0.2357173310580522,0.007790242378895188,0.033822280134755418,0.00028442848457030151,0.099015042046594087,0.0018951229601319186,0,0,0,0
1035,0.049081251920520035,0.0031220508496685707,0.61274737400000001,0.019479130796355142,2.0848977662625432e-05,0.2357173310580522,0.007790242378895188,0.033822280134755418,0.00028442848457030151,0.099015042046594087,0.0018951229601319186,0,0,0.018436560699085457,6.6669330534709393e-05
1036,0.036939331924752662,0.0022465532838551491,0.613210492,0.019479130796355142,2.0848977662625432e-05,0.2357173310580522,0.007790242378895188,0.064301081919963615,0.0011434775053933504,0,0,0.041005308662877701,0.00010943307334319948,0,0
1037,0.046934560662565676,0.0024314252739175706,0.61665586900000002,0.019479130796355142,2.0848977662625432e-05,0.2357173310580522,0.007790242378895188,0.064301081919963615,0.0011434775053933504,0,0,0.13810176934126006,0.002002016474771101,0.066925301383199784,0.0010976716341893321
1038,0.057254199154915364,0.0030272223930318592,0.61230752799999999,0.019479130796355142,2.0848977662625432e-05,0.2357173310580522,0.007790242378895188,0.064301081919963615,0.0011434775053933504,0,0,0.23639565188982414,0.008090160902531382,0,0
1039,0.03317672574165928,0.0022489654851451041,0.61281217700000001,0.019479130796355142,2.0848977662625432e-05,0.2357173310580522,0.007790242378895188,0.064301081919963615,0.0011434775053933504,0.0025776564298912751,7.178637923836913e-07,0,0,0.00073691275757772434,1.017642263681214e-07
1040,0.04545006419200346,0.0059551615793472634,0.60855989499999996,0.019479130796355142,2.0848977662625432e-05,0.2357173310580522,0.007790242378895188,0.064301081919963615,0.0011434775053933504,0.0025776564298912751,7.178637923836913e-07,0.019542957487582578,2.1920897010672351e-05,0.23835386535479269,0.017767155452867944
1041,0.037096175476801704,0.0022601490285529295,0.61179555399999996,0.019479130796355142,2.0848977662625432e-05,0.2357173310580522,0.007790242378895188,0.064301081919963615,0.0011434775053933504,0.0025776564298912751,7.178637923836913e-07,0.041005308662877701,0.00010943307334319948,0.018436560699085457,6.6669330534709393e-05
1042,0.047089170035948591,0.0024472108497431201,0.61198281899999996,0.019479130796355142,2.0848977662625432e-05,0.2357173310580522,0.007790242378895188,0.064301081919963615,0.0011434775053933504,0.0025776564298912751,7.178637923836913e-07,0.13810176934126006,0.002002016474771101,0.066925301383199784,0.0010976716341893321
1043,0.03283400896200267,0.0022359612594959151,0.61649899699999999,0.019479130796355142,2.0848977662625432e-05,0.2357173310580522,0.007790242378895188,0.12074096984968002,0.0045738414776371689,0,0,0,0,0.00073691275757772434,1.017642263681214e-07
1044,0.035192848023747385,0.0023164775857980038,0.61644149999999998,0.019479130796355142,2.0848977662625432e-05,0.2357173310580522,0.007790242378895188,0.12074096984968002,0.0045738414776371689,0.014981183407215215,2.5095647377126372e-05,0,0,0,0
1045,0.035192848023747385,0.0023164775857980038,0.345550566,0.019479130796355142,2.0848977662625432e-05,0.2357173310580522,0.007790242378895188,0.12074096984968002,0.0045738414776371689,0.014981183407215215,2.5095647377126372e-05,0,0,0.0046713869740736399,3.5621158608966306e-06
1046,0.035577660272224143,0.0023173791433022165,0.32090175799999998,0.019479130796355142,2.0848977662625432e-05,0.2357173310580522,0.007790242378895188,0.12074096984968002,0.0045738414776371689,0.014981183407215215,2.5095647377126372e-05,0.0072555615269624344,3.1365272899216516e-06,0.0046713869740736399,3.5621158608966306e-06
1047,0.047282650573793911,0.0058655788920114792,0.31950874699999998,0.019479130796355142,2.0848977662625432e-05,0.2357173310580522,0.007790242378895188,0.12074096984968002,0.0045738414776371689,0.029349513899250026,0.00011093713019455803,0,0,0.23835386535479269,0.017767155452867944
1048,0.037935073042363675,0.0024221788956514654,0.33201297000000002,0.019479130796355142,2.0848977662625432e-05,0.2357173310580522,0.007790242378895188,0.12074096984968002,0.0045738414776371689,0.029349513899250026,0.00011093713019455803,0.0072555615269624344,3.1365272899216516e-06,0.0094673376615136643,1.5803755559712259e-05
1049,0.074283835325764602,0.022875141195365829,0.30567408400000001,0.019479130796355142,2.0848977662625432e-05,0.2357173310580522,0.007790242378895188,0.2422388505978256,0.018789844584028239,0.0025776564298912751,7.178637923836913e-07,0,0,0.00073691275757772434,1.017642263681214e-07
1050,0.0042886519923181383,1.1189557148611952e-05,0.30847898800000001,0.040878893896873207,0.00010413736354098843,0,0,0,0,0,0,0,0,0,0
1051,0.0042886519923181383,1.1189557148611952e-05,0.30671261399999999,0.040878893896873207,0.00010413736354098843,0,0,0,0,0,0,0,0,0.0020897457832725727,7.133946667246938e-07
1052,0.022141960034592664,0.0061240572720906205,0.30587151000000001,0.040878893896873207,0.00010413736354098843,0,0,0,0,0,0,0,0,0.23835386535479269,0.017767155452867944
1053,0.0062227766077182483,1.3308230614464327e-05,0.30630196300000001,0.040878893896873207,0.00010413736354098843,0,0,0,0,0,0,0.019542957487582578,2.1920897010672351e-05,0.12482140519422169,0.0043929082768954294
1054,0.018389203692877214,0.00020665357157026719,0.30572660099999999,0.040878893896873207,0.00010413736354098843,0,0,0,0,0,0,0.13810176934126006,0.002002016474771101,0.0046713869740736399,3.5621158608966306e-06
1055,0.018389203692877214,0.00020665357157026719,0.30758643800000002,0.040878893896873207,0.00010413736354098843,0,0,0,0,0,0,0.13810176934126006,0.002002016474771101,0.066925301383199784,0.0010976716341893321
1056,0.004632013172845467,2.5401527593584258e-05,0.47062077099999999,0.040878893896873207,0.00010413736354098843,0,0,0,0,0.0025776564298912751,7.178637923836913e-07,0,0,0.0020897457832725727,7.133946667246938e-07
1057,0.004632013172845467,2.5401527593584258e-05,0.30722126399999999,0.040878893896873207,0.00010413736354098843,0,0,0,0,0.0025776564298912751,7.178637923836913e-07,0,0,0.0046713869740736399,3.5621158608966306e-06
1058,0.005233983280607344,2.5753464739118617e-05,0.36401735800000001,0.040878893896873207,0.00010413736354098843,0,0,0,0,0.0025776564298912751,7.178637923836913e-07,0.0072555615269624344,3.1365272899216516e-06,0,0
1059,0.0064220583432711056,2.7755280062988569e-05,0.30766415499999999,0.040878893896873207,0.00010413736354098843,0,0,0,0,0.0025776564298912751,7.178637923836913e-07,0.019542957487582578,2.1920897010672351e-05,0.0094673376615136643,1.5803755559712259e-05
1060,0.018544457467131261,0.00022364689219160028,0.34861614499999999,0.040878893896873207,0.00010413736354098843,0,0,0,0,0.0025776564298912751,7.178637923836913e-07,0.13810176934126006,0.002002016474771101,0.0046713869740736399,3.5621158608966306e-06
1061,0.028864461539723305,0.00082234609053784182,0.34823875900000001,0.040878893896873207,0.00010413736354098843,0,0,0,0,0.0025776564298912751,7.178637923836913e-07,0.23639565188982414,0.008090160902531382,0.12482140519422169,0.0043929082768954294
1062,0.0053070925442853705,5.3471921748917017e-05,0.308033432,0.040878893896873207,0.00010413736354098843,0,0,0,0,0.0070568641369427197,5.0167964149023017e-06,0,0,0,0
1063,0.0053070925442853705,5.3471921748917017e-05,0.42468138300000002,0.040878893896873207,0.00010413736354098843,0,0,0,0,0.0070568641369427197,5.0167964149023017e-06,0,0,0.0094673376615136643,1.5803755559712259e-05
1064,0.008906879158034833,6.5645579684556554e-05,0.33043950300000002,0.040878893896873207,0.00010413736354098843,0,0,0,0,0.0070568641369427197,5.0167964149023017e-06,0.041005308662877701,0.00010943307334319948,0.018436560699085457,6.6669330534709393e-05
1065,0.0067394740329882246,0.00012894225541650053,0.43222006099999999,0.040878893896873207,0.00010413736354098843,0,0,0,0,0.014981183407215215,2.5095647377126372e-05,0,0,0.018436560699085457,6.6669330534709393e-05
1066,0.0080022696703264187,0.00013258829066998577,0.38584892799999998,0.040878893896873207,0.00010413736354098843,0,0,0,0,0.014981183407215215,2.5095647377126372e-05,0.019542957487582578,2.1920897010672351e-05,0.0094673376615136643,1.5803755559712259e-05
1067,0.0092496281769976589,0.0002728736461833562,0.61325640800000003,0.040878893896873207,0.00010413736354098843,0,0,0,0,0.029349513899250026,0.00011093713019455803,0,0,0.0046713869740736399,3.5621158608966306e-06
1068,0.010244505625059346,0.00027880498193394378,0.610697987,0.040878893896873207,0.00010413736354098843,0,0,0,0,0.029349513899250026,0.00011093713019455803,0.019542957487582578,2.1920897010672351e-05,0.0046713869740736399,3.5621158608966306e-06
1069,0.030417740017465795,0.0011210197215470903,0.61604056200000001,0.040878893896873207,0.00010413736354098843,0,0,0,0,0.029349513899250026,0.00011093713019455803,0.23639565188982414,0.008090160902531382,0.12482140519422169,0.0043929082768954294
1070,0.013690440983235637,0.00054117053938480678,0.61091057800000004,0.040878893896873207,0.00010413736354098843,0,0,0,0,0.054808110924766583,0.00046335850843711145,0,0,0,0
1071,0.013690440983235637,0.00054117053938480678,0.61670033700000004,0.040878893896873207,0.00010413736354098843,0,0,0,0,0.054808110924766583,0.00046335850843711145,0,0,0.035299224261615122,0.00027203686528506433
1072,0.014508214464037205,0.00055168011920902202,0.49722683299999998,0.040878893896873207,0.00010413736354098843,0,0,0,0,0.054808110924766583,0.00046335850843711145,0.019542957487582578,2.1920897010672351e-05,0.0046713869740736399,3.5621158608966306e-06
1073,0.02291497976793332,0.00078749870425511817,0.36797276699999998,0.040878893896873207,0.00010413736354098843,0,0,0,0,0.054808110924766583,0.00046335850843711145,0.13810176934126006,0.002002016474771101,0.0020897457832725727,7.133946667246938e-07
1074,0.02291497976793332,0.00078749870425511817,0.34637288900000002,0.040878893896873207,0.00010413736354098843,0,0,0,0,0.054808110924766583,0.00046335850843711145,0.13810176934126006,0.002002016474771101,0.066925301383199784,0.0010976716341893321
1075,0.021433182296301458,0.0011411147894442232,0.36555831300000002,0.040878893896873207,0.00010413736354098843,0,0,0,0,0.099015042046594087,0.0018951229601319186,0.0072555615269624344,3.1365272899216516e-06,0.0046713869740736399,3.5621158608966306e-06
1076,0.021844750616530309,0.0011540204549180591,0.442035438,0.040878893896873207,0.00010413736354098843,0,0,0,0,0.099015042046594087,0.0018951229601319186,0.019542957487582578,2.1920897010672351e-05,0.0094673376615136643,1.5803755559712259e-05
1077,0.024452016080792172,0.001253352048054635,0.33916217500000001,0.040878893896873207,0.00010413736354098843,0,0,0,0,0.099015042046594087,0.0018951229601319186,0.077646384166351154,0.00048192924222406397,0.035299224261615122,0.00027203686528506433
1078,0.042338212456701399,0.0062119648709357076,0.34216878699999997,0.040878893896873207,0.00010413736354098843,0,0,0,0,0.099015042046594087,0.0018951229601319186,0.13810176934126006,0.002002016474771101,0.23835386535479269,0.017767155452867944
1079,0.033304647729542995,0.0024937737140620542,0.30734415100000001,0.040878893896873207,0.00010413736354098843,0,0,0,0,0.17323221681704717,0.0075662290638639019,0,0,0,0
1080,0.033304647729542995,0.0024937737140620542,0.35211029199999999,0.040878893896873207,0.00010413736354098843,0,0,0,0,0.17323221681704717,0.0075662290638639019,0,0,0.0020897457832725727,7.133946667246938e-07
1081,0.033816160791913449,0.0025284647233347699,0.30551050800000001,0.040878893896873207,0.00010413736354098843,0,0,0,0,0.17323221681704717,0.0075662290638639019,0.019542957487582578,2.1920897010672351e-05,0.0094673376615136643,1.5803755559712259e-05
1082,0.0042886519923181383,1.1189557148611952e-05,0.479918974,0.040878893896873207,0.00010413736354098843,0,0,0.00071998620962972519,1.0668702470797522e-07,0,0,0,0,0.00073691275757772434,1.017642263681214e-07
1083,0.0062227766077182483,1.3308230614464327e-05,0.37350825599999998,0.040878893896873207,0.00010413736354098843,0,0,0.00071998620962972519,1.0668702470797522e-07,0,0,0.019542957487582578,2.1920897010672351e-05,0.0094673376615136643,1.5803755559712259e-05
1084,0.0083939749550654957,2.1781581507845972e-05,0.33112408300000001,0.040878893896873207,0.00010413736354098843,0,0,0.00071998620962972519,1.0668702470797522e-07,0,0,0.041005308662877701,0.00010943307334319948,0,0
1085,0.018389203692877214,0.00020665357157026719,0.315057474,0.040878893896873207,0.00010413736354098843,0,0,0.00071998620962972519,1.0668702470797522e-07,0,0,0.13810176934126006,0.002002016474771101,0,0
1086,0.03624251173515021,0.0063195212865122755,0.37797830300000002,0.040878893896873207,0.00010413736354098843,0,0,0.00071998620962972519,1.0668702470797522e-07,0,0,0.13810176934126006,0.002002016474771101,0.23835386535479269,0.017767155452867944
1087,0.0085514629079855159,3.6585071001409724e-05,0.33691735900000003,0.040878893896873207,0.00010413736354098843,0,0,0.00071998620962972519,1.0668702470797522e-07,0.0025776564298912751,7.178637923836913e-07,0.041005308662877701,0.00010943307334319948,0.018436560699085457,6.6669330534709393e-05
1088,0.012264441260540713,7.3442488424644295e-05,0.36723674000000001,0.040878893896873207,0.00010413736354098843,0,0,0.00071998620962972519,1.0668702470797522e-07,0.0025776564298912751,7.178637923836913e-07,0.077646384166351154,0.00048192924222406397,0,0
1089,0.052065309019320466,0.006421523612543948,0.30567277300000001,0.040878893896873207,0.00010413736354098843,0,0,0.00071998620962972519,1.0668702470797522e-07,0.29432736935424308,0.029782257606169423,0.0072555615269624344,3.1365272899216516e-06,0,0
1090,0.052746299425967161,0.0065315568993421797,0.41637210200000002,0.040878893896873207,0.00010413736354098843,0,0,0.00071998620962972519,1.0668702470797522e-07,0.29432736935424308,0.029782257606169423,0.041005308662877701,0.00010943307334319948,0,0
1091,0.0042886519923181383,1.1189557148611952e-05,0.30636980400000002,0.040878893896873207,0.00010413736354098843,0,0,0.0019913003314104079,7.4466870783374176e-07,0,0,0,0,0,0
1092,0.0050040928405755232,1.1493957105072168e-05,0.370577184,0.040878893896873207,0.00010413736354098843,0,0,0.0019913003314104079,7.4466870783374176e-07,0,0,0.0072555615269624344,3.1365272899216516e-06,0.0094673376615136643,1.5803755559712259e-05
1093,0.03624251173515021,0.0063195212865122755,0.356271489,0.040878893896873207,0.00010413736354098843,0,0,0.0019913003314104079,7.4466870783374176e-07,0,0,0.13810176934126006,0.002002016474771101,0.23835386535479269,0.017767155452867944
1094,0.0092496281769976589,0.0002728736461833562,0.61368977400000002,0.040878893896873207,0.00010413736354098843,0,0,0.0019913003314104079,7.4466870783374176e-07,0.029349513899250026,0.00011093713019455803,0,0,0.035299224261615122,0.00027203686528506433
1095,0.010244505625059346,0.00027880498193394378,0.61358152099999996,0.040878893896873207,0.00010413736354098843,0,0,0.0019913003314104079,7.4466870783374176e-07,0.029349513899250026,0.00011093713019455803,0.019542957487582578,2.1920897010672351e-05,0,0
1096,0.030417740017465795,0.0011210197215470903,0.61269615499999996,0.040878893896873207,0.00010413736354098843,0,0,0.0019913003314104079,7.4466870783374176e-07,0.029349513899250026,0.00011093713019455803,0.23639565188982414,0.008090160902531382,0.0020897457832725727,7.133946667246938e-07
1097,0.0050040928405755232,1.1493957105072168e-05,0.61369821499999999,0.040878893896873207,0.00010413736354098843,0,0,0.004391030021690891,3.7296579112788589e-06,0,0,0.0072555615269624344,3.1365272899216516e-06,0.0094673376615136643,1.5803755559712259e-05
1098,0.012118265357000939,5.8006381049724956e-05,0.61340311000000003,0.040878893896873207,0.00010413736354098843,0,0,0.004391030021690891,3.7296579112788589e-06,0,0,0.077646384166351154,0.00048192924222406397,0.035299224261615122,0.00027203686528506433
1099,0.0042886519923181383,1.1189557148611952e-05,0.61488454100000001,0.040878893896873207,0.00010413736354098843,0,0,0.017576043218851114,6.9394104898684919e-05,0,0,0,0,0.0020897457832725727,7.133946667246938e-07
1100,0.0042886519923181383,1.1189557148611952e-05,0.61336716000000002,0.040878893896873207,0.00010413736354098843,0,0,0.017576043218851114,6.9394104898684919e-05,0,0,0,0,0.0046713869740736399,3.5621158608966306e-06
1101,0.0062227766077182483,1.3308230614464327e-05,0.61687029800000004,0.040878893896873207,0.00010413736354098843,0,0,0.017576043218851114,6.9394104898684919e-05,0,0,0.019542957487582578,2.1920897010672351e-05,0.12482140519422169,0.0043929082768954294
1102,0.024076084649994396,0.0061261759455564727,0.61176939200000002,0.040878893896873207,0.00010413736354098843,0,0,0.017576043218851114,6.9394104898684919e-05,0,0,0.019542957487582578,2.1920897010672351e-05,0.23835386535479269,0.017767155452867944
1103,0.029971573399280318,0.0061708740959917335,0.60956159600000004,0.040878893896873207,0.00010413736354098843,0,0,0.017576043218851114,6.9394104898684919e-05,0,0,0.077646384166351154,0.00048192924222406397,0.23835386535479269,0.017767155452867944
1104,0.0095886413848367911,0.00027455886619793949,0.61441517599999995,0.040878893896873207,0.00010413736354098843,0,0,0.017576043218851114,6.9394104898684919e-05,0.029349513899250026,0.00011093713019455803,0.0072555615269624344,3.1365272899216516e-06,0.0046713869740736399,3.5621158608966306e-06
1105,0.027036034042949606,0.0060345269013372454,0.61057390499999997,0.040878893896873207,0.00010413736354098843,0,0,0.017576043218851114,6.9394104898684919e-05,0.029349513899250026,0.00011093713019455803,0.019542957487582578,2.1920897010672351e-05,0.23835386535479269,0.017767155452867944
1106,0.030417740017465795,0.0011210197215470903,0.61457007500000005,0.040878893896873207,0.00010413736354098843,0,0,0.017576043218851114,6.9394104898684919e-05,0.029349513899250026,0.00011093713019455803,0.23639565188982414,0.008090160902531382,0.00073691275757772434,1.017642263681214e-07
1107,0.036397667052684775,0.0021108614783238123,0.61573896100000003,0.040878893896873207,0.00010413736354098843,0,0,0.033822280134755418,0.00028442848457030151,0.099015042046594087,0.0018951229601319186,0.23639565188982414,0.008090160902531382,0.00073691275757772434,1.017642263681214e-07
1108,0.036397667052684775,0.0021108614783238123,0.37170751499999999,0.040878893896873207,0.00010413736354098843,0,0,0.033822280134755418,0.00028442848457030151,0.099015042046594087,0.0018951229601319186,0.23639565188982414,0.008090160902531382,0.0020897457832725727,7.133946667246938e-07
1109,0.022141960034592664,0.0061240572720906205,0.31518565999999998,0.040878893896873207,0.00010413736354098843,0,0,0.064301081919963615,0.0011434775053933504,0,0,0,0,0.23835386535479269,0.017767155452867944
1110,0.0083939749550654957,2.1781581507845972e-05,0.418331436,0.040878893896873207,0.00010413736354098843,0,0,0.064301081919963615,0.0011434775053933504,0,0,0.041005308662877701,0.00010943307334319948,0.018436560699085457,6.6669330534709393e-05
1111,0.0042886519923181383,1.1189557148611952e-05,0.30687841100000002,0.040878893896873207,0.00010413736354098843,0,0,0.12074096984968002,0.0045738414776371689,0,0,0,0,0,0
1112,0.0067394740329882246,0.00012894225541650053,0.46230685700000002,0.040878893896873207,0.00010413736354098843,0,0,0.12074096984968002,0.0045738414776371689,0.014981183407215215,2.5095647377126372e-05,0,0,0,0
1113,0.0067394740329882246,0.00012894225541650053,0.32815796899999999,0.040878893896873207,0.00010413736354098843,0,0,0.12074096984968002,0.0045738414776371689,0.014981183407215215,2.5095647377126372e-05,0,0,0.0020897457832725727,7.133946667246938e-07
1114,0.0080022696703264187,0.00013258829066998577,0.38708279400000001,0.040878893896873207,0.00010413736354098843,0,0,0.12074096984968002,0.0045738414776371689,0.014981183407215215,2.5095647377126372e-05,0.019542957487582578,2.1920897010672351e-05,0.12482140519422169,0.0043929082768954294
1115,0.0097415355364501056,0.00014244600666737283,0.31221001300000001,0.040878893896873207,0.00010413736354098843,0,0,0.12074096984968002,0.0045738414776371689,0.014981183407215215,2.5095647377126372e-05,0.041005308662877701,0.00010943307334319948,0,0
1116,0.036666080975534664,0.0062918860738946448,0.33939334799999998,0.040878893896873207,0.00010413736354098843,0,0,0.12074096984968002,0.0045738414776371689,0.014981183407215215,2.5095647377126372e-05,0.13810176934126006,0.002002016474771101,0.23835386535479269,0.017767155452867944
1117,0.049862266601192723,0.021130135808811006,0.471586491,0.040878893896873207,0.00010413736354098843,0,0,0.2422388505978256,0.018789844584028239,0,0,0.041005308662877701,0.00010943307334319948,0,0
1118,0.063461221081366703,0.021413039081030094,0.354166867,0.040878893896873207,0.00010413736354098843,0,0,0.2422388505978256,0.018789844584028239,0,0,0.23639565188982414,0.008090160902531382,0.0020897457832725727,7.133946667246938e-07
1119,0.048157941482296483,0.021161270564326509,0.30523280000000003,0.040878893896873207,0.00010413736354098843,0,0,0.2422388505978256,0.018789844584028239,0.0025776564298912751,7.178637923836913e-07,0,0,0.018436560699085457,6.6669330534709393e-05
1120,0.06353437225602572,0.02140932085126283,0.44958736100000002,0.040878893896873207,0.00010413736354098843,0,0,0.2422388505978256,0.018789844584028239,0.0025776564298912751,7.178637923836913e-07,0.23639565188982414,0.008090160902531382,0.0020897457832725727,7.133946667246938e-07
1121,0.0051446784060761525,4.9447257820593836e-05,0.33735531499999999,0.040878893896873207,0.00010413736354098843,0.0070538581727384439,2.9911722163954058e-06,0,0,0,0,0,0,0,0
1122,0.0051446784060761525,4.9447257820593836e-05,0.30490962900000002,0.040878893896873207,0.00010413736354098843,0.0070538581727384439,2.9911722163954058e-06,0,0,0,0,0,0,0.0020897457832725727,7.133946667246938e-07
1123,0.0051446784060761525,4.9447257820593836e-05,0.52498129000000004,0.040878893896873207,0.00010413736354098843,0.0070538581727384439,2.9911722163954058e-06,0,0,0,0,0,0,0.018436560699085457,6.6669330534709393e-05
1124,0.0051446784060761525,4.9447257820593836e-05,0.30500138900000001,0.040878893896873207,0.00010413736354098843,0.0070538581727384439,2.9911722163954058e-06,0,0,0,0,0,0,0.066925301383199784,0.0010976716341893321
1125,0.0092500013688226138,6.003928217982785e-05,0.36708384300000002,0.040878893896873207,0.00010413736354098843,0.0070538581727384439,2.9911722163954058e-06,0,0,0,0,0.041005308662877701,0.00010943307334319948,0.018436560699085457,6.6669330534709393e-05
1126,0.01924523010663657,0.00024491127224224904,0.30654826400000001,0.040878893896873207,0.00010413736354098843,0.0070538581727384439,2.9911722163954058e-06,0,0,0,0,0.13810176934126006,0.002002016474771101,0,0
1127,0.01924523010663657,0.00024491127224224904,0.42198278900000002,0.040878893896873207,0.00010413736354098843,0.0070538581727384439,2.9911722163954058e-06,0,0,0,0,0.13810176934126006,0.002002016474771101,0.0046713869740736399,3.5621158608966306e-06
1128,0.029564868598988839,0.00084070839135653769,0.30455463199999999,0.040878893896873207,0.00010413736354098843,0.0070538581727384439,2.9911722163954058e-06,0,0,0,0,0.23639565188982414,0.008090160902531382,0.0020897457832725727,7.133946667246938e-07
1129,0.0054798396549920435,6.1584853061073669e-05,0.35090874399999999,0.040878893896873207,0.00010413736354098843,0.0070538581727384439,2.9911722163954058e-06,0,0,0.0025776564298912751,7.178637923836913e-07,0,0,0.0046713869740736399,3.5621158608966306e-06
1130,0.0088439048757571262,0.00016774418481749011,0.33552633999999998,0.040878893896873207,0.00010413736354098843,0.0070538581727384439,2.9911722163954058e-06,0,0,0.014981183407215215,2.5095647377126372e-05,0.019542957487582578,2.1920897010672351e-05,0,0
1131,0.020133107992935755,0.00037422772255753966,0.61545508299999996,0.040878893896873207,0.00010413736354098843,0.0070538581727384439,2.9911722163954058e-06,0,0,0.014981183407215215,2.5095647377126372e-05,0.13810176934126006,0.002002016474771101,0,0
1132,0.014526971619713468,0.00057218613593467793,0.61257916499999998,0.040878893896873207,0.00010413736354098843,0.0070538581727384439,2.9911722163954058e-06,0,0,0.054808110924766583,0.00046335850843711145,0,0,0.12482140519422169,0.0043929082768954294
1133,0.034480589889763637,0.0060004672163497556,0.61055833100000001,0.040878893896873207,0.00010413736354098843,0.0070538581727384439,2.9911722163954058e-06,0,0,0.054808110924766583,0.00046335850843711145,0.077646384166351154,0.00048192924222406397,0.23835386535479269,0.017767155452867944
1134,0.022037245308963331,0.0011612658572165617,0.611463549,0.040878893896873207,0.00010413736354098843,0.0070538581727384439,2.9911722163954058e-06,0,0,0.099015042046594087,0.0018951229601319186,0,0,0.0094673376615136643,1.5803755559712259e-05
1135,0.035703948469698883,0.0058805835702649507,0.61045143400000001,0.040878893896873207,0.00010413736354098843,0.0070538581727384439,2.9911722163954058e-06,0,0,0.099015042046594087,0.0018951229601319186,0,0,0.23835386535479269,0.017767155452867944
1136,0.022668804049072795,0.0011801714190358629,0.61212257000000003,0.040878893896873207,0.00010413736354098843,0.0070538581727384439,2.9911722163954058e-06,0,0,0.099015042046594087,0.0018951229601319186,0.019542957487582578,2.1920897010672351e-05,0.0094673376615136643,1.5803755559712259e-05
1137,0.037221720485226033,0.0021370124424416161,0.621600033,0.040878893896873207,0.00010413736354098843,0.0070538581727384439,2.9911722163954058e-06,0,0,0.099015042046594087,0.0018951229601319186,0.23639565188982414,0.008090160902531382,0,0
1138,0.034096871201377804,0.0025112376765546924,0.61378418300000004,0.040878893896873207,0.00010413736354098843,0.0070538581727384439,2.9911722163954058e-06,0,0,0.17323221681704717,0.0075662290638639019,0,0,0,0
1139,0.034096871201377804,0.0025112376765546924,0.61449970099999995,0.040878893896873207,0.00010413736354098843,0.0070538581727384439,2.9911722163954058e-06,0,0,0.17323221681704717,0.0075662290638639019,0,0,0.035299224261615122,0.00027203686528506433
1140,0.045646855564910126,0.0037015748553380808,0.61261034400000003,0.040878893896873207,0.00010413736354098843,0.0070538581727384439,2.9911722163954058e-06,0,0,0.17323221681704717,0.0075662290638639019,0.23639565188982414,0.008090160902531382,0.00073691275757772434,1.017642263681214e-07
1141,0.045646855564910126,0.0037015748553380808,0.61237710700000003,0.040878893896873207,0.00010413736354098843,0.0070538581727384439,2.9911722163954058e-06,0,0,0.17323221681704717,0.0075662290638639019,0.23639565188982414,0.008090160902531382,0.035299224261615122,0.00027203686528506433
1142,0.052723275966053647,0.0064206705500824317,0.61617006500000004,0.040878893896873207,0.00010413736354098843,0.0070538581727384439,2.9911722163954058e-06,0,0,0.29432736935424308,0.029782257606169423,0,0,0,0
1143,0.0051446784060761525,4.9447257820593836e-05,0.49235796300000001,0.040878893896873207,0.00010413736354098843,0.0070538581727384439,2.9911722163954058e-06,0.00071998620962972519,1.0668702470797522e-07,0,0,0,0,0.0046713869740736399,3.5621158608966306e-06
1144,0.01311226774268627,0.00010962581389213371,0.31350555200000002,0.040878893896873207,0.00010413736354098843,0.0070538581727384439,2.9911722163954058e-06,0.00071998620962972519,1.0668702470797522e-07,0.0025776564298912751,7.178637923836913e-07,0.077646384166351154,0.00048192924222406397,0.035299224261615122,0.00027203686528506433
1145,0.019392283949279252,0.00025983021765908971,0.30561306300000002,0.040878893896873207,0.00010413736354098843,0.0070538581727384439,2.9911722163954058e-06,0.00071998620962972519,1.0668702470797522e-07,0.0025776564298912751,7.178637923836913e-07,0.13810176934126006,0.002002016474771101,0.0020897457832725727,7.133946667246938e-07
1146,0.019392283949279252,0.00025983021765908971,0.44636051199999999,0.040878893896873207,0.00010413736354098843,0.0070538581727384439,2.9911722163954058e-06,0.00071998620962972519,1.0668702470797522e-07,0.0025776564298912751,7.178637923836913e-07,0.13810176934126006,0.002002016474771101,0.0046713869740736399,3.5621158608966306e-06
1147,0.052723275966053647,0.0064206705500824317,0.55047969299999999,0.040878893896873207,0.00010413736354098843,0.0070538581727384439,2.9911722163954058e-06,0.00071998620962972519,1.0668702470797522e-07,0.29432736935424308,0.029782257606169423,0,0,0.0020897457832725727,7.133946667246938e-07
1148,0.052863708650190314,0.0064425632623600826,0.30554695999999998,0.040878893896873207,0.00010413736354098843,0.0070538581727384439,2.9911722163954058e-06,0.00071998620962972519,1.0668702470797522e-07,0.29432736935424308,0.029782257606169423,0.0072555615269624344,3.1365272899216516e-06,0.0046713869740736399,3.5621158608966306e-06
1149,0.053110882381956936,0.0064844457181354766,0.41994651900000002,0.040878893896873207,0.00010413736354098843,0.0070538581727384439,2.9911722163954058e-06,0.00071998620962972519,1.0668702470797522e-07,0.29432736935424308,0.029782257606169423,0.019542957487582578,2.1920897010672351e-05,0,0
1150,0.053110882381956936,0.0064844457181354766,0.47313590799999999,0.040878893896873207,0.00010413736354098843,0.0070538581727384439,2.9911722163954058e-06,0.00071998620962972519,1.0668702470797522e-07,0.29432736935424308,0.029782257606169423,0.019542957487582578,2.1920897010672351e-05,0.12482140519422169,0.0043929082768954294
1151,0.054277857601112318,0.0066763082621840554,0.44891300699999998,0.040878893896873207,0.00010413736354098843,0.0070538581727384439,2.9911722163954058e-06,0.00071998620962972519,1.0668702470797522e-07,0.29432736935424308,0.029782257606169423,0.077646384166351154,0.00048192924222406397,0.035299224261615122,0.00027203686528506433
1152,0.0051446784060761525,4.9447257820593836e-05,0.30570353900000002,0.040878893896873207,0.00010413736354098843,0.0070538581727384439,2.9911722163954058e-06,0.0019913003314104079,7.4466870783374176e-07,0,0,0,0,0.00073691275757772434,1.017642263681214e-07
1153,0.010105866904691858,0.00031153716079846045,0.37846887000000001,0.040878893896873207,0.00010413736354098843,0.0070538581727384439,2.9911722163954058e-06,0.0019913003314104079,7.4466870783374176e-07,0.029349513899250026,0.00011093713019455803,0,0,0,0
1154,0.015521990408098386,0.00037123785653479552,0.307924274,0.040878893896873207,0.00010413736354098843,0.0070538581727384439,2.9911722163954058e-06,0.0019913003314104079,7.4466870783374176e-07,0.029349513899250026,0.00011093713019455803,0.077646384166351154,0.00048192924222406397,0,0
1155,0.037950569255158446,0.0062344253731665316,0.41744327199999998,0.040878893896873207,0.00010413736354098843,0.0070538581727384439,2.9911722163954058e-06,0.0019913003314104079,7.4466870783374176e-07,0.029349513899250026,0.00011093713019455803,0.13810176934126006,0.002002016474771101,0.23835386535479269,0.017767155452867944
1156,0.0051446784060761525,4.9447257820593836e-05,0.30690458599999998,0.040878893896873207,0.00010413736354098843,0.0070538581727384439,2.9911722163954058e-06,0.004391030021690891,3.7296579112788589e-06,0,0,0,0,0,0
1157,0.0051446784060761525,4.9447257820593836e-05,0.33877927600000002,0.040878893896873207,0.00010413736354098843,0.0070538581727384439,2.9911722163954058e-06,0.004391030021690891,3.7296579112788589e-06,0,0,0,0,0.035299224261615122,0.00027203686528506433
1158,0.0070788030214761532,5.1565931286446206e-05,0.40585458699999999,0.040878893896873207,0.00010413736354098843,0.0070538581727384439,2.9911722163954058e-06,0.004391030021690891,3.7296579112788589e-06,0,0,0.019542957487582578,2.1920897010672351e-05,0,0
1159,0.0092500013688226138,6.003928217982785e-05,0.32365065199999998,0.040878893896873207,0.00010413736354098843,0.0070538581727384439,2.9911722163954058e-06,0.004391030021690891,3.7296579112788589e-06,0,0,0.041005308662877701,0.00010943307334319948,0,0
1160,0.012974291770757963,9.6264081721706833e-05,0.52994782299999998,0.040878893896873207,0.00010413736354098843,0.0070538581727384439,2.9911722163954058e-06,0.004391030021690891,3.7296579112788589e-06,0,0,0.077646384166351154,0.00048192924222406397,0,0
1161,0.0051446784060761525,4.9447257820593836e-05,0.61049145199999999,0.040878893896873207,0.00010413736354098843,0.0070538581727384439,2.9911722163954058e-06,0.0089799454227389077,1.6589615174066303e-05,0,0,0,0,0.0020897457832725727,7.133946667246938e-07
1162,0.0051446784060761525,4.9447257820593836e-05,0.61371095099999995,0.040878893896873207,0.00010413736354098843,0.0070538581727384439,2.9911722163954058e-06,0.0089799454227389077,1.6589615174066303e-05,0,0,0,0,0.066925301383199784,0.0010976716341893321
1163,0.024765388573582112,0.0061071465934998985,0.61166434000000003,0.040878893896873207,0.00010413736354098843,0.0070538581727384439,2.9911722163954058e-06,0.0089799454227389077,1.6589615174066303e-05,0,0,0.019542957487582578,2.1920897010672351e-05,0.23835386535479269,0.017767155452867944
1164,0.0092500013688226138,6.003928217982785e-05,0.61415086200000002,0.040878893896873207,0.00010413736354098843,0.0070538581727384439,2.9911722163954058e-06,0.0089799454227389077,1.6589615174066303e-05,0,0,0.041005308662877701,0.00010943307334319948,0,0
1165,0.03066087732286701,0.0061518447439351592,0.61168116900000002,0.040878893896873207,0.00010413736354098843,0.0070538581727384439,2.9911722163954058e-06,0.0089799454227389077,1.6589615174066303e-05,0,0,0.077646384166351154,0.00048192924222406397,0.23835386535479269,0.017767155452867944
1166,0.029564868598988839,0.00084070839135653769,0.61369227500000001,0.040878893896873207,0.00010413736354098843,0.0070538581727384439,2.9911722163954058e-06,0.0089799454227389077,1.6589615174066303e-05,0,0,0.23639565188982414,0.008090160902531382,0.0020897457832725727,7.133946667246938e-07
1167,0.029564868598988839,0.00084070839135653769,0.61272002800000003,0.040878893896873207,0.00010413736354098843,0.0070538581727384439,2.9911722163954058e-06,0.0089799454227389077,1.6589615174066303e-05,0,0,0.23639565188982414,0.008090160902531382,0.035299224261615122,0.00027203686528506433
1168,0.0070788030214761532,5.1565931286446206e-05,0.61528866900000001,0.040878893896873207,0.00010413736354098843,0.0070538581727384439,2.9911722163954058e-06,0.017576043218851114,6.9394104898684919e-05,0,0,0.019542957487582578,2.1920897010672351e-05,0.0046713869740736399,3.5621158608966306e-06
1169,0.0070788030214761532,5.1565931286446206e-05,0.61302300399999998,0.040878893896873207,0.00010413736354098843,0.0070538581727384439,2.9911722163954058e-06,0.017576043218851114,6.9394104898684919e-05,0,0,0.019542957487582578,2.1920897010672351e-05,0.0094673376615136643,1.5803755559712259e-05
1170,0.010105866904691858,0.00031153716079846045,0.60810709100000004,0.040878893896873207,0.00010413736354098843,0.0070538581727384439,2.9911722163954058e-06,0.017576043218851114,6.9394104898684919e-05,0.029349513899250026,0.00011093713019455803,0,0,0,0
1171,0.011100744352753484,0.00031746849654904798,0.61204988000000005,0.040878893896873207,0.00010413736354098843,0.0070538581727384439,2.9911722163954058e-06,0.017576043218851114,6.9394104898684919e-05,0.029349513899250026,0.00011093713019455803,0.019542957487582578,2.1920897010672351e-05,0.12482140519422169,0.0043929082768954294
1172,0.021325991655451834,0.00053640294641203138,0.60352699300000001,0.040878893896873207,0.00010413736354098843,0.0070538581727384439,2.9911722163954058e-06,0.017576043218851114,6.9394104898684919e-05,0.029349513899250026,0.00011093713019455803,0.13810176934126006,0.002002016474771101,0.0046713869740736399,3.5621158608966306e-06
1173,0.031273978745161794,0.0011596832361621945,0.61114165300000001,0.040878893896873207,0.00010413736354098843,0.0070538581727384439,2.9911722163954058e-06,0.017576043218851114,6.9394104898684919e-05,0.029349513899250026,0.00011093713019455803,0.23639565188982414,0.008090160902531382,0.0020897457832725727,7.133946667246938e-07
1174,0.022037245308963331,0.0011612658572165617,0.60907533999999997,0.040878893896873207,0.00010413736354098843,0.0070538581727384439,2.9911722163954058e-06,0.033822280134755418,0.00028442848457030151,0.099015042046594087,0.0018951229601319186,0,0,0.0094673376615136643,1.5803755559712259e-05
1175,0.035703948469698883,0.0058805835702649507,0.60673634300000001,0.040878893896873207,0.00010413736354098843,0.0070538581727384439,2.9911722163954058e-06,0.033822280134755418,0.00028442848457030151,0.099015042046594087,0.0018951229601319186,0,0,0.23835386535479269,0.017767155452867944
1176,0.0051446784060761525,4.9447257820593836e-05,0.59423909799999997,0.040878893896873207,0.00010413736354098843,0.0070538581727384439,2.9911722163954058e-06,0.064301081919963615,0.0011434775053933504,0,0,0,0,0,0
1177,0.0051446784060761525,4.9447257820593836e-05,0.31401849799999998,0.040878893896873207,0.00010413736354098843,0.0070538581727384439,2.9911722163954058e-06,0.064301081919963615,0.0011434775053933504,0,0,0,0,0.018436560699085457,6.6669330534709393e-05
1178,0.012974291770757963,9.6264081721706833e-05,0.61196773999999998,0.040878893896873207,0.00010413736354098843,0.0070538581727384439,2.9911722163954058e-06,0.064301081919963615,0.0011434775053933504,0,0,0.077646384166351154,0.00048192924222406397,0,0
1179,0.01924523010663657,0.00024491127224224904,0.61822727899999996,0.040878893896873207,0.00010413736354098843,0.0070538581727384439,2.9911722163954058e-06,0.064301081919963615,0.0011434775053933504,0,0,0.13810176934126006,0.002002016474771101,0,0
1180,0.0054798396549920435,6.1584853061073669e-05,0.61552826599999999,0.040878893896873207,0.00010413736354098843,0.0070538581727384439,2.9911722163954058e-06,0.064301081919963615,0.0011434775053933504,0.0025776564298912751,7.178637923836913e-07,0,0,0,0
1181,0.0054798396549920435,6.1584853061073669e-05,0.61238351700000004,0.040878893896873207,0.00010413736354098843,0.0070538581727384439,2.9911722163954058e-06,0.064301081919963615,0.0011434775053933504,0.0025776564298912751,7.178637923836913e-07,0,0,0.035299224261615122,0.00027203686528506433
1182,0.02971228802187122,0.00085852941600533122,0.61508610799999996,0.040878893896873207,0.00010413736354098843,0.0070538581727384439,2.9911722163954058e-06,0.064301081919963615,0.0011434775053933504,0.0025776564298912751,7.178637923836913e-07,0.23639565188982414,0.008090160902531382,0.12482140519422169,0.0043929082768954294
1183,0.0070788030214761532,5.1565931286446206e-05,0.34899648599999999,0.040878893896873207,0.00010413736354098843,0.0070538581727384439,2.9911722163954058e-06,0.12074096984968002,0.0045738414776371689,0,0,0.019542957487582578,2.1920897010672351e-05,0.0046713869740736399,3.5621158608966306e-06
1184,0.01924523010663657,0.00024491127224224904,0.43944509100000001,0.040878893896873207,0.00010413736354098843,0.0070538581727384439,2.9911722163954058e-06,0.12074096984968002,0.0045738414776371689,0,0,0.13810176934126006,0.002002016474771101,0.0046713869740736399,3.5621158608966306e-06
1185,0.0075811092384193051,0.00016409814956400487,0.30776494700000001,0.040878893896873207,0.00010413736354098843,0.0070538581727384439,2.9911722163954058e-06,0.12074096984968002,0.0045738414776371689,0.014981183407215215,2.5095647377126372e-05,0,0,0,0
1186,0.014053388318712381,0.00021845299510799815,0.351884315,0.040878893896873207,0.00010413736354098843,0.0070538581727384439,2.9911722163954058e-06,0.12074096984968002,0.0045738414776371689,0.014981183407215215,2.5095647377126372e-05,0.077646384166351154,0.00048192924222406397,0,0
1187,0.011100744352753484,0.00031746849654904798,0.38996825899999998,0.040878893896873207,0.00010413736354098843,0.0070538581727384439,2.9911722163954058e-06,0.12074096984968002,0.0045738414776371689,0.029349513899250026,0.00011093713019455803,0.019542957487582578,2.1920897010672351e-05,0.0094673376615136643,1.5803755559712259e-05
1188,0.027725321952472862,0.0060154909233035483,0.37368246599999999,0.040878893896873207,0.00010413736354098843,0.0070538581727384439,2.9911722163954058e-06,0.12074096984968002,0.0045738414776371689,0.029349513899250026,0.00011093713019455803,0.019542957487582578,2.1920897010672351e-05,0.23835386535479269,0.017767155452867944
1189,0.048920825701786456,0.021181945578030523,0.33554559,0.040878893896873207,0.00010413736354098843,0.0070538581727384439,2.9911722163954058e-06,0.2422388505978256,0.018789844584028239,0,0,0,0,0,0
1190,0.067545008501757486,0.026628352754535869,0.45880954200000001,0.040878893896873207,0.00010413736354098843,0.0070538581727384439,2.9911722163954058e-06,0.2422388505978256,0.018789844584028239,0,0,0.077646384166351154,0.00048192924222406397,0.23835386535479269,0.017767155452867944
1191,0.0093263163894876898,0.00024962897782840159,0.305657921,0.040878893896873207,0.00010413736354098843,0.040725592931596735,0.00010507916537179608,0,0,0,0,0,0,0,0
1192,0.0093263163894876898,0.00024962897782840159,0.36162545299999999,0.040878893896873207,0.00010413736354098843,0.040725592931596735,0.00010507916537179608,0,0,0,0,0,0,0.0020897457832725727,7.133946667246938e-07
1193,0.010041757237743988,0.0002499333777848618,0.33430223199999998,0.040878893896873207,0.00010413736354098843,0.040725592931596735,0.00010507916537179608,0,0,0,0,0.0072555615269624344,3.1365272899216516e-06,0.0046713869740736399,3.5621158608966306e-06
1194,0.011260441004885302,0.00025174765129425396,0.31998046400000002,0.040878893896873207,0.00010413736354098843,0.040725592931596735,0.00010507916537179608,0,0,0,0,0.019542957487582578,2.1920897010672351e-05,0,0
1195,0.011260441004885302,0.00025174765129425396,0.30655666300000001,0.040878893896873207,0.00010413736354098843,0.040725592931596735,0.00010507916537179608,0,0,0,0,0.019542957487582578,2.1920897010672351e-05,0.0094673376615136643,1.5803755559712259e-05
1196,0.011260441004885302,0.00025174765129425396,0.49336194,0.040878893896873207,0.00010413736354098843,0.040725592931596735,0.00010507916537179608,0,0,0,0,0.019542957487582578,2.1920897010672351e-05,0.035299224261615122,0.00027203686528506433
1197,0.017155929754174997,0.00029644580172951459,0.307083255,0.040878893896873207,0.00010413736354098843,0.040725592931596735,0.00010507916537179608,0,0,0,0,0.077646384166351154,0.00048192924222406397,0.035299224261615122,0.00027203686528506433
1198,0.033746506582402164,0.0010408901113643455,0.52764636099999995,0.040878893896873207,0.00010413736354098843,0.040725592931596735,0.00010507916537179608,0,0,0,0,0.23639565188982414,0.008090160902531382,0.12482140519422169,0.0043929082768954294
1199,0.0096661944993956181,0.0002636339630178311,0.44214010100000001,0.040878893896873207,0.00010413736354098843,0.040725592931596735,0.00010507916537179608,0,0,0.0025776564298912751,7.178637923836913e-07,0,0,0.0020897457832725727,7.133946667246938e-07
1200,0.01026816460715655,0.00026398590016336545,0.31848667400000003,0.040878893896873207,0.00010413736354098843,0.040725592931596735,0.00010507916537179608,0,0,0.0025776564298912751,7.178637923836913e-07,0.0072555615269624344,3.1365272899216516e-06,0,0
1201,0.023840524232469847,0.00049829388092283795,0.46567401200000003,0.040878893896873207,0.00010413736354098843,0.040725592931596735,0.00010507916537179608,0,0,0.0070568641369427197,5.0167964149023017e-06,0.13810176934126006,0.002002016474771101,0.0046713869740736399,3.5621158608966306e-06
1202,0.011783230088353818,0.00036976205097154072,0.303515812,0.040878893896873207,0.00010413736354098843,0.040725592931596735,0.00010507916537179608,0,0,0.014981183407215215,2.5095647377126372e-05,0,0,0,0
1203,0.014273851468958855,0.00050460551418601862,0.410984444,0.040878893896873207,0.00010413736354098843,0.040725592931596735,0.00010507916537179608,0,0,0.029349513899250026,0.00011093713019455803,0,0,0.0046713869740736399,3.5621158608966306e-06
1204,0.016770661217590892,0.00052275013536284701,0.30282168300000001,0.040878893896873207,0.00010413736354098843,0.040725592931596735,0.00010507916537179608,0,0,0.029349513899250026,0.00011093713019455803,0.041005308662877701,0.00010943307334319948,0.018436560699085457,6.6669330534709393e-05
1205,0.018673249127219245,0.00076032117779793555,0.311349496,0.040878893896873207,0.00010413736354098843,0.040725592931596735,0.00010507916537179608,0,0,0.054808110924766583,0.00046335850843711145,0,0,0.066925301383199784,0.0010976716341893321
1206,0.027897787911917962,0.0010066493426682469,0.30399974400000002,0.040878893896873207,0.00010413736354098843,0.040725592931596735,0.00010507916537179608,0,0,0.054808110924766583,0.00046335850843711145,0.13810176934126006,0.002002016474771101,0.0020897457832725727,7.133946667246938e-07
1207,0.037313546766244057,0.0016595179480720624,0.42785060899999999,0.040878893896873207,0.00010413736354098843,0.040725592931596735,0.00010507916537179608,0,0,0.054808110924766583,0.00046335850843711145,0.23639565188982414,0.008090160902531382,0,0
1208,0.026113732711783966,0.001320732705516059,0.305179117,0.040878893896873207,0.00010413736354098843,0.040725592931596735,0.00010507916537179608,0,0,0.099015042046594087,0.0018951229601319186,0,0,0.12482140519422169,0.0043929082768954294
1209,0.033444078173728693,0.0016367662780894647,0.44475678099999999,0.040878893896873207,0.00010413736354098843,0.040725592931596735,0.00010507916537179608,0,0,0.099015042046594087,0.0018951229601319186,0.13810176934126006,0.002002016474771101,0,0
1210,0.038077971833105156,0.0026414327156368076,0.302241908,0.040878893896873207,0.00010413736354098843,0.040725592931596735,0.00010507916537179608,0,0,0.17323221681704717,0.0075662290638639019,0,0,0.035299224261615122,0.00027203686528506433
1211,0.03858948489547534,0.0026761237249095233,0.335640736,0.040878893896873207,0.00010413736354098843,0.040725592931596735,0.00010507916537179608,0,0,0.17323221681704717,0.0075662290638639019,0.019542957487582578,2.1920897010672351e-05,0.035299224261615122,0.00027203686528506433
1212,0.056670511077864437,0.0065513940379957275,0.33165854500000003,0.040878893896873207,0.00010413736354098843,0.040725592931596735,0.00010507916537179608,0,0,0.29432736935424308,0.029782257606169423,0,0,0.066925301383199784,0.0010976716341893321
1213,0.057058117493767463,0.0066151692060487715,0.30223885499999997,0.040878893896873207,0.00010413736354098843,0.040725592931596735,0.00010507916537179608,0,0,0.29432736935424308,0.029782257606169423,0.019542957487582578,2.1920897010672351e-05,0.12482140519422169,0.0043929082768954294
1214,0.06008929170287599,0.0071643262400675244,0.34302199700000002,0.040878893896873207,0.00010413736354098843,0.040725592931596735,0.00010507916537179608,0,0,0.29432736935424308,0.029782257606169423,0.13810176934126006,0.002002016474771101,0.066925301383199784,0.0010976716341893321
1215,0.063682228371537516,0.0081943090451090383,0.30250997299999999,0.040878893896873207,0.00010413736354098843,0.040725592931596735,0.00010507916537179608,0,0,0.29432736935424308,0.029782257606169423,0.23639565188982414,0.008090160902531382,0,0
1216,0.063682228371537516,0.0081943090451090383,0.35193656899999998,0.040878893896873207,0.00010413736354098843,0.040725592931596735,0.00010507916537179608,0,0,0.29432736935424308,0.029782257606169423,0.23639565188982414,0.008090160902531382,0.00073691275757772434,1.017642263681214e-07
1217,0.0093263163894876898,0.00024962897782840159,0.40354326400000001,0.040878893896873207,0.00010413736354098843,0.040725592931596735,0.00010507916537179608,0.00071998620962972519,1.0668702470797522e-07,0,0,0,0,0.0046713869740736399,3.5621158608966306e-06
1218,0.0096661944993956181,0.0002636339630178311,0.30297543599999999,0.040878893896873207,0.00010413736354098843,0.040725592931596735,0.00010507916537179608,0.00071998620962972519,1.0668702470797522e-07,0.0025776564298912751,7.178637923836913e-07,0,0,0,0
1219,0.056670511077864437,0.0065513940379957275,0.34076861400000003,0.040878893896873207,0.00010413736354098843,0.040725592931596735,0.00010507916537179608,0.00071998620962972519,1.0668702470797522e-07,0.29432736935424308,0.029782257606169423,0,0,0,0
1220,0.056670511077864437,0.0065513940379957275,0.30318631699999998,0.040878893896873207,0.00010413736354098843,0.040725592931596735,0.00010507916537179608,0.00071998620962972519,1.0668702470797522e-07,0.29432736935424308,0.029782257606169423,0,0,0.0020897457832725727,7.133946667246938e-07
1221,0.011260441004885302,0.00025174765129425396,0.48386595199999999,0.040878893896873207,0.00010413736354098843,0.040725592931596735,0.00010507916537179608,0.0019913003314104079,7.4466870783374176e-07,0,0,0.019542957487582578,2.1920897010672351e-05,0.0046713869740736399,3.5621158608966306e-06
1222,0.017155929754174997,0.00029644580172951459,0.30502676000000001,0.040878893896873207,0.00010413736354098843,0.040725592931596735,0.00010507916537179608,0.0019913003314104079,7.4466870783374176e-07,0,0,0.077646384166351154,0.00048192924222406397,0,0
1223,0.033746506582402164,0.0010408901113643455,0.35371851599999998,0.040878893896873207,0.00010413736354098843,0.040725592931596735,0.00010507916537179608,0.0019913003314104079,7.4466870783374176e-07,0,0,0.23639565188982414,0.008090160902531382,0.0020897457832725727,7.133946667246938e-07
1224,0.016770661217590892,0.00052275013536284701,0.41900062199999999,0.040878893896873207,0.00010413736354098843,0.040725592931596735,0.00010507916537179608,0.0019913003314104079,7.4466870783374176e-07,0.029349513899250026,0.00011093713019455803,0.041005308662877701,0.00010943307334319948,0,0
1225,0.0093263163894876898,0.00024962897782840159,0.30535316400000001,0.040878893896873207,0.00010413736354098843,0.040725592931596735,0.00010507916537179608,0.004391030021690891,3.7296579112788589e-06,0,0,0,0,0.0046713869740736399,3.5621158608966306e-06
1226,0.0093263163894876898,0.00024962897782840159,0.30598711099999998,0.040878893896873207,0.00010413736354098843,0.040725592931596735,0.00010507916537179608,0.004391030021690891,3.7296579112788589e-06,0,0,0,0,0.066925301383199784,0.0010976716341893321
1227,0.013431639352232568,0.00026022100218763559,0.30576797900000002,0.040878893896873207,0.00010413736354098843,0.040725592931596735,0.00010507916537179608,0.004391030021690891,3.7296579112788589e-06,0,0,0.041005308662877701,0.00010943307334319948,0.018436560699085457,6.6669330534709393e-05
1228,0.0093263163894876898,0.00024962897782840159,0.30598460900000002,0.040878893896873207,0.00010413736354098843,0.040725592931596735,0.00010507916537179608,0.0089799454227389077,1.6589615174066303e-05,0,0,0,0,0,0
1229,0.0093263163894876898,0.00024962897782840159,0.37717568200000001,0.040878893896873207,0.00010413736354098843,0.040725592931596735,0.00010507916537179608,0.0089799454227389077,1.6589615174066303e-05,0,0,0,0,0.018436560699085457,6.6669330534709393e-05
1230,0.011260441004885302,0.00025174765129425396,0.63260978599999995,0.040878893896873207,0.00010413736354098843,0.040725592931596735,0.00010507916537179608,0.0089799454227389077,1.6589615174066303e-05,0,0,0.019542957487582578,2.1920897010672351e-05,0,0
1231,0.011260441004885302,0.00025174765129425396,0.611907478,0.040878893896873207,0.00010413736354098843,0.040725592931596735,0.00010507916537179608,0.0089799454227389077,1.6589615174066303e-05,0,0,0.019542957487582578,2.1920897010672351e-05,0.035299224261615122,0.00027203686528506433
1232,0.023426868090053333,0.00044509299225005682,0.60501602200000004,0.040878893896873207,0.00010413736354098843,0.040725592931596735,0.00010507916537179608,0.0089799454227389077,1.6589615174066303e-05,0,0,0.13810176934126006,0.002002016474771101,0.066925301383199784,0.0010976716341893321
1233,0.0093263163894876898,0.00024962897782840159,0.611746817,0.040878893896873207,0.00010413736354098843,0.040725592931596735,0.00010507916537179608,0.017576043218851114,6.9394104898684919e-05,0,0,0,0,0.066925301383199784,0.0010976716341893321
1234,0.010041757237743988,0.0002499333777848618,0.61335266600000005,0.040878893896873207,0.00010413736354098843,0.040725592931596735,0.00010507916537179608,0.017576043218851114,6.9394104898684919e-05,0,0,0.0072555615269624344,3.1365272899216516e-06,0.0046713869740736399,3.5621158608966306e-06
1235,0.010041757237743988,0.0002499333777848618,0.61239590899999996,0.040878893896873207,0.00010413736354098843,0.040725592931596735,0.00010507916537179608,0.017576043218851114,6.9394104898684919e-05,0,0,0.0072555615269624344,3.1365272899216516e-06,0.0094673376615136643,1.5803755559712259e-05
1236,0.017155929754174997,0.00029644580172951459,0.60763363299999995,0.040878893896873207,0.00010413736354098843,0.040725592931596735,0.00010507916537179608,0.017576043218851114,6.9394104898684919e-05,0,0,0.077646384166351154,0.00048192924222406397,0.035299224261615122,0.00027203686528506433
1237,0.015268728917022653,0.00051053684993660614,0.61166617599999995,0.040878893896873207,0.00010413736354098843,0.040725592931596735,0.00010507916537179608,0.017576043218851114,6.9394104898684919e-05,0.029349513899250026,0.00011093713019455803,0.019542957487582578,2.1920897010672351e-05,0.0046713869740736399,3.5621158608966306e-06
1238,0.0093263163894876898,0.00024962897782840159,0.61632032199999998,0.040878893896873207,0.00010413736354098843,0.040725592931596735,0.00010507916537179608,0.033822280134755418,0.00028442848457030151,0,0,0,0,0.00073691275757772434,1.017642263681214e-07
1239,0.013431639352232568,0.00026022100218763559,0.61278213400000003,0.040878893896873207,0.00010413736354098843,0.040725592931596735,0.00010507916537179608,0.033822280134755418,0.00028442848457030151,0,0,0.041005308662877701,0.00010943307334319948,0.018436560699085457,6.6669330534709393e-05
1240,0.026113732711783966,0.001320732705516059,0.61354777800000004,0.040878893896873207,0.00010413736354098843,0.040725592931596735,0.00010507916537179608,0.033822280134755418,0.00028442848457030151,0.099015042046594087,0.0018951229601319186,0,0,0.0020897457832725727,7.133946667246938e-07
1241,0.0093263163894876898,0.00024962897782840159,0.51113487199999996,0.040878893896873207,0.00010413736354098843,0.040725592931596735,0.00010507916537179608,0.064301081919963615,0.0011434775053933504,0,0,0,0,0.066925301383199784,0.0010976716341893321
1242,0.017155929754174997,0.00029644580172951459,0.30662562599999998,0.040878893896873207,0.00010413736354098843,0.040725592931596735,0.00010507916537179608,0.064301081919963615,0.0011434775053933504,0,0,0.077646384166351154,0.00048192924222406397,0.035299224261615122,0.00027203686528506433
1243,0.023426868090053333,0.00044509299225005682,0.32779157799999997,0.040878893896873207,0.00010413736354098843,0.040725592931596735,0.00010507916537179608,0.064301081919963615,0.0011434775053933504,0,0,0.13810176934126006,0.002002016474771101,0.066925301383199784,0.0010976716341893321
1244,0.033898642866276911,0.0010605785259620887,0.49597887299999999,0.040878893896873207,0.00010413736354098843,0.040725592931596735,0.00010507916537179608,0.064301081919963615,0.0011434775053933504,0.0025776564298912751,7.178637923836913e-07,0.23639565188982414,0.008090160902531382,0.0020897457832725727,7.133946667246938e-07
1245,0.026166943809982284,0.0060225332310096767,0.31531453700000001,0.040878893896873207,0.00010413736354098843,0.040725592931596735,0.00010507916537179608,0.12074096984968002,0.0045738414776371689,0,0,0,0,0.23835386535479269,0.017767155452867944
1246,0.033746506582402164,0.0010408901113643455,0.37277435799999997,0.040878893896873207,0.00010413736354098843,0.040725592931596735,0.00010507916537179608,0.12074096984968002,0.0045738414776371689,0,0,0.23639565188982414,0.008090160902531382,0.035299224261615122,0.00027203686528506433
1247,0.011783230088353818,0.00036976205097154072,0.34871072600000003,0.040878893896873207,0.00010413736354098843,0.040725592931596735,0.00010507916537179608,0.12074096984968002,0.0045738414776371689,0.014981183407215215,2.5095647377126372e-05,0,0,0,0
1248,0.034655377338452954,0.0011960007697594526,0.40369056199999998,0.040878893896873207,0.00010413736354098843,0.040725592931596735,0.00010507916537179608,0.12074096984968002,0.0045738414776371689,0.014981183407215215,2.5095647377126372e-05,0.23639565188982414,0.008090160902531382,0.0020897457832725727,7.133946667246938e-07
1249,0.014612864676798457,0.00050629073420060196,0.40615111199999998,0.040878893896873207,0.00010413736354098843,0.040725592931596735,0.00010507916537179608,0.12074096984968002,0.0045738414776371689,0.029349513899250026,0.00011093713019455803,0.0072555615269624344,3.1365272899216516e-06,0.0094673376615136643,1.5803755559712259e-05
1250,0.053356557197625977,0.021256080624248795,0.36395619899999998,0.040878893896873207,0.00010413736354098843,0.040725592931596735,0.00010507916537179608,0.2422388505978256,0.018789844584028239,0,0,0.019542957487582578,2.1920897010672351e-05,0.0046713869740736399,3.5621158608966306e-06
1251,0.074832208925749932,0.026520353751336885,0.37561067199999998,0.040878893896873207,0.00010413736354098843,0.040725592931596735,0.00010507916537179608,0.2422388505978256,0.018789844584028239,0,0,0.13810176934126006,0.002002016474771101,0.23835386535479269,0.017767155452867944
1252,0.052677884545791864,0.02126809315540543,0.31300308500000001,0.040878893896873207,0.00010413736354098843,0.040725592931596735,0.00010507916537179608,0.2422388505978256,0.018789844584028239,0.0025776564298912751,7.178637923836913e-07,0,0,0.12482140519422169,0.0043929082768954294
1253,0.068054315319521122,0.021516143442341755,0.42098289900000002,0.040878893896873207,0.00010413736354098843,0.040725592931596735,0.00010507916537179608,0.2422388505978256,0.018789844584028239,0.0025776564298912751,7.178637923836913e-07,0.23639565188982414,0.008090160902531382,0.12482140519422169,0.0043929082768954294
1254,0.035111324649881086,0.002244915709652216,0.30564127600000002,0.040878893896873207,0.00010413736354098843,0.2357173310580522,0.007790242378895188,0,0,0,0,0,0,0,0
1255,0.035111324649881086,0.002244915709652216,0.33817588999999998,0.040878893896873207,0.00010413736354098843,0.2357173310580522,0.007790242378895188,0,0,0,0,0,0,0.0046713869740736399,3.5621158608966306e-06
1256,0.035111324649881086,0.002244915709652216,0.473328896,0.040878893896873207,0.00010413736354098843,0.2357173310580522,0.007790242378895188,0,0,0,0,0,0,0.018436560699085457,6.6669330534709393e-05
1257,0.035111324649881086,0.002244915709652216,0.30531677400000001,0.040878893896873207,0.00010413736354098843,0.2357173310580522,0.007790242378895188,0,0,0,0,0,0,0.035299224261615122,0.00027203686528506433
1258,0.059531514842791636,0.0030361768431881597,0.30855669099999999,0.040878893896873207,0.00010413736354098843,0.2357173310580522,0.007790242378895188,0,0,0,0,0.23639565188982414,0.008090160902531382,0.0020897457832725727,7.133946667246938e-07
1259,0.059531514842791636,0.0030361768431881597,0.60410947100000001,0.040878893896873207,0.00010413736354098843,0.2357173310580522,0.007790242378895188,0,0,0,0,0.23639565188982414,0.008090160902531382,0.12482140519422169,0.0043929082768954294
1260,0.043086469517239455,0.0023059608961324648,0.62225620599999998,0.040878893896873207,0.00010413736354098843,0.2357173310580522,0.007790242378895188,0,0,0.0025776564298912751,7.178637923836913e-07,0.077646384166351154,0.00048192924222406397,0,0
1261,0.059686489796414346,0.0030548644982456622,0.41849333999999999,0.040878893896873207,0.00010413736354098843,0.2357173310580522,0.007790242378895188,0,0,0.0025776564298912751,7.178637923836913e-07,0.23639565188982414,0.008090160902531382,0.00073691275757772434,1.017642263681214e-07
1262,0.037652523520621616,0.0022875195279533789,0.32540051800000003,0.040878893896873207,0.00010413736354098843,0.2357173310580522,0.007790242378895188,0,0,0.0070568641369427197,5.0167964149023017e-06,0.019542957487582578,2.1920897010672351e-05,0.035299224261615122,0.00027203686528506433
1263,0.047631005808208768,0.0059266651279505939,0.31031221399999998,0.040878893896873207,0.00010413736354098843,0.2357173310580522,0.007790242378895188,0,0,0.014981183407215215,2.5095647377126372e-05,0,0,0.23835386535479269,0.017767155452867944
1264,0.042370185271032826,0.0024475927469700108,0.37035138200000001,0.040878893896873207,0.00010413736354098843,0.2357173310580522,0.007790242378895188,0,0,0.029349513899250026,0.00011093713019455803,0.041005308662877701,0.00010943307334319948,0,0
1265,0.042370185271032826,0.0024475927469700108,0.41843565300000002,0.040878893896873207,0.00010413736354098843,0.2357173310580522,0.007790242378895188,0,0,0.029349513899250026,0.00011093713019455803,0.041005308662877701,0.00010943307334319948,0.018436560699085457,6.6669330534709393e-05
1266,0.051093500273161598,0.0026543139114067536,0.37390857599999999,0.040878893896873207,0.00010413736354098843,0.2357173310580522,0.007790242378895188,0,0,0.029349513899250026,0.00011093713019455803,0.13810176934126006,0.002002016474771101,0.066925301383199784,0.0010976716341893321
1267,0.051358567608399582,0.0031310052998248716,0.37663127299999999,0.040878893896873207,0.00010413736354098843,0.2357173310580522,0.007790242378895188,0,0,0.099015042046594087,0.0018951229601319186,0,0,0,0
1268,0.068078869986966578,0.0048984374464885695,0.70191818399999995,0.040878893896873207,0.00010413736354098843,0.2357173310580522,0.007790242378895188,0,0,0.17323221681704717,0.0075662290638639019,0.13810176934126006,0.002002016474771101,0.066925301383199784,0.0010976716341893321
1269,0.074621254854354224,0.0056411769741703966,0.62485173400000005,0.040878893896873207,0.00010413736354098843,0.2357173310580522,0.007790242378895188,0,0,0.17323221681704717,0.0075662290638639019,0.23639565188982414,0.008090160902531382,0,0
1270,0.081400793213511374,0.0084862849883459972,0.62466265300000001,0.040878893896873207,0.00010413736354098843,0.2357173310580522,0.007790242378895188,0,0,0.29432736935424308,0.029782257606169423,0,0,0,0
1271,0.081788399629412006,0.0085500601563990412,0.61345296500000002,0.040878893896873207,0.00010413736354098843,0.2357173310580522,0.007790242378895188,0,0,0.29432736935424308,0.029782257606169423,0.019542957487582578,2.1920897010672351e-05,0.0046713869740736399,3.5621158608966306e-06
1272,0.081788399629412006,0.0085500601563990412,0.60693775400000005,0.040878893896873207,0.00010413736354098843,0.2357173310580522,0.007790242378895188,0,0,0.29432736935424308,0.029782257606169423,0.019542957487582578,2.1920897010672351e-05,0.0094673376615136643,1.5803755559712259e-05
1273,0.08841251050718163,0.010129199995459307,0.60927862600000005,0.040878893896873207,0.00010413736354098843,0.2357173310580522,0.007790242378895188,0,0,0.29432736935424308,0.029782257606169423,0.23639565188982414,0.008090160902531382,0.00073691275757772434,1.017642263681214e-07
1274,0.037045449265281298,0.0022470343831180683,0.61016847299999999,0.040878893896873207,0.00010413736354098843,0.2357173310580522,0.007790242378895188,0.00071998620962972519,1.0668702470797522e-07,0,0,0.019542957487582578,2.1920897010672351e-05,0.0094673376615136643,1.5803755559712259e-05
1275,0.059531514842791636,0.0030361768431881597,0.60505326100000001,0.040878893896873207,0.00010413736354098843,0.2357173310580522,0.007790242378895188,0.00071998620962972519,1.0668702470797522e-07,0,0,0.23639565188982414,0.008090160902531382,0,0
1276,0.035454041429537737,0.0022579199353014046,0.36305009399999999,0.040878893896873207,0.00010413736354098843,0.2357173310580522,0.007790242378895188,0.00071998620962972519,1.0668702470797522e-07,0.0025776564298912751,7.178637923836913e-07,0,0,0.018436560699085457,6.6669330534709393e-05
1277,0.045937334709458058,0.0059617622770341593,0.475699494,0.040878893896873207,0.00010413736354098843,0.2357173310580522,0.007790242378895188,0.00071998620962972519,1.0668702470797522e-07,0.0025776564298912751,7.178637923836913e-07,0,0,0.23835386535479269,0.017767155452867944
1278,0.043086469517239455,0.0023059608961324648,0.30272806000000002,0.040878893896873207,0.00010413736354098843,0.2357173310580522,0.007790242378895188,0.00071998620962972519,1.0668702470797522e-07,0.0025776564298912751,7.178637923836913e-07,0.077646384166351154,0.00048192924222406397,0,0
1279,0.049366485723827694,0.0024561652998994206,0.373175164,0.040878893896873207,0.00010413736354098843,0.2357173310580522,0.007790242378895188,0.00071998620962972519,1.0668702470797522e-07,0.0025776564298912751,7.178637923836913e-07,0.13810176934126006,0.002002016474771101,0.0020897457832725727,7.133946667246938e-07
1280,0.082955374848566382,0.008741922700447621,0.36982562699999999,0.040878893896873207,0.00010413736354098843,0.2357173310580522,0.007790242378895188,0.00071998620962972519,1.0668702470797522e-07,0.29432736935424308,0.029782257606169423,0.077646384166351154,0.00048192924222406397,0.035299224261615122,0.00027203686528506433
1281,0.08481957383852079,0.0090992171904177941,0.32155964100000001,0.040878893896873207,0.00010413736354098843,0.2357173310580522,0.007790242378895188,0.00071998620962972519,1.0668702470797522e-07,0.29432736935424308,0.029782257606169423,0.13810176934126006,0.002002016474771101,0.0020897457832725727,7.133946667246938e-07
1282,0.08481957383852079,0.0090992171904177941,0.41840898900000001,0.040878893896873207,0.00010413736354098843,0.2357173310580522,0.007790242378895188,0.00071998620962972519,1.0668702470797522e-07,0.29432736935424308,0.029782257606169423,0.13810176934126006,0.002002016474771101,0.0046713869740736399,3.5621158608966306e-06
1283,0.08751995661925821,0.010149461670638132,0.33122933999999998,0.040878893896873207,0.00010413736354098843,0.2357173310580522,0.007790242378895188,0.00071998620962972519,1.0668702470797522e-07,0.29432736935424308,0.029782257606169423,0.13810176934126006,0.002002016474771101,0.23835386535479269,0.017767155452867944
1284,0.035111324649881086,0.002244915709652216,0.37175402299999999,0.040878893896873207,0.00010413736354098843,0.2357173310580522,0.007790242378895188,0.0019913003314104079,7.4466870783374176e-07,0,0,0,0,0.0046713869740736399,3.5621158608966306e-06
1285,0.039873375522403325,0.0024294481257931826,0.37746732599999999,0.040878893896873207,0.00010413736354098843,0.2357173310580522,0.007790242378895188,0.0019913003314104079,7.4466870783374176e-07,0.029349513899250026,0.00011093713019455803,0,0,0.035299224261615122,0.00027203686528506433
1286,0.035111324649881086,0.002244915709652216,0.326268628,0.040878893896873207,0.00010413736354098843,0.2357173310580522,0.007790242378895188,0.004391030021690891,3.7296579112788589e-06,0,0,0,0,0.035299224261615122,0.00027203686528506433
1287,0.049211876350444689,0.0024403797240738711,0.33832192300000002,0.040878893896873207,0.00010413736354098843,0.2357173310580522,0.007790242378895188,0.0089799454227389077,1.6589615174066303e-05,0,0,0.13810176934126006,0.002002016474771101,0,0
1288,0.049211876350444689,0.0024403797240738711,0.31097717000000002,0.040878893896873207,0.00010413736354098843,0.2357173310580522,0.007790242378895188,0.0089799454227389077,1.6589615174066303e-05,0,0,0.13810176934126006,0.002002016474771101,0.0046713869740736399,3.5621158608966306e-06
1289,0.042940938014570683,0.002291732533553329,0.30509471999999999,0.040878893896873207,0.00010413736354098843,0.2357173310580522,0.007790242378895188,0.017576043218851114,6.9394104898684919e-05,0,0,0.077646384166351154,0.00048192924222406397,0,0
1290,0.053496110124598567,0.0060199520524909234,0.365279886,0.040878893896873207,0.00010413736354098843,0.2357173310580522,0.007790242378895188,0.017576043218851114,6.9394104898684919e-05,0,0,0.077646384166351154,0.00048192924222406397,0.23835386535479269,0.017767155452867944
1291,0.039873375522403325,0.0024294481257931826,0.37563620399999997,0.040878893896873207,0.00010413736354098843,0.2357173310580522,0.007790242378895188,0.017576043218851114,6.9394104898684919e-05,0.029349513899250026,0.00011093713019455803,0,0,0.00073691275757772434,1.017642263681214e-07
1292,0.040212388730242424,0.0024311333458077659,0.31870470200000001,0.040878893896873207,0.00010413736354098843,0.2357173310580522,0.007790242378895188,0.017576043218851114,6.9394104898684919e-05,0.029349513899250026,0.00011093713019455803,0.0072555615269624344,3.1365272899216516e-06,0,0
1293,0.040868252970465958,0.0024353794615437703,0.304030205,0.040878893896873207,0.00010413736354098843,0.2357173310580522,0.007790242378895188,0.017576043218851114,6.9394104898684919e-05,0.029349513899250026,0.00011093713019455803,0.019542957487582578,2.1920897010672351e-05,0.0046713869740736399,3.5621158608966306e-06
1294,0.061041487362866298,0.0032775942011569166,0.33305859199999999,0.040878893896873207,0.00010413736354098843,0.2357173310580522,0.007790242378895188,0.017576043218851114,6.9394104898684919e-05,0.029349513899250026,0.00011093713019455803,0.23639565188982414,0.008090160902531382,0.0020897457832725727,7.133946667246938e-07
1295,0.061041487362866298,0.0032775942011569166,0.35415261799999997,0.040878893896873207,0.00010413736354098843,0.2357173310580522,0.007790242378895188,0.017576043218851114,6.9394104898684919e-05,0.029349513899250026,0.00011093713019455803,0.23639565188982414,0.008090160902531382,0.035299224261615122,0.00027203686528506433
1296,0.061041487362866298,0.0032775942011569166,0.30319505299999999,0.040878893896873207,0.00010413736354098843,0.2357173310580522,0.007790242378895188,0.017576043218851114,6.9394104898684919e-05,0.029349513899250026,0.00011093713019455803,0.23639565188982414,0.008090160902531382,0.12482140519422169,0.0043929082768954294
1297,0.035111324649881086,0.002244915709652216,0.38611798800000002,0.040878893896873207,0.00010413736354098843,0.2357173310580522,0.007790242378895188,0.033822280134755418,0.00028442848457030151,0,0,0,0,0.035299224261615122,0.00027203686528506433
1298,0.045666496759910379,0.0059731352285898104,0.30511527900000002,0.040878893896873207,0.00010413736354098843,0.2357173310580522,0.007790242378895188,0.033822280134755418,0.00028442848457030151,0,0,0,0,0.23835386535479269,0.017767155452867944
1299,0.049211876350444689,0.0024403797240738711,0.30910350800000003,0.040878893896873207,0.00010413736354098843,0.2357173310580522,0.007790242378895188,0.033822280134755418,0.00028442848457030151,0,0,0.13810176934126006,0.002002016474771101,0,0
1300,0.049211876350444689,0.0024403797240738711,0.30589496100000002,0.040878893896873207,0.00010413736354098843,0.2357173310580522,0.007790242378895188,0.033822280134755418,0.00028442848457030151,0,0,0.13810176934126006,0.002002016474771101,0.0020897457832725727,7.133946667246938e-07
1301,0.051358567608399582,0.0031310052998248716,0.30336337299999999,0.040878893896873207,0.00010413736354098843,0.2357173310580522,0.007790242378895188,0.033822280134755418,0.00028442848457030151,0.099015042046594087,0.0018951229601319186,0,0,0,0
1302,0.051358567608399582,0.0031310052998248716,0.35568894000000001,0.040878893896873207,0.00010413736354098843,0.2357173310580522,0.007790242378895188,0.033822280134755418,0.00028442848457030151,0.099015042046594087,0.0018951229601319186,0,0,0.12482140519422169,0.0043929082768954294
1303,0.051990126348508039,0.0031499108616441728,0.30467027499999999,0.040878893896873207,0.00010413736354098843,0.2357173310580522,0.007790242378895188,0.033822280134755418,0.00028442848457030151,0.099015042046594087,0.0018951229601319186,0.019542957487582578,2.1920897010672351e-05,0.0094673376615136643,1.5803755559712259e-05
1304,0.042940938014570683,0.002291732533553329,0.305074607,0.040878893896873207,0.00010413736354098843,0.2357173310580522,0.007790242378895188,0.064301081919963615,0.0011434775053933504,0,0,0.077646384166351154,0.00048192924222406397,0.035299224261615122,0.00027203686528506433
1305,0.035454041429537737,0.0022579199353014046,0.30708216300000002,0.040878893896873207,0.00010413736354098843,0.2357173310580522,0.007790242378895188,0.064301081919963615,0.0011434775053933504,0.0025776564298912751,7.178637923836913e-07,0,0,0,0
1306,0.037244086599963318,0.0022602736877708088,0.30528291200000002,0.040878893896873207,0.00010413736354098843,0.2357173310580522,0.007790242378895188,0.064301081919963615,0.0011434775053933504,0.0025776564298912751,7.178637923836913e-07,0.019542957487582578,2.1920897010672351e-05,0.0046713869740736399,3.5621158608966306e-06
1307,0.047600621375308662,0.0059752539020556626,0.33421003199999999,0.040878893896873207,0.00010413736354098843,0.2357173310580522,0.007790242378895188,0.12074096984968002,0.0045738414776371689,0,0,0.019542957487582578,2.1920897010672351e-05,0.23835386535479269,0.017767155452867944
1308,0.037470163711626377,0.0023254320359543043,0.426484592,0.040878893896873207,0.00010413736354098843,0.2357173310580522,0.007790242378895188,0.12074096984968002,0.0045738414776371689,0.014981183407215215,2.5095647377126372e-05,0,0,0,0
1309,0.047631005808208768,0.0059266651279505939,0.303478254,0.040878893896873207,0.00010413736354098843,0.2357173310580522,0.007790242378895188,0.12074096984968002,0.0045738414776371689,0.014981183407215215,2.5095647377126372e-05,0,0,0.23835386535479269,0.017767155452867944
1310,0.040472225215090474,0.0023389357872051768,0.33446801599999998,0.040878893896873207,0.00010413736354098843,0.2357173310580522,0.007790242378895188,0.12074096984968002,0.0045738414776371689,0.014981183407215215,2.5095647377126372e-05,0.041005308662877701,0.00010943307334319948,0.018436560699085457,6.6669330534709393e-05
1311,0.039873375522403325,0.0024294481257931826,0.32675932600000002,0.040878893896873207,0.00010413736354098843,0.2357173310580522,0.007790242378895188,0.12074096984968002,0.0045738414776371689,0.029349513899250026,0.00011093713019455803,0,0,0.018436560699085457,6.6669330534709393e-05
1312,0.084297888337622487,0.022839343183798978,0.46260670599999998,0.040878893896873207,0.00010413736354098843,0.2357173310580522,0.007790242378895188,0.2422388505978256,0.018789844584028239,0,0,0.13810176934126006,0.002002016474771101,0.0020897457832725727,7.133946667246938e-07
1313,0.07656115101363907,0.022884095645522129,0.30376217900000002,0.040878893896873207,0.00010413736354098843,0.2357173310580522,0.007790242378895188,0.2422388505978256,0.018789844584028239,0.0025776564298912751,7.178637923836913e-07,0,0,0.0020897457832725727,7.133946667246938e-07
1314,0.084367052286495534,0.022840662029740229,0.56765380799999998,0.040878893896873207,0.00010413736354098843,0.2357173310580522,0.007790242378895188,0.2422388505978256,0.018789844584028239,0.0025776564298912751,7.178637923836913e-07,0.13810176934126006,0.002002016474771101,0,0
1315,0.0081673236938664788,4.938820663848678e-05,0.30408105899999999,0.077351058830571667,0.0004597394693769959,0,0,0,0,0,0,0,0,0,0
1316,0.0081673236938664788,4.938820663848678e-05,0.32582557600000001,0.077351058830571667,0.0004597394693769959,0,0,0,0,0,0,0,0,0.00073691275757772434,1.017642263681214e-07
1317,0.0081673236938664788,4.938820663848678e-05,0.30779775999999998,0.077351058830571667,0.0004597394693769959,0,0,0,0,0,0,0,0,0.0046713869740736399,3.5621158608966306e-06
1318,0.008882764542123325,4.9692606594946993e-05,0.30793952600000002,0.077351058830571667,0.0004597394693769959,0,0,0,0,0,0,0.0072555615269624344,3.1365272899216516e-06,0,0
1319,0.008882764542123325,4.9692606594946993e-05,0.306878755,0.077351058830571667,0.0004597394693769959,0,0,0,0,0,0,0.0072555615269624344,3.1365272899216516e-06,0.0046713869740736399,3.5621158608966306e-06
1320,0.022267875394429239,0.00024485222106014203,0.30404329899999999,0.077351058830571667,0.0004597394693769959,0,0,0,0,0,0,0.13810176934126006,0.002002016474771101,0.0046713869740736399,3.5621158608966306e-06
1321,0.0325875138867796,0.00084064934017443068,0.38576026899999999,0.077351058830571667,0.0004597394693769959,0,0,0,0,0,0,0.23639565188982414,0.008090160902531382,0.035299224261615122,0.00027203686528506433
1322,0.012430134609532607,7.4783720491284546e-05,0.31985639399999999,0.077351058830571667,0.0004597394693769959,0,0,0,0,0.0025776564298912751,7.178637923836913e-07,0.041005308662877701,0.00010943307334319948,0,0
1323,0.040209533299267602,0.0063522223400714409,0.31492124700000002,0.077351058830571667,0.0004597394693769959,0,0,0,0,0.0025776564298912751,7.178637923836913e-07,0.13810176934126006,0.002002016474771101,0.23835386535479269,0.017767155452867944
1324,0.0091857642458331168,9.1670571238791846e-05,0.358704101,0.077351058830571667,0.0004597394693769959,0,0,0,0,0.0070568641369427197,5.0167964149023017e-06,0,0,0,0
1325,0.0091857642458331168,9.1670571238791846e-05,0.36359023299999998,0.077351058830571667,0.0004597394693769959,0,0,0,0,0.0070568641369427197,5.0167964149023017e-06,0,0,0.00073691275757772434,1.017642263681214e-07
1326,0.01100295798301176,0.00016804246241058807,0.30725770600000002,0.077351058830571667,0.0004597394693769959,0,0,0,0,0.014981183407215215,2.5095647377126372e-05,0.0072555615269624344,3.1365272899216516e-06,0,0
1327,0.033490292984632408,0.00099337962369428737,0.30386754799999999,0.077351058830571667,0.0004597394693769959,0,0,0,0,0.014981183407215215,2.5095647377126372e-05,0.23639565188982414,0.008090160902531382,0.00073691275757772434,1.017642263681214e-07
1328,0.018544423381955395,0.00037077299140956616,0.35814519299999997,0.077351058830571667,0.0004597394693769959,0,0,0,0,0.029349513899250026,0.00011093713019455803,0.077646384166351154,0.00048192924222406397,0,0
1329,0.035335951799839539,0.0061264949108128675,0.301315263,0.077351058830571667,0.0004597394693769959,0,0,0,0,0.029349513899250026,0.00011093713019455803,0.077646384166351154,0.00048192924222406397,0.23835386535479269,0.017767155452867944
1330,0.017569112684787249,0.00057936918887468156,0.30393012200000002,0.077351058830571667,0.0004597394693769959,0,0,0,0,0.054808110924766583,0.00046335850843711145,0,0,0,0
1331,0.017569112684787249,0.00057936918887468156,0.34558687100000002,0.077351058830571667,0.0004597394693769959,0,0,0,0,0.054808110924766583,0.00046335850843711145,0,0,0.0046713869740736399,3.5621158608966306e-06
1332,0.017569112684787249,0.00057936918887468156,0.32597401100000001,0.077351058830571667,0.0004597394693769959,0,0,0,0,0.054808110924766583,0.00046335850843711145,0,0,0.0094673376615136643,1.5803755559712259e-05
1333,0.017569112684787249,0.00057936918887468156,0.30777650600000001,0.077351058830571667,0.0004597394693769959,0,0,0,0,0.054808110924766583,0.00046335850843711145,0,0,0.035299224261615122,0.00027203686528506433
1334,0.018386886165589793,0.00058987876869889691,0.61079512000000002,0.077351058830571667,0.0004597394693769959,0,0,0,0,0.054808110924766583,0.00046335850843711145,0.019542957487582578,2.1920897010672351e-05,0,0
1335,0.018386886165589793,0.00058987876869889691,0.49073768899999998,0.077351058830571667,0.0004597394693769959,0,0,0,0,0.054808110924766583,0.00046335850843711145,0.019542957487582578,2.1920897010672351e-05,0.12482140519422169,0.0043929082768954294
1336,0.021945162453029982,0.00065781662047496501,0.32706222099999999,0.077351058830571667,0.0004597394693769959,0,0,0,0,0.054808110924766583,0.00046335850843711145,0.077646384166351154,0.00048192924222406397,0.035299224261615122,0.00027203686528506433
1337,0.036209410323812981,0.0014785659591488084,0.60509904000000003,0.077351058830571667,0.0004597394693769959,0,0,0,0,0.054808110924766583,0.00046335850843711145,0.23639565188982414,0.008090160902531382,0.0020897457832725727,7.133946667246938e-07
1338,0.038886538696307225,0.0059341299478521767,0.60653705599999996,0.077351058830571667,0.0004597394693769959,0,0,0,0,0.099015042046594087,0.0018951229601319186,0,0,0.23835386535479269,0.017767155452867944
1339,0.025723422318081033,0.0011922191044079339,0.60756580999999998,0.077351058830571667,0.0004597394693769959,0,0,0,0,0.099015042046594087,0.0018951229601319186,0.019542957487582578,2.1920897010672351e-05,0.12482140519422169,0.0043929082768954294
1340,0.042125362900676852,0.0060523671028080541,0.30760590799999998,0.077351058830571667,0.0004597394693769959,0,0,0,0,0.099015042046594087,0.0018951229601319186,0.077646384166351154,0.00048192924222406397,0.23835386535479269,0.017767155452867944
1341,0.046216884158251287,0.0062501635204255824,0.41207313400000001,0.077351058830571667,0.0004597394693769959,0,0,0,0,0.099015042046594087,0.0018951229601319186,0.13810176934126006,0.002002016474771101,0.23835386535479269,0.017767155452867944
1342,0.037183319431093466,0.002531972363551929,0.54800207400000001,0.077351058830571667,0.0004597394693769959,0,0,0,0,0.17323221681704717,0.0075662290638639019,0,0,0.066925301383199784,0.0010976716341893321
1343,0.055803548036735262,0.006437829549756172,0.32010540300000001,0.077351058830571667,0.0004597394693769959,0,0,0,0,0.29432736935424308,0.029782257606169423,0,0,0.0046713869740736399,3.5621158608966306e-06
1344,0.056191154452638226,0.0065016047178092159,0.30365409799999998,0.077351058830571667,0.0004597394693769959,0,0,0,0,0.29432736935424308,0.029782257606169423,0.019542957487582578,2.1920897010672351e-05,0,0
1345,0.0081673236938664788,4.938820663848678e-05,0.43186032400000002,0.077351058830571667,0.0004597394693769959,0,0,0.00071998620962972519,1.0668702470797522e-07,0,0,0,0,0,0
1346,0.010101448309264955,5.150688010433915e-05,0.31370816899999998,0.077351058830571667,0.0004597394693769959,0,0,0.00071998620962972519,1.0668702470797522e-07,0,0,0.019542957487582578,2.1920897010672351e-05,0,0
1347,0.00851068487439368,6.360017708345909e-05,0.30294005000000002,0.077351058830571667,0.0004597394693769959,0,0,0.00071998620962972519,1.0668702470797522e-07,0.0025776564298912751,7.178637923836913e-07,0,0,0,0
1348,0.0091126549821549645,6.3952114228993438e-05,0.34513440200000001,0.077351058830571667,0.0004597394693769959,0,0,0.00071998620962972519,1.0668702470797522e-07,0.0025776564298912751,7.178637923836913e-07,0.0072555615269624344,3.1365272899216516e-06,0.0046713869740736399,3.5621158608966306e-06
1349,0.022423129168683314,0.00026184554168147509,0.323729131,0.077351058830571667,0.0004597394693769959,0,0,0.00071998620962972519,1.0668702470797522e-07,0.0025776564298912751,7.178637923836913e-07,0.13810176934126006,0.002002016474771101,0.0020897457832725727,7.133946667246938e-07
1350,0.022423129168683314,0.00026184554168147509,0.33676616599999998,0.077351058830571667,0.0004597394693769959,0,0,0.00071998620962972519,1.0668702470797522e-07,0.0025776564298912751,7.178637923836913e-07,0.13810176934126006,0.002002016474771101,0.066925301383199784,0.0010976716341893321
1351,0.032743133241273523,0.0008605447400277166,0.32292570799999998,0.077351058830571667,0.0004597394693769959,0,0,0.00071998620962972519,1.0668702470797522e-07,0.0025776564298912751,7.178637923836913e-07,0.23639565188982414,0.008090160902531382,0.035299224261615122,0.00027203686528506433
1352,0.055803548036735262,0.006437829549756172,0.60679313599999996,0.077351058830571667,0.0004597394693769959,0,0,0.00071998620962972519,1.0668702470797522e-07,0.29432736935424308,0.029782257606169423,0,0,0.0046713869740736399,3.5621158608966306e-06
1353,0.056191154452638226,0.0065016047178092159,0.607550865,0.077351058830571667,0.0004597394693769959,0,0,0.00071998620962972519,1.0668702470797522e-07,0.29432736935424308,0.029782257606169423,0.019542957487582578,2.1920897010672351e-05,0.0046713869740736399,3.5621158608966306e-06
1354,0.024348424629306861,0.00053593808128680196,0.43464615000000001,0.077351058830571667,0.0004597394693769959,0,0,0.0019913003314104079,7.4466870783374176e-07,0.029349513899250026,0.00011093713019455803,0.13810176934126006,0.002002016474771101,0,0
1355,0.041139953047186616,0.0062916600006901035,0.30663812299999998,0.077351058830571667,0.0004597394693769959,0,0,0.0019913003314104079,7.4466870783374176e-07,0.029349513899250026,0.00011093713019455803,0.13810176934126006,0.002002016474771101,0.23835386535479269,0.017767155452867944
1356,0.0081673236938664788,4.938820663848678e-05,0.30555184400000002,0.077351058830571667,0.0004597394693769959,0,0,0.004391030021690891,3.7296579112788589e-06,0,0,0,0,0,0
1357,0.0081673236938664788,4.938820663848678e-05,0.413843878,0.077351058830571667,0.0004597394693769959,0,0,0.004391030021690891,3.7296579112788589e-06,0,0,0,0,0.0046713869740736399,3.5621158608966306e-06
1358,0.022267875394429239,0.00024485222106014203,0.33658097799999998,0.077351058830571667,0.0004597394693769959,0,0,0.004391030021690891,3.7296579112788589e-06,0,0,0.13810176934126006,0.002002016474771101,0.0046713869740736399,3.5621158608966306e-06
1359,0.0325875138867796,0.00084064934017443068,0.35232796500000002,0.077351058830571667,0.0004597394693769959,0,0,0.004391030021690891,3.7296579112788589e-06,0,0,0.23639565188982414,0.008090160902531382,0.00073691275757772434,1.017642263681214e-07
1360,0.0081673236938664788,4.938820663848678e-05,0.31953655399999997,0.077351058830571667,0.0004597394693769959,0,0,0.0089799454227389077,1.6589615174066303e-05,0,0,0,0,0.018436560699085457,6.6669330534709393e-05
1361,0.02795475635154451,0.0061643745950463475,0.30369062800000002,0.077351058830571667,0.0004597394693769959,0,0,0.0089799454227389077,1.6589615174066303e-05,0,0,0.019542957487582578,2.1920897010672351e-05,0.23835386535479269,0.017767155452867944
1362,0.012272646656612558,5.9980230997720794e-05,0.30492676099999999,0.077351058830571667,0.0004597394693769959,0,0,0.0089799454227389077,1.6589615174066303e-05,0,0,0.041005308662877701,0.00010943307334319948,0.018436560699085457,6.6669330534709393e-05
1363,0.03385024510082793,0.0062090727454816082,0.45721077900000001,0.077351058830571667,0.0004597394693769959,0,0,0.0089799454227389077,1.6589615174066303e-05,0,0,0.077646384166351154,0.00048192924222406397,0.23835386535479269,0.017767155452867944
1364,0.008882764542123325,4.9692606594946993e-05,0.30294227400000001,0.077351058830571667,0.0004597394693769959,0,0,0.017576043218851114,6.9394104898684919e-05,0,0,0.0072555615269624344,3.1365272899216516e-06,0.0094673376615136643,1.5803755559712259e-05
1365,0.015996937058552124,9.6205030539599784e-05,0.36037450999999998,0.077351058830571667,0.0004597394693769959,0,0,0.017576043218851114,6.9394104898684919e-05,0,0,0.077646384166351154,0.00048192924222406397,0,0
1366,0.040121183436699466,0.0063577199360021503,0.30471583600000002,0.077351058830571667,0.0004597394693769959,0,0,0.017576043218851114,6.9394104898684919e-05,0,0,0.13810176934126006,0.002002016474771101,0.23835386535479269,0.017767155452867944
1367,0.013128299878545585,0.00031107229567323104,0.52553629000000002,0.077351058830571667,0.0004597394693769959,0,0,0.017576043218851114,6.9394104898684919e-05,0.029349513899250026,0.00011093713019455803,0,0,0.0094673376615136643,1.5803755559712259e-05
1368,0.018544423381955395,0.00037077299140956616,0.30382703799999999,0.077351058830571667,0.0004597394693769959,0,0,0.017576043218851114,6.9394104898684919e-05,0.029349513899250026,0.00011093713019455803,0.077646384166351154,0.00048192924222406397,0.035299224261615122,0.00027203686528506433
1369,0.034296411719015957,0.0011592183710369651,0.409852304,0.077351058830571667,0.0004597394693769959,0,0,0.017576043218851114,6.9394104898684919e-05,0.029349513899250026,0.00011093713019455803,0.23639565188982414,0.008090160902531382,0.0020897457832725727,7.133946667246938e-07
1370,0.03385024510082793,0.0062090727454816082,0.30425372699999997,0.077351058830571667,0.0004597394693769959,0,0,0.033822280134755418,0.00028442848457030151,0,0,0.077646384166351154,0.00048192924222406397,0.23835386535479269,0.017767155452867944
1371,0.022267875394429239,0.00024485222106014203,0.38224137600000002,0.077351058830571667,0.0004597394693769959,0,0,0.033822280134755418,0.00028442848457030151,0,0,0.13810176934126006,0.002002016474771101,0,0
1372,0.025091863577971121,0.0011733135425886327,0.30538324500000003,0.077351058830571667,0.0004597394693769959,0,0,0.033822280134755418,0.00028442848457030151,0.099015042046594087,0.0018951229601319186,0,0,0.00073691275757772434,1.017642263681214e-07
1373,0.012272646656612558,5.9980230997720794e-05,0.51585202299999999,0.077351058830571667,0.0004597394693769959,0,0,0.064301081919963615,0.0011434775053933504,0,0,0.041005308662877701,0.00010943307334319948,0,0
1374,0.015996937058552124,9.6205030539599784e-05,0.61026120800000005,0.077351058830571667,0.0004597394693769959,0,0,0.064301081919963615,0.0011434775053933504,0,0,0.077646384166351154,0.00048192924222406397,0.035299224261615122,0.00027203686528506433
1375,0.022267875394429239,0.00024485222106014203,0.60920661099999995,0.077351058830571667,0.0004597394693769959,0,0,0.064301081919963615,0.0011434775053933504,0,0,0.13810176934126006,0.002002016474771101,0.066925301383199784,0.0010976716341893321
1376,0.040121183436699466,0.0063577199360021503,0.60423107700000001,0.077351058830571667,0.0004597394693769959,0,0,0.064301081919963615,0.0011434775053933504,0,0,0.13810176934126006,0.002002016474771101,0.23835386535479269,0.017767155452867944
1377,0.016143112962092102,0.00011164113791451912,0.61221764499999998,0.077351058830571667,0.0004597394693769959,0,0,0.064301081919963615,0.0011434775053933504,0.0025776564298912751,7.178637923836913e-07,0.077646384166351154,0.00048192924222406397,0,0
1378,0.0081673236938664788,4.938820663848678e-05,0.61301418900000004,0.077351058830571667,0.0004597394693769959,0,0,0.12074096984968002,0.0045738414776371689,0,0,0,0,0,0
1379,0.010101448309264955,5.150688010433915e-05,0.61081384500000002,0.077351058830571667,0.0004597394693769959,0,0,0.12074096984968002,0.0045738414776371689,0,0,0.019542957487582578,2.1920897010672351e-05,0.035299224261615122,0.00027203686528506433
1380,0.040121183436699466,0.0063577199360021503,0.60682712699999997,0.077351058830571667,0.0004597394693769959,0,0,0.12074096984968002,0.0045738414776371689,0,0,0.13810176934126006,0.002002016474771101,0.23835386535479269,0.017767155452867944
1381,0.027992753922573235,0.0061199551503909851,0.60563636499999995,0.077351058830571667,0.0004597394693769959,0,0,0.12074096984968002,0.0045738414776371689,0.014981183407215215,2.5095647377126372e-05,0,0,0.23835386535479269,0.017767155452867944
1382,0.023170144489054474,0.00037727047789991015,0.61087542500000003,0.077351058830571667,0.0004597394693769959,0,0,0.12074096984968002,0.0045738414776371689,0.014981183407215215,2.5095647377126372e-05,0.13810176934126006,0.002002016474771101,0.0020897457832725727,7.133946667246938e-07
1383,0.041139953047186616,0.0062916600006901035,0.60817705899999996,0.077351058830571667,0.0004597394693769959,0,0,0.12074096984968002,0.0045738414776371689,0.029349513899250026,0.00011093713019455803,0.13810176934126006,0.002002016474771101,0.23835386535479269,0.017767155452867944
1384,0.052038653969682103,0.021207899955035719,0.61127783099999999,0.077351058830571667,0.0004597394693769959,0,0,0.2422388505978256,0.018789844584028239,0,0,0,0,0.0094673376615136643,1.5803755559712259e-05
1385,0.052226922906918251,0.0212011339732876,0.61233101199999995,0.077351058830571667,0.0004597394693769959,0,0,0.2422388505978256,0.018789844584028239,0,0,0.0072555615269624344,3.1365272899216516e-06,0,0
1386,0.052714429791288014,0.021188899200340915,0.61119011000000001,0.077351058830571667,0.0004597394693769959,0,0,0.2422388505978256,0.018789844584028239,0,0,0.019542957487582578,2.1920897010672351e-05,0.0046713869740736399,3.5621158608966306e-06
1387,0.052036613183846982,0.021199469213816383,0.61013652399999996,0.077351058830571667,0.0004597394693769959,0,0,0.2422388505978256,0.018789844584028239,0.0025776564298912751,7.178637923836913e-07,0,0,0.018436560699085457,6.6669330534709393e-05
1388,0.052036613183846982,0.021199469213816383,0.60838695200000004,0.077351058830571667,0.0004597394693769959,0,0,0.2422388505978256,0.018789844584028239,0.0025776564298912751,7.178637923836913e-07,0,0,0.035299224261615122,0.00027203686528506433
1389,0.052274362478567399,0.021192842772579028,0.61106517900000001,0.077351058830571667,0.0004597394693769959,0,0,0.2422388505978256,0.018789844584028239,0.0025776564298912751,7.178637923836913e-07,0.0072555615269624344,3.1365272899216516e-06,0,0
1390,0.07076259327484985,0.026664862885834768,0.60611217900000003,0.077351058830571667,0.0004597394693769959,0,0,0.2422388505978256,0.018789844584028239,0.0025776564298912751,7.178637923836913e-07,0.077646384166351154,0.00048192924222406397,0.23835386535479269,0.017767155452867944
1391,0.074778144287190068,0.026683967503461581,0.52391268599999996,0.077351058830571667,0.0004597394693769959,0,0,0.2422388505978256,0.018789844584028239,0.0025776564298912751,7.178637923836913e-07,0.13810176934126006,0.002002016474771101,0.23835386535479269,0.017767155452867944
1392,0.0090233501076239179,8.7645907310468664e-05,0.30828060600000001,0.077351058830571667,0.0004597394693769959,0.0070538581727384439,2.9911722163954058e-06,0,0,0,0,0,0,0,0
1393,0.0090233501076239179,8.7645907310468664e-05,0.45379532099999997,0.077351058830571667,0.0004597394693769959,0.0070538581727384439,2.9911722163954058e-06,0,0,0,0,0,0,0.0046713869740736399,3.5621158608966306e-06
1394,0.0097387909558805004,8.795030726692887e-05,0.30457951599999999,0.077351058830571667,0.0004597394693769959,0.0070538581727384439,2.9911722163954058e-06,0,0,0,0,0.0072555615269624344,3.1365272899216516e-06,0.0046713869740736399,3.5621158608966306e-06
1395,0.028644060275131604,0.0061453452429897732,0.30469697699999998,0.077351058830571667,0.0004597394693769959,0.0070538581727384439,2.9911722163954058e-06,0,0,0,0,0.019542957487582578,2.1920897010672351e-05,0.23835386535479269,0.017767155452867944
1396,0.023123901808188976,0.00028310992173212387,0.45855495499999999,0.077351058830571667,0.0004597394693769959,0.0070538581727384439,2.9911722163954058e-06,0,0,0,0,0.13810176934126006,0.002002016474771101,0,0
1397,0.011148556526963341,0.0001021372550203528,0.30702612400000001,0.077351058830571667,0.0004597394693769959,0.0070538581727384439,2.9911722163954058e-06,0,0,0.0025776564298912751,7.178637923836913e-07,0.019542957487582578,2.1920897010672351e-05,0.12482140519422169,0.0043929082768954294
1398,0.013277961091678144,0.00011096704595877396,0.34831525600000002,0.077351058830571667,0.0004597394693769959,0.0070538581727384439,2.9911722163954058e-06,0,0,0.0025776564298912751,7.178637923836913e-07,0.041005308662877701,0.00010943307334319948,0,0
1399,0.010040210449929678,0.00013083145875362318,0.307022248,0.077351058830571667,0.0004597394693769959,0.0070538581727384439,2.9911722163954058e-06,0,0,0.0070568641369427197,5.0167964149023017e-06,0,0,0,0
1400,0.010554192914452415,0.0001313531532355459,0.32270586600000001,0.077351058830571667,0.0004597394693769959,0.0070538581727384439,2.9911722163954058e-06,0,0,0.0070568641369427197,5.0167964149023017e-06,0.0072555615269624344,3.1365272899216516e-06,0.0094673376615136643,1.5803755559712259e-05
1401,0.014979416054303406,0.00035566714603892281,0.30624206100000001,0.077351058830571667,0.0004597394693769959,0.0070538581727384439,2.9911722163954058e-06,0,0,0.029349513899250026,0.00011093713019455803,0.019542957487582578,2.1920897010672351e-05,0.035299224261615122,0.00027203686528506433
1402,0.035152650446711481,0.0011978818856520693,0.314982763,0.077351058830571667,0.0004597394693769959,0.0070538581727384439,2.9911722163954058e-06,0,0,0.029349513899250026,0.00011093713019455803,0.23639565188982414,0.008090160902531382,0.12482140519422169,0.0043929082768954294
1403,0.018405643321266117,0.00061038478542455282,0.52449636799999999,0.077351058830571667,0.0004597394693769959,0.0070538581727384439,2.9911722163954058e-06,0,0,0.054808110924766583,0.00046335850843711145,0,0,0.0020897457832725727,7.133946667246938e-07
1404,0.027630182105964202,0.00085671295029486421,0.35224779099999998,0.077351058830571667,0.0004597394693769959,0.0070538581727384439,2.9911722163954058e-06,0,0,0.054808110924766583,0.00046335850843711145,0.13810176934126006,0.002002016474771101,0,0
1405,0.027630182105964202,0.00085671295029486421,0.38143164200000002,0.077351058830571667,0.0004597394693769959,0.0070538581727384439,2.9911722163954058e-06,0,0,0.054808110924766583,0.00046335850843711145,0.13810176934126006,0.002002016474771101,0.0020897457832725727,7.133946667246938e-07
1406,0.04110039218677701,0.0021752110919314909,0.313570507,0.077351058830571667,0.0004597394693769959,0.0070538581727384439,2.9911722163954058e-06,0,0,0.099015042046594087,0.0018951229601319186,0.23639565188982414,0.008090160902531382,0.00073691275757772434,1.017642263681214e-07
1407,0.056989554083507712,0.0065226443676253514,0.314297614,0.077351058830571667,0.0004597394693769959,0.0070538581727384439,2.9911722163954058e-06,0,0,0.29432736935424308,0.029782257606169423,0.019542957487582578,2.1920897010672351e-05,0,0
1408,0.058156529302662525,0.0067145069116739302,0.315677877,0.077351058830571667,0.0004597394693769959,0.0070538581727384439,2.9911722163954058e-06,0,0,0.29432736935424308,0.029782257606169423,0.077646384166351154,0.00048192924222406397,0,0
1409,0.065621242209616987,0.0093394018302731165,0.31526289499999999,0.077351058830571667,0.0004597394693769959,0.0070538581727384439,2.9911722163954058e-06,0,0,0.29432736935424308,0.029782257606169423,0.077646384166351154,0.00048192924222406397,0.23835386535479269,0.017767155452867944
1410,0.0090233501076239179,8.7645907310468664e-05,0.30858317899999999,0.077351058830571667,0.0004597394693769959,0.0070538581727384439,2.9911722163954058e-06,0.00071998620962972519,1.0668702470797522e-07,0,0,0,0,0.035299224261615122,0.00027203686528506433
1411,0.026709935659730302,0.006143226569523921,0.30748101900000002,0.077351058830571667,0.0004597394693769959,0.0070538581727384439,2.9911722163954058e-06,0.00071998620962972519,1.0668702470797522e-07,0,0,0,0,0.23835386535479269,0.017767155452867944
1412,0.010957474723022097,8.9764580776321027e-05,0.31716744200000002,0.077351058830571667,0.0004597394693769959,0.0070538581727384439,2.9911722163954058e-06,0.00071998620962972519,1.0668702470797522e-07,0,0,0.019542957487582578,2.1920897010672351e-05,0.0094673376615136643,1.5803755559712259e-05
1413,0.013277961091678144,0.00011096704595877396,0.31138012399999998,0.077351058830571667,0.0004597394693769959,0.0070538581727384439,2.9911722163954058e-06,0.00071998620962972519,1.0668702470797522e-07,0.0025776564298912751,7.178637923836913e-07,0.041005308662877701,0.00010943307334319948,0,0
1414,0.023270955650831551,0.00029802886714896449,0.30521226200000001,0.077351058830571667,0.0004597394693769959,0.0070538581727384439,2.9911722163954058e-06,0.00071998620962972519,1.0668702470797522e-07,0.0025776564298912751,7.178637923836913e-07,0.13810176934126006,0.002002016474771101,0.0020897457832725727,7.133946667246938e-07
1415,0.05660194766760486,0.0064588691995723065,0.39436856599999998,0.077351058830571667,0.0004597394693769959,0.0070538581727384439,2.9911722163954058e-06,0.00071998620962972519,1.0668702470797522e-07,0.29432736935424308,0.029782257606169423,0,0,0,0
1416,0.063613664961276961,0.0081017842066856173,0.40854037900000001,0.077351058830571667,0.0004597394693769959,0.0070538581727384439,2.9911722163954058e-06,0.00071998620962972519,1.0668702470797522e-07,0.29432736935424308,0.029782257606169423,0.23639565188982414,0.008090160902531382,0,0
1417,0.0090233501076239179,8.7645907310468664e-05,0.30576577599999999,0.077351058830571667,0.0004597394693769959,0.0070538581727384439,2.9911722163954058e-06,0.0019913003314104079,7.4466870783374176e-07,0,0,0,0,0,0
1418,0.023123901808188976,0.00028310992173212387,0.38088940799999998,0.077351058830571667,0.0004597394693769959,0.0070538581727384439,2.9911722163954058e-06,0.0019913003314104079,7.4466870783374176e-07,0,0,0.13810176934126006,0.002002016474771101,0,0
1419,0.0090233501076239179,8.7645907310468664e-05,0.305119117,0.077351058830571667,0.0004597394693769959,0.0070538581727384439,2.9911722163954058e-06,0.004391030021690891,3.7296579112788589e-06,0,0,0,0,0.0020897457832725727,7.133946667246938e-07
1420,0.023123901808188976,0.00028310992173212387,0.33200100300000002,0.077351058830571667,0.0004597394693769959,0.0070538581727384439,2.9911722163954058e-06,0.004391030021690891,3.7296579112788589e-06,0,0,0.13810176934126006,0.002002016474771101,0,0
1421,0.023123901808188976,0.00028310992173212387,0.33374744200000001,0.077351058830571667,0.0004597394693769959,0.0070538581727384439,2.9911722163954058e-06,0.0089799454227389077,1.6589615174066303e-05,0,0,0.13810176934126006,0.002002016474771101,0,0
1422,0.016852963472311178,0.00013446273121158167,0.37391777399999998,0.077351058830571667,0.0004597394693769959,0.0070538581727384439,2.9911722163954058e-06,0.017576043218851114,6.9394104898684919e-05,0,0,0.077646384166351154,0.00048192924222406397,0,0
1423,0.040810487360284933,0.006338690583945576,0.30283049200000001,0.077351058830571667,0.0004597394693769959,0.0070538581727384439,2.9911722163954058e-06,0.017576043218851114,6.9394104898684919e-05,0,0,0.13810176934126006,0.002002016474771101,0.23835386535479269,0.017767155452867944
1424,0.025204663357003752,0.00057460159590190616,0.34516905599999997,0.077351058830571667,0.0004597394693769959,0.0070538581727384439,2.9911722163954058e-06,0.017576043218851114,6.9394104898684919e-05,0.029349513899250026,0.00011093713019455803,0.13810176934126006,0.002002016474771101,0.0020897457832725727,7.133946667246938e-07
1425,0.0090233501076239179,8.7645907310468664e-05,0.30802423400000001,0.077351058830571667,0.0004597394693769959,0.0070538581727384439,2.9911722163954058e-06,0.033822280134755418,0.00028442848457030151,0,0,0,0,0.035299224261615122,0.00027203686528506433
1426,0.03453954902441423,0.006190043393425034,0.34085169500000001,0.077351058830571667,0.0004597394693769959,0.0070538581727384439,2.9911722163954058e-06,0.033822280134755418,0.00028442848457030151,0,0,0.077646384166351154,0.00048192924222406397,0.23835386535479269,0.017767155452867944
1427,0.025915917010513927,0.0011994645067064365,0.306210916,0.077351058830571667,0.0004597394693769959,0.0070538581727384439,2.9911722163954058e-06,0.033822280134755418,0.00028442848457030151,0.099015042046594087,0.0018951229601319186,0,0,0.0020897457832725727,7.133946667246938e-07
1428,0.040810487360284933,0.006338690583945576,0.39449394599999998,0.077351058830571667,0.0004597394693769959,0.0070538581727384439,2.9911722163954058e-06,0.064301081919963615,0.0011434775053933504,0,0,0.13810176934126006,0.002002016474771101,0.23835386535479269,0.017767155452867944
1429,0.033443540300538026,0.00087890704084641258,0.30624446300000002,0.077351058830571667,0.0004597394693769959,0.0070538581727384439,2.9911722163954058e-06,0.064301081919963615,0.0011434775053933504,0,0,0.23639565188982414,0.008090160902531382,0.12482140519422169,0.0043929082768954294
1430,0.0093585113565395686,9.9783502550948504e-05,0.41309535200000003,0.077351058830571667,0.0004597394693769959,0.0070538581727384439,2.9911722163954058e-06,0.064301081919963615,0.0011434775053933504,0.0025776564298912751,7.178637923836913e-07,0,0,0.0046713869740736399,3.5621158608966306e-06
1431,0.011148556526963341,0.0001021372550203528,0.611510899,0.077351058830571667,0.0004597394693769959,0.0070538581727384439,2.9911722163954058e-06,0.064301081919963615,0.0011434775053933504,0.0025776564298912751,7.178637923836913e-07,0.019542957487582578,2.1920897010672351e-05,0.12482140519422169,0.0043929082768954294
1432,0.040904983870648844,0.0063364819808617552,0.611664973,0.077351058830571667,0.0004597394693769959,0.0070538581727384439,2.9911722163954058e-06,0.064301081919963615,0.0011434775053933504,0.0025776564298912751,7.178637923836913e-07,0.13810176934126006,0.002002016474771101,0.23835386535479269,0.017767155452867944
1433,0.033590959723420494,0.00089672806549520611,0.61182315099999995,0.077351058830571667,0.0004597394693769959,0.0070538581727384439,2.9911722163954058e-06,0.064301081919963615,0.0011434775053933504,0.0025776564298912751,7.178637923836913e-07,0.23639565188982414,0.008090160902531382,0.00073691275757772434,1.017642263681214e-07
1434,0.033590959723420494,0.00089672806549520611,0.61002401299999998,0.077351058830571667,0.0004597394693769959,0.0070538581727384439,2.9911722163954058e-06,0.064301081919963615,0.0011434775053933504,0.0025776564298912751,7.178637923836913e-07,0.23639565188982414,0.008090160902531382,0.0020897457832725727,7.133946667246938e-07
1435,0.0090233501076239179,8.7645907310468664e-05,0.40179481700000003,0.077351058830571667,0.0004597394693769959,0.0070538581727384439,2.9911722163954058e-06,0.12074096984968002,0.0045738414776371689,0,0,0,0,0,0
1436,0.016852963472311178,0.00013446273121158167,0.33172048100000001,0.077351058830571667,0.0004597394693769959,0.0070538581727384439,2.9911722163954058e-06,0.12074096984968002,0.0045738414776371689,0,0,0.077646384166351154,0.00048192924222406397,0,0
1437,0.011459780939966191,0.00020229679905387971,0.30276204600000001,0.077351058830571667,0.0004597394693769959,0.0070538581727384439,2.9911722163954058e-06,0.12074096984968002,0.0045738414776371689,0.014981183407215215,2.5095647377126372e-05,0,0,0.00073691275757772434,1.017642263681214e-07
1438,0.028690139206011142,0.0061052665144591418,0.31101019899999999,0.077351058830571667,0.0004597394693769959,0.0070538581727384439,2.9911722163954058e-06,0.12074096984968002,0.0045738414776371689,0.014981183407215215,2.5095647377126372e-05,0,0,0.23835386535479269,0.017767155452867944
1439,0.012722576577304042,0.00020594283430736495,0.30403721500000003,0.077351058830571667,0.0004597394693769959,0.0070538581727384439,2.9911722163954058e-06,0.12074096984968002,0.0045738414776371689,0.014981183407215215,2.5095647377126372e-05,0.019542957487582578,2.1920897010672351e-05,0,0
1440,0.012722576577304042,0.00020594283430736495,0.30207323600000002,0.077351058830571667,0.0004597394693769959,0.0070538581727384439,2.9911722163954058e-06,0.12074096984968002,0.0045738414776371689,0.014981183407215215,2.5095647377126372e-05,0.019542957487582578,2.1920897010672351e-05,0.0094673376615136643,1.5803755559712259e-05
1441,0.035162418286305321,0.0061596213600031346,0.302204582,0.077351058830571667,0.0004597394693769959,0.0070538581727384439,2.9911722163954058e-06,0.12074096984968002,0.0045738414776371689,0.014981183407215215,2.5095647377126372e-05,0.077646384166351154,0.00048192924222406397,0.23835386535479269,0.017767155452867944
1442,0.014979416054303406,0.00035566714603892281,0.30455503900000003,0.077351058830571667,0.0004597394693769959,0.0070538581727384439,2.9911722163954058e-06,0.12074096984968002,0.0045738414776371689,0.029349513899250026,0.00011093713019455803,0.019542957487582578,2.1920897010672351e-05,0.12482140519422169,0.0043929082768954294
1443,0.01940066210965187,0.00040943650602467036,0.303910554,0.077351058830571667,0.0004597394693769959,0.0070538581727384439,2.9911722163954058e-06,0.12074096984968002,0.0045738414776371689,0.029349513899250026,0.00011093713019455803,0.077646384166351154,0.00048192924222406397,0,0
1444,0.035152650446711481,0.0011978818856520693,0.30412087300000001,0.077351058830571667,0.0004597394693769959,0.0070538581727384439,2.9911722163954058e-06,0.12074096984968002,0.0045738414776371689,0.029349513899250026,0.00011093713019455803,0.23639565188982414,0.008090160902531382,0.12482140519422169,0.0043929082768954294
1445,0.052799497403336546,0.021220144227520398,0.30535425900000002,0.077351058830571667,0.0004597394693769959,0.0070538581727384439,2.9911722163954058e-06,0.2422388505978256,0.018789844584028239,0,0,0,0,0.035299224261615122,0.00027203686528506433
1446,0.052987766340572638,0.021213378245772279,0.59849529800000001,0.077351058830571667,0.0004597394693769959,0.0070538581727384439,2.9911722163954058e-06,0.2422388505978256,0.018789844584028239,0,0,0.0072555615269624344,3.1365272899216516e-06,0,0
1447,0.053475273224942305,0.021201143472825593,0.30334733899999999,0.077351058830571667,0.0004597394693769959,0.0070538581727384439,2.9911722163954058e-06,0.2422388505978256,0.018789844584028239,0,0,0.019542957487582578,2.1920897010672351e-05,0.12482140519422169,0.0043929082768954294
1448,0.052794528622159644,0.021211365192949205,0.47655011899999999,0.077351058830571667,0.0004597394693769959,0.0070538581727384439,2.9911722163954058e-06,0.2422388505978256,0.018789844584028239,0.0025776564298912751,7.178637923836913e-07,0,0,0,0
1449,0.068170959395887493,0.021459415479885526,0.30357712599999997,0.077351058830571667,0.0004597394693769959,0.0070538581727384439,2.9911722163954058e-06,0.2422388505978256,0.018789844584028239,0.0025776564298912751,7.178637923836913e-07,0.23639565188982414,0.008090160902531382,0,0
1450,0.068170959395887493,0.021459415479885526,0.35686380000000001,0.077351058830571667,0.0004597394693769959,0.0070538581727384439,2.9911722163954058e-06,0.2422388505978256,0.018789844584028239,0.0025776564298912751,7.178637923836913e-07,0.23639565188982414,0.008090160902531382,0.035299224261615122,0.00027203686528506433
1451,0.068170959395887493,0.021459415479885526,0.33464681000000002,0.077351058830571667,0.0004597394693769959,0.0070538581727384439,2.9911722163954058e-06,0.2422388505978256,0.018789844584028239,0.0025776564298912751,7.178637923836913e-07,0.23639565188982414,0.008090160902531382,0.12482140519422169,0.0043929082768954294
1452,0.013204988091034962,0.00028782762731827642,0.33117264800000001,0.077351058830571667,0.0004597394693769959,0.040725592931596735,0.00010507916537179608,0,0,0,0,0,0,0,0
1453,0.013204988091034962,0.00028782762731827642,0.31133838699999999,0.077351058830571667,0.0004597394693769959,0.040725592931596735,0.00010507916537179608,0,0,0,0,0,0,0.0020897457832725727,7.133946667246938e-07
1454,0.013204988091034962,0.00028782762731827642,0.30308962699999997,0.077351058830571667,0.0004597394693769959,0.040725592931596735,0.00010507916537179608,0,0,0,0,0,0,0.0046713869740736399,3.5621158608966306e-06
1455,0.013204988091034962,0.00028782762731827642,0.31300809000000002,0.077351058830571667,0.0004597394693769959,0.040725592931596735,0.00010507916537179608,0,0,0,0,0,0,0.0094673376615136643,1.5803755559712259e-05
1456,0.030045615511530645,0.0060607318804995515,0.48575013500000003,0.077351058830571667,0.0004597394693769959,0.040725592931596735,0.00010507916537179608,0,0,0,0,0,0,0.23835386535479269,0.017767155452867944
1457,0.013920428939291324,0.00028813202727473664,0.30282927599999998,0.077351058830571667,0.0004597394693769959,0.040725592931596735,0.00010507916537179608,0,0,0,0,0.0072555615269624344,3.1365272899216516e-06,0.0046713869740736399,3.5621158608966306e-06
1458,0.01731031105378655,0.00029841965167751042,0.358854481,0.077351058830571667,0.0004597394693769959,0.040725592931596735,0.00010507916537179608,0,0,0,0,0.041005308662877701,0.00010943307334319948,0,0
1459,0.037875228876214494,0.0061075487044006645,0.304498408,0.077351058830571667,0.0004597394693769959,0.040725592931596735,0.00010507916537179608,0,0,0,0,0.077646384166351154,0.00048192924222406397,0.23835386535479269,0.017767155452867944
1460,0.027305539791605087,0.00048329164173993165,0.38852603200000002,0.077351058830571667,0.0004597394693769959,0.040725592931596735,0.00010507916537179608,0,0,0,0,0.13810176934126006,0.002002016474771101,0.066925301383199784,0.0010976716341893321
1461,0.037625178283952572,0.0010790887608542203,0.30603451199999998,0.077351058830571667,0.0004597394693769959,0.040725592931596735,0.00010507916537179608,0,0,0,0,0.23639565188982414,0.008090160902531382,0.035299224261615122,0.00027203686528506433
1462,0.013544866200943043,0.00030183261250770594,0.43905096599999999,0.077351058830571667,0.0004597394693769959,0.040725592931596735,0.00010507916537179608,0,0,0.0025776564298912751,7.178637923836913e-07,0,0,0,0
1463,0.014146836308704315,0.00030218454965324029,0.317619492,0.077351058830571667,0.0004597394693769959,0.040725592931596735,0.00010507916537179608,0,0,0.0025776564298912751,7.178637923836913e-07,0.0072555615269624344,3.1365272899216516e-06,0.0094673376615136643,1.5803755559712259e-05
1464,0.015334911371369307,0.00030418636497711024,0.30940068799999998,0.077351058830571667,0.0004597394693769959,0.040725592931596735,0.00010507916537179608,0,0,0.0025776564298912751,7.178637923836913e-07,0.019542957487582578,2.1920897010672351e-05,0.0046713869740736399,3.5621158608966306e-06
1465,0.015334911371369307,0.00030418636497711024,0.305002359,0.077351058830571667,0.0004597394693769959,0.040725592931596735,0.00010507916537179608,0,0,0.0025776564298912751,7.178637923836913e-07,0.019542957487582578,2.1920897010672351e-05,0.0094673376615136643,1.5803755559712259e-05
1466,0.032117411031206529,0.0060576134152218611,0.30390276100000002,0.077351058830571667,0.0004597394693769959,0.040725592931596735,0.00010507916537179608,0,0,0.0025776564298912751,7.178637923836913e-07,0.019542957487582578,2.1920897010672351e-05,0.23835386535479269,0.017767155452867944
1467,0.037777314567827479,0.0010987771754519635,0.38913690200000001,0.077351058830571667,0.0004597394693769959,0.040725592931596735,0.00010507916537179608,0,0,0.0025776564298912751,7.178637923836913e-07,0.23639565188982414,0.008090160902531382,0,0
1468,0.014742985673831295,0.0003341547806477632,0.35105661300000002,0.077351058830571667,0.0004597394693769959,0.040725592931596735,0.00010507916537179608,0,0,0.0070568641369427197,5.0167964149023017e-06,0.0072555615269624344,3.1365272899216516e-06,0.0046713869740736399,3.5621158608966306e-06
1469,0.015750316303196982,0.00033627307887199015,0.30556828699999999,0.077351058830571667,0.0004597394693769959,0.040725592931596735,0.00010507916537179608,0,0,0.0070568641369427197,5.0167964149023017e-06,0.019542957487582578,2.1920897010672351e-05,0.035299224261615122,0.00027203686528506433
1470,0.015661901789904373,0.00040796070046141556,0.35612062500000002,0.077351058830571667,0.0004597394693769959,0.040725592931596735,0.00010507916537179608,0,0,0.014981183407215215,2.5095647377126372e-05,0,0,0.0020897457832725727,7.133946667246938e-07
1471,0.038534049040003758,0.0012341994192493276,0.310571712,0.077351058830571667,0.0004597394693769959,0.040725592931596735,0.00010507916537179608,0,0,0.014981183407215215,2.5095647377126372e-05,0.23639565188982414,0.008090160902531382,0.00073691275757772434,1.017642263681214e-07
1472,0.022551920828770874,0.00079851982728781044,0.35421113100000001,0.077351058830571667,0.0004597394693769959,0.040725592931596735,0.00010507916537179608,0,0,0.054808110924766583,0.00046335850843711145,0,0,0.0094673376615136643,1.5803755559712259e-05
1473,0.022551920828770874,0.00079851982728781044,0.31775687899999999,0.077351058830571667,0.0004597394693769959,0.040725592931596735,0.00010507916537179608,0,0,0.054808110924766583,0.00046335850843711145,0,0,0.035299224261615122,0.00027203686528506433
1474,0.022551920828770874,0.00079851982728781044,0.30633642900000002,0.077351058830571667,0.0004597394693769959,0.040725592931596735,0.00010507916537179608,0,0,0.054808110924766583,0.00046335850843711145,0,0,0.066925301383199784,0.0010976716341893321
1475,0.022812507087039902,0.00080170757401929089,0.30986427599999999,0.077351058830571667,0.0004597394693769959,0.040725592931596735,0.00010507916537179608,0,0,0.054808110924766583,0.00046335850843711145,0.0072555615269624344,3.1365272899216516e-06,0.0046713869740736399,3.5621158608966306e-06
1476,0.031519547963579531,0.00140649005135008,0.304918458,0.077351058830571667,0.0004597394693769959,0.040725592931596735,0.00010507916537179608,0,0,0.099015042046594087,0.0018951229601319186,0.041005308662877701,0.00010943307334319948,0.018436560699085457,6.6669330534709393e-05
1477,0.041956643534655919,0.0026796313651266824,0.30420703100000002,0.077351058830571667,0.0004597394693769959,0.040725592931596735,0.00010507916537179608,0,0,0.17323221681704717,0.0075662290638639019,0,0,0.00073691275757772434,1.017642263681214e-07
1478,0.042468156597025956,0.0027143223743993981,0.34504196300000001,0.077351058830571667,0.0004597394693769959,0.040725592931596735,0.00010507916537179608,0,0,0.17323221681704717,0.0075662290638639019,0.019542957487582578,2.1920897010672351e-05,0.12482140519422169,0.0043929082768954294
1479,0.060549182779414346,0.0065895926874856023,0.46860613400000001,0.077351058830571667,0.0004597394693769959,0.040725592931596735,0.00010507916537179608,0,0,0.29432736935424308,0.029782257606169423,0,0,0.0094673376615136643,1.5803755559712259e-05
1480,0.067852501629930825,0.0090987976999049019,0.30312043999999999,0.077351058830571667,0.0004597394693769959,0.040725592931596735,0.00010507916537179608,0,0,0.29432736935424308,0.029782257606169423,0.019542957487582578,2.1920897010672351e-05,0.23835386535479269,0.017767155452867944
1481,0.06137060587019643,0.0067215186865614849,0.32873944999999999,0.077351058830571667,0.0004597394693769959,0.040725592931596735,0.00010507916537179608,0,0,0.29432736935424308,0.029782257606169423,0.041005308662877701,0.00010943307334319948,0.018436560699085457,6.6669330534709393e-05
1482,0.067560900073086419,0.0082325076945989131,0.47417598599999999,0.077351058830571667,0.0004597394693769959,0.040725592931596735,0.00010507916537179608,0,0,0.29432736935424308,0.029782257606169423,0.23639565188982414,0.008090160902531382,0.12482140519422169,0.0043929082768954294
1483,0.015139112706435139,0.0002899463007841288,0.30419127499999998,0.077351058830571667,0.0004597394693769959,0.040725592931596735,0.00010507916537179608,0.00071998620962972519,1.0668702470797522e-07,0,0,0.019542957487582578,2.1920897010672351e-05,0.0094673376615136643,1.5803755559712259e-05
1484,0.037625178283952572,0.0010790887608542203,0.30939490800000002,0.077351058830571667,0.0004597394693769959,0.040725592931596735,0.00010507916537179608,0.00071998620962972519,1.0668702470797522e-07,0,0,0.23639565188982414,0.008090160902531382,0.12482140519422169,0.0043929082768954294
1485,0.037777314567827479,0.0010987771754519635,0.30669874000000003,0.077351058830571667,0.0004597394693769959,0.040725592931596735,0.00010507916537179608,0.00071998620962972519,1.0668702470797522e-07,0.0025776564298912751,7.178637923836913e-07,0.23639565188982414,0.008090160902531382,0,0
1486,0.060936789195316594,0.0066533678555386463,0.30556138999999999,0.077351058830571667,0.0004597394693769959,0.040725592931596735,0.00010507916537179608,0.00071998620962972519,1.0668702470797522e-07,0.29432736935424308,0.029782257606169423,0.019542957487582578,2.1920897010672351e-05,0.0094673376615136643,1.5803755559712259e-05
1487,0.069019476849085659,0.0092906602439534816,0.30909915799999998,0.077351058830571667,0.0004597394693769959,0.040725592931596735,0.00010507916537179608,0.00071998620962972519,1.0668702470797522e-07,0.29432736935424308,0.029782257606169423,0.077646384166351154,0.00048192924222406397,0.23835386535479269,0.017767155452867944
1488,0.067560900073086419,0.0082325076945989131,0.30537528200000003,0.077351058830571667,0.0004597394693769959,0.040725592931596735,0.00010507916537179608,0.00071998620962972519,1.0668702470797522e-07,0.29432736935424308,0.029782257606169423,0.23639565188982414,0.008090160902531382,0.00073691275757772434,1.017642263681214e-07
1489,0.013204988091034962,0.00028782762731827642,0.306977993,0.077351058830571667,0.0004597394693769959,0.040725592931596735,0.00010507916537179608,0.0019913003314104079,7.4466870783374176e-07,0,0,0,0,0,0
1490,0.023568646673923763,0.00060250485941222857,0.30873873299999999,0.077351058830571667,0.0004597394693769959,0.040725592931596735,0.00010507916537179608,0.0019913003314104079,7.4466870783374176e-07,0.029349513899250026,0.00011093713019455803,0.077646384166351154,0.00048192924222406397,0,0
1491,0.03932063501098166,0.0013909502390396275,0.30726117400000003,0.077351058830571667,0.0004597394693769959,0.040725592931596735,0.00010507916537179608,0.0019913003314104079,7.4466870783374176e-07,0.029349513899250026,0.00011093713019455803,0.23639565188982414,0.008090160902531382,0.00073691275757772434,1.017642263681214e-07
1492,0.013204988091034962,0.00028782762731827642,0.30853342700000003,0.077351058830571667,0.0004597394693769959,0.040725592931596735,0.00010507916537179608,0.004391030021690891,3.7296579112788589e-06,0,0,0,0,0,0
1493,0.013204988091034962,0.00028782762731827642,0.31051166600000002,0.077351058830571667,0.0004597394693769959,0.040725592931596735,0.00010507916537179608,0.004391030021690891,3.7296579112788589e-06,0,0,0,0,0.00073691275757772434,1.017642263681214e-07
1494,0.021034601455727955,0.00033464445121938942,0.36346866999999999,0.077351058830571667,0.0004597394693769959,0.040725592931596735,0.00010507916537179608,0.004391030021690891,3.7296579112788589e-06,0,0,0.077646384166351154,0.00048192924222406397,0,0
1495,0.030045615511530645,0.0060607318804995515,0.30384393399999998,0.077351058830571667,0.0004597394693769959,0.040725592931596735,0.00010507916537179608,0.0089799454227389077,1.6589615174066303e-05,0,0,0,0,0.23835386535479269,0.017767155452867944
1496,0.015139112706435139,0.0002899463007841288,0.39318228500000002,0.077351058830571667,0.0004597394693769959,0.040725592931596735,0.00010507916537179608,0.0089799454227389077,1.6589615174066303e-05,0,0,0.019542957487582578,2.1920897010672351e-05,0,0
1497,0.01731031105378655,0.00029841965167751042,0.473129311,0.077351058830571667,0.0004597394693769959,0.040725592931596735,0.00010507916537179608,0.0089799454227389077,1.6589615174066303e-05,0,0,0.041005308662877701,0.00010943307334319948,0.018436560699085457,6.6669330534709393e-05
1498,0.013920428939291324,0.00028813202727473664,0.365714702,0.077351058830571667,0.0004597394693769959,0.040725592931596735,0.00010507916537179608,0.017576043218851114,6.9394104898684919e-05,0,0,0.0072555615269624344,3.1365272899216516e-06,0.0046713869740736399,3.5621158608966306e-06
1499,0.027305539791605087,0.00048329164173993165,0.37948727599999998,0.077351058830571667,0.0004597394693769959,0.040725592931596735,0.00010507916537179608,0.017576043218851114,6.9394104898684919e-05,0,0,0.13810176934126006,0.002002016474771101,0.066925301383199784,0.0010976716341893321
1500,0.037625178283952572,0.0010790887608542203,0.30474165800000003,0.077351058830571667,0.0004597394693769959,0.040725592931596735,0.00010507916537179608,0.017576043218851114,6.9394104898684919e-05,0,0,0.23639565188982414,0.008090160902531382,0.0020897457832725727,7.133946667246938e-07
1501,0.023568646673923763,0.00060250485941222857,0.30495102299999999,0.077351058830571667,0.0004597394693769959,0.040725592931596735,0.00010507916537179608,0.017576043218851114,6.9394104898684919e-05,0.029349513899250026,0.00011093713019455803,0.077646384166351154,0.00048192924222406397,0,0
1502,0.015139112706435139,0.0002899463007841288,0.34779843300000002,0.077351058830571667,0.0004597394693769959,0.040725592931596735,0.00010507916537179608,0.033822280134755418,0.00028442848457030151,0,0,0.019542957487582578,2.1920897010672351e-05,0,0
1503,0.031979740126930216,0.0060628505539654038,0.60925020100000005,0.077351058830571667,0.0004597394693769959,0.040725592931596735,0.00010507916537179608,0.033822280134755418,0.00028442848457030151,0,0,0.019542957487582578,2.1920897010672351e-05,0.23835386535479269,0.017767155452867944
1504,0.037875228876214494,0.0061075487044006645,0.607391656,0.077351058830571667,0.0004597394693769959,0.040725592931596735,0.00010507916537179608,0.033822280134755418,0.00028442848457030151,0,0,0.077646384166351154,0.00048192924222406397,0.23835386535479269,0.017767155452867944
1505,0.037625178283952572,0.0010790887608542203,0.570359171,0.077351058830571667,0.0004597394693769959,0.040725592931596735,0.00010507916537179608,0.033822280134755418,0.00028442848457030151,0,0,0.23639565188982414,0.008090160902531382,0.00073691275757772434,1.017642263681214e-07
1506,0.033231228617704063,0.0014771685099618111,0.30400068099999999,0.077351058830571667,0.0004597394693769959,0.040725592931596735,0.00010507916537179608,0.033822280134755418,0.00028442848457030151,0.099015042046594087,0.0018951229601319186,0.077646384166351154,0.00048192924222406397,0.035299224261615122,0.00027203686528506433
1507,0.01731031105378655,0.00029841965167751042,0.34158364499999999,0.077351058830571667,0.0004597394693769959,0.040725592931596735,0.00010507916537179608,0.064301081919963615,0.0011434775053933504,0,0,0.041005308662877701,0.00010943307334319948,0.018436560699085457,6.6669330534709393e-05
1508,0.027305539791605087,0.00048329164173993165,0.30496153100000001,0.077351058830571667,0.0004597394693769959,0.040725592931596735,0.00010507916537179608,0.064301081919963615,0.0011434775053933504,0,0,0.13810176934126006,0.002002016474771101,0.0046713869740736399,3.5621158608966306e-06
1509,0.037625178283952572,0.0010790887608542203,0.31682395000000002,0.077351058830571667,0.0004597394693769959,0.040725592931596735,0.00010507916537179608,0.064301081919963615,0.0011434775053933504,0,0,0.23639565188982414,0.008090160902531382,0,0
1510,0.014146836308704315,0.00030218454965324029,0.30458553599999999,0.077351058830571667,0.0004597394693769959,0.040725592931596735,0.00010507916537179608,0.064301081919963615,0.0011434775053933504,0.0025776564298912751,7.178637923836913e-07,0.0072555615269624344,3.1365272899216516e-06,0.0094673376615136643,1.5803755559712259e-05
1511,0.015334911371369307,0.00030418636497711024,0.31528047300000001,0.077351058830571667,0.0004597394693769959,0.040725592931596735,0.00010507916537179608,0.064301081919963615,0.0011434775053933504,0.0025776564298912751,7.178637923836913e-07,0.019542957487582578,2.1920897010672351e-05,0,0
1512,0.027457310495240098,0.00050007797710572188,0.36773127300000003,0.077351058830571667,0.0004597394693769959,0.040725592931596735,0.00010507916537179608,0.064301081919963615,0.0011434775053933504,0.0025776564298912751,7.178637923836913e-07,0.13810176934126006,0.002002016474771101,0.0046713869740736399,3.5621158608966306e-06
1513,0.044239810155063321,0.0062535050273504729,0.32976798400000001,0.077351058830571667,0.0004597394693769959,0.040725592931596735,0.00010507916537179608,0.064301081919963615,0.0011434775053933504,0.0025776564298912751,7.178637923836913e-07,0.13810176934126006,0.002002016474771101,0.23835386535479269,0.017767155452867944
1514,0.037777314567827479,0.0010987771754519635,0.365395684,0.077351058830571667,0.0004597394693769959,0.040725592931596735,0.00010507916537179608,0.064301081919963615,0.0011434775053933504,0.0025776564298912751,7.178637923836913e-07,0.23639565188982414,0.008090160902531382,0.12482140519422169,0.0043929082768954294
1515,0.013204988091034962,0.00028782762731827642,0.33862208100000002,0.077351058830571667,0.0004597394693769959,0.040725592931596735,0.00010507916537179608,0.12074096984968002,0.0045738414776371689,0,0,0,0,0.00073691275757772434,1.017642263681214e-07
1516,0.013204988091034962,0.00028782762731827642,0.30560695799999998,0.077351058830571667,0.0004597394693769959,0.040725592931596735,0.00010507916537179608,0.12074096984968002,0.0045738414776371689,0,0,0,0,0.0020897457832725727,7.133946667246938e-07
1517,0.031979740126930216,0.0060628505539654038,0.36434174899999999,0.077351058830571667,0.0004597394693769959,0.040725592931596735,0.00010507916537179608,0.12074096984968002,0.0045738414776371689,0,0,0.019542957487582578,2.1920897010672351e-05,0.23835386535479269,0.017767155452867944
1518,0.027305539791605087,0.00048329164173993165,0.30527080000000001,0.077351058830571667,0.0004597394693769959,0.040725592931596735,0.00010507916537179608,0.12074096984968002,0.0045738414776371689,0,0,0.13810176934126006,0.002002016474771101,0,0
1519,0.027305539791605087,0.00048329164173993165,0.37324940899999998,0.077351058830571667,0.0004597394693769959,0.040725592931596735,0.00010507916537179608,0.12074096984968002,0.0045738414776371689,0,0,0.13810176934126006,0.002002016474771101,0.066925301383199784,0.0010976716341893321
1520,0.015661901789904373,0.00040796070046141556,0.30526044200000002,0.077351058830571667,0.0004597394693769959,0.040725592931596735,0.00010507916537179608,0.12074096984968002,0.0045738414776371689,0.014981183407215215,2.5095647377126372e-05,0,0,0,0
1521,0.015661901789904373,0.00040796070046141556,0.40569242799999999,0.077351058830571667,0.0004597394693769959,0.040725592931596735,0.00010507916537179608,0.12074096984968002,0.0045738414776371689,0.014981183407215215,2.5095647377126372e-05,0,0,0.0046713869740736399,3.5621158608966306e-06
1522,0.016924697427245176,0.0004116067357149008,0.30517576800000001,0.077351058830571667,0.0004597394693769959,0.040725592931596735,0.00010507916537179608,0.12074096984968002,0.0045738414776371689,0.014981183407215215,2.5095647377126372e-05,0.019542957487582578,2.1920897010672351e-05,0.12482140519422169,0.0043929082768954294
1523,0.038534049040003758,0.0012341994192493276,0.31959548799999998,0.077351058830571667,0.0004597394693769959,0.040725592931596735,0.00010507916537179608,0.12074096984968002,0.0045738414776371689,0.014981183407215215,2.5095647377126372e-05,0.23639565188982414,0.008090160902531382,0.0020897457832725727,7.133946667246938e-07
1524,0.020649332919143969,0.00056094878485272179,0.37299152600000002,0.077351058830571667,0.0004597394693769959,0.040725592931596735,0.00010507916537179608,0.12074096984968002,0.0045738414776371689,0.029349513899250026,0.00011093713019455803,0.041005308662877701,0.00010943307334319948,0,0
1525,0.020649332919143969,0.00056094878485272179,0.40049297099999998,0.077351058830571667,0.0004597394693769959,0.040725592931596735,0.00010507916537179608,0.12074096984968002,0.0045738414776371689,0.029349513899250026,0.00011093713019455803,0.041005308662877701,0.00010943307334319948,0.018436560699085457,6.6669330534709393e-05
1526,0.023568646673923763,0.00060250485941222857,0.30363428999999997,0.077351058830571667,0.0004597394693769959,0.040725592931596735,0.00010507916537179608,0.12074096984968002,0.0045738414776371689,0.029349513899250026,0.00011093713019455803,0.077646384166351154,0.00048192924222406397,0.035299224261615122,0.00027203686528506433
1527,0.056559453077569898,0.021313280028433475,0.56016247600000002,0.077351058830571667,0.0004597394693769959,0.040725592931596735,0.00010507916537179608,0.2422388505978256,0.018789844584028239,0,0,0,0,0,0
1528,0.057235228899175344,0.02129427927373867,0.61035486900000002,0.077351058830571667,0.0004597394693769959,0.040725592931596735,0.00010507916537179608,0.2422388505978256,0.018789844584028239,0,0,0.019542957487582578,2.1920897010672351e-05,0.035299224261615122,0.00027203686528506433
1529,0.064305136416089287,0.021267690284146636,0.523820438,0.077351058830571667,0.0004597394693769959,0.040725592931596735,0.00010507916537179608,0.2422388505978256,0.018789844584028239,0,0,0.13810176934126006,0.002002016474771101,0.0020897457832725727,7.133946667246938e-07
1530,0.071860691890801812,0.021556617803917724,0.30211115700000002,0.077351058830571667,0.0004597394693769959,0.040725592931596735,0.00010507916537179608,0.2422388505978256,0.018789844584028239,0,0,0.23639565188982414,0.008090160902531382,0.00073691275757772434,1.017642263681214e-07
1531,0.071860691890801812,0.021556617803917724,0.31250852000000001,0.077351058830571667,0.0004597394693769959,0.040725592931596735,0.00010507916537179608,0.2422388505978256,0.018789844584028239,0,0,0.23639565188982414,0.008090160902531382,0.12482140519422169,0.0043929082768954294
1532,0.056556556247341558,0.021306291804895305,0.37600126299999997,0.077351058830571667,0.0004597394693769959,0.040725592931596735,0.00010507916537179608,0.2422388505978256,0.018789844584028239,0.0025776564298912751,7.178637923836913e-07,0,0,0,0
1533,0.060346906507861092,0.021243753571486591,0.42864223099999998,0.077351058830571667,0.0004597394693769959,0.040725592931596735,0.00010507916537179608,0.2422388505978256,0.018789844584028239,0.0025776564298912751,7.178637923836913e-07,0.077646384166351154,0.00048192924222406397,0.035299224261615122,0.00027203686528506433
1534,0.064362457520202476,0.021262858189113405,0.60770150700000003,0.077351058830571667,0.0004597394693769959,0.040725592931596735,0.00010507916537179608,0.2422388505978256,0.018789844584028239,0.0025776564298912751,7.178637923836913e-07,0.13810176934126006,0.002002016474771101,0,0
1535,0.025944568824456258,0.0011036660899671081,0.60726933299999997,0.077351058830571667,0.0004597394693769959,0.13771161500754689,0.0019340170004380711,0,0,0,0,0,0,0,0
1536,0.025944568824456258,0.0011036660899671081,0.61537466299999999,0.077351058830571667,0.0004597394693769959,0.13771161500754689,0.0019340170004380711,0,0,0,0,0,0,0.0094673376615136643,1.5803755559712259e-05
1537,0.026660009672715493,0.0011039704899235682,0.61205797900000003,0.077351058830571667,0.0004597394693769959,0.13771161500754689,0.0019340170004380711,0,0,0,0,0.0072555615269624344,3.1365272899216516e-06,0,0
1538,0.027878693439858906,0.0011057847634329604,0.611104074,0.077351058830571667,0.0004597394693769959,0.13771161500754689,0.0019340170004380711,0,0,0,0,0.019542957487582578,2.1920897010672351e-05,0.0046713869740736399,3.5621158608966306e-06
1539,0.027878693439858906,0.0011057847634329604,0.30243768100000001,0.077351058830571667,0.0004597394693769959,0.13771161500754689,0.0019340170004380711,0,0,0,0,0.019542957487582578,2.1920897010672351e-05,0.035299224261615122,0.00027203686528506433
1540,0.030049891787207541,0.0011142581143263419,0.38103382499999999,0.077351058830571667,0.0004597394693769959,0.13771161500754689,0.0019340170004380711,0,0,0,0,0.041005308662877701,0.00010943307334319948,0,0
1541,0.040045120525018907,0.0012991301043887632,0.46399571099999998,0.077351058830571667,0.0004597394693769959,0.13771161500754689,0.0019340170004380711,0,0,0,0,0.13810176934126006,0.002002016474771101,0.0020897457832725727,7.133946667246938e-07
1542,0.053885996985228189,0.0060839601073464445,0.30316929999999997,0.077351058830571667,0.0004597394693769959,0.13771161500754689,0.0019340170004380711,0,0,0,0,0.13810176934126006,0.002002016474771101,0.23835386535479269,0.017767155452867944
1543,0.050364759017369011,0.0018949272235030518,0.421208103,0.077351058830571667,0.0004597394693769959,0.13771161500754689,0.0019340170004380711,0,0,0,0,0.23639565188982414,0.008090160902531382,0,0
1544,0.050364759017369011,0.0018949272235030518,0.351084377,0.077351058830571667,0.0004597394693769959,0.13771161500754689,0.0019340170004380711,0,0,0,0,0.23639565188982414,0.008090160902531382,0.12482140519422169,0.0043929082768954294
1545,0.026280173953037163,0.0011155198544170689,0.48426662799999998,0.077351058830571667,0.0004597394693769959,0.13771161500754689,0.0019340170004380711,0,0,0.0025776564298912751,7.178637923836913e-07,0,0,0,0
1546,0.026280173953037163,0.0011155198544170689,0.328885977,0.077351058830571667,0.0004597394693769959,0.13771161500754689,0.0019340170004380711,0,0,0.0025776564298912751,7.178637923836913e-07,0,0,0.035299224261615122,0.00027203686528506433
1547,0.026882144060800653,0.0011158717915626033,0.405590542,0.077351058830571667,0.0004597394693769959,0.13771161500754689,0.0019340170004380711,0,0,0.0025776564298912751,7.178637923836913e-07,0.0072555615269624344,3.1365272899216516e-06,0.0046713869740736399,3.5621158608966306e-06
1548,0.041855890412580886,0.0058847033875696593,0.30119479599999999,0.077351058830571667,0.0004597394693769959,0.13771161500754689,0.0019340170004380711,0,0,0.0025776564298912751,7.178637923836913e-07,0.019542957487582578,2.1920897010672351e-05,0.23835386535479269,0.017767155452867944
1549,0.026966886994389972,0.0011461949389414221,0.42647816,0.077351058830571667,0.0004597394693769959,0.13771161500754689,0.0019340170004380711,0,0,0.0070568641369427197,5.0167964149023017e-06,0,0,0.0094673376615136643,1.5803755559712259e-05
1550,0.028488200088279021,0.0011488349316475719,0.33654307900000002,0.077351058830571667,0.0004597394693769959,0.13771161500754689,0.0019340170004380711,0,0,0.0070568641369427197,5.0167964149023017e-06,0.019542957487582578,2.1920897010672351e-05,0.0094673376615136643,1.5803755559712259e-05
1551,0.028488200088279021,0.0011488349316475719,0.30560325999999999,0.077351058830571667,0.0004597394693769959,0.13771161500754689,0.0019340170004380711,0,0,0.0070568641369427197,5.0167964149023017e-06,0.019542957487582578,2.1920897010672351e-05,0.035299224261615122,0.00027203686528506433
1552,0.028488200088279021,0.0011488349316475719,0.32163167199999998,0.077351058830571667,0.0004597394693769959,0.13771161500754689,0.0019340170004380711,0,0,0.0070568641369427197,5.0167964149023017e-06,0.019542957487582578,2.1920897010672351e-05,0.12482140519422169,0.0043929082768954294
1553,0.050785527486705076,0.0019549664365594225,0.40742134200000002,0.077351058830571667,0.0004597394693769959,0.13771161500754689,0.0019340170004380711,0,0,0.0070568641369427197,5.0167964149023017e-06,0.23639565188982414,0.008090160902531382,0.12482140519422169,0.0043929082768954294
1554,0.041750703058736696,0.0058424763513595457,0.30060924700000002,0.077351058830571667,0.0004597394693769959,0.13771161500754689,0.0019340170004380711,0,0,0.014981183407215215,2.5095647377126372e-05,0,0,0.23835386535479269,0.017767155452867944
1555,0.028733301238597336,0.0012041994042839015,0.39785543000000001,0.077351058830571667,0.0004597394693769959,0.13771161500754689,0.0019340170004380711,0,0,0.014981183407215215,2.5095647377126372e-05,0.0072555615269624344,3.1365272899216516e-06,0.0046713869740736399,3.5621158608966306e-06
1556,0.029611284627459693,0.001206943882033174,0.60764675999999995,0.077351058830571667,0.0004597394693769959,0.13771161500754689,0.0019340170004380711,0,0,0.014981183407215215,2.5095647377126372e-05,0.019542957487582578,2.1920897010672351e-05,0.0094673376615136643,1.5803755559712259e-05
1557,0.029611284627459693,0.001206943882033174,0.61287222600000002,0.077351058830571667,0.0004597394693769959,0.13771161500754689,0.0019340170004380711,0,0,0.014981183407215215,2.5095647377126372e-05,0.019542957487582578,2.1920897010672351e-05,0.12482140519422169,0.0043929082768954294
1558,0.040900487744635186,0.0014134274197732236,0.61390391600000005,0.077351058830571667,0.0004597394693769959,0.13771161500754689,0.0019340170004380711,0,0,0.014981183407215215,2.5095647377126372e-05,0.13810176934126006,0.002002016474771101,0.0046713869740736399,3.5621158608966306e-06
1559,0.051944946717162127,0.0021630969690421597,0.372897645,0.077351058830571667,0.0004597394693769959,0.13771161500754689,0.0019340170004380711,0,0,0.029349513899250026,0.00011093713019455803,0.23639565188982414,0.008090160902531382,0.12482140519422169,0.0043929082768954294
1560,0.044328386827307442,0.0017903202663510371,0.30793944200000001,0.077351058830571667,0.0004597394693769959,0.13771161500754689,0.0019340170004380711,0,0,0.054808110924766583,0.00046335850843711145,0.13810176934126006,0.002002016474771101,0,0
1561,0.042392193856415725,0.0020447549933006524,0.34497082499999998,0.077351058830571667,0.0004597394693769959,0.13771161500754689,0.0019340170004380711,0,0,0.099015042046594087,0.0018951229601319186,0,0,0.066925301383199784,0.0010976716341893321
1562,0.042612184276295352,0.0020507548896461177,0.33821617399999998,0.077351058830571667,0.0004597394693769959,0.13771161500754689,0.0019340170004380711,0,0,0.099015042046594087,0.0018951229601319186,0.0072555615269624344,3.1365272899216516e-06,0,0
1563,0.045631018060785983,0.0021629921482565297,0.39513526799999998,0.077351058830571667,0.0004597394693769959,0.13771161500754689,0.0019340170004380711,0,0,0.099015042046594087,0.0018951229601319186,0.077646384166351154,0.00048192924222406397,0,0
1564,0.054224370780418925,0.0033457223498109755,0.39310112400000002,0.077351058830571667,0.0004597394693769959,0.13771161500754689,0.0019340170004380711,0,0,0.17323221681704717,0.0075662290638639019,0,0,0.00073691275757772434,1.017642263681214e-07
1565,0.054224370780418925,0.0033457223498109755,0.42276445600000001,0.077351058830571667,0.0004597394693769959,0.13771161500754689,0.0019340170004380711,0,0,0.17323221681704717,0.0075662290638639019,0,0,0.0046713869740736399,3.5621158608966306e-06
1566,0.0544069684451505,0.0033580527896225872,0.43935572000000001,0.077351058830571667,0.0004597394693769959,0.13771161500754689,0.0019340170004380711,0,0,0.17323221681704717,0.0075662290638639019,0.0072555615269624344,3.1365272899216516e-06,0,0
1567,0.059231970276558049,0.0037933200009125372,0.31730614800000001,0.077351058830571667,0.0004597394693769959,0.13771161500754689,0.0019340170004380711,0,0,0.17323221681704717,0.0075662290638639019,0.13810176934126006,0.002002016474771101,0.0020897457832725727,7.133946667246938e-07
1568,0.065774355143943003,0.0045360595285943639,0.35990303299999998,0.077351058830571667,0.0004597394693769959,0.13771161500754689,0.0019340170004380711,0,0,0.17323221681704717,0.0075662290638639019,0.23639565188982414,0.008090160902531382,0.00073691275757772434,1.017642263681214e-07
1569,0.07269556972706144,0.007288283420364975,0.30678143000000002,0.077351058830571667,0.0004597394693769959,0.13771161500754689,0.0019340170004380711,0,0,0.29432736935424308,0.029782257606169423,0,0,0.0094673376615136643,1.5803755559712259e-05
1570,0.073083176142962503,0.007352058588418019,0.45680413600000003,0.077351058830571667,0.0004597394693769959,0.13771161500754689,0.0019340170004380711,0,0,0.29432736935424308,0.029782257606169423,0.019542957487582578,2.1920897010672351e-05,0.0046713869740736399,3.5621158608966306e-06
1571,0.077880550015324096,0.009099469836654283,0.30484337,0.077351058830571667,0.0004597394693769959,0.13771161500754689,0.0019340170004380711,0,0,0.29432736935424308,0.029782257606169423,0.019542957487582578,2.1920897010672351e-05,0.23835386535479269,0.017767155452867944
1572,0.073516992817841798,0.0074202094194408567,0.34333834800000002,0.077351058830571667,0.0004597394693769959,0.13771161500754689,0.0019340170004380711,0,0,0.29432736935424308,0.029782257606169423,0.041005308662877701,0.00010943307334319948,0.018436560699085457,6.6669330534709393e-05
1573,0.076114350352070648,0.0079012156224367719,0.30501299999999998,0.077351058830571667,0.0004597394693769959,0.13771161500754689,0.0019340170004380711,0,0,0.29432736935424308,0.029782257606169423,0.13810176934126006,0.002002016474771101,0.0020897457832725727,7.133946667246938e-07
1574,0.076114350352070648,0.0079012156224367719,0.42991885600000002,0.077351058830571667,0.0004597394693769959,0.13771161500754689,0.0019340170004380711,0,0,0.29432736935424308,0.029782257606169423,0.13810176934126006,0.002002016474771101,0.0046713869740736399,3.5621158608966306e-06
1575,0.025944568824456258,0.0011036660899671081,0.30926718600000003,0.077351058830571667,0.0004597394693769959,0.13771161500754689,0.0019340170004380711,0.00071998620962972519,1.0668702470797522e-07,0,0,0,0,0,0
1576,0.026660009672715493,0.0011039704899235682,0.402982222,0.077351058830571667,0.0004597394693769959,0.13771161500754689,0.0019340170004380711,0.00071998620962972519,1.0668702470797522e-07,0,0,0.0072555615269624344,3.1365272899216516e-06,0.0094673376615136643,1.5803755559712259e-05
1577,0.026882144060800653,0.0011158717915626033,0.30316381599999997,0.077351058830571667,0.0004597394693769959,0.13771161500754689,0.0019340170004380711,0.00071998620962972519,1.0668702470797522e-07,0.0025776564298912751,7.178637923836913e-07,0.0072555615269624344,3.1365272899216516e-06,0,0
1578,0.030199623688180705,0.0011267033978248945,0.4544705,0.077351058830571667,0.0004597394693769959,0.13771161500754689,0.0019340170004380711,0.00071998620962972519,1.0668702470797522e-07,0.0025776564298912751,7.178637923836913e-07,0.041005308662877701,0.00010943307334319948,0,0
1579,0.07269556972706144,0.007288283420364975,0.33277078100000002,0.077351058830571667,0.0004597394693769959,0.13771161500754689,0.0019340170004380711,0.00071998620962972519,1.0668702470797522e-07,0.29432736935424308,0.029782257606169423,0,0,0.0094673376615136643,1.5803755559712259e-05
1580,0.079707287020730308,0.008931198427478285,0.30463936400000002,0.077351058830571667,0.0004597394693769959,0.13771161500754689,0.0019340170004380711,0.00071998620962972519,1.0668702470797522e-07,0.29432736935424308,0.029782257606169423,0.23639565188982414,0.008090160902531382,0,0
1581,0.025944568824456258,0.0011036660899671081,0.52268792100000006,0.077351058830571667,0.0004597394693769959,0.13771161500754689,0.0019340170004380711,0.0019913003314104079,7.4466870783374176e-07,0,0,0,0,0.12482140519422169,0.0043929082768954294
1582,0.030049891787207541,0.0011142581143263419,0.30430975799999999,0.077351058830571667,0.0004597394693769959,0.13771161500754689,0.0019340170004380711,0.0019913003314104079,7.4466870783374176e-07,0,0,0.041005308662877701,0.00010943307334319948,0,0
1583,0.030776834876694841,0.0013149508936784254,0.45774927300000001,0.077351058830571667,0.0004597394693769959,0.13771161500754689,0.0019340170004380711,0.0019913003314104079,7.4466870783374176e-07,0.029349513899250026,0.00011093713019455803,0,0,0.0020897457832725727,7.133946667246938e-07
1584,0.039785445284668916,0.0058884960929247894,0.63819963400000002,0.077351058830571667,0.0004597394693769959,0.13771161500754689,0.0019340170004380711,0.004391030021690891,3.7296579112788589e-06,0,0,0,0,0.23835386535479269,0.017767155452867944
1585,0.050364759017369011,0.0018949272235030518,0.61170261100000001,0.077351058830571667,0.0004597394693769959,0.13771161500754689,0.0019340170004380711,0.004391030021690891,3.7296579112788589e-06,0,0,0.23639565188982414,0.008090160902531382,0,0
1586,0.025944568824456258,0.0011036660899671081,0.613598533,0.077351058830571667,0.0004597394693769959,0.13771161500754689,0.0019340170004380711,0.0089799454227389077,1.6589615174066303e-05,0,0,0,0,0.018436560699085457,6.6669330534709393e-05
1587,0.025944568824456258,0.0011036660899671081,0.61222517899999995,0.077351058830571667,0.0004597394693769959,0.13771161500754689,0.0019340170004380711,0.0089799454227389077,1.6589615174066303e-05,0,0,0,0,0.12482140519422169,0.0043929082768954294
1588,0.026660009672715493,0.0011039704899235682,0.61042542799999999,0.077351058830571667,0.0004597394693769959,0.13771161500754689,0.0019340170004380711,0.0089799454227389077,1.6589615174066303e-05,0,0,0.0072555615269624344,3.1365272899216516e-06,0.0094673376615136643,1.5803755559712259e-05
1589,0.053885996985228189,0.0060839601073464445,0.60941425299999996,0.077351058830571667,0.0004597394693769959,0.13771161500754689,0.0019340170004380711,0.0089799454227389077,1.6589615174066303e-05,0,0,0.13810176934126006,0.002002016474771101,0.23835386535479269,0.017767155452867944
1590,0.030776834876694841,0.0013149508936784254,0.61349642900000001,0.077351058830571667,0.0004597394693769959,0.13771161500754689,0.0019340170004380711,0.017576043218851114,6.9394104898684919e-05,0.029349513899250026,0.00011093713019455803,0,0,0,0
1591,0.026660009672715493,0.0011039704899235682,0.60938798900000002,0.077351058830571667,0.0004597394693769959,0.13771161500754689,0.0019340170004380711,0.033822280134755418,0.00028442848457030151,0,0,0.0072555615269624344,3.1365272899216516e-06,0.0046713869740736399,3.5621158608966306e-06
1592,0.042392193856415725,0.0020447549933006524,0.61042373599999999,0.077351058830571667,0.0004597394693769959,0.13771161500754689,0.0019340170004380711,0.033822280134755418,0.00028442848457030151,0.099015042046594087,0.0018951229601319186,0,0,0,0
1593,0.059982285564101706,0.0059772488247833606,0.60839188899999996,0.077351058830571667,0.0004597394693769959,0.13771161500754689,0.0019340170004380711,0.033822280134755418,0.00028442848457030151,0.099015042046594087,0.0018951229601319186,0.13810176934126006,0.002002016474771101,0.23835386535479269,0.017767155452867944
1594,0.057576669032679252,0.0030205015785257066,0.60827843100000001,0.077351058830571667,0.0004597394693769959,0.13771161500754689,0.0019340170004380711,0.033822280134755418,0.00028442848457030151,0.099015042046594087,0.0018951229601319186,0.23639565188982414,0.008090160902531382,0.12482140519422169,0.0043929082768954294
1595,0.026280173953037163,0.0011155198544170689,0.61125647699999996,0.077351058830571667,0.0004597394693769959,0.13771161500754689,0.0019340170004380711,0.064301081919963615,0.0011434775053933504,0.0025776564298912751,7.178637923836913e-07,0,0,0,0
1596,0.040065845242156832,0.0058823496351002548,0.51963769599999998,0.077351058830571667,0.0004597394693769959,0.13771161500754689,0.0019340170004380711,0.064301081919963615,0.0011434775053933504,0.0025776564298912751,7.178637923836913e-07,0,0,0.23835386535479269,0.017767155452867944
1597,0.025944568824456258,0.0011036660899671081,0.30678346699999998,0.077351058830571667,0.0004597394693769959,0.13771161500754689,0.0019340170004380711,0.12074096984968002,0.0045738414776371689,0,0,0,0,0,0
1598,0.027878693439858906,0.0011057847634329604,0.389673871,0.077351058830571667,0.0004597394693769959,0.13771161500754689,0.0019340170004380711,0.12074096984968002,0.0045738414776371689,0,0,0.019542957487582578,2.1920897010672351e-05,0.0094673376615136643,1.5803755559712259e-05
1599,0.041719569900067449,0.0058906147663906417,0.30293903900000002,0.077351058830571667,0.0004597394693769959,0.13771161500754689,0.0019340170004380711,0.12074096984968002,0.0045738414776371689,0,0,0.019542957487582578,2.1920897010672351e-05,0.23835386535479269,0.017767155452867944
1600,0.041750703058736696,0.0058424763513595457,0.35780213100000002,0.077351058830571667,0.0004597394693769959,0.13771161500754689,0.0019340170004380711,0.12074096984968002,0.0045738414776371689,0.014981183407215215,2.5095647377126372e-05,0,0,0.23835386535479269,0.017767155452867944
1601,0.030776834876694841,0.0013149508936784254,0.36488616600000001,0.077351058830571667,0.0004597394693769959,0.13771161500754689,0.0019340170004380711,0.12074096984968002,0.0045738414776371689,0.029349513899250026,0.00011093713019455803,0,0,0,0
1602,0.051944946717162127,0.0021630969690421597,0.30545965000000003,0.077351058830571667,0.0004597394693769959,0.13771161500754689,0.0019340170004380711,0.12074096984968002,0.0045738414776371689,0.029349513899250026,0.00011093713019455803,0.23639565188982414,0.008090160902531382,0.12482140519422169,0.0043929082768954294
1603,0.06817077304275708,0.021870820661473674,0.37993168900000002,0.077351058830571667,0.0004597394693769959,0.13771161500754689,0.0019340170004380711,0.2422388505978256,0.018789844584028239,0,0,0,0,0,0
1604,0.068846548864363352,0.021851819906778869,0.31138474999999999,0.077351058830571667,0.0004597394693769959,0.13771161500754689,0.0019340170004380711,0.2422388505978256,0.018789844584028239,0,0,0.019542957487582578,2.1920897010672351e-05,0.035299224261615122,0.00027203686528506433
1605,0.068410715617704232,0.021860819909293543,0.32595148600000001,0.077351058830571667,0.0004597394693769959,0.13771161500754689,0.0019340170004380711,0.2422388505978256,0.018789844584028239,0.0025776564298912751,7.178637923836913e-07,0.0072555615269624344,3.1365272899216516e-06,0.0094673376615136643,1.5803755559712259e-05
1606,0.075978867595838648,0.021824012734748998,0.32621686100000002,0.077351058830571667,0.0004597394693769959,0.13771161500754689,0.0019340170004380711,0.2422388505978256,0.018789844584028239,0.0025776564298912751,7.178637923836913e-07,0.13810176934126006,0.002002016474771101,0,0
1607,0.075978867595838648,0.021824012734748998,0.34104026500000001,0.077351058830571667,0.0004597394693769959,0.13771161500754689,0.0019340170004380711,0.2422388505978256,0.018789844584028239,0.0025776564298912751,7.178637923836913e-07,0.13810176934126006,0.002002016474771101,0.0020897457832725727,7.133946667246938e-07
1608,0.014821209754775392,0.00020688793958968673,0.33533856899999998,0.1385058759546858,0.0019144586611889274,0,0,0,0,0,0,0,0,0,0
1609,0.014821209754775392,0.00020688793958968673,0.52322761399999995,0.1385058759546858,0.0019144586611889274,0,0,0,0,0,0,0,0,0.12482140519422169,0.0043929082768954294
1610,0.022650823119467114,0.00025370476349079971,0.373299249,0.1385058759546858,0.0019144586611889274,0,0,0,0,0,0,0.077646384166351154,0.00048192924222406397,0,0
1611,0.02892176145534258,0.00040235195401134194,0.338860049,0.1385058759546858,0.0019144586611889274,0,0,0,0,0,0,0.13810176934126006,0.002002016474771101,0.0020897457832725727,7.133946667246938e-07
1612,0.039241399947691706,0.00099814907312563059,0.453221863,0.1385058759546858,0.0019144586611889274,0,0,0,0,0,0,0.23639565188982414,0.008090160902531382,0,0
1613,0.039241399947691706,0.00099814907312563059,0.30616615600000002,0.1385058759546858,0.0019144586611889274,0,0,0,0,0,0,0.23639565188982414,0.008090160902531382,0.00073691275757772434,1.017642263681214e-07
1614,0.029077015229596596,0.00041934527463267506,0.42188341600000001,0.1385058759546858,0.0019144586611889274,0,0,0,0,0.0025776564298912751,7.178637923836913e-07,0.13810176934126006,0.002002016474771101,0.0046713869740736399,3.5621158608966306e-06
1615,0.017272031795447028,0.00032464063785757531,0.30669987100000001,0.1385058759546858,0.0019144586611889274,0,0,0,0,0.014981183407215215,2.5095647377126372e-05,0,0,0.0020897457832725727,7.133946667246938e-07
1616,0.019782185939459553,0.000468572028624431,0.366272975,0.1385058759546858,0.0019144586611889274,0,0,0,0,0.029349513899250026,0.00011093713019455803,0,0,0,0
1617,0.031002310690219453,0.00069343781423800187,0.306819756,0.1385058759546858,0.0019144586611889274,0,0,0,0,0.029349513899250026,0.00011093713019455803,0.13810176934126006,0.002002016474771101,0,0
1618,0.031002310690219453,0.00069343781423800187,0.33551014000000001,0.1385058759546858,0.0019144586611889274,0,0,0,0,0.029349513899250026,0.00011093713019455803,0.13810176934126006,0.002002016474771101,0.066925301383199784,0.0010976716341893321
1619,0.047793839108095745,0.0064491597336413034,0.36455995299999999,0.1385058759546858,0.0019144586611889274,0,0,0,0,0.029349513899250026,0.00011093713019455803,0.13810176934126006,0.002002016474771101,0.23835386535479269,0.017767155452867944
1620,0.025040772226503624,0.00074737850165009683,0.30637863500000001,0.1385058759546858,0.0019144586611889274,0,0,0,0,0.054808110924766583,0.00046335850843711145,0.019542957487582578,2.1920897010672351e-05,0,0
1621,0.046930224815148573,0.002306559860764887,0.40130875700000002,0.1385058759546858,0.0019144586611889274,0,0,0,0,0.099015042046594087,0.0018951229601319186,0.23639565188982414,0.008090160902531382,0.035299224261615122,0.00027203686528506433
1622,0.062845040513542741,0.0066591044507604159,0.45977420899999999,0.1385058759546858,0.0019144586611889274,0,0,0,0,0.29432736935424308,0.029782257606169423,0.019542957487582578,2.1920897010672351e-05,0,0
1623,0.014821209754775392,0.00020688793958968673,0.39508080499999998,0.1385058759546858,0.0019144586611889274,0,0,0.00071998620962972519,1.0668702470797522e-07,0,0,0,0,0,0
1624,0.016755334370176699,0.00020900661305553908,0.307107409,0.1385058759546858,0.0019144586611889274,0,0,0.00071998620962972519,1.0668702470797522e-07,0,0,0.019542957487582578,2.1920897010672351e-05,0,0
1625,0.016755334370176699,0.00020900661305553908,0.30658814400000001,0.1385058759546858,0.0019144586611889274,0,0,0.00071998620962972519,1.0668702470797522e-07,0,0,0.019542957487582578,2.1920897010672351e-05,0.12482140519422169,0.0043929082768954294
1626,0.039241399947691706,0.00099814907312563059,0.37236482799999998,0.1385058759546858,0.0019144586611889274,0,0,0.00071998620962972519,1.0668702470797522e-07,0,0,0.23639565188982414,0.008090160902531382,0.00073691275757772434,1.017642263681214e-07
1627,0.015164570935303033,0.00022109991003465903,0.32985815099999999,0.1385058759546858,0.0019144586611889274,0,0,0.00071998620962972519,1.0668702470797522e-07,0.0025776564298912751,7.178637923836913e-07,0,0,0,0
1628,0.015164570935303033,0.00022109991003465903,0.308252729,0.1385058759546858,0.0019144586611889274,0,0,0.00071998620962972519,1.0668702470797522e-07,0.0025776564298912751,7.178637923836913e-07,0,0,0.018436560699085457,6.6669330534709393e-05
1629,0.029077015229596596,0.00041934527463267506,0.32150983100000002,0.1385058759546858,0.0019144586611889274,0,0,0.00071998620962972519,1.0668702470797522e-07,0.0025776564298912751,7.178637923836913e-07,0.13810176934126006,0.002002016474771101,0.066925301383199784,0.0010976716341893321
1630,0.039397019302185594,0.0010180444729789165,0.31056230200000001,0.1385058759546858,0.0019144586611889274,0,0,0.00071998620962972519,1.0668702470797522e-07,0.0025776564298912751,7.178637923836913e-07,0.23639565188982414,0.008090160902531382,0,0
1631,0.062457434097641117,0.0065953292827073719,0.309842018,0.1385058759546858,0.0019144586611889274,0,0,0.00071998620962972519,1.0668702470797522e-07,0.29432736935424308,0.029782257606169423,0,0,0.018436560699085457,6.6669330534709393e-05
1632,0.070012110244795533,0.0092500631191173195,0.30610472500000002,0.1385058759546858,0.0019144586611889274,0,0,0.00071998620962972519,1.0668702470797522e-07,0.29432736935424308,0.029782257606169423,0,0,0.23835386535479269,0.017767155452867944
1633,0.062845040513542741,0.0066591044507604159,0.54774193199999999,0.1385058759546858,0.0019144586611889274,0,0,0.00071998620962972519,1.0668702470797522e-07,0.29432736935424308,0.029782257606169423,0.019542957487582578,2.1920897010672351e-05,0.12482140519422169,0.0043929082768954294
1634,0.065876214722650234,0.0072082614847791687,0.30912395100000001,0.1385058759546858,0.0019144586611889274,0,0,0.00071998620962972519,1.0668702470797522e-07,0.29432736935424308,0.029782257606169423,0.13810176934126006,0.002002016474771101,0.0020897457832725727,7.133946667246938e-07
1635,0.014821209754775392,0.00020688793958968673,0.31047174100000002,0.1385058759546858,0.0019144586611889274,0,0,0.0019913003314104079,7.4466870783374176e-07,0,0,0,0,0.0046713869740736399,3.5621158608966306e-06
1636,0.014821209754775392,0.00020688793958968673,0.34407083900000002,0.1385058759546858,0.0019144586611889274,0,0,0.0019913003314104079,7.4466870783374176e-07,0,0,0,0,0.066925301383199784,0.0010976716341893321
1637,0.018926532717526787,0.00021747996394892073,0.30645843299999997,0.1385058759546858,0.0019144586611889274,0,0,0.0019913003314104079,7.4466870783374176e-07,0,0,0.041005308662877701,0.00010943307334319948,0,0
1638,0.022650823119467114,0.00025370476349079971,0.306819754,0.1385058759546858,0.0019144586611889274,0,0,0.0019913003314104079,7.4466870783374176e-07,0,0,0.077646384166351154,0.00048192924222406397,0,0
1639,0.020121199147299831,0.00047025724863901429,0.33568777399999999,0.1385058759546858,0.0019144586611889274,0,0,0.0019913003314104079,7.4466870783374176e-07,0.029349513899250026,0.00011093713019455803,0.0072555615269624344,3.1365272899216516e-06,0.0046713869740736399,3.5621158608966306e-06
1640,0.014821209754775392,0.00020688793958968673,0.75363641699999995,0.1385058759546858,0.0019144586611889274,0,0,0.004391030021690891,3.7296579112788589e-06,0,0,0,0,0,0
1641,0.039241399947691706,0.00099814907312563059,0.74549763700000005,0.1385058759546858,0.0019144586611889274,0,0,0.004391030021690891,3.7296579112788589e-06,0,0,0.23639565188982414,0.008090160902531382,0,0
1642,0.014821209754775392,0.00020688793958968673,0.937773686,0.1385058759546858,0.0019144586611889274,0,0,0.0089799454227389077,1.6589615174066303e-05,0,0,0,0,0.0020897457832725727,7.133946667246938e-07
1643,0.022650823119467114,0.00025370476349079971,0.94449043399999999,0.1385058759546858,0.0019144586611889274,0,0,0.0089799454227389077,1.6589615174066303e-05,0,0,0.077646384166351154,0.00048192924222406397,0,0
1644,0.014821209754775392,0.00020688793958968673,0.64090962600000001,0.1385058759546858,0.0019144586611889274,0,0,0.017576043218851114,6.9394104898684919e-05,0,0,0,0,0,0
1645,0.014821209754775392,0.00020688793958968673,0.682021722,0.1385058759546858,0.0019144586611889274,0,0,0.017576043218851114,6.9394104898684919e-05,0,0,0,0,0.12482140519422169,0.0043929082768954294
1646,0.016755334370176699,0.00020900661305553908,0.71633448700000002,0.1385058759546858,0.0019144586611889274,0,0,0.017576043218851114,6.9394104898684919e-05,0,0,0.019542957487582578,2.1920897010672351e-05,0.035299224261615122,0.00027203686528506433
1647,0.018926532717526787,0.00021747996394892073,0.603654099,0.1385058759546858,0.0019144586611889274,0,0,0.017576043218851114,6.9394104898684919e-05,0,0,0.041005308662877701,0.00010943307334319948,0.018436560699085457,6.6669330534709393e-05
1648,0.019782185939459553,0.000468572028624431,0.30298172099999998,0.1385058759546858,0.0019144586611889274,0,0,0.017576043218851114,6.9394104898684919e-05,0.029349513899250026,0.00011093713019455803,0,0,0.066925301383199784,0.0010976716341893321
1649,0.014821209754775392,0.00020688793958968673,0.34316360299999998,0.1385058759546858,0.0019144586611889274,0,0,0.033822280134755418,0.00028442848457030151,0,0,0,0,0,0
1650,0.014821209754775392,0.00020688793958968673,0.305744982,0.1385058759546858,0.0019144586611889274,0,0,0.033822280134755418,0.00028442848457030151,0,0,0,0,0.035299224261615122,0.00027203686528506433
1651,0.016755334370176699,0.00020900661305553908,0.30321061599999999,0.1385058759546858,0.0019144586611889274,0,0,0.033822280134755418,0.00028442848457030151,0,0,0.019542957487582578,2.1920897010672351e-05,0.0046713869740736399,3.5621158608966306e-06
1652,0.018926532717526787,0.00021747996394892073,0.30529627399999998,0.1385058759546858,0.0019144586611889274,0,0,0.033822280134755418,0.00028442848457030151,0,0,0.041005308662877701,0.00010943307334319948,0,0
1653,0.040504131161736588,0.0063665724784328082,0.40277577399999998,0.1385058759546858,0.0019144586611889274,0,0,0.033822280134755418,0.00028442848457030151,0,0,0.077646384166351154,0.00048192924222406397,0.23835386535479269,0.017767155452867944
1654,0.039241399947691706,0.00099814907312563059,0.35814818500000001,0.1385058759546858,0.0019144586611889274,0,0,0.033822280134755418,0.00028442848457030151,0,0,0.23639565188982414,0.008090160902531382,0,0
1655,0.031745749638882728,0.0013308132755398326,0.33589567999999997,0.1385058759546858,0.0019144586611889274,0,0,0.033822280134755418,0.00028442848457030151,0.099015042046594087,0.0018951229601319186,0,0,0.0094673376615136643,1.5803755559712259e-05
1656,0.046171983497324993,0.0061105352426226783,0.33240429300000002,0.1385058759546858,0.0019144586611889274,0,0,0.033822280134755418,0.00028442848457030151,0.099015042046594087,0.0018951229601319186,0.019542957487582578,2.1920897010672351e-05,0.23835386535479269,0.017767155452867944
1657,0.039076095100828982,0.0016468468481132385,0.30428233500000001,0.1385058759546858,0.0019144586611889274,0,0,0.033822280134755418,0.00028442848457030151,0.099015042046594087,0.0018951229601319186,0.13810176934126006,0.002002016474771101,0.0020897457832725727,7.133946667246938e-07
1658,0.039076095100828982,0.0016468468481132385,0.42083812399999998,0.1385058759546858,0.0019144586611889274,0,0,0.033822280134755418,0.00028442848457030151,0.099015042046594087,0.0018951229601319186,0.13810176934126006,0.002002016474771101,0.0046713869740736399,3.5621158608966306e-06
1659,0.052870770219161901,0.0064076632533767823,0.30214939800000001,0.1385058759546858,0.0019144586611889274,0,0,0.033822280134755418,0.00028442848457030151,0.099015042046594087,0.0018951229601319186,0.13810176934126006,0.002002016474771101,0.23835386535479269,0.017767155452867944
1660,0.014821209754775392,0.00020688793958968673,0.30668178200000001,0.1385058759546858,0.0019144586611889274,0,0,0.064301081919963615,0.0011434775053933504,0,0,0,0,0.066925301383199784,0.0010976716341893321
1661,0.019084020670447115,0.0002322834534424845,0.32128335000000002,0.1385058759546858,0.0019144586611889274,0,0,0.064301081919963615,0.0011434775053933504,0.0025776564298912751,7.178637923836913e-07,0.041005308662877701,0.00010943307334319948,0,0
1662,0.039397019302185594,0.0010180444729789165,0.63147551999999996,0.1385058759546858,0.0019144586611889274,0,0,0.064301081919963615,0.0011434775053933504,0.0025776564298912751,7.178637923836913e-07,0.23639565188982414,0.008090160902531382,0,0
1663,0.014821209754775392,0.00020688793958968673,0.30616233100000001,0.1385058759546858,0.0019144586611889274,0,0,0.12074096984968002,0.0045738414776371689,0,0,0,0,0.0094673376615136643,1.5803755559712259e-05
1664,0.02892176145534258,0.00040235195401134194,0.39637715899999998,0.1385058759546858,0.0019144586611889274,0,0,0.12074096984968002,0.0045738414776371689,0,0,0.13810176934126006,0.002002016474771101,0.066925301383199784,0.0010976716341893321
1665,0.019782185939459553,0.000468572028624431,0.30446652899999999,0.1385058759546858,0.0019144586611889274,0,0,0.12074096984968002,0.0045738414776371689,0.029349513899250026,0.00011093713019455803,0,0,0.00073691275757772434,1.017642263681214e-07
1666,0.05869254003058913,0.021365399687986921,0.30841236900000002,0.1385058759546858,0.0019144586611889274,0,0,0.2422388505978256,0.018789844584028239,0,0,0,0,0.0094673376615136643,1.5803755559712259e-05
1667,0.059368315852194424,0.021346398933292116,0.37146439599999997,0.1385058759546858,0.0019144586611889274,0,0,0.2422388505978256,0.018789844584028239,0,0,0.019542957487582578,2.1920897010672351e-05,0.035299224261615122,0.00027203686528506433
1668,0.066438223369104515,0.021319809943700078,0.30442491100000002,0.1385058759546858,0.0019144586611889274,0,0,0.2422388505978256,0.018789844584028239,0,0,0.13810176934126006,0.002002016474771101,0,0
1669,0.017156720315717553,0.00030321718498208325,0.32874556199999999,0.1385058759546858,0.0019144586611889274,0.019523749686017854,2.0955279582831375e-05,0,0,0,0,0,0,0,0
1670,0.017156720315717553,0.00030321718498208325,0.35724186600000002,0.1385058759546858,0.0019144586611889274,0.019523749686017854,2.0955279582831375e-05,0,0,0,0,0,0,0.0046713869740736399,3.5621158608966306e-06
1671,0.017156720315717553,0.00030321718498208325,0.61074783200000005,0.1385058759546858,0.0019144586611889274,0.019523749686017854,2.0955279582831375e-05,0,0,0,0,0,0,0.018436560699085457,6.6669330534709393e-05
1672,0.017156720315717553,0.00030321718498208325,0.58662822199999998,0.1385058759546858,0.0019144586611889274,0.019523749686017854,2.0955279582831375e-05,0,0,0,0,0,0,0.12482140519422169,0.0043929082768954294
1673,0.042420046073257181,0.0063217118088746182,0.30414575599999999,0.1385058759546858,0.0019144586611889274,0.019523749686017854,2.0955279582831375e-05,0,0,0,0,0.077646384166351154,0.00048192924222406397,0.23835386535479269,0.017767155452867944
1674,0.031257272016284782,0.00049868119940373848,0.44271242900000002,0.1385058759546858,0.0019144586611889274,0.019523749686017854,2.0955279582831375e-05,0,0,0,0,0.13810176934126006,0.002002016474771101,0.0020897457832725727,7.133946667246938e-07
1675,0.041576910508631923,0.0010944783185180271,0.30642896800000002,0.1385058759546858,0.0019144586611889274,0.019523749686017854,2.0955279582831375e-05,0,0,0,0,0.23639565188982414,0.008090160902531382,0,0
1676,0.017499021653187761,0.00031764954075853808,0.39237383399999998,0.1385058759546858,0.0019144586611889274,0.019523749686017854,2.0955279582831375e-05,0,0,0.0025776564298912751,7.178637923836913e-07,0,0,0,0
1677,0.018100991760950313,0.00031800147790407243,0.41118573200000003,0.1385058759546858,0.0019144586611889274,0.019523749686017854,2.0955279582831375e-05,0,0,0.0025776564298912751,7.178637923836913e-07,0.0072555615269624344,3.1365272899216516e-06,0.0094673376615136643,1.5803755559712259e-05
1678,0.01818356839020174,0.00034911746146352562,0.36226507000000002,0.1385058759546858,0.0019144586611889274,0.019523749686017854,2.0955279582831375e-05,0,0,0.0070568641369427197,5.0167964149023017e-06,0,0,0.018436560699085457,6.6669330534709393e-05
1679,0.018697550854725856,0.00034963915594544835,0.30490484899999998,0.1385058759546858,0.0019144586611889274,0.019523749686017854,2.0955279582831375e-05,0,0,0.0070568641369427197,5.0167964149023017e-06,0.0072555615269624344,3.1365272899216516e-06,0.0046713869740736399,3.5621158608966306e-06
1680,0.019704881484091216,0.0003517574541696753,0.30321436000000002,0.1385058759546858,0.0019144586611889274,0.019523749686017854,2.0955279582831375e-05,0,0,0.0070568641369427197,5.0167964149023017e-06,0.019542957487582578,2.1920897010672351e-05,0.0094673376615136643,1.5803755559712259e-05
1681,0.019704881484091216,0.0003517574541696753,0.39312203800000001,0.1385058759546858,0.0019144586611889274,0.019523749686017854,2.0955279582831375e-05,0,0,0.0070568641369427197,5.0167964149023017e-06,0.019542957487582578,2.1920897010672351e-05,0.12482140519422169,0.0043929082768954294
1682,0.03695650071377049,0.006262872845656302,0.30663239599999997,0.1385058759546858,0.0019144586611889274,0.019523749686017854,2.0955279582831375e-05,0,0,0.0070568641369427197,5.0167964149023017e-06,0.019542957487582578,2.1920897010672351e-05,0.23835386535479269,0.017767155452867944
1683,0.048925380344583082,0.0064630922971970249,0.35946147899999997,0.1385058759546858,0.0019144586611889274,0.019523749686017854,2.0955279582831375e-05,0,0,0.0070568641369427197,5.0167964149023017e-06,0.13810176934126006,0.002002016474771101,0.23835386535479269,0.017767155452867944
1684,0.04200220888251853,0.0011578889590815259,0.33474694500000002,0.1385058759546858,0.0019144586611889274,0.019523749686017854,2.0955279582831375e-05,0,0,0.0070568641369427197,5.0167964149023017e-06,0.23639565188982414,0.008090160902531382,0.00073691275757772434,1.017642263681214e-07
1685,0.042469732975805766,0.0012436606924694483,0.307542702,0.1385058759546858,0.0019144586611889274,0.019523749686017854,2.0955279582831375e-05,0,0,0.014981183407215215,2.5095647377126372e-05,0.23639565188982414,0.008090160902531382,0.12482140519422169,0.0043929082768954294
1686,0.022121122577020064,0.0005634691446038168,0.37939876700000003,0.1385058759546858,0.0019144586611889274,0.019523749686017854,2.0955279582831375e-05,0,0,0.029349513899250026,0.00011093713019455803,0,0,0.0046713869740736399,3.5621158608966306e-06
1687,0.043289234417485993,0.0014116152199675509,0.30376562099999999,0.1385058759546858,0.0019144586611889274,0.019523749686017854,2.0955279582831375e-05,0,0,0.029349513899250026,0.00011093713019455803,0.23639565188982414,0.008090160902531382,0,0
1688,0.043289234417485993,0.0014116152199675509,0.41706042700000001,0.1385058759546858,0.0019144586611889274,0.019523749686017854,2.0955279582831375e-05,0,0,0.029349513899250026,0.00011093713019455803,0.23639565188982414,0.008090160902531382,0.035299224261615122,0.00027203686528506433
1689,0.02654859047987149,0.00082742439345125248,0.30565036200000001,0.1385058759546858,0.0019144586611889274,0.019523749686017854,2.0955279582831375e-05,0,0,0.054808110924766583,0.00046335850843711145,0,0,0.035299224261615122,0.00027203686528506433
1690,0.045188888118893412,0.0017266211637253792,0.55002021300000004,0.1385058759546858,0.0019144586611889274,0.019523749686017854,2.0955279582831375e-05,0,0,0.054808110924766583,0.00046335850843711145,0.23639565188982414,0.008090160902531382,0.0020897457832725727,7.133946667246938e-07
1691,0.034019693695860949,0.0014012545123208348,0.36041304800000001,0.1385058759546858,0.0019144586611889274,0.019523749686017854,2.0955279582831375e-05,0,0,0.099015042046594087,0.0018951229601319186,0,0,0,0
1692,0.041350039157805947,0.0017172880848942407,0.30515862199999999,0.1385058759546858,0.0019144586611889274,0.019523749686017854,2.0955279582831375e-05,0,0,0.099015042046594087,0.0018951229601319186,0.13810176934126006,0.002002016474771101,0.0046713869740736399,3.5621158608966306e-06
1693,0.048495889039035261,0.0029298697452295611,0.34501990100000002,0.1385058759546858,0.0019144586611889274,0.019523749686017854,2.0955279582831375e-05,0,0,0.17323221681704717,0.0075662290638639019,0.077646384166351154,0.00048192924222406397,0.035299224261615122,0.00027203686528506433
1694,0.017156720315717553,0.00030321718498208325,0.305525404,0.1385058759546858,0.0019144586611889274,0.019523749686017854,2.0955279582831375e-05,0.00071998620962972519,1.0668702470797522e-07,0,0,0,0,0,0
1695,0.017872161163975938,0.00030352158493854347,0.33264233999999998,0.1385058759546858,0.0019144586611889274,0.019523749686017854,2.0955279582831375e-05,0.00071998620962972519,1.0668702470797522e-07,0,0,0.0072555615269624344,3.1365272899216516e-06,0.0094673376615136643,1.5803755559712259e-05
1696,0.017499021653187761,0.00031764954075853808,0.35478541899999999,0.1385058759546858,0.0019144586611889274,0.019523749686017854,2.0955279582831375e-05,0.00071998620962972519,1.0668702470797522e-07,0.0025776564298912751,7.178637923836913e-07,0,0,0.035299224261615122,0.00027203686528506433
1697,0.018100991760950313,0.00031800147790407243,0.30563960699999998,0.1385058759546858,0.0019144586611889274,0.019523749686017854,2.0955279582831375e-05,0.00071998620962972519,1.0668702470797522e-07,0.0025776564298912751,7.178637923836913e-07,0.0072555615269624344,3.1365272899216516e-06,0,0
1698,0.064676574965703282,0.0066547171947993521,0.31577011999999999,0.1385058759546858,0.0019144586611889274,0.019523749686017854,2.0955279582831375e-05,0.00071998620962972519,1.0668702470797522e-07,0.29432736935424308,0.029782257606169423,0,0,0,0
1699,0.064676574965703282,0.0066547171947993521,0.33054930199999999,0.1385058759546858,0.0019144586611889274,0.019523749686017854,2.0955279582831375e-05,0.00071998620962972519,1.0668702470797522e-07,0.29432736935424308,0.029782257606169423,0,0,0.018436560699085457,6.6669330534709393e-05
1700,0.071688292259373926,0.0082976322019126629,0.60859656600000001,0.1385058759546858,0.0019144586611889274,0.019523749686017854,2.0955279582831375e-05,0.00071998620962972519,1.0668702470797522e-07,0.29432736935424308,0.029782257606169423,0.23639565188982414,0.008090160902531382,0.12482140519422169,0.0043929082768954294
1701,0.017156720315717553,0.00030321718498208325,0.61406954499999999,0.1385058759546858,0.0019144586611889274,0.019523749686017854,2.0955279582831375e-05,0.0019913003314104079,7.4466870783374176e-07,0,0,0,0,0.00073691275757772434,1.017642263681214e-07
1702,0.034590432708572511,0.0062748949849735051,0.613911502,0.1385058759546858,0.0019144586611889274,0.019523749686017854,2.0955279582831375e-05,0.0019913003314104079,7.4466870783374176e-07,0,0,0,0,0.23835386535479269,0.017767155452867944
1703,0.033341247327778406,0.00078833493021738773,0.61107809899999999,0.1385058759546858,0.0019144586611889274,0.019523749686017854,2.0955279582831375e-05,0.0019913003314104079,7.4466870783374176e-07,0.029349513899250026,0.00011093713019455803,0.13810176934126006,0.002002016474771101,0.0046713869740736399,3.5621158608966306e-06
1704,0.019090844931119663,0.00030533585844793562,0.44593383599999997,0.1385058759546858,0.0019144586611889274,0.019523749686017854,2.0955279582831375e-05,0.004391030021690891,3.7296579112788589e-06,0,0,0.019542957487582578,2.1920897010672351e-05,0,0
1705,0.042420046073257181,0.0063217118088746182,0.36771398700000002,0.1385058759546858,0.0019144586611889274,0.019523749686017854,2.0955279582831375e-05,0.004391030021690891,3.7296579112788589e-06,0,0,0.077646384166351154,0.00048192924222406397,0.23835386535479269,0.017767155452867944
1706,0.017156720315717553,0.00030321718498208325,0.30422188300000003,0.1385058759546858,0.0019144586611889274,0.019523749686017854,2.0955279582831375e-05,0.017576043218851114,6.9394104898684919e-05,0,0,0,0,0.00073691275757772434,1.017642263681214e-07
1707,0.017156720315717553,0.00030321718498208325,0.38467332199999998,0.1385058759546858,0.0019144586611889274,0.019523749686017854,2.0955279582831375e-05,0.017576043218851114,6.9394104898684919e-05,0,0,0,0,0.0046713869740736399,3.5621158608966306e-06
1708,0.024986333680410547,0.00035003400888319625,0.352738679,0.1385058759546858,0.0019144586611889274,0.019523749686017854,2.0955279582831375e-05,0.017576043218851114,6.9394104898684919e-05,0,0,0.077646384166351154,0.00048192924222406397,0.035299224261615122,0.00027203686528506433
1709,0.033341247327778406,0.00078833493021738773,0.38208166799999999,0.1385058759546858,0.0019144586611889274,0.019523749686017854,2.0955279582831375e-05,0.017576043218851114,6.9394104898684919e-05,0.029349513899250026,0.00011093713019455803,0.13810176934126006,0.002002016474771101,0,0
1710,0.031257272016284782,0.00049868119940373848,0.31910015899999999,0.1385058759546858,0.0019144586611889274,0.019523749686017854,2.0955279582831375e-05,0.033822280134755418,0.00028442848457030151,0,0,0.13810176934126006,0.002002016474771101,0,0
1711,0.049204168872125247,0.002377001097545889,0.32824714799999999,0.1385058759546858,0.0019144586611889274,0.019523749686017854,2.0955279582831375e-05,0.033822280134755418,0.00028442848457030151,0.099015042046594087,0.0018951229601319186,0.23639565188982414,0.008090160902531382,0,0
1712,0.049204168872125247,0.002377001097545889,0.303468128,0.1385058759546858,0.0019144586611889274,0.019523749686017854,2.0955279582831375e-05,0.033822280134755418,0.00028442848457030151,0.099015042046594087,0.0018951229601319186,0.23639565188982414,0.008090160902531382,0.0020897457832725727,7.133946667246938e-07
1713,0.041576910508631923,0.0010944783185180271,0.30380834699999998,0.1385058759546858,0.0019144586611889274,0.019523749686017854,2.0955279582831375e-05,0.064301081919963615,0.0011434775053933504,0,0,0.23639565188982414,0.008090160902531382,0.035299224261615122,0.00027203686528506433
1714,0.017499021653187761,0.00031764954075853808,0.32882399800000001,0.1385058759546858,0.0019144586611889274,0.019523749686017854,2.0955279582831375e-05,0.064301081919963615,0.0011434775053933504,0.0025776564298912751,7.178637923836913e-07,0,0,0,0
1715,0.017499021653187761,0.00031764954075853808,0.41877082100000002,0.1385058759546858,0.0019144586611889274,0.019523749686017854,2.0955279582831375e-05,0.064301081919963615,0.0011434775053933504,0.0025776564298912751,7.178637923836913e-07,0,0,0.12482140519422169,0.0043929082768954294
1716,0.019090844931119663,0.00030533585844793562,0.30152278500000002,0.1385058759546858,0.0019144586611889274,0.019523749686017854,2.0955279582831375e-05,0.12074096984968002,0.0045738414776371689,0,0,0.019542957487582578,2.1920897010672351e-05,0.0094673376615136643,1.5803755559712259e-05
1717,0.019090844931119663,0.00030533585844793562,0.42632262399999998,0.1385058759546858,0.0019144586611889274,0.019523749686017854,2.0955279582831375e-05,0.12074096984968002,0.0045738414776371689,0,0,0.019542957487582578,2.1920897010672351e-05,0.12482140519422169,0.0043929082768954294
1718,0.019597585725710708,0.0004174219736815364,0.304024921,0.1385058759546858,0.0019144586611889274,0.019523749686017854,2.0955279582831375e-05,0.12074096984968002,0.0045738414776371689,0.014981183407215215,2.5095647377126372e-05,0,0,0.12482140519422169,0.0043929082768954294
1719,0.020860381363051586,0.00042106800893502164,0.31934731500000002,0.1385058759546858,0.0019144586611889274,0.019523749686017854,2.0955279582831375e-05,0.12074096984968002,0.0045738414776371689,0.014981183407215215,2.5095647377126372e-05,0.019542957487582578,2.1920897010672351e-05,0.0094673376615136643,1.5803755559712259e-05
1720,0.032149584480230232,0.00062755154667507116,0.30731440100000001,0.1385058759546858,0.0019144586611889274,0.019523749686017854,2.0955279582831375e-05,0.12074096984968002,0.0045738414776371689,0.014981183407215215,2.5095647377126372e-05,0.13810176934126006,0.002002016474771101,0.0020897457832725727,7.133946667246938e-07
1721,0.022121122577020064,0.0005634691446038168,0.314431931,0.1385058759546858,0.0019144586611889274,0.019523749686017854,2.0955279582831375e-05,0.12074096984968002,0.0045738414776371689,0.029349513899250026,0.00011093713019455803,0,0,0.00073691275757772434,1.017642263681214e-07
1722,0.022121122577020064,0.0005634691446038168,0.41857745400000002,0.1385058759546858,0.0019144586611889274,0.019523749686017854,2.0955279582831375e-05,0.12074096984968002,0.0045738414776371689,0.029349513899250026,0.00011093713019455803,0,0,0.0020897457832725727,7.133946667246938e-07
1723,0.022121122577020064,0.0005634691446038168,0.304713077,0.1385058759546858,0.0019144586611889274,0.019523749686017854,2.0955279582831375e-05,0.12074096984968002,0.0045738414776371689,0.029349513899250026,0.00011093713019455803,0,0,0.018436560699085457,6.6669330534709393e-05
1724,0.022121122577020064,0.0005634691446038168,0.43142933700000002,0.1385058759546858,0.0019144586611889274,0.019523749686017854,2.0955279582831375e-05,0.12074096984968002,0.0045738414776371689,0.029349513899250026,0.00011093713019455803,0,0,0.066925301383199784,0.0010976716341893321
1725,0.024617932325651699,0.0005816137657806452,0.61018615899999995,0.1385058759546858,0.0019144586611889274,0.019523749686017854,2.0955279582831375e-05,0.12074096984968002,0.0045738414776371689,0.029349513899250026,0.00011093713019455803,0.041005308662877701,0.00010943307334319948,0,0
1726,0.060990587710267774,0.021396463838828168,0.60732077500000003,0.1385058759546858,0.0019144586611889274,0.019523749686017854,2.0955279582831375e-05,0.2422388505978256,0.018789844584028239,0,0,0.0072555615269624344,3.1365272899216516e-06,0.0046713869740736399,3.5621158608966306e-06
1727,0.068548002111548406,0.021357640076289444,0.61289092099999998,0.1385058759546858,0.0019144586611889274,0.019523749686017854,2.0955279582831375e-05,0.2422388505978256,0.018789844584028239,0,0,0.13810176934126006,0.002002016474771101,0.0020897457832725727,7.133946667246938e-07
1728,0.076103557586259432,0.021646567596060533,0.61064527700000004,0.1385058759546858,0.0019144586611889274,0.019523749686017854,2.0955279582831375e-05,0.2422388505978256,0.018789844584028239,0,0,0.23639565188982414,0.008090160902531382,0,0
1729,0.024596633793041812,0.00070534061684353864,0.61552620899999999,0.1385058759546858,0.0019144586611889274,0.077119332289920364,0.0004635491768056605,0,0,0,0,0,0,0,0
1730,0.024596633793041812,0.00070534061684353864,0.61149753200000001,0.1385058759546858,0.0019144586611889274,0.077119332289920364,0.0004635491768056605,0,0,0,0,0,0,0.0046713869740736399,3.5621158608966306e-06
1731,0.024596633793041812,0.00070534061684353864,0.61400616200000002,0.1385058759546858,0.0019144586611889274,0.077119332289920364,0.0004635491768056605,0,0,0,0,0,0,0.035299224261615122,0.00027203686528506433
1732,0.038697185493604971,0.00090080463126519393,0.60860014799999995,0.1385058759546858,0.0019144586611889274,0.077119332289920364,0.0004635491768056605,0,0,0,0,0.13810176934126006,0.002002016474771101,0.0046713869740736399,3.5621158608966306e-06
1733,0.024940798917106311,0.00072077452214260355,0.60989515699999997,0.1385058759546858,0.0019144586611889274,0.077119332289920364,0.0004635491768056605,0,0,0.0025776564298912751,7.178637923836913e-07,0,0,0.035299224261615122,0.00027203686528506433
1734,0.025618790276980986,0.00074892293693168681,0.61081096499999998,0.1385058759546858,0.0019144586611889274,0.077119332289920364,0.0004635491768056605,0,0,0.0070568641369427197,5.0167964149023017e-06,0,0,0,0
1735,0.027031791906615178,0.00081672014222167611,0.373772773,0.1385058759546858,0.0019144586611889274,0.077119332289920364,0.0004635491768056605,0,0,0.014981183407215215,2.5095647377126372e-05,0,0,0.066925301383199784,0.0010976716341893321
1736,0.02741660415509347,0.00081762169972588892,0.50381114299999996,0.1385058759546858,0.0019144586611889274,0.077119332289920364,0.0004635491768056605,0,0,0.014981183407215215,2.5095647377126372e-05,0.0072555615269624344,3.1365272899216516e-06,0.0094673376615136643,1.5803755559712259e-05
1737,0.033887711719781596,0.001194363511549467,0.60574216700000005,0.1385058759546858,0.0019144586611889274,0.077119332289920364,0.0004635491768056605,0,0,0.054808110924766583,0.00046335850843711145,0,0,0,0
1738,0.04311225050447632,0.0014406916764197785,0.30571316199999998,0.1385058759546858,0.0019144586611889274,0.077119332289920364,0.0004635491768056605,0,0,0.054808110924766583,0.00046335850843711145,0.13810176934126006,0.002002016474771101,0.0046713869740736399,3.5621158608966306e-06
1739,0.041255239616083419,0.0017264776733027709,0.32266369900000003,0.1385058759546858,0.0019144586611889274,0.077119332289920364,0.0004635491768056605,0,0,0.099015042046594087,0.0018951229601319186,0,0,0,0
1740,0.041255239616083419,0.0017264776733027709,0.31794671899999999,0.1385058759546858,0.0019144586611889274,0.077119332289920364,0.0004635491768056605,0,0,0.099015042046594087,0.0018951229601319186,0,0,0.018436560699085457,6.6669330534709393e-05
1741,0.042782383166328056,0.0017740363696469171,0.34389722,0.1385058759546858,0.0019144586611889274,0.077119332289920364,0.0004635491768056605,0,0,0.099015042046594087,0.0018951229601319186,0.041005308662877701,0.00010943307334319948,0,0
1742,0.062456146806923324,0.0063273202689560831,0.35854312500000002,0.1385058759546858,0.0019144586611889274,0.077119332289920364,0.0004635491768056605,0,0,0.17323221681704717,0.0075662290638639019,0,0,0.23835386535479269,0.017767155452867944
1743,0.071712422444742616,0.0069452729077327377,0.33485691000000001,0.1385058759546858,0.0019144586611889274,0.077119332289920364,0.0004635491768056605,0,0,0.29432736935424308,0.029782257606169423,0,0,0.0046713869740736399,3.5621158608966306e-06
1744,0.071852855128879387,0.0069671656200103885,0.30365633400000003,0.1385058759546858,0.0019144586611889274,0.077119332289920364,0.0004635491768056605,0,0,0.29432736935424308,0.029782257606169423,0.0072555615269624344,3.1365272899216516e-06,0.0094673376615136643,1.5803755559712259e-05
1745,0.073267004079797957,0.0072009106198343614,0.33332619800000002,0.1385058759546858,0.0019144586611889274,0.077119332289920364,0.0004635491768056605,0,0,0.29432736935424308,0.029782257606169423,0.077646384166351154,0.00048192924222406397,0.035299224261615122,0.00027203686528506433
1746,0.038697185493604971,0.00090080463126519393,0.40571701100000002,0.1385058759546858,0.0019144586611889274,0.077119332289920364,0.0004635491768056605,0.00071998620962972519,1.0668702470797522e-07,0,0,0.13810176934126006,0.002002016474771101,0.0020897457832725727,7.133946667246938e-07
1747,0.024940798917106311,0.00072077452214260355,0.30502996500000001,0.1385058759546858,0.0019144586611889274,0.077119332289920364,0.0004635491768056605,0.00071998620962972519,1.0668702470797522e-07,0.0025776564298912751,7.178637923836913e-07,0,0,0.00073691275757772434,1.017642263681214e-07
1748,0.028860248652250002,0.00073195806555042902,0.33870562500000001,0.1385058759546858,0.0019144586611889274,0.077119332289920364,0.0004635491768056605,0.00071998620962972519,1.0668702470797522e-07,0.0025776564298912751,7.178637923836913e-07,0.041005308662877701,0.00010943307334319948,0.018436560699085457,6.6669330534709393e-05
1749,0.049173247283985165,0.001517719085086861,0.30395796200000003,0.1385058759546858,0.0019144586611889274,0.077119332289920364,0.0004635491768056605,0.00071998620962972519,1.0668702470797522e-07,0.0025776564298912751,7.178637923836913e-07,0.23639565188982414,0.008090160902531382,0.00073691275757772434,1.017642263681214e-07
1750,0.071712422444742616,0.0069452729077327377,0.33661949699999999,0.1385058759546858,0.0019144586611889274,0.077119332289920364,0.0004635491768056605,0.00071998620962972519,1.0668702470797522e-07,0.29432736935424308,0.029782257606169423,0,0,0.12482140519422169,0.0043929082768954294
1751,0.072533845535522945,0.0070771989068086202,0.30994810099999998,0.1385058759546858,0.0019144586611889274,0.077119332289920364,0.0004635491768056605,0.00071998620962972519,1.0668702470797522e-07,0.29432736935424308,0.029782257606169423,0.041005308662877701,0.00010943307334319948,0.018436560699085457,6.6669330534709393e-05
1752,0.073267004079797957,0.0072009106198343614,0.40350920299999998,0.1385058759546858,0.0019144586611889274,0.077119332289920364,0.0004635491768056605,0.00071998620962972519,1.0668702470797522e-07,0.29432736935424308,0.029782257606169423,0.077646384166351154,0.00048192924222406397,0,0
1753,0.078724139738411122,0.0085881879148460485,0.30298842799999998,0.1385058759546858,0.0019144586611889274,0.077119332289920364,0.0004635491768056605,0.00071998620962972519,1.0668702470797522e-07,0.29432736935424308,0.029782257606169423,0.23639565188982414,0.008090160902531382,0.12482140519422169,0.0043929082768954294
1754,0.024596633793041812,0.00070534061684353864,0.42653769000000002,0.1385058759546858,0.0019144586611889274,0.077119332289920364,0.0004635491768056605,0.0019913003314104079,7.4466870783374176e-07,0,0,0,0,0.0046713869740736399,3.5621158608966306e-06
1755,0.024596633793041812,0.00070534061684353864,0.47297067799999998,0.1385058759546858,0.0019144586611889274,0.077119332289920364,0.0004635491768056605,0.0019913003314104079,7.4466870783374176e-07,0,0,0,0,0.035299224261615122,0.00027203686528506433
1756,0.026530758408444363,0.00070745929030939102,0.30428503099999998,0.1385058759546858,0.0019144586611889274,0.077119332289920364,0.0004635491768056605,0.0019913003314104079,7.4466870783374176e-07,0,0,0.019542957487582578,2.1920897010672351e-05,0,0
1757,0.049016823985954694,0.0014966017503794825,0.30408951299999998,0.1385058759546858,0.0019144586611889274,0.077119332289920364,0.0004635491768056605,0.0019913003314104079,7.4466870783374176e-07,0,0,0.23639565188982414,0.008090160902531382,0.12482140519422169,0.0043929082768954294
1758,0.02950601027731236,0.00094560496591992679,0.37418078599999999,0.1385058759546858,0.0019144586611889274,0.077119332289920364,0.0004635491768056605,0.0019913003314104079,7.4466870783374176e-07,0.029349513899250026,0.00011093713019455803,0,0,0.0020897457832725727,7.133946667246938e-07
1759,0.04072613502806946,0.0011704707515334976,0.376900974,0.1385058759546858,0.0019144586611889274,0.077119332289920364,0.0004635491768056605,0.0019913003314104079,7.4466870783374176e-07,0.029349513899250026,0.00011093713019455803,0.13810176934126006,0.002002016474771101,0.0020897457832725727,7.133946667246938e-07
1760,0.024596633793041812,0.00070534061684353864,0.310846597,0.1385058759546858,0.0019144586611889274,0.077119332289920364,0.0004635491768056605,0.004391030021690891,3.7296579112788589e-06,0,0,0,0,0,0
1761,0.024596633793041812,0.00070534061684353864,0.49117503299999998,0.1385058759546858,0.0019144586611889274,0.077119332289920364,0.0004635491768056605,0.004391030021690891,3.7296579112788589e-06,0,0,0,0,0.035299224261615122,0.00027203686528506433
1762,0.02531207464130102,0.00070564501679999886,0.30553903300000002,0.1385058759546858,0.0019144586611889274,0.077119332289920364,0.0004635491768056605,0.004391030021690891,3.7296579112788589e-06,0,0,0.0072555615269624344,3.1365272899216516e-06,0.0046713869740736399,3.5621158608966306e-06
1763,0.042360149108771374,0.0061472695215440938,0.40680055700000001,0.1385058759546858,0.0019144586611889274,0.077119332289920364,0.0004635491768056605,0.004391030021690891,3.7296579112788589e-06,0,0,0.019542957487582578,2.1920897010672351e-05,0.23835386535479269,0.017767155452867944
1764,0.049016823985954694,0.0014966017503794825,0.30644407800000001,0.1385058759546858,0.0019144586611889274,0.077119332289920364,0.0004635491768056605,0.004391030021690891,3.7296579112788589e-06,0,0,0.23639565188982414,0.008090160902531382,0,0
1765,0.024596633793041812,0.00070534061684353864,0.33885551000000003,0.1385058759546858,0.0019144586611889274,0.077119332289920364,0.0004635491768056605,0.0089799454227389077,1.6589615174066303e-05,0,0,0,0,0,0
1766,0.026530758408444363,0.00070745929030939102,0.31117112200000002,0.1385058759546858,0.0019144586611889274,0.077119332289920364,0.0004635491768056605,0.0089799454227389077,1.6589615174066303e-05,0,0,0.019542957487582578,2.1920897010672351e-05,0,0
1767,0.049016823985954694,0.0014966017503794825,0.34038385100000002,0.1385058759546858,0.0019144586611889274,0.077119332289920364,0.0004635491768056605,0.0089799454227389077,1.6589615174066303e-05,0,0,0.23639565188982414,0.008090160902531382,0.035299224261615122,0.00027203686528506433
1768,0.024596633793041812,0.00070534061684353864,0.33708548399999999,0.1385058759546858,0.0019144586611889274,0.077119332289920364,0.0004635491768056605,0.017576043218851114,6.9394104898684919e-05,0,0,0,0,0.00073691275757772434,1.017642263681214e-07
1769,0.024596633793041812,0.00070534061684353864,0.61368432500000003,0.1385058759546858,0.0019144586611889274,0.077119332289920364,0.0004635491768056605,0.017576043218851114,6.9394104898684919e-05,0,0,0,0,0.12482140519422169,0.0043929082768954294
1770,0.049016823985954694,0.0014966017503794825,0.33219604000000003,0.1385058759546858,0.0019144586611889274,0.077119332289920364,0.0004635491768056605,0.017576043218851114,6.9394104898684919e-05,0,0,0.23639565188982414,0.008090160902531382,0.12482140519422169,0.0043929082768954294
1771,0.02950601027731236,0.00094560496591992679,0.38396184700000002,0.1385058759546858,0.0019144586611889274,0.077119332289920364,0.0004635491768056605,0.017576043218851114,6.9394104898684919e-05,0.029349513899250026,0.00011093713019455803,0,0,0.066925301383199784,0.0010976716341893321
1772,0.050674122117779198,0.0017937510412836608,0.34331568099999998,0.1385058759546858,0.0019144586611889274,0.077119332289920364,0.0004635491768056605,0.017576043218851114,6.9394104898684919e-05,0.029349513899250026,0.00011093713019455803,0.23639565188982414,0.008090160902531382,0,0
1773,0.026530758408444363,0.00070745929030939102,0.59156208099999996,0.1385058759546858,0.0019144586611889274,0.077119332289920364,0.0004635491768056605,0.033822280134755418,0.00028442848457030151,0,0,0.019542957487582578,2.1920897010672351e-05,0.035299224261615122,0.00027203686528506433
1774,0.042360149108771374,0.0061472695215440938,0.36410093700000001,0.1385058759546858,0.0019144586611889274,0.077119332289920364,0.0004635491768056605,0.033822280134755418,0.00028442848457030151,0,0,0.019542957487582578,2.1920897010672351e-05,0.23835386535479269,0.017767155452867944
1775,0.049016823985954694,0.0014966017503794825,0.305067802,0.1385058759546858,0.0019144586611889274,0.077119332289920364,0.0004635491768056605,0.033822280134755418,0.00028442848457030151,0,0,0.23639565188982414,0.008090160902531382,0.035299224261615122,0.00027203686528506433
1776,0.044494063820453837,0.0018447148282586482,0.53695556,0.1385058759546858,0.0019144586611889274,0.077119332289920364,0.0004635491768056605,0.033822280134755418,0.00028442848457030151,0.099015042046594087,0.0018951229601319186,0.077646384166351154,0.00048192924222406397,0.035299224261615122,0.00027203686528506433
1777,0.024596633793041812,0.00070534061684353864,0.61288582300000005,0.1385058759546858,0.0019144586611889274,0.077119332289920364,0.0004635491768056605,0.064301081919963615,0.0011434775053933504,0,0,0,0,0,0
1778,0.024940798917106311,0.00072077452214260355,0.61221177000000004,0.1385058759546858,0.0019144586611889274,0.077119332289920364,0.0004635491768056605,0.064301081919963615,0.0011434775053933504,0.0025776564298912751,7.178637923836913e-07,0,0,0.018436560699085457,6.6669330534709393e-05
1779,0.040705733145351676,0.0061385848207425788,0.61222223399999998,0.1385058759546858,0.0019144586611889274,0.077119332289920364,0.0004635491768056605,0.064301081919963615,0.0011434775053933504,0.0025776564298912751,7.178637923836913e-07,0,0,0.23835386535479269,0.017767155452867944
1780,0.054618177439637337,0.0063368301853405952,0.39290962299999999,0.1385058759546858,0.0019144586611889274,0.077119332289920364,0.0004635491768056605,0.064301081919963615,0.0011434775053933504,0.0025776564298912751,7.178637923836913e-07,0.13810176934126006,0.002002016474771101,0.23835386535479269,0.017767155452867944
1781,0.024596633793041812,0.00070534061684353864,0.311484333,0.1385058759546858,0.0019144586611889274,0.077119332289920364,0.0004635491768056605,0.12074096984968002,0.0045738414776371689,0,0,0,0,0.00073691275757772434,1.017642263681214e-07
1782,0.024596633793041812,0.00070534061684353864,0.31887651500000003,0.1385058759546858,0.0019144586611889274,0.077119332289920364,0.0004635491768056605,0.12074096984968002,0.0045738414776371689,0,0,0,0,0.0046713869740736399,3.5621158608966306e-06
1783,0.027031791906615178,0.00081672014222167611,0.315288279,0.1385058759546858,0.0019144586611889274,0.077119332289920364,0.0004635491768056605,0.12074096984968002,0.0045738414776371689,0.014981183407215215,2.5095647377126372e-05,0,0,0,0
1784,0.049903939156709459,0.001642958861009588,0.30524590499999998,0.1385058759546858,0.0019144586611889274,0.077119332289920364,0.0004635491768056605,0.12074096984968002,0.0045738414776371689,0.014981183407215215,2.5095647377126372e-05,0.23639565188982414,0.008090160902531382,0.035299224261615122,0.00027203686528506433
1785,0.049903939156709459,0.001642958861009588,0.30497256700000003,0.1385058759546858,0.0019144586611889274,0.077119332289920364,0.0004635491768056605,0.12074096984968002,0.0045738414776371689,0.014981183407215215,2.5095647377126372e-05,0.23639565188982414,0.008090160902531382,0.12482140519422169,0.0043929082768954294
1786,0.032002820025942701,0.00096374958709675507,0.30580262499999999,0.1385058759546858,0.0019144586611889274,0.077119332289920364,0.0004635491768056605,0.12074096984968002,0.0045738414776371689,0.029349513899250026,0.00011093713019455803,0.041005308662877701,0.00010943307334319948,0.018436560699085457,6.6669330534709393e-05
1787,0.04072613502806946,0.0011704707515334976,0.30772366499999998,0.1385058759546858,0.0019144586611889274,0.077119332289920364,0.0004635491768056605,0.12074096984968002,0.0045738414776371689,0.029349513899250026,0.00011093713019455803,0.13810176934126006,0.002002016474771101,0.0020897457832725727,7.133946667246938e-07
1788,0.050674122117779198,0.0017937510412836608,0.30419825,0.1385058759546858,0.0019144586611889274,0.077119332289920364,0.0004635491768056605,0.12074096984968002,0.0045738414776371689,0.029349513899250026,0.00011093713019455803,0.23639565188982414,0.008090160902531382,0.0020897457832725727,7.133946667246938e-07
1789,0.067525068062042407,0.021631026766647778,0.40966920099999998,0.1385058759546858,0.0019144586611889274,0.077119332289920364,0.0004635491768056605,0.2422388505978256,0.018789844584028239,0,0,0,0,0.00073691275757772434,1.017642263681214e-07
1790,0.068200843883648513,0.021612026011952973,0.30693631300000002,0.1385058759546858,0.0019144586611889274,0.077119332289920364,0.0004635491768056605,0.2422388505978256,0.018789844584028239,0,0,0.019542957487582578,2.1920897010672351e-05,0,0
1791,0.069227352395103248,0.021591461269912939,0.38070816899999999,0.1385058759546858,0.0019144586611889274,0.077119332289920364,0.0004635491768056605,0.2422388505978256,0.018789844584028239,0,0,0.041005308662877701,0.00010943307334319948,0.018436560699085457,6.6669330534709393e-05
1792,0.075270751400556224,0.021585437022360938,0.431885399,0.1385058759546858,0.0019144586611889274,0.077119332289920364,0.0004635491768056605,0.2422388505978256,0.018789844584028239,0,0,0.13810176934126006,0.002002016474771101,0.066925301383199784,0.0010976716341893321
1793,0.067524837693240081,0.021626997214703545,0.30476343700000003,0.1385058759546858,0.0019144586611889274,0.077119332289920364,0.0004635491768056605,0.2422388505978256,0.018789844584028239,0.0025776564298912751,7.178637923836913e-07,0,0,0.018436560699085457,6.6669330534709393e-05
1794,0.082901268466958056,0.021875047501639867,0.33796990300000002,0.1385058759546858,0.0019144586611889274,0.077119332289920364,0.0004635491768056605,0.2422388505978256,0.018789844584028239,0.0025776564298912751,7.178637923836913e-07,0.23639565188982414,0.008090160902531382,0,0
1795,0.025558322490240058,0.00083820013808525264,0.30969308400000001,0.23657982785521811,0.007714455705033158,0,0,0,0,0,0,0,0,0,0
1796,0.025558322490240058,0.00083820013808525264,0.30811022999999998,0.23657982785521811,0.007714455705033158,0,0,0,0,0,0,0,0,0.0046713869740736399,3.5621158608966306e-06
1797,0.043411630532510764,0.0069510678530272608,0.306025304,0.23657982785521811,0.007714455705033158,0,0,0,0,0,0,0,0,0.23835386535479269,0.017767155452867944
1798,0.027492447105642207,0.00084031881155110502,0.30754688099999999,0.23657982785521811,0.007714455705033158,0,0,0,0,0,0,0.019542957487582578,2.1920897010672351e-05,0.0094673376615136643,1.5803755559712259e-05
1799,0.057512182233068705,0.0071465318674489168,0.30691175100000001,0.23657982785521811,0.007714455705033158,0,0,0,0,0,0,0.13810176934126006,0.002002016474771101,0.23835386535479269,0.017767155452867944
1800,0.025901683670767853,0.00085241210853022494,0.35922965099999998,0.23657982785521811,0.007714455705033158,0,0,0,0,0.0025776564298912751,7.178637923836913e-07,0,0,0.018436560699085457,6.6669330534709393e-05
1801,0.029821133405911457,0.00086359565193805041,0.41094234699999999,0.23657982785521811,0.007714455705033158,0,0,0,0,0.0025776564298912751,7.178637923836913e-07,0.041005308662877701,0.00010943307334319948,0,0
1802,0.033534111758470014,0.00090045306936128501,0.306381236,0.23657982785521811,0.007714455705033158,0,0,0,0,0.0025776564298912751,7.178637923836913e-07,0.077646384166351154,0.00048192924222406397,0,0
1803,0.026576763042208369,0.00088048250268555771,0.36591706200000002,0.23657982785521811,0.007714455705033158,0,0,0,0,0.0070568641369427197,5.0167964149023017e-06,0,0,0.035299224261615122,0.00027203686528506433
1804,0.027090745506732988,0.00088100419716748038,0.30660078299999999,0.23657982785521811,0.007714455705033158,0,0,0,0,0.0070568641369427197,5.0167964149023017e-06,0.0072555615269624344,3.1365272899216516e-06,0.0046713869740736399,3.5621158608966306e-06
1805,0.027090745506732988,0.00088100419716748038,0.46369009300000003,0.23657982785521811,0.007714455705033158,0,0,0,0,0.0070568641369427197,5.0167964149023017e-06,0.0072555615269624344,3.1365272899216516e-06,0.0094673376615136643,1.5803755559712259e-05
1806,0.028098076136097383,0.00088312249539170733,0.30646810800000002,0.23657982785521811,0.007714455705033158,0,0,0,0,0.0070568641369427197,5.0167964149023017e-06,0.019542957487582578,2.1920897010672351e-05,0.0046713869740736399,3.5621158608966306e-06
1807,0.028009144530911183,0.00095595283635314119,0.30897527299999999,0.23657982785521811,0.007714455705033158,0,0,0,0,0.014981183407215215,2.5095647377126372e-05,0,0,0.0020897457832725727,7.133946667246938e-07
1808,0.028009144530911183,0.00095595283635314119,0.405257759,0.23657982785521811,0.007714455705033158,0,0,0,0,0.014981183407215215,2.5095647377126372e-05,0,0,0.035299224261615122,0.00027203686528506433
1809,0.050881291781009974,0.0017821915551410532,0.386932728,0.23657982785521811,0.007714455705033158,0,0,0,0,0.014981183407215215,2.5095647377126372e-05,0.23639565188982414,0.008090160902531382,0.0020897457832725727,7.133946667246938e-07
1810,0.031514176122986653,0.0011058155628705844,0.33630549199999998,0.23657982785521811,0.007714455705033158,0,0,0,0,0.029349513899250026,0.00011093713019455803,0.019542957487582578,2.1920897010672351e-05,0.0094673376615136643,1.5803755559712259e-05
1811,0.048305704540864886,0.0068615374822738858,0.33344328200000001,0.23657982785521811,0.007714455705033158,0,0,0,0,0.029349513899250026,0.00011093713019455803,0.019542957487582578,2.1920897010672351e-05,0.23835386535479269,0.017767155452867944
1812,0.034960111481163236,0.0013681811203214475,0.41655916300000001,0.23657982785521811,0.007714455705033158,0,0,0,0,0.054808110924766583,0.00046335850843711145,0,0,0.0046713869740736399,3.5621158608966306e-06
1813,0.034960111481163236,0.0013681811203214475,0.305838214,0.23657982785521811,0.007714455705033158,0,0,0,0,0.054808110924766583,0.00046335850843711145,0,0,0.066925301383199784,0.0010976716341893321
1814,0.03687157509678169,0.0013967515930661221,0.54937882599999999,0.23657982785521811,0.007714455705033158,0,0,0,0,0.054808110924766583,0.00046335850843711145,0.041005308662877701,0.00010943307334319948,0,0
1815,0.053600409120191456,0.0022673778905955744,0.48428431,0.23657982785521811,0.007714455705033158,0,0,0,0,0.054808110924766583,0.00046335850843711145,0.23639565188982414,0.008090160902531382,0.12482140519422169,0.0043929082768954294
1816,0.04248286237434639,0.0019621254740353985,0.30467470299999999,0.23657982785521811,0.007714455705033158,0,0,0,0,0.099015042046594087,0.0018951229601319186,0,0,0.0020897457832725727,7.133946667246938e-07
1817,0.042702852794226122,0.0019681253703808638,0.31572441899999998,0.23657982785521811,0.007714455705033158,0,0,0,0,0.099015042046594087,0.0018951229601319186,0.0072555615269624344,3.1365272899216516e-06,0.0094673376615136643,1.5803755559712259e-05
1818,0.059581917723610323,0.0037683819461002562,0.32728064600000001,0.23657982785521811,0.007714455705033158,0,0,0,0,0.17323221681704717,0.0075662290638639019,0.13810176934126006,0.002002016474771101,0.0046713869740736399,3.5621158608966306e-06
1819,0.026273763338499137,0.00083850453804171286,0.34674496300000002,0.23657982785521811,0.007714455705033158,0,0,0.00071998620962972519,1.0668702470797522e-07,0,0,0.0072555615269624344,3.1365272899216516e-06,0.0046713869740736399,3.5621158608966306e-06
1820,0.051241243897198543,0.0069978846769283738,0.36737556199999999,0.23657982785521811,0.007714455705033158,0,0,0.00071998620962972519,1.0668702470797522e-07,0,0,0.077646384166351154,0.00048192924222406397,0.23835386535479269,0.017767155452867944
1821,0.039658874190805382,0.0010336641525069078,0.60788241399999998,0.23657982785521811,0.007714455705033158,0,0,0.00071998620962972519,1.0668702470797522e-07,0,0,0.13810176934126006,0.002002016474771101,0.066925301383199784,0.0010976716341893321
1822,0.049978512683156805,0.0016294612716211965,0.60743435999999995,0.23657982785521811,0.007714455705033158,0,0,0.00071998620962972519,1.0668702470797522e-07,0,0,0.23639565188982414,0.008090160902531382,0,0
1823,0.050134132037650735,0.0016493566714744826,0.488859249,0.23657982785521811,0.007714455705033158,0,0,0.00071998620962972519,1.0668702470797522e-07,0.0025776564298912751,7.178637923836913e-07,0.23639565188982414,0.008090160902531382,0.035299224261615122,0.00027203686528506433
1824,0.073582153248999541,0.0072904166492559815,0.30489792300000002,0.23657982785521811,0.007714455705033158,0,0,0.00071998620962972519,1.0668702470797522e-07,0.29432736935424308,0.029782257606169423,0.019542957487582578,2.1920897010672351e-05,0,0
1825,0.074015969923878697,0.0073585674802788201,0.52181571400000004,0.23657982785521811,0.007714455705033158,0,0,0.00071998620962972519,1.0668702470797522e-07,0.29432736935424308,0.029782257606169423,0.041005308662877701,0.00010943307334319948,0,0
1826,0.026273763338499137,0.00083850453804171286,0.37641136400000003,0.23657982785521811,0.007714455705033158,0,0,0.0019913003314104079,7.4466870783374176e-07,0,0,0.0072555615269624344,3.1365272899216516e-06,0,0
1827,0.039658874190805382,0.0010336641525069078,0.570891912,0.23657982785521811,0.007714455705033158,0,0,0.0019913003314104079,7.4466870783374176e-07,0,0,0.13810176934126006,0.002002016474771101,0.0020897457832725727,7.133946667246938e-07
1828,0.030519298674922701,0.0010998842271199968,0.30421658800000001,0.23657982785521811,0.007714455705033158,0,0,0.0019913003314104079,7.4466870783374176e-07,0.029349513899250026,0.00011093713019455803,0,0,0.0094673376615136643,1.5803755559712259e-05
1829,0.041739423425682626,0.0013247500127335679,0.304886345,0.23657982785521811,0.007714455705033158,0,0,0.0019913003314104079,7.4466870783374176e-07,0.029349513899250026,0.00011093713019455803,0.13810176934126006,0.002002016474771101,0.066925301383199784,0.0010976716341893321
1830,0.058530951843554488,0.0070804719321368691,0.38392310200000002,0.23657982785521811,0.007714455705033158,0,0,0.0019913003314104079,7.4466870783374176e-07,0.029349513899250026,0.00011093713019455803,0.13810176934126006,0.002002016474771101,0.23835386535479269,0.017767155452867944
1831,0.051687410515393939,0.0019480303024837309,0.31079584999999998,0.23657982785521811,0.007714455705033158,0,0,0.0019913003314104079,7.4466870783374176e-07,0.029349513899250026,0.00011093713019455803,0.23639565188982414,0.008090160902531382,0.12482140519422169,0.0043929082768954294
1832,0.027492447105642207,0.00084031881155110502,0.48656887599999998,0.23657982785521811,0.007714455705033158,0,0,0.004391030021690891,3.7296579112788589e-06,0,0,0.019542957487582578,2.1920897010672351e-05,0.0094673376615136643,1.5803755559712259e-05
1833,0.03338793585493019,0.00088501696198636565,0.416033231,0.23657982785521811,0.007714455705033158,0,0,0.004391030021690891,3.7296579112788589e-06,0,0,0.077646384166351154,0.00048192924222406397,0,0
1834,0.029663645452991255,0.0008487921624444867,0.30363141900000001,0.23657982785521811,0.007714455705033158,0,0,0.0089799454227389077,1.6589615174066303e-05,0,0,0.041005308662877701,0.00010943307334319948,0,0
1835,0.051241243897198543,0.0069978846769283738,0.43778515099999998,0.23657982785521811,0.007714455705033158,0,0,0.0089799454227389077,1.6589615174066303e-05,0,0,0.077646384166351154,0.00048192924222406397,0.23835386535479269,0.017767155452867944
1836,0.049978512683156805,0.0016294612716211965,0.361161075,0.23657982785521811,0.007714455705033158,0,0,0.0089799454227389077,1.6589615174066303e-05,0,0,0.23639565188982414,0.008090160902531382,0.12482140519422169,0.0043929082768954294
1837,0.026273763338499137,0.00083850453804171286,0.30355582399999997,0.23657982785521811,0.007714455705033158,0,0,0.017576043218851114,6.9394104898684919e-05,0,0,0.0072555615269624344,3.1365272899216516e-06,0.0046713869740736399,3.5621158608966306e-06
1838,0.030858311882762984,0.0011015694471345802,0.41568542200000003,0.23657982785521811,0.007714455705033158,0,0,0.017576043218851114,6.9394104898684919e-05,0.029349513899250026,0.00011093713019455803,0.0072555615269624344,3.1365272899216516e-06,0.0046713869740736399,3.5621158608966306e-06
1839,0.033016108423553368,0.0011180288482968252,0.39577230499999999,0.23657982785521811,0.007714455705033158,0,0,0.017576043218851114,6.9394104898684919e-05,0.029349513899250026,0.00011093713019455803,0.041005308662877701,0.00010943307334319948,0.018436560699085457,6.6669330534709393e-05
1840,0.035935422178332267,0.0011595849228563319,0.40413430700000003,0.23657982785521811,0.007714455705033158,0,0,0.017576043218851114,6.9394104898684919e-05,0.029349513899250026,0.00011093713019455803,0.077646384166351154,0.00048192924222406397,0.035299224261615122,0.00027203686528506433
1841,0.025558322490240058,0.00083820013808525264,0.383491358,0.23657982785521811,0.007714455705033158,0,0,0.033822280134755418,0.00028442848457030151,0,0,0,0,0.0020897457832725727,7.133946667246938e-07
1842,0.026273763338499137,0.00083850453804171286,0.32293097399999998,0.23657982785521811,0.007714455705033158,0,0,0.033822280134755418,0.00028442848457030151,0,0,0.0072555615269624344,3.1365272899216516e-06,0.0094673376615136643,1.5803755559712259e-05
1843,0.045345755147909172,0.006953186526493114,0.33459691499999999,0.23657982785521811,0.007714455705033158,0,0,0.033822280134755418,0.00028442848457030151,0,0,0.019542957487582578,2.1920897010672351e-05,0.23835386535479269,0.017767155452867944
1844,0.04248286237434639,0.0019621254740353985,0.49620544,0.23657982785521811,0.007714455705033158,0,0,0.033822280134755418,0.00028442848457030151,0.099015042046594087,0.0018951229601319186,0,0,0.066925301383199784,0.0010976716341893321
1845,0.057667337550612215,0.0029378720592604527,0.30505606600000001,0.23657982785521811,0.007714455705033158,0,0,0.033822280134755418,0.00028442848457030151,0.099015042046594087,0.0018951229601319186,0.23639565188982414,0.008090160902531382,0.0020897457832725727,7.133946667246938e-07
1846,0.026273763338499137,0.00083850453804171286,0.45928806999999999,0.23657982785521811,0.007714455705033158,0,0,0.064301081919963615,0.0011434775053933504,0,0,0.0072555615269624344,3.1365272899216516e-06,0.0094673376615136643,1.5803755559712259e-05
1847,0.051241243897198543,0.0069978846769283738,0.30342917699999999,0.23657982785521811,0.007714455705033158,0,0,0.064301081919963615,0.0011434775053933504,0,0,0.077646384166351154,0.00048192924222406397,0.23835386535479269,0.017767155452867944
1848,0.025558322490240058,0.00083820013808525264,0.45280284399999998,0.23657982785521811,0.007714455705033158,0,0,0.12074096984968002,0.0045738414776371689,0,0,0,0,0.0046713869740736399,3.5621158608966306e-06
1849,0.025558322490240058,0.00083820013808525264,0.30662345400000002,0.23657982785521811,0.007714455705033158,0,0,0.12074096984968002,0.0045738414776371689,0,0,0,0,0.035299224261615122,0.00027203686528506433
1850,0.051241243897198543,0.0069978846769283738,0.59747943000000003,0.23657982785521811,0.007714455705033158,0,0,0.12074096984968002,0.0045738414776371689,0,0,0.077646384166351154,0.00048192924222406397,0.23835386535479269,0.017767155452867944
1851,0.039658874190805382,0.0010336641525069078,0.60691785600000003,0.23657982785521811,0.007714455705033158,0,0,0.12074096984968002,0.0045738414776371689,0,0,0.13810176934126006,0.002002016474771101,0,0
1852,0.039658874190805382,0.0010336641525069078,0.493605778,0.23657982785521811,0.007714455705033158,0,0,0.12074096984968002,0.0045738414776371689,0,0,0.13810176934126006,0.002002016474771101,0.0046713869740736399,3.5621158608966306e-06
1853,0.028009144530911183,0.00095595283635314119,0.37377887300000001,0.23657982785521811,0.007714455705033158,0,0,0.12074096984968002,0.0045738414776371689,0.014981183407215215,2.5095647377126372e-05,0,0,0.066925301383199784,0.0010976716341893321
1854,0.040561143285430312,0.0011660824093466761,0.30564366300000001,0.23657982785521811,0.007714455705033158,0,0,0.12074096984968002,0.0045738414776371689,0.014981183407215215,2.5095647377126372e-05,0.13810176934126006,0.002002016474771101,0,0
1855,0.057935751473452632,0.007118896654831286,0.30330120599999999,0.23657982785521811,0.007714455705033158,0,0,0.12074096984968002,0.0045738414776371689,0.014981183407215215,2.5095647377126372e-05,0.13810176934126006,0.002002016474771101,0.23835386535479269,0.017767155452867944
1856,0.050881291781009974,0.0017821915551410532,0.30483407499999998,0.23657982785521811,0.007714455705033158,0,0,0.12074096984968002,0.0045738414776371689,0.014981183407215215,2.5095647377126372e-05,0.23639565188982414,0.008090160902531382,0.035299224261615122,0.00027203686528506433
1857,0.050881291781009974,0.0017821915551410532,0.31664113900000002,0.23657982785521811,0.007714455705033158,0,0,0.12074096984968002,0.0045738414776371689,0.014981183407215215,2.5095647377126372e-05,0.23639565188982414,0.008090160902531382,0.12482140519422169,0.0043929082768954294
1858,0.030519298674922701,0.0010998842271199968,0.34100227100000002,0.23657982785521811,0.007714455705033158,0,0,0.12074096984968002,0.0045738414776371689,0.029349513899250026,0.00011093713019455803,0,0,0,0
1859,0.033016108423553368,0.0011180288482968252,0.30255188799999999,0.23657982785521811,0.007714455705033158,0,0,0.12074096984968002,0.0045738414776371689,0.029349513899250026,0.00011093713019455803,0.041005308662877701,0.00010943307334319948,0,0
1860,0.077233513253065073,0.021944847529481247,0.346274111,0.23657982785521811,0.007714455705033158,0,0,0.2422388505978256,0.018789844584028239,0.0025776564298912751,7.178637923836913e-07,0.13810176934126006,0.002002016474771101,0.0046713869740736399,3.5621158608966306e-06
1861,0.027893833051182908,0.00093452938347764918,0.30369376100000001,0.23657982785521811,0.007714455705033158,0.019523749686017854,2.0955279582831375e-05,0,0,0,0,0,0,0,0
1862,0.027893833051182908,0.00093452938347764918,0.345225642,0.23657982785521811,0.007714455705033158,0.019523749686017854,2.0955279582831375e-05,0,0,0,0,0,0,0.12482140519422169,0.0043929082768954294
1863,0.028609273899441963,0.0009348337834341094,0.37718076,0.23657982785521811,0.007714455705033158,0.019523749686017854,2.0955279582831375e-05,0,0,0,0,0.0072555615269624344,3.1365272899216516e-06,0.0046713869740736399,3.5621158608966306e-06
1864,0.029827957666584803,0.00093664805694350156,0.43749758500000002,0.23657982785521811,0.007714455705033158,0.019523749686017854,2.0955279582831375e-05,0,0,0,0,0.019542957487582578,2.1920897010672351e-05,0.0046713869740736399,3.5621158608966306e-06
1865,0.029827957666584803,0.00093664805694350156,0.30451285,0.23657982785521811,0.007714455705033158,0.019523749686017854,2.0955279582831375e-05,0,0,0,0,0.019542957487582578,2.1920897010672351e-05,0.12482140519422169,0.0043929082768954294
1866,0.059428097144586869,0.0071016711978907267,0.43460337300000002,0.23657982785521811,0.007714455705033158,0.019523749686017854,2.0955279582831375e-05,0,0,0,0,0.13810176934126006,0.002002016474771101,0.23835386535479269,0.017767155452867944
1867,0.052314023244096237,0.001725790517013593,0.61874317000000001,0.23657982785521811,0.007714455705033158,0.019523749686017854,2.0955279582831375e-05,0,0,0,0,0.23639565188982414,0.008090160902531382,0,0
1868,0.02823613438865312,0.00094896173925410401,0.61288505800000004,0.23657982785521811,0.007714455705033158,0.019523749686017854,2.0955279582831375e-05,0,0,0.0025776564298912751,7.178637923836913e-07,0,0,0.018436560699085457,6.6669330534709393e-05
1869,0.028920681125667036,0.00098042965995909161,0.36224299199999999,0.23657982785521811,0.007714455705033158,0.019523749686017854,2.0955279582831375e-05,0,0,0.0070568641369427197,5.0167964149023017e-06,0,0,0.066925301383199784,0.0010976716341893321
1870,0.03044199421955545,0.00098306965266524112,0.31035420499999999,0.23657982785521811,0.007714455705033158,0.019523749686017854,2.0955279582831375e-05,0,0,0.0070568641369427197,5.0167964149023017e-06,0.019542957487582578,2.1920897010672351e-05,0.0046713869740736399,3.5621158608966306e-06
1871,0.047693613449228865,0.0068941850441518685,0.310227692,0.23657982785521811,0.007714455705033158,0.019523749686017854,2.0955279582831375e-05,0,0,0.0070568641369427197,5.0167964149023017e-06,0.019542957487582578,2.1920897010672351e-05,0.23835386535479269,0.017767155452867944
1872,0.052739321617982997,0.0017892011575770918,0.31027759799999999,0.23657982785521811,0.007714455705033158,0.019523749686017854,2.0955279582831375e-05,0,0,0.0070568641369427197,5.0167964149023017e-06,0.23639565188982414,0.008090160902531382,0.035299224261615122,0.00027203686528506433
1873,0.030334698461175164,0.0010487341721771024,0.33694912500000002,0.23657982785521811,0.007714455705033158,0.019523749686017854,2.0955279582831375e-05,0,0,0.014981183407215215,2.5095647377126372e-05,0,0,0,0
1874,0.030334698461175164,0.0010487341721771024,0.37981451199999999,0.23657982785521811,0.007714455705033158,0.019523749686017854,2.0955279582831375e-05,0,0,0.014981183407215215,2.5095647377126372e-05,0,0,0.00073691275757772434,1.017642263681214e-07
1875,0.032858235312482525,0.0011947813430993827,0.31133003799999998,0.23657982785521811,0.007714455705033158,0.019523749686017854,2.0955279582831375e-05,0,0,0.029349513899250026,0.00011093713019455803,0,0,0,0
1876,0.033853112760545631,0.0012007126788499702,0.32753116100000002,0.23657982785521811,0.007714455705033158,0.019523749686017854,2.0955279582831375e-05,0,0,0.029349513899250026,0.00011093713019455803,0.019542957487582578,2.1920897010672351e-05,0.0046713869740736399,3.5621158608966306e-06
1877,0.046510242000027575,0.0017050647568171299,0.30650234199999998,0.23657982785521811,0.007714455705033158,0.019523749686017854,2.0955279582831375e-05,0,0,0.054808110924766583,0.00046335850843711145,0.13810176934126006,0.002002016474771101,0,0
1878,0.045388365171431938,0.0020514722726357021,0.30786514100000001,0.23657982785521811,0.007714455705033158,0.019523749686017854,2.0955279582831375e-05,0,0,0.099015042046594087,0.0018951229601319186,0.019542957487582578,2.1920897010672351e-05,0.035299224261615122,0.00027203686528506433
1879,0.045388365171431938,0.0020514722726357021,0.32788232299999998,0.23657982785521811,0.007714455705033158,0.019523749686017854,2.0955279582831375e-05,0,0,0.099015042046594087,0.0018951229601319186,0.019542957487582578,2.1920897010672351e-05,0.12482140519422169,0.0043929082768954294
1880,0.061425290270027223,0.0067925491514422079,0.30235643499999998,0.23657982785521811,0.007714455705033158,0.019523749686017854,2.0955279582831375e-05,0,0,0.099015042046594087,0.0018951229601319186,0.077646384166351154,0.00048192924222406397,0.23835386535479269,0.017767155452867944
1881,0.052087151893269769,0.0023486002833898066,0.30196946600000002,0.23657982785521811,0.007714455705033158,0.019523749686017854,2.0955279582831375e-05,0,0,0.099015042046594087,0.0018951229601319186,0.13810176934126006,0.002002016474771101,0,0
1882,0.057300533506444866,0.003409907666835394,0.30532567500000002,0.23657982785521811,0.007714455705033158,0.019523749686017854,2.0955279582831375e-05,0,0,0.17323221681704717,0.0075662290638639019,0.019542957487582578,2.1920897010672351e-05,0.0046713869740736399,3.5621158608966306e-06
1883,0.06833900480760223,0.004565553836346067,0.30451207200000002,0.23657982785521811,0.007714455705033158,0.019523749686017854,2.0955279582831375e-05,0,0,0.17323221681704717,0.0075662290638639019,0.23639565188982414,0.008090160902531382,0.035299224261615122,0.00027203686528506433
1884,0.075554120385300599,0.0073079221055725686,0.30596707899999998,0.23657982785521811,0.007714455705033158,0.019523749686017854,2.0955279582831375e-05,0,0,0.29432736935424308,0.029782257606169423,0.0072555615269624344,3.1365272899216516e-06,0.0046713869740736399,3.5621158608966306e-06
1885,0.053157158808718602,0.0069530240073701838,0.30443711699999998,0.23657982785521811,0.007714455705033158,0.019523749686017854,2.0955279582831375e-05,0.00071998620962972519,1.0668702470797522e-07,0,0,0.077646384166351154,0.00048192924222406397,0.23835386535479269,0.017767155452867944
1886,0.030026179559080005,0.00095131549172350826,0.305642101,0.23657982785521811,0.007714455705033158,0.019523749686017854,2.0955279582831375e-05,0.00071998620962972519,1.0668702470797522e-07,0.0025776564298912751,7.178637923836913e-07,0.019542957487582578,2.1920897010672351e-05,0.035299224261615122,0.00027203686528506433
1887,0.075413687701163704,0.0072860293932949178,0.30486396500000001,0.23657982785521811,0.007714455705033158,0.019523749686017854,2.0955279582831375e-05,0.00071998620962972519,1.0668702470797522e-07,0.29432736935424308,0.029782257606169423,0,0,0,0
1888,0.075413687701163704,0.0072860293932949178,0.30444695799999999,0.23657982785521811,0.007714455705033158,0.019523749686017854,2.0955279582831375e-05,0.00071998620962972519,1.0668702470797522e-07,0.29432736935424308,0.029782257606169423,0,0,0.00073691275757772434,1.017642263681214e-07
1889,0.075554120385300599,0.0073079221055725686,0.30456886500000002,0.23657982785521811,0.007714455705033158,0.019523749686017854,2.0955279582831375e-05,0.00071998620962972519,1.0668702470797522e-07,0.29432736935424308,0.029782257606169423,0.0072555615269624344,3.1365272899216516e-06,0,0
1890,0.075801294117064738,0.0073498045613479626,0.306375383,0.23657982785521811,0.007714455705033158,0.019523749686017854,2.0955279582831375e-05,0.00071998620962972519,1.0668702470797522e-07,0.29432736935424308,0.029782257606169423,0.019542957487582578,2.1920897010672351e-05,0.0094673376615136643,1.5803755559712259e-05
1891,0.076235110791944324,0.0074179553923708003,0.45061638700000001,0.23657982785521811,0.007714455705033158,0.019523749686017854,2.0955279582831375e-05,0.00071998620962972519,1.0668702470797522e-07,0.29432736935424308,0.029782257606169423,0.041005308662877701,0.00010943307334319948,0,0
1892,0.047261670059429467,0.0069083258569349231,0.34701321699999998,0.23657982785521811,0.007714455705033158,0.019523749686017854,2.0955279582831375e-05,0.0019913003314104079,7.4466870783374176e-07,0,0,0.019542957487582578,2.1920897010672351e-05,0.23835386535479269,0.017767155452867944
1893,0.035723446415871697,0.00098134620737876229,0.31192546199999999,0.23657982785521811,0.007714455705033158,0.019523749686017854,2.0955279582831375e-05,0.0019913003314104079,7.4466870783374176e-07,0,0,0.077646384166351154,0.00048192924222406397,0.035299224261615122,0.00027203686528506433
1894,0.052314023244096237,0.001725790517013593,0.31753709000000002,0.23657982785521811,0.007714455705033158,0.019523749686017854,2.0955279582831375e-05,0.0019913003314104079,7.4466870783374176e-07,0,0,0.23639565188982414,0.008090160902531382,0.035299224261615122,0.00027203686528506433
1895,0.044078360063240313,0.0014196471287129537,0.45865047799999997,0.23657982785521811,0.007714455705033158,0.019523749686017854,2.0955279582831375e-05,0.0019913003314104079,7.4466870783374176e-07,0.029349513899250026,0.00011093713019455803,0.13810176934126006,0.002002016474771101,0.066925301383199784,0.0010976716341893321
1896,0.027893833051182908,0.00093452938347764918,0.38986111400000001,0.23657982785521811,0.007714455705033158,0.019523749686017854,2.0955279582831375e-05,0.004391030021690891,3.7296579112788589e-06,0,0,0,0,0,0
1897,0.027893833051182908,0.00093452938347764918,0.34274248200000001,0.23657982785521811,0.007714455705033158,0.019523749686017854,2.0955279582831375e-05,0.004391030021690891,3.7296579112788589e-06,0,0,0,0,0.00073691275757772434,1.017642263681214e-07
1898,0.028609273899441963,0.0009348337834341094,0.30433453599999999,0.23657982785521811,0.007714455705033158,0.019523749686017854,2.0955279582831375e-05,0.004391030021690891,3.7296579112788589e-06,0,0,0.0072555615269624344,3.1365272899216516e-06,0.0094673376615136643,1.5803755559712259e-05
1899,0.031999156013933203,0.00094512140783688324,0.32700850599999998,0.23657982785521811,0.007714455705033158,0.019523749686017854,2.0955279582831375e-05,0.004391030021690891,3.7296579112788589e-06,0,0,0.041005308662877701,0.00010943307334319948,0,0
1900,0.052314023244096237,0.001725790517013593,0.30470623800000002,0.23657982785521811,0.007714455705033158,0.019523749686017854,2.0955279582831375e-05,0.004391030021690891,3.7296579112788589e-06,0,0,0.23639565188982414,0.008090160902531382,0,0
1901,0.031999156013933203,0.00094512140783688324,0.30534936400000001,0.23657982785521811,0.007714455705033158,0.019523749686017854,2.0955279582831375e-05,0.0089799454227389077,1.6589615174066303e-05,0,0,0.041005308662877701,0.00010943307334319948,0,0
1902,0.052314023244096237,0.001725790517013593,0.32709332200000002,0.23657982785521811,0.007714455705033158,0.019523749686017854,2.0955279582831375e-05,0.0089799454227389077,1.6589615174066303e-05,0,0,0.23639565188982414,0.008090160902531382,0.035299224261615122,0.00027203686528506433
1903,0.027893833051182908,0.00093452938347764918,0.320717896,0.23657982785521811,0.007714455705033158,0.019523749686017854,2.0955279582831375e-05,0.017576043218851114,6.9394104898684919e-05,0,0,0,0,0.12482140519422169,0.0043929082768954294
1904,0.04199438475174571,0.0011299933978993044,0.32072780499999998,0.23657982785521811,0.007714455705033158,0.019523749686017854,2.0955279582831375e-05,0.017576043218851114,6.9394104898684919e-05,0,0,0.13810176934126006,0.002002016474771101,0.0046713869740736399,3.5621158608966306e-06
1905,0.032858235312482525,0.0011947813430993827,0.39352776099999998,0.23657982785521811,0.007714455705033158,0.019523749686017854,2.0955279582831375e-05,0.017576043218851114,6.9394104898684919e-05,0.029349513899250026,0.00011093713019455803,0,0,0,0
1906,0.033853112760545631,0.0012007126788499702,0.34117076400000002,0.23657982785521811,0.007714455705033158,0.019523749686017854,2.0955279582831375e-05,0.017576043218851114,6.9394104898684919e-05,0.029349513899250026,0.00011093713019455803,0.019542957487582578,2.1920897010672351e-05,0.035299224261615122,0.00027203686528506433
1907,0.038274358815890849,0.0012544820388357178,0.33801551600000002,0.23657982785521811,0.007714455705033158,0.019523749686017854,2.0955279582831375e-05,0.017576043218851114,6.9394104898684919e-05,0.029349513899250026,0.00011093713019455803,0.077646384166351154,0.00048192924222406397,0,0
1908,0.038274358815890849,0.0012544820388357178,0.30640899199999999,0.23657982785521811,0.007714455705033158,0.019523749686017854,2.0955279582831375e-05,0.017576043218851114,6.9394104898684919e-05,0.029349513899250026,0.00011093713019455803,0.077646384166351154,0.00048192924222406397,0.035299224261615122,0.00027203686528506433
1909,0.029827957666584803,0.00093664805694350156,0.38907572200000001,0.23657982785521811,0.007714455705033158,0.019523749686017854,2.0955279582831375e-05,0.033822280134755418,0.00028442848457030151,0,0,0.019542957487582578,2.1920897010672351e-05,0.0046713869740736399,3.5621158608966306e-06
1910,0.035723446415871697,0.00098134620737876229,0.32836725500000002,0.23657982785521811,0.007714455705033158,0.019523749686017854,2.0955279582831375e-05,0.033822280134755418,0.00028442848457030151,0,0,0.077646384166351154,0.00048192924222406397,0,0
1911,0.052314023244096237,0.001725790517013593,0.32074981299999999,0.23657982785521811,0.007714455705033158,0.019523749686017854,2.0955279582831375e-05,0.033822280134755418,0.00028442848457030151,0,0,0.23639565188982414,0.008090160902531382,0.035299224261615122,0.00027203686528506433
1912,0.044756806431323432,0.0020325667108164009,0.44945359499999998,0.23657982785521811,0.007714455705033158,0.019523749686017854,2.0955279582831375e-05,0.033822280134755418,0.00028442848457030151,0.099015042046594087,0.0018951229601319186,0,0,0.12482140519422169,0.0043929082768954294
1913,0.044976796851203066,0.0020385666071618663,0.30585489199999999,0.23657982785521811,0.007714455705033158,0.019523749686017854,2.0955279582831375e-05,0.033822280134755418,0.00028442848457030151,0.099015042046594087,0.0018951229601319186,0.0072555615269624344,3.1365272899216516e-06,0,0
1914,0.029827957666584803,0.00093664805694350156,0.41870864099999999,0.23657982785521811,0.007714455705033158,0.019523749686017854,2.0955279582831375e-05,0.064301081919963615,0.0011434775053933504,0,0,0.019542957487582578,2.1920897010672351e-05,0.0046713869740736399,3.5621158608966306e-06
1915,0.030026179559080005,0.00095131549172350826,0.32750445700000003,0.23657982785521811,0.007714455705033158,0.019523749686017854,2.0955279582831375e-05,0.064301081919963615,0.0011434775053933504,0.0025776564298912751,7.178637923836913e-07,0.019542957487582578,2.1920897010672351e-05,0.0046713869740736399,3.5621158608966306e-06
1916,0.027893833051182908,0.00093452938347764918,0.30493074399999998,0.23657982785521811,0.007714455705033158,0.019523749686017854,2.0955279582831375e-05,0.12074096984968002,0.0045738414776371689,0,0,0,0,0.018436560699085457,6.6669330534709393e-05
1917,0.052314023244096237,0.001725790517013593,0.61167605300000005,0.23657982785521811,0.007714455705033158,0.019523749686017854,2.0955279582831375e-05,0.12074096984968002,0.0045738414776371689,0,0,0.23639565188982414,0.008090160902531382,0,0
1918,0.030334698461175164,0.0010487341721771024,0.610982362,0.23657982785521811,0.007714455705033158,0.019523749686017854,2.0955279582831375e-05,0.12074096984968002,0.0045738414776371689,0.014981183407215215,2.5095647377126372e-05,0,0,0.00073691275757772434,1.017642263681214e-07
1919,0.030334698461175164,0.0010487341721771024,0.61148254400000002,0.23657982785521811,0.007714455705033158,0.019523749686017854,2.0955279582831375e-05,0.12074096984968002,0.0045738414776371689,0.014981183407215215,2.5095647377126372e-05,0,0,0.018436560699085457,6.6669330534709393e-05
1920,0.030334698461175164,0.0010487341721771024,0.61143483300000001,0.23657982785521811,0.007714455705033158,0.019523749686017854,2.0955279582831375e-05,0.12074096984968002,0.0045738414776371689,0.014981183407215215,2.5095647377126372e-05,0,0,0.035299224261615122,0.00027203686528506433
1921,0.033336759964639737,0.0010622379234279747,0.41977859299999998,0.23657982785521811,0.007714455705033158,0.019523749686017854,2.0955279582831375e-05,0.12074096984968002,0.0045738414776371689,0.014981183407215215,2.5095647377126372e-05,0.041005308662877701,0.00010943307334319948,0,0
1922,0.053206845711270462,0.0018749728909650141,0.30544520600000002,0.23657982785521811,0.007714455705033158,0.019523749686017854,2.0955279582831375e-05,0.12074096984968002,0.0045738414776371689,0.014981183407215215,2.5095647377126372e-05,0.23639565188982414,0.008090160902531382,0.12482140519422169,0.0043929082768954294
1923,0.032858235312482525,0.0011947813430993827,0.49282850700000003,0.23657982785521811,0.007714455705033158,0.019523749686017854,2.0955279582831375e-05,0.12074096984968002,0.0045738414776371689,0.029349513899250026,0.00011093713019455803,0,0,0,0
1924,0.049207295514828824,0.006800184370540854,0.36596283000000002,0.23657982785521811,0.007714455705033158,0.019523749686017854,2.0955279582831375e-05,0.12074096984968002,0.0045738414776371689,0.029349513899250026,0.00011093713019455803,0,0,0.23835386535479269,0.017767155452867944
1925,0.071539431508489432,0.022034542019071849,0.30495013999999998,0.23657982785521811,0.007714455705033158,0.019523749686017854,2.0955279582831375e-05,0.2422388505978256,0.018789844584028239,0,0,0,0,0.00073691275757772434,1.017642263681214e-07
1926,0.071539431508489432,0.022034542019071849,0.32257738600000002,0.23657982785521811,0.007714455705033158,0.019523749686017854,2.0955279582831375e-05,0.2422388505978256,0.018789844584028239,0,0,0,0,0.0094673376615136643,1.5803755559712259e-05
1927,0.071539431508489432,0.022034542019071849,0.52556143899999996,0.23657982785521811,0.007714455705033158,0.019523749686017854,2.0955279582831375e-05,0.2422388505978256,0.018789844584028239,0,0,0,0,0.12482140519422169,0.0043929082768954294
1928,0.072215207330096592,0.022015541264377044,0.301276989,0.23657982785521811,0.007714455705033158,0.019523749686017854,2.0955279582831375e-05,0.2422388505978256,0.018789844584028239,0,0,0.019542957487582578,2.1920897010672351e-05,0.12482140519422169,0.0043929082768954294
1929,0.079285114847005608,0.02198895227478501,0.60704566800000004,0.23657982785521811,0.007714455705033158,0.019523749686017854,2.0955279582831375e-05,0.2422388505978256,0.018789844584028239,0,0,0.13810176934126006,0.002002016474771101,0,0
1930,0.086840670321717994,0.022277879794556098,0.30306100600000002,0.23657982785521811,0.007714455705033158,0.019523749686017854,2.0955279582831375e-05,0.2422388505978256,0.018789844584028239,0,0,0.23639565188982414,0.008090160902531382,0.00073691275757772434,1.017642263681214e-07
1931,0.071537732684589142,0.022026762549192565,0.45445437300000002,0.23657982785521811,0.007714455705033158,0.019523749686017854,2.0955279582831375e-05,0.2422388505978256,0.018789844584028239,0.0025776564298912751,7.178637923836913e-07,0,0,0.035299224261615122,0.00027203686528506433
1932,0.030595986887414359,0.0010766395587650424,0.61110354200000006,0.23657982785521811,0.007714455705033158,0.040725592931596735,0.00010507916537179608,0,0,0,0,0,0,0,0
1933,0.032530111502815116,0.0010787582322308946,0.60751866099999996,0.23657982785521811,0.007714455705033158,0.040725592931596735,0.00010507916537179608,0,0,0,0,0.019542957487582578,2.1920897010672351e-05,0.0094673376615136643,1.5803755559712259e-05
1934,0.055266227672585613,0.0068963606358474301,0.52451947099999996,0.23657982785521811,0.007714455705033158,0.040725592931596735,0.00010507916537179608,0,0,0,0,0.077646384166351154,0.00048192924222406397,0.23835386535479269,0.017767155452867944
1935,0.044696538587977799,0.0012721035731866974,0.30325904300000001,0.23657982785521811,0.007714455705033158,0.040725592931596735,0.00010507916537179608,0,0,0,0,0.13810176934126006,0.002002016474771101,0.066925301383199784,0.0010976716341893321
1936,0.055016177080329118,0.0018679006923009861,0.36945373300000001,0.23657982785521811,0.007714455705033158,0.040725592931596735,0.00010507916537179608,0,0,0,0,0.23639565188982414,0.008090160902531382,0.035299224261615122,0.00027203686528506433
1937,0.030935864997322982,0.0010906445439544717,0.32389490700000001,0.23657982785521811,0.007714455705033158,0.040725592931596735,0.00010507916537179608,0,0,0.0025776564298912751,7.178637923836913e-07,0,0,0,0
1938,0.031537835105085454,0.0010909964811000061,0.327308879,0.23657982785521811,0.007714455705033158,0.040725592931596735,0.00010507916537179608,0,0,0.0025776564298912751,7.178637923836913e-07,0.0072555615269624344,3.1365272899216516e-06,0.0046713869740736399,3.5621158608966306e-06
1939,0.033141315099576046,0.0011250850103187561,0.35971505599999998,0.23657982785521811,0.007714455705033158,0.040725592931596735,0.00010507916537179608,0,0,0.0070568641369427197,5.0167964149023017e-06,0.019542957487582578,2.1920897010672351e-05,0.0046713869740736399,3.5621158608966306e-06
1940,0.033141315099576046,0.0011250850103187561,0.34523876199999998,0.23657982785521811,0.007714455705033158,0.040725592931596735,0.00010507916537179608,0,0,0.0070568641369427197,5.0167964149023017e-06,0.019542957487582578,2.1920897010672351e-05,0.035299224261615122,0.00027203686528506433
1941,0.046763646717647295,0.0015564818807362302,0.30389653300000002,0.23657982785521811,0.007714455705033158,0.040725592931596735,0.00010507916537179608,0,0,0.029349513899250026,0.00011093713019455803,0.13810176934126006,0.002002016474771101,0.0020897457832725727,7.133946667246938e-07
1942,0.062540637451027864,0.0069707518930976339,0.34553145000000002,0.23657982785521811,0.007714455705033158,0.040725592931596735,0.00010507916537179608,0,0,0.029349513899250026,0.00011093713019455803,0.13810176934126006,0.002002016474771101,0.23835386535479269,0.017767155452867944
1943,0.047383403209707367,0.0021477432864526998,0.30500523099999999,0.23657982785521811,0.007714455705033158,0.040725592931596735,0.00010507916537179608,0,0,0.099015042046594087,0.0018951229601319186,0,0,0.066925301383199784,0.0010976716341893321
1944,0.048910546759951948,0.0021953019827968458,0.35576760600000001,0.23657982785521811,0.007714455705033158,0.040725592931596735,0.00010507916537179608,0,0,0.099015042046594087,0.0018951229601319186,0.041005308662877701,0.00010943307334319948,0,0
1945,0.062567878385967168,0.003123489871677754,0.31719099000000001,0.23657982785521811,0.007714455705033158,0.040725592931596735,0.00010507916537179608,0,0,0.099015042046594087,0.0018951229601319186,0.23639565188982414,0.008090160902531382,0.00073691275757772434,1.017642263681214e-07
1946,0.074473132118623775,0.0074778701437048841,0.609887607,0.23657982785521811,0.007714455705033158,0.040725592931596735,0.00010507916537179608,0,0,0.17323221681704717,0.0075662290638639019,0.13810176934126006,0.002002016474771101,0.23835386535479269,0.017767155452867944
1947,0.088274674635402825,0.010436766665370422,0.60984588799999995,0.23657982785521811,0.007714455705033158,0.040725592931596735,0.00010507916537179608,0,0,0.29432736935424308,0.029782257606169423,0.13810176934126006,0.002002016474771101,0.23835386535479269,0.017767155452867944
1948,0.084951898869449011,0.0090213196260456787,0.61117697800000004,0.23657982785521811,0.007714455705033158,0.040725592931596735,0.00010507916537179608,0,0,0.29432736935424308,0.029782257606169423,0.23639565188982414,0.008090160902531382,0.12482140519422169,0.0043929082768954294
1949,0.034855314732465253,0.0011018280873622973,0.60800298500000005,0.23657982785521811,0.007714455705033158,0.040725592931596735,0.00010507916537179608,0.00071998620962972519,1.0668702470797522e-07,0.0025776564298912751,7.178637923836913e-07,0.041005308662877701,0.00010943307334319948,0.018436560699085457,6.6669330534709393e-05
1950,0.044848309291612667,0.0012888899085524879,0.607240169,0.23657982785521811,0.007714455705033158,0.040725592931596735,0.00010507916537179608,0.00071998620962972519,1.0668702470797522e-07,0.0025776564298912751,7.178637923836913e-07,0.13810176934126006,0.002002016474771101,0.0046713869740736399,3.5621158608966306e-06
1951,0.086410475645448404,0.010079472175400249,0.60987005400000005,0.23657982785521811,0.007714455705033158,0.040725592931596735,0.00010507916537179608,0.00071998620962972519,1.0668702470797522e-07,0.29432736935424308,0.029782257606169423,0.077646384166351154,0.00048192924222406397,0.23835386535479269,0.017767155452867944
1952,0.084951898869449011,0.0090213196260456787,0.59502496800000004,0.23657982785521811,0.007714455705033158,0.040725592931596735,0.00010507916537179608,0.00071998620962972519,1.0668702470797522e-07,0.29432736935424308,0.029782257606169423,0.23639565188982414,0.008090160902531382,0.035299224261615122,0.00027203686528506433
1953,0.035543521966888939,0.0013316160951226594,0.303406815,0.23657982785521811,0.007714455705033158,0.040725592931596735,0.00010507916537179608,0.0019913003314104079,7.4466870783374176e-07,0.029349513899250026,0.00011093713019455803,0,0,0,0
1954,0.056711633807357033,0.0021797621704863933,0.31974046699999997,0.23657982785521811,0.007714455705033158,0.040725592931596735,0.00010507916537179608,0.0019913003314104079,7.4466870783374176e-07,0.029349513899250026,0.00011093713019455803,0.23639565188982414,0.008090160902531382,0.00073691275757772434,1.017642263681214e-07
1955,0.047436614307897841,0.0068495438119463171,0.32800842000000002,0.23657982785521811,0.007714455705033158,0.040725592931596735,0.00010507916537179608,0.004391030021690891,3.7296579112788589e-06,0,0,0,0,0.23835386535479269,0.017767155452867944
1956,0.031311427735672651,0.0010769439587215025,0.45578215599999999,0.23657982785521811,0.007714455705033158,0.040725592931596735,0.00010507916537179608,0.004391030021690891,3.7296579112788589e-06,0,0,0.0072555615269624344,3.1365272899216516e-06,0.0094673376615136643,1.5803755559712259e-05
1957,0.030595986887414359,0.0010766395587650424,0.30613448999999998,0.23657982785521811,0.007714455705033158,0.040725592931596735,0.00010507916537179608,0.0089799454227389077,1.6589615174066303e-05,0,0,0,0,0,0
1958,0.030595986887414359,0.0010766395587650424,0.30492616,0.23657982785521811,0.007714455705033158,0.040725592931596735,0.00010507916537179608,0.017576043218851114,6.9394104898684919e-05,0,0,0,0,0,0
1959,0.035882535174728433,0.0013333013151372425,0.30529124800000002,0.23657982785521811,0.007714455705033158,0.040725592931596735,0.00010507916537179608,0.017576043218851114,6.9394104898684919e-05,0.029349513899250026,0.00011093713019455803,0.0072555615269624344,3.1365272899216516e-06,0.0046713869740736399,3.5621158608966306e-06
1960,0.036538399414951926,0.0013375474308732469,0.305013231,0.23657982785521811,0.007714455705033158,0.040725592931596735,0.00010507916537179608,0.017576043218851114,6.9394104898684919e-05,0.029349513899250026,0.00011093713019455803,0.019542957487582578,2.1920897010672351e-05,0.12482140519422169,0.0043929082768954294
1961,0.056711633807357033,0.0021797621704863933,0.30421390300000001,0.23657982785521811,0.007714455705033158,0.040725592931596735,0.00010507916537179608,0.017576043218851114,6.9394104898684919e-05,0.029349513899250026,0.00011093713019455803,0.23639565188982414,0.008090160902531382,0.035299224261615122,0.00027203686528506433
1962,0.032530111502815116,0.0010787582322308946,0.33489818599999999,0.23657982785521811,0.007714455705033158,0.040725592931596735,0.00010507916537179608,0.033822280134755418,0.00028442848457030151,0,0,0.019542957487582578,2.1920897010672351e-05,0.0094673376615136643,1.5803755559712259e-05
1963,0.055266227672585613,0.0068963606358474301,0.32760293899999998,0.23657982785521811,0.007714455705033158,0.040725592931596735,0.00010507916537179608,0.033822280134755418,0.00028442848457030151,0,0,0.077646384166351154,0.00048192924222406397,0.23835386535479269,0.017767155452867944
1964,0.055016177080329118,0.0018679006923009861,0.324172456,0.23657982785521811,0.007714455705033158,0.040725592931596735,0.00010507916537179608,0.033822280134755418,0.00028442848457030151,0,0,0.23639565188982414,0.008090160902531382,0.035299224261615122,0.00027203686528506433
1965,0.047383403209707367,0.0021477432864526998,0.32156812299999998,0.23657982785521811,0.007714455705033158,0.040725592931596735,0.00010507916537179608,0.033822280134755418,0.00028442848457030151,0.099015042046594087,0.0018951229601319186,0,0,0,0
1966,0.030595986887414359,0.0010766395587650424,0.43336426099999997,0.23657982785521811,0.007714455705033158,0.040725592931596735,0.00010507916537179608,0.064301081919963615,0.0011434775053933504,0,0,0,0,0,0
1967,0.055016177080329118,0.0018679006923009861,0.30690237199999998,0.23657982785521811,0.007714455705033158,0.040725592931596735,0.00010507916537179608,0.064301081919963615,0.0011434775053933504,0,0,0.23639565188982414,0.008090160902531382,0.035299224261615122,0.00027203686528506433
1968,0.030595986887414359,0.0010766395587650424,0.39480831500000002,0.23657982785521811,0.007714455705033158,0.040725592931596735,0.00010507916537179608,0.12074096984968002,0.0045738414776371689,0,0,0,0,0,0
1969,0.03431569622362262,0.0012004186671616666,0.30556931300000001,0.23657982785521811,0.007714455705033158,0.040725592931596735,0.00010507916537179608,0.12074096984968002,0.0045738414776371689,0.014981183407215215,2.5095647377126372e-05,0.019542957487582578,2.1920897010672351e-05,0.035299224261615122,0.00027203686528506433
1970,0.03431569622362262,0.0012004186671616666,0.34460319700000003,0.23657982785521811,0.007714455705033158,0.040725592931596735,0.00010507916537179608,0.12074096984968002,0.0045738414776371689,0.014981183407215215,2.5095647377126372e-05,0.019542957487582578,2.1920897010672351e-05,0.12482140519422169,0.0043929082768954294
1971,0.035543521966888939,0.0013316160951226594,0.42351751700000001,0.23657982785521811,0.007714455705033158,0.040725592931596735,0.00010507916537179608,0.12074096984968002,0.0045738414776371689,0.029349513899250026,0.00011093713019455803,0,0,0.066925301383199784,0.0010976716341893321
1972,0.036538399414951926,0.0013375474308732469,0.33992905600000001,0.23657982785521811,0.007714455705033158,0.040725592931596735,0.00010507916537179608,0.12074096984968002,0.0045738414776371689,0.029349513899250026,0.00011093713019455803,0.019542957487582578,2.1920897010672351e-05,0,0
1973,0.046763646717647295,0.0015564818807362302,0.30562568499999998,0.23657982785521811,0.007714455705033158,0.040725592931596735,0.00010507916537179608,0.12074096984968002,0.0045738414776371689,0.029349513899250026,0.00011093713019455803,0.13810176934126006,0.002002016474771101,0.0046713869740736399,3.5621158608966306e-06
1974,0.074626227695539671,0.022083091205185437,0.34213290600000001,0.23657982785521811,0.007714455705033158,0.040725592931596735,0.00010507916537179608,0.2422388505978256,0.018789844584028239,0,0,0.019542957487582578,2.1920897010672351e-05,0.0046713869740736399,3.5621158608966306e-06
1975,0.077683785666011695,0.022038305761698365,0.303811312,0.23657982785521811,0.007714455705033158,0.040725592931596735,0.00010507916537179608,0.2422388505978256,0.018789844584028239,0,0,0.077646384166351154,0.00048192924222406397,0.035299224261615122,0.00027203686528506433
1976,0.08169613521244716,0.022056502215593399,0.41653368499999999,0.23657982785521811,0.007714455705033158,0.040725592931596735,0.00010507916537179608,0.2422388505978256,0.018789844584028239,0,0,0.13810176934126006,0.002002016474771101,0.0020897457832725727,7.133946667246938e-07
1977,0.073947555043703928,0.022095103736342072,0.40286493499999998,0.23657982785521811,0.007714455705033158,0.040725592931596735,0.00010507916537179608,0.2422388505978256,0.018789844584028239,0.0025776564298912751,7.178637923836913e-07,0,0,0.0046713869740736399,3.5621158608966306e-06
1978,0.04333556762083135,0.0018924780214138739,0.47609312300000001,0.23657982785521811,0.007714455705033158,0.13771161500754689,0.0019340170004380711,0,0,0,0,0,0,0,0
1979,0.04333556762083135,0.0018924780214138739,0.307634079,0.23657982785521811,0.007714455705033158,0.13771161500754689,0.0019340170004380711,0,0,0,0,0,0,0.0020897457832725727,7.133946667246938e-07
1980,0.04333556762083135,0.0018924780214138739,0.313381048,0.23657982785521811,0.007714455705033158,0.13771161500754689,0.0019340170004380711,0,0,0,0,0,0,0.0046713869740736399,3.5621158608966306e-06
1981,0.047440890583580371,0.0019030700457731079,0.37198735900000002,0.23657982785521811,0.007714455705033158,0.13771161500754689,0.0019340170004380711,0,0,0,0,0.041005308662877701,0.00010943307334319948,0,0
1982,0.05743611932139097,0.0020879420358355292,0.342462922,0.23657982785521811,0.007714455705033158,0.13771161500754689,0.0019340170004380711,0,0,0,0,0.13810176934126006,0.002002016474771101,0.0046713869740736399,3.5621158608966306e-06
1983,0.071276995781578659,0.00687277203879321,0.35694018999999999,0.23657982785521811,0.007714455705033158,0.13771161500754689,0.0019340170004380711,0,0,0,0,0.13810176934126006,0.002002016474771101,0.23835386535479269,0.017767155452867944
1984,0.067755757813727432,0.0026837391549498178,0.30512868999999998,0.23657982785521811,0.007714455705033158,0.13771161500754689,0.0019340170004380711,0,0,0,0,0.23639565188982414,0.008090160902531382,0,0
1985,0.044273142857172078,0.0019046837230093691,0.44799011300000002,0.23657982785521811,0.007714455705033158,0.13771161500754689,0.0019340170004380711,0,0,0.0025776564298912751,7.178637923836913e-07,0.0072555615269624344,3.1365272899216516e-06,0,0
1986,0.057583617043697757,0.0021025771504618509,0.30473971799999999,0.23657982785521811,0.007714455705033158,0.13771161500754689,0.0019340170004380711,0,0,0.0025776564298912751,7.178637923836913e-07,0.13810176934126006,0.002002016474771101,0,0
1987,0.067903621116274307,0.0027012763488080925,0.348245203,0.23657982785521811,0.007714455705033158,0.13771161500754689,0.0019340170004380711,0,0,0.0025776564298912751,7.178637923836913e-07,0.23639565188982414,0.008090160902531382,0.0020897457832725727,7.133946667246938e-07
1988,0.044357885790764197,0.0019350068703881879,0.32860221099999998,0.23657982785521811,0.007714455705033158,0.13771161500754689,0.0019340170004380711,0,0,0.0070568641369427197,5.0167964149023017e-06,0,0,0,0
1989,0.058010158495804459,0.0066567042177033565,0.39695147400000003,0.23657982785521811,0.007714455705033158,0.13771161500754689,0.0019340170004380711,0,0,0.0070568641369427197,5.0167964149023017e-06,0,0,0.23835386535479269,0.017767155452867944
1990,0.046124300034969597,0.0019930113357306675,0.33546920200000002,0.23657982785521811,0.007714455705033158,0.13771161500754689,0.0019340170004380711,0,0,0.014981183407215215,2.5095647377126372e-05,0.0072555615269624344,3.1365272899216516e-06,0,0
1991,0.047002283423831712,0.0019957558134799398,0.42329146699999998,0.23657982785521811,0.007714455705033158,0.13771161500754689,0.0019340170004380711,0,0,0.014981183407215215,2.5095647377126372e-05,0.019542957487582578,2.1920897010672351e-05,0.12482140519422169,0.0043929082768954294
1992,0.058291486541005529,0.0022022393512199892,0.30234317999999999,0.23657982785521811,0.007714455705033158,0.13771161500754689,0.0019340170004380711,0,0,0.014981183407215215,2.5095647377126372e-05,0.13810176934126006,0.002002016474771101,0.066925301383199784,0.0010976716341893321
1993,0.048167833673069753,0.0021037628251251912,0.49532051500000002,0.23657982785521811,0.007714455705033158,0.13771161500754689,0.0019340170004380711,0,0,0.029349513899250026,0.00011093713019455803,0,0,0,0
1994,0.048167833673069753,0.0021037628251251912,0.34836345899999999,0.23657982785521811,0.007714455705033158,0.13771161500754689,0.0019340170004380711,0,0,0.029349513899250026,0.00011093713019455803,0,0,0.0020897457832725727,7.133946667246938e-07
1995,0.053583957176478708,0.0021634635208615262,0.387135067,0.23657982785521811,0.007714455705033158,0.13771161500754689,0.0019340170004380711,0,0,0.029349513899250026,0.00011093713019455803,0.077646384166351154,0.00048192924222406397,0,0
1996,0.059387958423819956,0.0023286286107387622,0.30578694299999998,0.23657982785521811,0.007714455705033158,0.13771161500754689,0.0019340170004380711,0,0,0.029349513899250026,0.00011093713019455803,0.13810176934126006,0.002002016474771101,0.0046713869740736399,3.5621158608966306e-06
1997,0.069335945513517558,0.0029519089004889252,0.34844754300000003,0.23657982785521811,0.007714455705033158,0.13771161500754689,0.0019340170004380711,0,0,0.029349513899250026,0.00011093713019455803,0.23639565188982414,0.008090160902531382,0,0
1998,0.052494846838988689,0.0023328040329274914,0.30338862799999999,0.23657982785521811,0.007714455705033158,0.13771161500754689,0.0019340170004380711,0,0,0.054808110924766583,0.00046335850843711145,0,0,0,0
1999,0.064455944391500208,0.0064976197899940698,0.412628834,0.23657982785521811,0.007714455705033158,0.13771161500754689,0.0019340170004380711,0,0,0.054808110924766583,0.00046335850843711145,0,0,0.23835386535479269,0.017767155452867944
2000,0.065273717872299575,0.006508129369818285,0.32711318700000003,0.23657982785521811,0.007714455705033158,0.13771161500754689,0.0019340170004380711,0,0,0.054808110924766583,0.00046335850843711145,0.019542957487582578,2.1920897010672351e-05,0.23835386535479269,0.017767155452867944
2001,0.060414751392892568,0.0028524724865667196,0.30290202799999999,0.23657982785521811,0.007714455705033158,0.13771161500754689,0.0019340170004380711,0,0,0.099015042046594087,0.0018951229601319186,0.019542957487582578,2.1920897010672351e-05,0.0094673376615136643,1.5803755559712259e-05
2002,0.077373284360452682,0.0067660607562301262,0.46967355399999999,0.23657982785521811,0.007714455705033158,0.13771161500754689,0.0019340170004380711,0,0,0.099015042046594087,0.0018951229601319186,0.13810176934126006,0.002002016474771101,0.23835386535479269,0.017767155452867944
2003,0.074967667829031304,0.0038093135099724726,0.40424380799999998,0.23657982785521811,0.007714455705033158,0.13771161500754689,0.0019340170004380711,0,0,0.099015042046594087,0.0018951229601319186,0.23639565188982414,0.008090160902531382,0.0020897457832725727,7.133946667246938e-07
2004,0.071615369576774973,0.0041345342812577415,0.61085884099999999,0.23657982785521811,0.007714455705033158,0.13771161500754689,0.0019340170004380711,0,0,0.17323221681704717,0.0075662290638639019,0,0,0,0
2005,0.071615369576774973,0.0041345342812577415,0.61004493599999998,0.23657982785521811,0.007714455705033158,0.13771161500754689,0.0019340170004380711,0,0,0.17323221681704717,0.0075662290638639019,0,0,0.035299224261615122,0.00027203686528506433
2006,0.079802652753535944,0.0069452466901928555,0.60541392900000002,0.23657982785521811,0.007714455705033158,0.13771161500754689,0.0019340170004380711,0,0,0.17323221681704717,0.0075662290638639019,0.019542957487582578,2.1920897010672351e-05,0.23835386535479269,0.017767155452867944
2007,0.076622969072910607,0.0045821319323593032,0.61043885399999998,0.23657982785521811,0.007714455705033158,0.13771161500754689,0.0019340170004380711,0,0,0.17323221681704717,0.0075662290638639019,0.13810176934126006,0.002002016474771101,0.066925301383199784,0.0010976716341893321
2008,0.090086568523417343,0.0080770953518117406,0.61175981499999998,0.23657982785521811,0.007714455705033158,0.13771161500754689,0.0019340170004380711,0,0,0.29432736935424308,0.029782257606169423,0,0,0.0046713869740736399,3.5621158608966306e-06
2009,0.094883942395781712,0.0098245066000480046,0.61154111300000003,0.23657982785521811,0.007714455705033158,0.13771161500754689,0.0019340170004380711,0,0,0.29432736935424308,0.029782257606169423,0,0,0.23835386535479269,0.017767155452867944
2010,0.090907991614196756,0.0082090213508876232,0.61591622999999995,0.23657982785521811,0.007714455705033158,0.13771161500754689,0.0019340170004380711,0,0,0.29432736935424308,0.029782257606169423,0.041005308662877701,0.00010943307334319948,0,0
2011,0.097098285817085905,0.0097200103589250523,0.61241276600000005,0.23657982785521811,0.007714455705033158,0.13771161500754689,0.0019340170004380711,0,0,0.29432736935424308,0.029782257606169423,0.23639565188982414,0.008090160902531382,0.0020897457832725727,7.133946667246938e-07
2012,0.051165180985520656,0.0019392948453149869,0.61193184599999995,0.23657982785521811,0.007714455705033158,0.13771161500754689,0.0019340170004380711,0.00071998620962972519,1.0668702470797522e-07,0,0,0.077646384166351154,0.00048192924222406397,0,0
2013,0.067903621116274307,0.0027012763488080925,0.61164848999999999,0.23657982785521811,0.007714455705033158,0.13771161500754689,0.0019340170004380711,0.00071998620962972519,1.0668702470797522e-07,0.0025776564298912751,7.178637923836913e-07,0.23639565188982414,0.008090160902531382,0.035299224261615122,0.00027203686528506433
2014,0.090227001207554253,0.0080989880640893915,0.61099610900000001,0.23657982785521811,0.007714455705033158,0.13771161500754689,0.0019340170004380711,0.00071998620962972519,1.0668702470797522e-07,0.29432736935424308,0.029782257606169423,0.0072555615269624344,3.1365272899216516e-06,0.0046713869740736399,3.5621158608966306e-06
2015,0.093505349148425759,0.0086900275538835375,0.606794693,0.23657982785521811,0.007714455705033158,0.13771161500754689,0.0019340170004380711,0.00071998620962972519,1.0668702470797522e-07,0.29432736935424308,0.029782257606169423,0.13810176934126006,0.002002016474771101,0,0
2016,0.04333556762083135,0.0018924780214138739,0.60648692999999998,0.23657982785521811,0.007714455705033158,0.13771161500754689,0.0019340170004380711,0.0019913003314104079,7.4466870783374176e-07,0,0,0,0,0.0046713869740736399,3.5621158608966306e-06
2017,0.051165180985520656,0.0019392948453149869,0.60992882800000003,0.23657982785521811,0.007714455705033158,0.13771161500754689,0.0019340170004380711,0.0019913003314104079,7.4466870783374176e-07,0,0,0.077646384166351154,0.00048192924222406397,0,0
2018,0.05743611932139097,0.0020879420358355292,0.606041571,0.23657982785521811,0.007714455705033158,0.13771161500754689,0.0019340170004380711,0.0019913003314104079,7.4466870783374176e-07,0,0,0.13810176934126006,0.002002016474771101,0.0020897457832725727,7.133946667246938e-07
2019,0.067755757813727432,0.0026837391549498178,0.51450031100000004,0.23657982785521811,0.007714455705033158,0.13771161500754689,0.0019340170004380711,0.0019913003314104079,7.4466870783374176e-07,0,0,0.23639565188982414,0.008090160902531382,0.0020897457832725727,7.133946667246938e-07
2020,0.049162711121131991,0.0021096941608757789,0.30676489800000001,0.23657982785521811,0.007714455705033158,0.13771161500754689,0.0019340170004380711,0.0019913003314104079,7.4466870783374176e-07,0.029349513899250026,0.00011093713019455803,0.019542957487582578,2.1920897010672351e-05,0.035299224261615122,0.00027203686528506433
2021,0.07227945557608062,0.0067978207334170532,0.32900932199999999,0.23657982785521811,0.007714455705033158,0.13771161500754689,0.0019340170004380711,0.0019913003314104079,7.4466870783374176e-07,0.029349513899250026,0.00011093713019455803,0.13810176934126006,0.002002016474771101,0.23835386535479269,0.017767155452867944
2022,0.069335945513517558,0.0029519089004889252,0.331317843,0.23657982785521811,0.007714455705033158,0.13771161500754689,0.0019340170004380711,0.0019913003314104079,7.4466870783374176e-07,0.029349513899250026,0.00011093713019455803,0.23639565188982414,0.008090160902531382,0.035299224261615122,0.00027203686528506433
2023,0.067755757813727432,0.0026837391549498178,0.345904604,0.23657982785521811,0.007714455705033158,0.13771161500754689,0.0019340170004380711,0.004391030021690891,3.7296579112788589e-06,0,0,0.23639565188982414,0.008090160902531382,0.035299224261615122,0.00027203686528506433
2024,0.045269692236230195,0.0018945966948797262,0.40528637499999998,0.23657982785521811,0.007714455705033158,0.13771161500754689,0.0019340170004380711,0.0089799454227389077,1.6589615174066303e-05,0,0,0.019542957487582578,2.1920897010672351e-05,0.12482140519422169,0.0043929082768954294
2025,0.044051008469087181,0.001892782421370334,0.30513214,0.23657982785521811,0.007714455705033158,0.13771161500754689,0.0019340170004380711,0.017576043218851114,6.9394104898684919e-05,0,0,0.0072555615269624344,3.1365272899216516e-06,0.0094673376615136643,1.5803755559712259e-05
2026,0.048167833673069753,0.0021037628251251912,0.30529395300000001,0.23657982785521811,0.007714455705033158,0.13771161500754689,0.0019340170004380711,0.017576043218851114,6.9394104898684919e-05,0.029349513899250026,0.00011093713019455803,0,0,0.0094673376615136643,1.5803755559712259e-05
2027,0.053583957176478708,0.0021634635208615262,0.32333774100000001,0.23657982785521811,0.007714455705033158,0.13771161500754689,0.0019340170004380711,0.017576043218851114,6.9394104898684919e-05,0.029349513899250026,0.00011093713019455803,0.077646384166351154,0.00048192924222406397,0.035299224261615122,0.00027203686528506433
2028,0.04333556762083135,0.0018924780214138739,0.48131173100000002,0.23657982785521811,0.007714455705033158,0.13771161500754689,0.0019340170004380711,0.033822280134755418,0.00028442848457030151,0,0,0,0,0,0
2029,0.059783192652785262,0.0028335669247474184,0.30412191599999999,0.23657982785521811,0.007714455705033158,0.13771161500754689,0.0019340170004380711,0.033822280134755418,0.00028442848457030151,0.099015042046594087,0.0018951229601319186,0,0,0,0
2030,0.059783192652785262,0.0028335669247474184,0.350667966,0.23657982785521811,0.007714455705033158,0.13771161500754689,0.0019340170004380711,0.033822280134755418,0.00028442848457030151,0.099015042046594087,0.0018951229601319186,0,0,0.0094673376615136643,1.5803755559712259e-05
2031,0.059783192652785262,0.0028335669247474184,0.30626879400000001,0.23657982785521811,0.007714455705033158,0.13771161500754689,0.0019340170004380711,0.033822280134755418,0.00028442848457030151,0.099015042046594087,0.0018951229601319186,0,0,0.066925301383199784,0.0010976716341893321
2032,0.060414751392892568,0.0028524724865667196,0.36093600399999998,0.23657982785521811,0.007714455705033158,0.13771161500754689,0.0019340170004380711,0.033822280134755418,0.00028442848457030151,0.099015042046594087,0.0018951229601319186,0.019542957487582578,2.1920897010672351e-05,0.035299224261615122,0.00027203686528506433
2033,0.04333556762083135,0.0018924780214138739,0.309014974,0.23657982785521811,0.007714455705033158,0.13771161500754689,0.0019340170004380711,0.064301081919963615,0.0011434775053933504,0,0,0,0,0.0046713869740736399,3.5621158608966306e-06
2034,0.065006057445717233,0.006724124848272668,0.51324138799999997,0.23657982785521811,0.007714455705033158,0.13771161500754689,0.0019340170004380711,0.064301081919963615,0.0011434775053933504,0,0,0.077646384166351154,0.00048192924222406397,0.23835386535479269,0.017767155452867944
2035,0.044273142857172078,0.0019046837230093691,0.60789369100000001,0.23657982785521811,0.007714455705033158,0.13771161500754689,0.0019340170004380711,0.064301081919963615,0.0011434775053933504,0.0025776564298912751,7.178637923836913e-07,0.0072555615269624344,3.1365272899216516e-06,0.0046713869740736399,3.5621158608966306e-06
2036,0.044273142857172078,0.0019046837230093691,0.61108306099999998,0.23657982785521811,0.007714455705033158,0.13771161500754689,0.0019340170004380711,0.064301081919963615,0.0011434775053933504,0.0025776564298912751,7.178637923836913e-07,0.0072555615269624344,3.1365272899216516e-06,0.0094673376615136643,1.5803755559712259e-05
2037,0.051303600837113432,0.0019523727466948949,0.60733689700000004,0.23657982785521811,0.007714455705033158,0.13771161500754689,0.0019340170004380711,0.064301081919963615,0.0011434775053933504,0.0025776564298912751,7.178637923836913e-07,0.077646384166351154,0.00048192924222406397,0.035299224261615122,0.00027203686528506433
2038,0.057583617043697757,0.0021025771504618509,0.60700762100000005,0.23657982785521811,0.007714455705033158,0.13771161500754689,0.0019340170004380711,0.064301081919963615,0.0011434775053933504,0.0025776564298912751,7.178637923836913e-07,0.13810176934126006,0.002002016474771101,0.066925301383199784,0.0010976716341893321
2039,0.04333556762083135,0.0018924780214138739,0.61191583000000005,0.23657982785521811,0.007714455705033158,0.13771161500754689,0.0019340170004380711,0.12074096984968002,0.0045738414776371689,0,0,0,0,0.066925301383199784,0.0010976716341893321
2040,0.045269692236230195,0.0018945966948797262,0.61202700700000001,0.23657982785521811,0.007714455705033158,0.13771161500754689,0.0019340170004380711,0.12074096984968002,0.0045738414776371689,0,0,0.019542957487582578,2.1920897010672351e-05,0.035299224261615122,0.00027203686528506433
2041,0.046124300034969597,0.0019930113357306675,0.61163156299999999,0.23657982785521811,0.007714455705033158,0.13771161500754689,0.0019340170004380711,0.12074096984968002,0.0045738414776371689,0.014981183407215215,2.5095647377126372e-05,0.0072555615269624344,3.1365272899216516e-06,0.0046713869740736399,3.5621158608966306e-06
2042,0.046124300034969597,0.0019930113357306675,0.61071241600000004,0.23657982785521811,0.007714455705033158,0.13771161500754689,0.0019340170004380711,0.12074096984968002,0.0045738414776371689,0.014981183407215215,2.5095647377126372e-05,0.0072555615269624344,3.1365272899216516e-06,0.0094673376615136643,1.5803755559712259e-05
2043,0.048167833673069753,0.0021037628251251912,0.61174600899999998,0.23657982785521811,0.007714455705033158,0.13771161500754689,0.0019340170004380711,0.12074096984968002,0.0045738414776371689,0.029349513899250026,0.00011093713019455803,0,0,0.12482140519422169,0.0043929082768954294
2044,0.069335945513517558,0.0029519089004889252,0.57269982600000002,0.23657982785521811,0.007714455705033158,0.13771161500754689,0.0019340170004380711,0.12074096984968002,0.0045738414776371689,0.029349513899250026,0.00011093713019455803,0.23639565188982414,0.008090160902531382,0.0020897457832725727,7.133946667246938e-07
2045,0.085561771839111359,0.022659632592920441,0.57653793200000003,0.23657982785521811,0.007714455705033158,0.13771161500754689,0.0019340170004380711,0.2422388505978256,0.018789844584028239,0,0,0,0,0.0046713869740736399,3.5621158608966306e-06
2046,0.093307455177624191,0.022614042848633602,0.30114589600000002,0.23657982785521811,0.007714455705033158,0.13771161500754689,0.0019340170004380711,0.2422388505978256,0.018789844584028239,0,0,0.13810176934126006,0.002002016474771101,0.066925301383199784,0.0010976716341893321
2047,0.10086301065233498,0.022902970368404687,0.34184449300000003,0.23657982785521811,0.007714455705033158,0.13771161500754689,0.0019340170004380711,0.2422388505978256,0.018789844584028239,0,0,0.23639565188982414,0.008090160902531382,0.00073691275757772434,1.017642263681214e-07
